date,OT,actual,forecast
2/1/2018 16:00,3.799000025,3.799000025,3.938999891
2/1/2018 17:00,3.588000059,3.588000059,3.938999891
2/1/2018 18:00,3.799000025,3.799000025,3.938999891
2/1/2018 19:00,3.588000059,3.588000059,3.938999891
2/1/2018 20:00,3.305999994,3.305999994,3.938999891
2/1/2018 21:00,3.657999992,3.657999992,3.938999891
2/1/2018 22:00,4.290999889,4.290999889,3.938999891
2/1/2018 23:00,3.938999891,3.938999891,3.938999891
2/2/2018 0:00,3.799000025,3.799000025,3.938999891
2/2/2018 1:00,4.361999989,4.361999989,3.938999891
2/2/2018 2:00,4.643000126,4.643000126,3.938999891
2/2/2018 3:00,4.221000195,4.221000195,3.938999891
2/2/2018 4:00,4.079999924,4.079999924,3.938999891
2/2/2018 5:00,3.868999958,3.868999958,3.938999891
2/2/2018 6:00,3.938999891,3.938999891,3.938999891
2/2/2018 7:00,3.727999926,3.727999926,3.938999891
2/2/2018 8:00,3.868999958,3.868999958,3.938999891
2/2/2018 9:00,4.43200016,4.43200016,3.938999891
2/2/2018 10:00,3.377000093,3.377000093,3.938999891
2/2/2018 11:00,4.079999924,4.079999924,3.938999891
2/2/2018 12:00,3.588000059,3.588000059,3.938999891
2/2/2018 13:00,3.447000027,3.447000027,3.938999891
2/2/2018 14:00,3.305999994,3.305999994,3.938999891
2/2/2018 15:00,3.868999958,3.868999958,3.938999891
2/2/2018 16:00,3.305999994,3.305999994,3.938999891
2/2/2018 17:00,3.51699996,3.51699996,3.938999891
2/2/2018 18:00,2.321000099,2.321000099,3.938999891
2/2/2018 19:00,2.039999962,2.039999962,3.938999891
2/2/2018 20:00,1.899000049,1.899000049,3.938999891
2/2/2018 21:00,2.461999893,2.461999893,3.938999891
2/2/2018 22:00,2.532000065,2.532000065,3.938999891
2/2/2018 23:00,2.039999962,2.039999962,3.938999891
2/3/2018 0:00,2.039999962,2.039999962,3.938999891
2/3/2018 1:00,0.843999982,0.843999982,3.938999891
2/3/2018 2:00,0.703000009,0.703000009,3.938999891
2/3/2018 3:00,0.703000009,0.703000009,3.938999891
2/3/2018 4:00,1.337000012,1.337000012,3.938999891
2/3/2018 5:00,0.773999989,0.773999989,3.938999891
2/3/2018 6:00,0.0,0.0,3.938999891
2/3/2018 7:00,0.0,0.0,3.938999891
2/3/2018 8:00,0.0,0.0,3.938999891
2/3/2018 9:00,0.773999989,0.773999989,3.938999891
2/3/2018 10:00,1.406999946,1.406999946,3.938999891
2/3/2018 11:00,2.039999962,2.039999962,3.938999891
2/3/2018 12:00,1.266000032,1.266000032,3.938999891
2/3/2018 13:00,1.970000029,1.970000029,3.938999891
2/3/2018 14:00,3.447000027,3.447000027,3.938999891
2/3/2018 15:00,3.447000027,3.447000027,3.938999891
2/3/2018 16:00,3.657999992,3.657999992,3.938999891
2/3/2018 17:00,3.236000061,3.236000061,3.938999891
2/3/2018 18:00,2.461999893,2.461999893,3.938999891
2/3/2018 19:00,2.39199996,2.39199996,3.938999891
2/3/2018 20:00,1.687999964,1.687999964,3.938999891
2/3/2018 21:00,1.266000032,1.266000032,3.938999891
2/3/2018 22:00,2.180999994,2.180999994,3.938999891
2/3/2018 23:00,0.773999989,0.773999989,3.938999891
2/4/2018 0:00,1.899000049,1.899000049,3.938999891
2/4/2018 1:00,1.828999996,1.828999996,3.938999891
2/4/2018 2:00,2.250999928,2.250999928,3.938999891
2/4/2018 3:00,2.039999962,2.039999962,3.938999891
2/4/2018 4:00,2.180999994,2.180999994,3.938999891
2/4/2018 5:00,2.39199996,2.39199996,3.938999891
2/4/2018 6:00,1.687999964,1.687999964,3.938999891
2/4/2018 7:00,1.547999978,1.547999978,3.938999891
2/4/2018 8:00,1.899000049,1.899000049,3.938999891
2/4/2018 9:00,2.673000097,2.673000097,3.938999891
2/4/2018 10:00,2.884000063,2.884000063,3.938999891
2/4/2018 11:00,3.799000025,3.799000025,3.938999891
2/4/2018 12:00,2.954999924,2.954999924,3.938999891
2/4/2018 13:00,3.377000093,3.377000093,3.938999891
2/4/2018 14:00,4.43200016,4.43200016,3.938999891
2/4/2018 15:00,3.868999958,3.868999958,3.938999891
2/4/2018 16:00,4.150000095,4.150000095,3.938999891
2/4/2018 17:00,4.150000095,4.150000095,3.938999891
2/4/2018 18:00,3.236000061,3.236000061,3.938999891
2/4/2018 19:00,2.884000063,2.884000063,3.938999891
2/4/2018 20:00,2.461999893,2.461999893,3.938999891
2/4/2018 21:00,3.447000027,3.447000027,3.938999891
2/4/2018 22:00,4.079999924,4.079999924,3.938999891
2/4/2018 23:00,3.588000059,3.588000059,3.938999891
2/5/2018 0:00,4.290999889,4.290999889,3.938999891
2/5/2018 1:00,3.799000025,3.799000025,3.938999891
2/5/2018 2:00,3.165999889,3.165999889,3.938999891
2/5/2018 3:00,4.079999924,4.079999924,3.938999891
2/5/2018 4:00,3.095000029,3.095000029,3.938999891
2/5/2018 5:00,3.588000059,3.588000059,3.938999891
2/5/2018 6:00,2.884000063,2.884000063,3.938999891
2/5/2018 7:00,3.025000095,3.025000095,3.938999891
2/5/2018 8:00,3.588000059,3.588000059,3.938999891
2/5/2018 9:00,3.447000027,3.447000027,3.938999891
2/5/2018 10:00,2.884000063,2.884000063,3.938999891
2/5/2018 11:00,3.868999958,3.868999958,3.938999891
2/5/2018 12:00,2.884000063,2.884000063,3.938999891
2/5/2018 13:00,3.305999994,3.305999994,3.938999891
2/5/2018 14:00,4.501999855,4.501999855,3.938999891
2/5/2018 15:00,4.010000229,4.010000229,3.938999891
2/5/2018 16:00,4.079999924,4.079999924,3.938999891
2/5/2018 17:00,5.205999851,5.205999851,3.938999891
2/5/2018 18:00,4.290999889,4.290999889,3.938999891
2/5/2018 19:00,4.290999889,4.290999889,3.938999891
2/5/2018 20:00,3.938999891,3.938999891,3.938999891
2/5/2018 21:00,4.221000195,4.221000195,3.938999891
2/5/2018 22:00,4.290999889,4.290999889,3.938999891
2/5/2018 23:00,3.799000025,3.799000025,3.938999891
2/6/2018 0:00,3.938999891,3.938999891,3.938999891
2/6/2018 1:00,4.221000195,4.221000195,3.938999891
2/6/2018 2:00,3.799000025,3.799000025,3.938999891
2/6/2018 3:00,3.51699996,3.51699996,3.938999891
2/6/2018 4:00,4.290999889,4.290999889,3.938999891
2/6/2018 5:00,4.010000229,4.010000229,3.938999891
2/6/2018 6:00,4.010000229,4.010000229,3.938999891
2/6/2018 7:00,1.547999978,1.547999978,3.938999891
2/6/2018 8:00,1.19599998,1.19599998,3.938999891
2/6/2018 9:00,1.126000047,1.126000047,3.938999891
2/6/2018 10:00,1.476999998,1.476999998,3.938999891
2/6/2018 11:00,1.687999964,1.687999964,3.938999891
2/6/2018 12:00,1.758999944,1.758999944,3.938999891
2/6/2018 13:00,2.461999893,2.461999893,3.938999891
2/6/2018 14:00,4.501999855,4.501999855,3.938999891
2/6/2018 15:00,3.799000025,3.799000025,3.938999891
2/6/2018 16:00,2.673000097,2.673000097,3.938999891
2/6/2018 17:00,2.673000097,2.673000097,3.938999891
2/6/2018 18:00,2.602999926,2.602999926,3.938999891
2/6/2018 19:00,2.250999928,2.250999928,3.938999891
2/6/2018 20:00,2.180999994,2.180999994,3.938999891
2/6/2018 21:00,2.532000065,2.532000065,3.938999891
2/6/2018 22:00,2.602999926,2.602999926,3.938999891
2/6/2018 23:00,2.250999928,2.250999928,3.938999891
2/7/2018 0:00,1.828999996,1.828999996,3.938999891
2/7/2018 1:00,2.039999962,2.039999962,3.938999891
2/7/2018 2:00,1.970000029,1.970000029,3.938999891
2/7/2018 3:00,2.461999893,2.461999893,3.938999891
2/7/2018 4:00,2.250999928,2.250999928,3.938999891
2/7/2018 5:00,2.321000099,2.321000099,3.938999891
2/7/2018 6:00,2.461999893,2.461999893,3.938999891
2/7/2018 7:00,2.602999926,2.602999926,3.938999891
2/7/2018 8:00,2.884000063,2.884000063,3.938999891
2/7/2018 9:00,3.588000059,3.588000059,3.938999891
2/7/2018 10:00,4.150000095,4.150000095,3.938999891
2/7/2018 11:00,4.501999855,4.501999855,3.938999891
2/7/2018 12:00,4.010000229,4.010000229,3.938999891
2/7/2018 13:00,4.290999889,4.290999889,3.938999891
2/7/2018 14:00,4.572999954,4.572999954,3.938999891
2/7/2018 15:00,4.923999786,4.923999786,3.938999891
2/7/2018 16:00,4.643000126,4.643000126,3.938999891
2/7/2018 17:00,5.065000057,5.065000057,3.938999891
2/7/2018 18:00,4.994999886,4.994999886,3.938999891
2/7/2018 19:00,5.135000229,5.135000229,3.938999891
2/7/2018 20:00,5.135000229,5.135000229,3.938999891
2/7/2018 21:00,4.643000126,4.643000126,3.938999891
2/7/2018 22:00,4.643000126,4.643000126,3.938999891
2/7/2018 23:00,3.588000059,3.588000059,3.938999891
2/8/2018 0:00,1.899000049,1.899000049,3.938999891
2/8/2018 1:00,2.109999895,2.109999895,3.938999891
2/8/2018 2:00,4.150000095,4.150000095,3.938999891
2/8/2018 3:00,4.221000195,4.221000195,3.938999891
2/8/2018 4:00,3.727999926,3.727999926,3.938999891
2/8/2018 5:00,3.588000059,3.588000059,3.938999891
2/8/2018 6:00,3.727999926,3.727999926,3.938999891
2/8/2018 7:00,3.165999889,3.165999889,3.938999891
2/8/2018 8:00,3.025000095,3.025000095,3.938999891
2/8/2018 9:00,2.180999994,2.180999994,3.938999891
2/8/2018 10:00,2.532000065,2.532000065,3.938999891
2/8/2018 11:00,2.884000063,2.884000063,3.938999891
2/8/2018 12:00,3.025000095,3.025000095,3.938999891
2/8/2018 13:00,2.884000063,2.884000063,3.938999891
2/8/2018 14:00,3.938999891,3.938999891,3.938999891
2/8/2018 15:00,3.588000059,3.588000059,3.938999891
2/8/2018 16:00,3.447000027,3.447000027,3.588000059
2/8/2018 17:00,3.868999958,3.868999958,3.588000059
2/8/2018 18:00,3.377000093,3.377000093,3.588000059
2/8/2018 19:00,2.813999891,2.813999891,3.588000059
2/8/2018 20:00,2.743999958,2.743999958,3.588000059
2/8/2018 21:00,2.884000063,2.884000063,3.588000059
2/8/2018 22:00,2.813999891,2.813999891,3.588000059
2/8/2018 23:00,2.602999926,2.602999926,3.588000059
2/9/2018 0:00,2.813999891,2.813999891,3.588000059
2/9/2018 1:00,2.602999926,2.602999926,3.588000059
2/9/2018 2:00,2.954999924,2.954999924,3.588000059
2/9/2018 3:00,2.884000063,2.884000063,3.588000059
2/9/2018 4:00,3.377000093,3.377000093,3.588000059
2/9/2018 5:00,3.305999994,3.305999994,3.588000059
2/9/2018 6:00,3.305999994,3.305999994,3.588000059
2/9/2018 7:00,3.305999994,3.305999994,3.588000059
2/9/2018 8:00,3.377000093,3.377000093,3.588000059
2/9/2018 9:00,3.588000059,3.588000059,3.588000059
2/9/2018 10:00,3.727999926,3.727999926,3.588000059
2/9/2018 11:00,4.643000126,4.643000126,3.588000059
2/9/2018 12:00,5.697999954,5.697999954,3.588000059
2/9/2018 13:00,5.486999989,5.486999989,3.588000059
2/9/2018 14:00,5.768000126,5.768000126,3.588000059
2/9/2018 15:00,5.768000126,5.768000126,3.588000059
2/9/2018 16:00,5.768000126,5.768000126,3.588000059
2/9/2018 17:00,5.768000126,5.768000126,3.588000059
2/9/2018 18:00,5.627999783,5.627999783,3.588000059
2/9/2018 19:00,5.346000195,5.346000195,3.588000059
2/9/2018 20:00,5.839000225,5.839000225,3.588000059
2/9/2018 21:00,5.697999954,5.697999954,3.588000059
2/9/2018 22:00,5.416999817,5.416999817,3.588000059
2/9/2018 23:00,5.768000126,5.768000126,3.588000059
2/10/2018 0:00,5.839000225,5.839000225,3.588000059
2/10/2018 1:00,5.90899992,5.90899992,3.588000059
2/10/2018 2:00,6.190999985,6.190999985,3.588000059
2/10/2018 3:00,5.697999954,5.697999954,3.588000059
2/10/2018 4:00,4.712999821,4.712999821,3.588000059
2/10/2018 5:00,4.643000126,4.643000126,3.588000059
2/10/2018 6:00,3.095000029,3.095000029,3.588000059
2/10/2018 7:00,2.813999891,2.813999891,3.588000059
2/10/2018 8:00,3.447000027,3.447000027,3.588000059
2/10/2018 9:00,2.321000099,2.321000099,3.588000059
2/10/2018 10:00,1.899000049,1.899000049,3.588000059
2/10/2018 11:00,2.250999928,2.250999928,3.588000059
2/10/2018 12:00,3.025000095,3.025000095,3.588000059
2/10/2018 13:00,3.025000095,3.025000095,3.588000059
2/10/2018 14:00,3.938999891,3.938999891,3.588000059
2/10/2018 15:00,3.236000061,3.236000061,3.588000059
2/10/2018 16:00,3.727999926,3.727999926,3.588000059
2/10/2018 17:00,4.150000095,4.150000095,3.588000059
2/10/2018 18:00,4.221000195,4.221000195,3.588000059
2/10/2018 19:00,3.727999926,3.727999926,3.588000059
2/10/2018 20:00,3.799000025,3.799000025,3.588000059
2/10/2018 21:00,3.868999958,3.868999958,3.588000059
2/10/2018 22:00,3.095000029,3.095000029,3.588000059
2/10/2018 23:00,1.337000012,1.337000012,3.588000059
2/11/2018 0:00,2.532000065,2.532000065,3.588000059
2/11/2018 1:00,3.095000029,3.095000029,3.588000059
2/11/2018 2:00,4.290999889,4.290999889,3.588000059
2/11/2018 3:00,3.938999891,3.938999891,3.588000059
2/11/2018 4:00,3.868999958,3.868999958,3.588000059
2/11/2018 5:00,3.657999992,3.657999992,3.588000059
2/11/2018 6:00,2.673000097,2.673000097,3.588000059
2/11/2018 7:00,3.095000029,3.095000029,3.588000059
2/11/2018 8:00,4.079999924,4.079999924,3.588000059
2/11/2018 9:00,3.377000093,3.377000093,3.588000059
2/11/2018 10:00,2.813999891,2.813999891,3.588000059
2/11/2018 11:00,3.377000093,3.377000093,3.588000059
2/11/2018 12:00,2.954999924,2.954999924,3.588000059
2/11/2018 13:00,2.743999958,2.743999958,3.588000059
2/11/2018 14:00,3.447000027,3.447000027,3.588000059
2/11/2018 15:00,3.095000029,3.095000029,3.588000059
2/11/2018 16:00,3.095000029,3.095000029,3.588000059
2/11/2018 17:00,2.461999893,2.461999893,3.588000059
2/11/2018 18:00,1.970000029,1.970000029,3.588000059
2/11/2018 19:00,3.095000029,3.095000029,3.588000059
2/11/2018 20:00,1.899000049,1.899000049,3.588000059
2/11/2018 21:00,2.743999958,2.743999958,3.588000059
2/11/2018 22:00,3.657999992,3.657999992,3.588000059
2/11/2018 23:00,3.165999889,3.165999889,3.588000059
2/12/2018 0:00,3.095000029,3.095000029,3.588000059
2/12/2018 1:00,3.095000029,3.095000029,3.588000059
2/12/2018 2:00,2.743999958,2.743999958,3.588000059
2/12/2018 3:00,2.743999958,2.743999958,3.588000059
2/12/2018 4:00,2.884000063,2.884000063,3.588000059
2/12/2018 5:00,2.884000063,2.884000063,3.588000059
2/12/2018 6:00,2.673000097,2.673000097,3.588000059
2/12/2018 7:00,2.532000065,2.532000065,3.588000059
2/12/2018 8:00,1.618000031,1.618000031,3.588000059
2/12/2018 9:00,1.758999944,1.758999944,3.588000059
2/12/2018 10:00,1.054999948,1.054999948,3.588000059
2/12/2018 11:00,1.618000031,1.618000031,3.588000059
2/12/2018 12:00,1.337000012,1.337000012,3.588000059
2/12/2018 13:00,1.899000049,1.899000049,3.588000059
2/12/2018 14:00,3.236000061,3.236000061,3.588000059
2/12/2018 15:00,2.602999926,2.602999926,3.588000059
2/12/2018 16:00,2.532000065,2.532000065,3.588000059
2/12/2018 17:00,2.180999994,2.180999994,3.588000059
2/12/2018 18:00,2.532000065,2.532000065,3.588000059
2/12/2018 19:00,3.095000029,3.095000029,3.588000059
2/12/2018 20:00,3.51699996,3.51699996,3.588000059
2/12/2018 21:00,3.799000025,3.799000025,3.588000059
2/12/2018 22:00,3.799000025,3.799000025,3.588000059
2/12/2018 23:00,4.150000095,4.150000095,3.588000059
2/13/2018 0:00,4.290999889,4.290999889,3.588000059
2/13/2018 1:00,4.290999889,4.290999889,3.588000059
2/13/2018 2:00,4.079999924,4.079999924,3.588000059
2/13/2018 3:00,3.305999994,3.305999994,3.588000059
2/13/2018 4:00,3.799000025,3.799000025,3.588000059
2/13/2018 5:00,3.447000027,3.447000027,3.588000059
2/13/2018 6:00,3.588000059,3.588000059,3.588000059
2/13/2018 7:00,3.305999994,3.305999994,3.588000059
2/13/2018 8:00,3.588000059,3.588000059,3.588000059
2/13/2018 9:00,4.079999924,4.079999924,3.588000059
2/13/2018 10:00,4.923999786,4.923999786,3.588000059
2/13/2018 11:00,5.697999954,5.697999954,3.588000059
2/13/2018 12:00,4.994999886,4.994999886,3.588000059
2/13/2018 13:00,4.994999886,4.994999886,3.588000059
2/13/2018 14:00,5.768000126,5.768000126,3.588000059
2/13/2018 15:00,6.190999985,6.190999985,3.588000059
2/13/2018 16:00,6.330999851,6.330999851,3.588000059
2/13/2018 17:00,6.050000191,6.050000191,3.588000059
2/13/2018 18:00,6.612999916,6.612999916,3.588000059
2/13/2018 19:00,6.050000191,6.050000191,3.588000059
2/13/2018 20:00,5.697999954,5.697999954,3.588000059
2/13/2018 21:00,6.119999886,6.119999886,3.588000059
2/13/2018 22:00,6.050000191,6.050000191,3.588000059
2/13/2018 23:00,6.472000122,6.472000122,3.588000059
2/14/2018 0:00,6.40199995,6.40199995,3.588000059
2/14/2018 1:00,6.472000122,6.472000122,3.588000059
2/14/2018 2:00,5.55700016,5.55700016,3.588000059
2/14/2018 3:00,6.40199995,6.40199995,3.588000059
2/14/2018 4:00,6.261000156,6.261000156,3.588000059
2/14/2018 5:00,5.55700016,5.55700016,3.588000059
2/14/2018 6:00,5.627999783,5.627999783,3.588000059
2/14/2018 7:00,4.923999786,4.923999786,3.588000059
2/14/2018 8:00,5.90899992,5.90899992,3.588000059
2/14/2018 9:00,6.472000122,6.472000122,3.588000059
2/14/2018 10:00,6.752999783,6.752999783,3.588000059
2/14/2018 11:00,6.964000225,6.964000225,3.588000059
2/14/2018 12:00,6.752999783,6.752999783,3.588000059
2/14/2018 13:00,7.668000221,7.668000221,3.588000059
2/14/2018 14:00,7.386000156,7.386000156,3.588000059
2/14/2018 15:00,7.456999779,7.456999779,3.588000059
2/14/2018 16:00,7.456999779,7.456999779,3.588000059
2/14/2018 17:00,7.456999779,7.456999779,3.588000059
2/14/2018 18:00,6.40199995,6.40199995,3.588000059
2/14/2018 19:00,7.105000019,7.105000019,3.588000059
2/14/2018 20:00,7.315999985,7.315999985,3.588000059
2/14/2018 21:00,7.315999985,7.315999985,3.588000059
2/14/2018 22:00,7.175000191,7.175000191,3.588000059
2/14/2018 23:00,6.683000088,6.683000088,3.588000059
2/15/2018 0:00,7.386000156,7.386000156,3.588000059
2/15/2018 1:00,5.90899992,5.90899992,3.588000059
2/15/2018 2:00,3.799000025,3.799000025,3.588000059
2/15/2018 3:00,3.727999926,3.727999926,3.588000059
2/15/2018 4:00,3.236000061,3.236000061,3.588000059
2/15/2018 5:00,3.588000059,3.588000059,3.588000059
2/15/2018 6:00,3.447000027,3.447000027,3.588000059
2/15/2018 7:00,3.236000061,3.236000061,3.588000059
2/15/2018 8:00,2.884000063,2.884000063,3.588000059
2/15/2018 9:00,2.884000063,2.884000063,3.588000059
2/15/2018 10:00,2.884000063,2.884000063,3.588000059
2/15/2018 11:00,2.813999891,2.813999891,3.588000059
2/15/2018 12:00,2.813999891,2.813999891,3.588000059
2/15/2018 13:00,3.095000029,3.095000029,3.588000059
2/15/2018 14:00,3.095000029,3.095000029,3.588000059
2/15/2018 15:00,3.165999889,3.165999889,3.588000059
2/15/2018 16:00,3.657999992,3.657999992,3.165999889
2/15/2018 17:00,3.236000061,3.236000061,3.165999889
2/15/2018 18:00,2.602999926,2.602999926,3.165999889
2/15/2018 19:00,2.532000065,2.532000065,3.165999889
2/15/2018 20:00,3.025000095,3.025000095,3.165999889
2/15/2018 21:00,3.236000061,3.236000061,3.165999889
2/15/2018 22:00,3.447000027,3.447000027,3.165999889
2/15/2018 23:00,3.305999994,3.305999994,3.165999889
2/16/2018 0:00,3.025000095,3.025000095,3.165999889
2/16/2018 1:00,3.447000027,3.447000027,3.165999889
2/16/2018 2:00,3.305999994,3.305999994,3.165999889
2/16/2018 3:00,3.657999992,3.657999992,3.165999889
2/16/2018 4:00,3.447000027,3.447000027,3.165999889
2/16/2018 5:00,3.305999994,3.305999994,3.165999889
2/16/2018 6:00,3.799000025,3.799000025,3.165999889
2/16/2018 7:00,4.150000095,4.150000095,3.165999889
2/16/2018 8:00,3.095000029,3.095000029,3.165999889
2/16/2018 9:00,3.51699996,3.51699996,3.165999889
2/16/2018 10:00,3.377000093,3.377000093,3.165999889
2/16/2018 11:00,4.43200016,4.43200016,3.165999889
2/16/2018 12:00,5.135000229,5.135000229,3.165999889
2/16/2018 13:00,5.416999817,5.416999817,3.165999889
2/16/2018 14:00,5.697999954,5.697999954,3.165999889
2/16/2018 15:00,5.697999954,5.697999954,3.165999889
2/16/2018 16:00,5.55700016,5.55700016,3.165999889
2/16/2018 17:00,5.205999851,5.205999851,3.165999889
2/16/2018 18:00,5.416999817,5.416999817,3.165999889
2/16/2018 19:00,5.135000229,5.135000229,3.165999889
2/16/2018 20:00,4.923999786,4.923999786,3.165999889
2/16/2018 21:00,4.994999886,4.994999886,3.165999889
2/16/2018 22:00,4.923999786,4.923999786,3.165999889
2/16/2018 23:00,5.135000229,5.135000229,3.165999889
2/17/2018 0:00,4.572999954,4.572999954,3.165999889
2/17/2018 1:00,4.010000229,4.010000229,3.165999889
2/17/2018 2:00,4.150000095,4.150000095,3.165999889
2/17/2018 3:00,4.994999886,4.994999886,3.165999889
2/17/2018 4:00,4.361999989,4.361999989,3.165999889
2/17/2018 5:00,4.221000195,4.221000195,3.165999889
2/17/2018 6:00,3.377000093,3.377000093,3.165999889
2/17/2018 7:00,2.039999962,2.039999962,3.165999889
2/17/2018 8:00,2.250999928,2.250999928,3.165999889
2/17/2018 9:00,1.828999996,1.828999996,3.165999889
2/17/2018 10:00,2.180999994,2.180999994,3.165999889
2/17/2018 11:00,2.954999924,2.954999924,3.165999889
2/17/2018 12:00,2.884000063,2.884000063,3.165999889
2/17/2018 13:00,3.377000093,3.377000093,3.165999889
2/17/2018 14:00,4.290999889,4.290999889,3.165999889
2/17/2018 15:00,4.221000195,4.221000195,3.165999889
2/17/2018 16:00,4.150000095,4.150000095,3.165999889
2/17/2018 17:00,3.236000061,3.236000061,3.165999889
2/17/2018 18:00,2.743999958,2.743999958,3.165999889
2/17/2018 19:00,2.602999926,2.602999926,3.165999889
2/17/2018 20:00,2.602999926,2.602999926,3.165999889
2/17/2018 21:00,2.532000065,2.532000065,3.165999889
2/17/2018 22:00,2.461999893,2.461999893,3.165999889
2/17/2018 23:00,2.39199996,2.39199996,3.165999889
2/18/2018 0:00,2.109999895,2.109999895,3.165999889
2/18/2018 1:00,2.180999994,2.180999994,3.165999889
2/18/2018 2:00,2.250999928,2.250999928,3.165999889
2/18/2018 3:00,2.532000065,2.532000065,3.165999889
2/18/2018 4:00,3.095000029,3.095000029,3.165999889
2/18/2018 5:00,3.799000025,3.799000025,3.165999889
2/18/2018 6:00,2.250999928,2.250999928,3.165999889
2/18/2018 7:00,4.150000095,4.150000095,3.165999889
2/18/2018 8:00,4.290999889,4.290999889,3.165999889
2/18/2018 9:00,4.854000092,4.854000092,3.165999889
2/18/2018 10:00,5.065000057,5.065000057,3.165999889
2/18/2018 11:00,4.994999886,4.994999886,3.165999889
2/18/2018 12:00,4.643000126,4.643000126,3.165999889
2/18/2018 13:00,4.501999855,4.501999855,3.165999889
2/18/2018 14:00,2.743999958,2.743999958,3.165999889
2/18/2018 15:00,2.39199996,2.39199996,3.165999889
2/18/2018 16:00,3.025000095,3.025000095,3.165999889
2/18/2018 17:00,1.547999978,1.547999978,3.165999889
2/18/2018 18:00,2.039999962,2.039999962,3.165999889
2/18/2018 19:00,2.673000097,2.673000097,3.165999889
2/18/2018 20:00,2.602999926,2.602999926,3.165999889
2/18/2018 21:00,2.250999928,2.250999928,3.165999889
2/18/2018 22:00,2.039999962,2.039999962,3.165999889
2/18/2018 23:00,1.337000012,1.337000012,3.165999889
2/19/2018 0:00,2.039999962,2.039999962,3.165999889
2/19/2018 1:00,2.321000099,2.321000099,3.165999889
2/19/2018 2:00,2.954999924,2.954999924,3.165999889
2/19/2018 3:00,3.727999926,3.727999926,3.165999889
2/19/2018 4:00,3.236000061,3.236000061,3.165999889
2/19/2018 5:00,2.954999924,2.954999924,3.165999889
2/19/2018 6:00,3.095000029,3.095000029,3.165999889
2/19/2018 7:00,2.39199996,2.39199996,3.165999889
2/19/2018 8:00,2.39199996,2.39199996,3.165999889
2/19/2018 9:00,1.547999978,1.547999978,3.165999889
2/19/2018 10:00,0.563000023,0.563000023,3.165999889
2/19/2018 11:00,0.773999989,0.773999989,3.165999889
2/19/2018 12:00,2.39199996,2.39199996,3.165999889
2/19/2018 13:00,2.109999895,2.109999895,3.165999889
2/19/2018 14:00,2.954999924,2.954999924,3.165999889
2/19/2018 15:00,2.954999924,2.954999924,3.165999889
2/19/2018 16:00,2.884000063,2.884000063,3.165999889
2/19/2018 17:00,3.025000095,3.025000095,3.165999889
2/19/2018 18:00,3.025000095,3.025000095,3.165999889
2/19/2018 19:00,3.51699996,3.51699996,3.165999889
2/19/2018 20:00,3.305999994,3.305999994,3.165999889
2/19/2018 21:00,3.657999992,3.657999992,3.165999889
2/19/2018 22:00,3.447000027,3.447000027,3.165999889
2/19/2018 23:00,3.727999926,3.727999926,3.165999889
2/20/2018 0:00,3.799000025,3.799000025,3.165999889
2/20/2018 1:00,4.079999924,4.079999924,3.165999889
2/20/2018 2:00,3.447000027,3.447000027,3.165999889
2/20/2018 3:00,3.657999992,3.657999992,3.165999889
2/20/2018 4:00,3.236000061,3.236000061,3.165999889
2/20/2018 5:00,3.51699996,3.51699996,3.165999889
2/20/2018 6:00,2.813999891,2.813999891,3.165999889
2/20/2018 7:00,2.461999893,2.461999893,3.165999889
2/20/2018 8:00,2.673000097,2.673000097,3.165999889
2/20/2018 9:00,2.673000097,2.673000097,3.165999889
2/20/2018 10:00,1.970000029,1.970000029,3.165999889
2/20/2018 11:00,0.703000009,0.703000009,3.165999889
2/20/2018 12:00,0.0,0.0,3.165999889
2/20/2018 13:00,0.0,0.0,3.165999889
2/20/2018 14:00,0.0,0.0,3.165999889
2/20/2018 15:00,0.633000016,0.633000016,3.165999889
2/20/2018 16:00,0.0,0.0,3.165999889
2/20/2018 17:00,0.0,0.0,3.165999889
2/20/2018 18:00,0.0,0.0,3.165999889
2/20/2018 19:00,0.0,0.0,3.165999889
2/20/2018 20:00,0.0,0.0,3.165999889
2/20/2018 21:00,1.899000049,1.899000049,3.165999889
2/20/2018 22:00,2.180999994,2.180999994,3.165999889
2/20/2018 23:00,2.321000099,2.321000099,3.165999889
2/21/2018 0:00,2.532000065,2.532000065,3.165999889
2/21/2018 1:00,2.461999893,2.461999893,3.165999889
2/21/2018 2:00,2.813999891,2.813999891,3.165999889
2/21/2018 3:00,2.461999893,2.461999893,3.165999889
2/21/2018 4:00,2.602999926,2.602999926,3.165999889
2/21/2018 5:00,2.532000065,2.532000065,3.165999889
2/21/2018 6:00,2.461999893,2.461999893,3.165999889
2/21/2018 7:00,2.673000097,2.673000097,3.165999889
2/21/2018 8:00,2.813999891,2.813999891,3.165999889
2/21/2018 9:00,2.743999958,2.743999958,3.165999889
2/21/2018 10:00,2.743999958,2.743999958,3.165999889
2/21/2018 11:00,2.884000063,2.884000063,3.165999889
2/21/2018 12:00,2.602999926,2.602999926,3.165999889
2/21/2018 13:00,2.743999958,2.743999958,3.165999889
2/21/2018 14:00,2.532000065,2.532000065,3.165999889
2/21/2018 15:00,2.954999924,2.954999924,3.165999889
2/21/2018 16:00,2.884000063,2.884000063,3.165999889
2/21/2018 17:00,3.165999889,3.165999889,3.165999889
2/21/2018 18:00,3.236000061,3.236000061,3.165999889
2/21/2018 19:00,3.868999958,3.868999958,3.165999889
2/21/2018 20:00,4.221000195,4.221000195,3.165999889
2/21/2018 21:00,5.346000195,5.346000195,3.165999889
2/21/2018 22:00,5.346000195,5.346000195,3.165999889
2/21/2018 23:00,5.205999851,5.205999851,3.165999889
2/22/2018 0:00,5.205999851,5.205999851,3.165999889
2/22/2018 1:00,5.486999989,5.486999989,3.165999889
2/22/2018 2:00,5.205999851,5.205999851,3.165999889
2/22/2018 3:00,4.854000092,4.854000092,3.165999889
2/22/2018 4:00,4.923999786,4.923999786,3.165999889
2/22/2018 5:00,4.994999886,4.994999886,3.165999889
2/22/2018 6:00,4.78399992,4.78399992,3.165999889
2/22/2018 7:00,4.78399992,4.78399992,3.165999889
2/22/2018 8:00,5.205999851,5.205999851,3.165999889
2/22/2018 9:00,5.276000023,5.276000023,3.165999889
2/22/2018 10:00,4.643000126,4.643000126,3.165999889
2/22/2018 11:00,5.346000195,5.346000195,3.165999889
2/22/2018 12:00,4.923999786,4.923999786,3.165999889
2/22/2018 13:00,4.361999989,4.361999989,3.165999889
2/22/2018 14:00,5.55700016,5.55700016,3.165999889
2/22/2018 15:00,4.78399992,4.78399992,3.165999889
2/22/2018 16:00,4.43200016,4.43200016,4.78399992
2/22/2018 17:00,4.43200016,4.43200016,4.78399992
2/22/2018 18:00,5.55700016,5.55700016,4.78399992
2/22/2018 19:00,4.643000126,4.643000126,4.78399992
2/22/2018 20:00,4.854000092,4.854000092,4.78399992
2/22/2018 21:00,5.416999817,5.416999817,4.78399992
2/22/2018 22:00,5.276000023,5.276000023,4.78399992
2/22/2018 23:00,5.697999954,5.697999954,4.78399992
2/23/2018 0:00,5.697999954,5.697999954,4.78399992
2/23/2018 1:00,4.994999886,4.994999886,4.78399992
2/23/2018 2:00,4.994999886,4.994999886,4.78399992
2/23/2018 3:00,5.276000023,5.276000023,4.78399992
2/23/2018 4:00,4.501999855,4.501999855,4.78399992
2/23/2018 5:00,4.501999855,4.501999855,4.78399992
2/23/2018 6:00,4.221000195,4.221000195,4.78399992
2/23/2018 7:00,3.938999891,3.938999891,4.78399992
2/23/2018 8:00,4.854000092,4.854000092,4.78399992
2/23/2018 9:00,4.643000126,4.643000126,4.78399992
2/23/2018 10:00,5.839000225,5.839000225,4.78399992
2/23/2018 11:00,5.768000126,5.768000126,4.78399992
2/23/2018 12:00,5.627999783,5.627999783,4.78399992
2/23/2018 13:00,4.854000092,4.854000092,4.78399992
2/23/2018 14:00,8.37100029,8.37100029,4.78399992
2/23/2018 15:00,6.894000053,6.894000053,4.78399992
2/23/2018 16:00,7.386000156,7.386000156,4.78399992
2/23/2018 17:00,7.105000019,7.105000019,4.78399992
2/23/2018 18:00,7.737999916,7.737999916,4.78399992
2/23/2018 19:00,6.894000053,6.894000053,4.78399992
2/23/2018 20:00,6.119999886,6.119999886,4.78399992
2/23/2018 21:00,5.768000126,5.768000126,4.78399992
2/23/2018 22:00,5.346000195,5.346000195,4.78399992
2/23/2018 23:00,5.135000229,5.135000229,4.78399992
2/24/2018 0:00,5.486999989,5.486999989,4.78399992
2/24/2018 1:00,4.994999886,4.994999886,4.78399992
2/24/2018 2:00,5.065000057,5.065000057,4.78399992
2/24/2018 3:00,4.923999786,4.923999786,4.78399992
2/24/2018 4:00,4.854000092,4.854000092,4.78399992
2/24/2018 5:00,4.854000092,4.854000092,4.78399992
2/24/2018 6:00,5.416999817,5.416999817,4.78399992
2/24/2018 7:00,4.361999989,4.361999989,4.78399992
2/24/2018 8:00,5.135000229,5.135000229,4.78399992
2/24/2018 9:00,5.346000195,5.346000195,4.78399992
2/24/2018 10:00,6.330999851,6.330999851,4.78399992
2/24/2018 11:00,5.205999851,5.205999851,4.78399992
2/24/2018 12:00,4.572999954,4.572999954,4.78399992
2/24/2018 13:00,4.361999989,4.361999989,4.78399992
2/24/2018 14:00,4.994999886,4.994999886,4.78399992
2/24/2018 15:00,4.994999886,4.994999886,4.78399992
2/24/2018 16:00,4.43200016,4.43200016,4.78399992
2/24/2018 17:00,4.78399992,4.78399992,4.78399992
2/24/2018 18:00,5.979000092,5.979000092,4.78399992
2/24/2018 19:00,5.768000126,5.768000126,4.78399992
2/24/2018 20:00,5.627999783,5.627999783,4.78399992
2/24/2018 21:00,5.486999989,5.486999989,4.78399992
2/24/2018 22:00,4.361999989,4.361999989,4.78399992
2/24/2018 23:00,4.643000126,4.643000126,4.78399992
2/25/2018 0:00,3.868999958,3.868999958,4.78399992
2/25/2018 1:00,3.868999958,3.868999958,4.78399992
2/25/2018 2:00,3.305999994,3.305999994,4.78399992
2/25/2018 3:00,3.447000027,3.447000027,4.78399992
2/25/2018 4:00,3.305999994,3.305999994,4.78399992
2/25/2018 5:00,2.743999958,2.743999958,4.78399992
2/25/2018 6:00,3.165999889,3.165999889,4.78399992
2/25/2018 7:00,4.079999924,4.079999924,4.78399992
2/25/2018 8:00,3.657999992,3.657999992,4.78399992
2/25/2018 9:00,2.813999891,2.813999891,4.78399992
2/25/2018 10:00,3.305999994,3.305999994,4.78399992
2/25/2018 11:00,4.43200016,4.43200016,4.78399992
2/25/2018 12:00,5.205999851,5.205999851,4.78399992
2/25/2018 13:00,4.994999886,4.994999886,4.78399992
2/25/2018 14:00,5.276000023,5.276000023,4.78399992
2/25/2018 15:00,5.205999851,5.205999851,4.78399992
2/25/2018 16:00,4.854000092,4.854000092,4.78399992
2/25/2018 17:00,5.55700016,5.55700016,4.78399992
2/25/2018 18:00,5.979000092,5.979000092,4.78399992
2/25/2018 19:00,4.994999886,4.994999886,4.78399992
2/25/2018 20:00,5.346000195,5.346000195,4.78399992
2/25/2018 21:00,5.205999851,5.205999851,4.78399992
2/25/2018 22:00,5.135000229,5.135000229,4.78399992
2/25/2018 23:00,4.923999786,4.923999786,4.78399992
2/26/2018 0:00,5.135000229,5.135000229,4.78399992
2/26/2018 1:00,4.643000126,4.643000126,4.78399992
2/26/2018 2:00,4.501999855,4.501999855,4.78399992
2/26/2018 3:00,4.572999954,4.572999954,4.78399992
2/26/2018 4:00,4.643000126,4.643000126,4.78399992
2/26/2018 5:00,4.501999855,4.501999855,4.78399992
2/26/2018 6:00,4.150000095,4.150000095,4.78399992
2/26/2018 7:00,4.572999954,4.572999954,4.78399992
2/26/2018 8:00,4.712999821,4.712999821,4.78399992
2/26/2018 9:00,5.346000195,5.346000195,4.78399992
2/26/2018 10:00,6.190999985,6.190999985,4.78399992
2/26/2018 11:00,6.330999851,6.330999851,4.78399992
2/26/2018 12:00,5.979000092,5.979000092,4.78399992
2/26/2018 13:00,6.752999783,6.752999783,4.78399992
2/26/2018 14:00,7.809000015,7.809000015,4.78399992
2/26/2018 15:00,8.159999847,8.159999847,4.78399992
2/26/2018 16:00,8.230999947,8.230999947,4.78399992
2/26/2018 17:00,8.37100029,8.37100029,4.78399992
2/26/2018 18:00,8.159999847,8.159999847,4.78399992
2/26/2018 19:00,7.315999985,7.315999985,4.78399992
2/26/2018 20:00,6.40199995,6.40199995,4.78399992
2/26/2018 21:00,6.119999886,6.119999886,4.78399992
2/26/2018 22:00,5.768000126,5.768000126,4.78399992
2/26/2018 23:00,5.839000225,5.839000225,4.78399992
2/27/2018 0:00,5.697999954,5.697999954,4.78399992
2/27/2018 1:00,5.416999817,5.416999817,4.78399992
2/27/2018 2:00,5.768000126,5.768000126,4.78399992
2/27/2018 3:00,5.346000195,5.346000195,4.78399992
2/27/2018 4:00,5.627999783,5.627999783,4.78399992
2/27/2018 5:00,4.994999886,4.994999886,4.78399992
2/27/2018 6:00,5.205999851,5.205999851,4.78399992
2/27/2018 7:00,5.135000229,5.135000229,4.78399992
2/27/2018 8:00,5.55700016,5.55700016,4.78399992
2/27/2018 9:00,5.135000229,5.135000229,4.78399992
2/27/2018 10:00,5.346000195,5.346000195,4.78399992
2/27/2018 11:00,5.346000195,5.346000195,4.78399992
2/27/2018 12:00,6.330999851,6.330999851,4.78399992
2/27/2018 13:00,7.456999779,7.456999779,4.78399992
2/27/2018 14:00,7.245999813,7.245999813,4.78399992
2/27/2018 15:00,7.315999985,7.315999985,4.78399992
2/27/2018 16:00,7.668000221,7.668000221,4.78399992
2/27/2018 17:00,7.315999985,7.315999985,4.78399992
2/27/2018 18:00,5.697999954,5.697999954,4.78399992
2/27/2018 19:00,4.854000092,4.854000092,4.78399992
2/27/2018 20:00,3.165999889,3.165999889,4.78399992
2/27/2018 21:00,1.828999996,1.828999996,4.78399992
2/27/2018 22:00,1.476999998,1.476999998,4.78399992
2/27/2018 23:00,2.39199996,2.39199996,4.78399992
2/28/2018 0:00,2.39199996,2.39199996,4.78399992
2/28/2018 1:00,2.884000063,2.884000063,4.78399992
2/28/2018 2:00,3.588000059,3.588000059,4.78399992
2/28/2018 3:00,3.377000093,3.377000093,4.78399992
2/28/2018 4:00,2.743999958,2.743999958,4.78399992
2/28/2018 5:00,3.165999889,3.165999889,4.78399992
2/28/2018 6:00,3.095000029,3.095000029,4.78399992
2/28/2018 7:00,3.025000095,3.025000095,4.78399992
2/28/2018 8:00,2.109999895,2.109999895,4.78399992
2/28/2018 9:00,1.266000032,1.266000032,4.78399992
2/28/2018 10:00,2.039999962,2.039999962,4.78399992
2/28/2018 11:00,1.970000029,1.970000029,4.78399992
2/28/2018 12:00,2.743999958,2.743999958,4.78399992
2/28/2018 13:00,3.025000095,3.025000095,4.78399992
2/28/2018 14:00,3.025000095,3.025000095,4.78399992
2/28/2018 15:00,3.868999958,3.868999958,4.78399992
2/28/2018 16:00,4.501999855,4.501999855,4.78399992
2/28/2018 17:00,5.205999851,5.205999851,4.78399992
2/28/2018 18:00,5.839000225,5.839000225,4.78399992
2/28/2018 19:00,5.768000126,5.768000126,4.78399992
2/28/2018 20:00,5.276000023,5.276000023,4.78399992
2/28/2018 21:00,4.994999886,4.994999886,4.78399992
2/28/2018 22:00,5.697999954,5.697999954,4.78399992
2/28/2018 23:00,5.979000092,5.979000092,4.78399992
3/1/2018 0:00,5.486999989,5.486999989,4.78399992
3/1/2018 1:00,5.346000195,5.346000195,4.78399992
3/1/2018 2:00,5.627999783,5.627999783,4.78399992
3/1/2018 3:00,5.768000126,5.768000126,4.78399992
3/1/2018 4:00,4.923999786,4.923999786,4.78399992
3/1/2018 5:00,5.697999954,5.697999954,4.78399992
3/1/2018 6:00,5.839000225,5.839000225,4.78399992
3/1/2018 7:00,4.150000095,4.150000095,4.78399992
3/1/2018 8:00,4.361999989,4.361999989,4.78399992
3/1/2018 9:00,4.572999954,4.572999954,4.78399992
3/1/2018 10:00,4.43200016,4.43200016,4.78399992
3/1/2018 11:00,4.572999954,4.572999954,4.78399992
3/1/2018 12:00,4.221000195,4.221000195,4.78399992
3/1/2018 13:00,3.51699996,3.51699996,4.78399992
3/1/2018 14:00,3.236000061,3.236000061,4.78399992
3/1/2018 15:00,3.095000029,3.095000029,4.78399992
3/1/2018 16:00,2.884000063,2.884000063,3.095000029
3/1/2018 17:00,2.602999926,2.602999926,3.095000029
3/1/2018 18:00,2.954999924,2.954999924,3.095000029
3/1/2018 19:00,2.461999893,2.461999893,3.095000029
3/1/2018 20:00,2.743999958,2.743999958,3.095000029
3/1/2018 21:00,2.109999895,2.109999895,3.095000029
3/1/2018 22:00,2.321000099,2.321000099,3.095000029
3/1/2018 23:00,2.673000097,2.673000097,3.095000029
3/2/2018 0:00,2.180999994,2.180999994,3.095000029
3/2/2018 1:00,0.0,0.0,3.095000029
3/2/2018 2:00,0.843999982,0.843999982,3.095000029
3/2/2018 3:00,-0.492000014,-0.492000014,3.095000029
3/2/2018 4:00,0.985000014,0.985000014,3.095000029
3/2/2018 5:00,2.039999962,2.039999962,3.095000029
3/2/2018 6:00,2.039999962,2.039999962,3.095000029
3/2/2018 7:00,1.687999964,1.687999964,3.095000029
3/2/2018 8:00,1.758999944,1.758999944,3.095000029
3/2/2018 9:00,1.899000049,1.899000049,3.095000029
3/2/2018 10:00,2.321000099,2.321000099,3.095000029
3/2/2018 11:00,2.321000099,2.321000099,3.095000029
3/2/2018 12:00,2.884000063,2.884000063,3.095000029
3/2/2018 13:00,3.165999889,3.165999889,3.095000029
3/2/2018 14:00,3.165999889,3.165999889,3.095000029
3/2/2018 15:00,3.236000061,3.236000061,3.095000029
3/2/2018 16:00,3.727999926,3.727999926,3.095000029
3/2/2018 17:00,3.657999992,3.657999992,3.095000029
3/2/2018 18:00,4.150000095,4.150000095,3.095000029
3/2/2018 19:00,4.361999989,4.361999989,3.095000029
3/2/2018 20:00,4.150000095,4.150000095,3.095000029
3/2/2018 21:00,4.150000095,4.150000095,3.095000029
3/2/2018 22:00,4.501999855,4.501999855,3.095000029
3/2/2018 23:00,4.079999924,4.079999924,3.095000029
3/3/2018 0:00,1.19599998,1.19599998,3.095000029
3/3/2018 1:00,1.476999998,1.476999998,3.095000029
3/3/2018 2:00,3.51699996,3.51699996,3.095000029
3/3/2018 3:00,4.923999786,4.923999786,3.095000029
3/3/2018 4:00,5.065000057,5.065000057,3.095000029
3/3/2018 5:00,4.994999886,4.994999886,3.095000029
3/3/2018 6:00,4.221000195,4.221000195,3.095000029
3/3/2018 7:00,4.43200016,4.43200016,3.095000029
3/3/2018 8:00,4.643000126,4.643000126,3.095000029
3/3/2018 9:00,5.205999851,5.205999851,3.095000029
3/3/2018 10:00,5.697999954,5.697999954,3.095000029
3/3/2018 11:00,6.823999882,6.823999882,3.095000029
3/3/2018 12:00,6.964000225,6.964000225,3.095000029
3/3/2018 13:00,7.597000122,7.597000122,3.095000029
3/3/2018 14:00,8.020000458,8.020000458,3.095000029
3/3/2018 15:00,7.668000221,7.668000221,3.095000029
3/3/2018 16:00,7.52699995,7.52699995,3.095000029
3/3/2018 17:00,7.456999779,7.456999779,3.095000029
3/3/2018 18:00,6.964000225,6.964000225,3.095000029
3/3/2018 19:00,6.330999851,6.330999851,3.095000029
3/3/2018 20:00,6.330999851,6.330999851,3.095000029
3/3/2018 21:00,6.190999985,6.190999985,3.095000029
3/3/2018 22:00,5.768000126,5.768000126,3.095000029
3/3/2018 23:00,5.486999989,5.486999989,3.095000029
3/4/2018 0:00,5.90899992,5.90899992,3.095000029
3/4/2018 1:00,5.768000126,5.768000126,3.095000029
3/4/2018 2:00,5.065000057,5.065000057,3.095000029
3/4/2018 3:00,5.135000229,5.135000229,3.095000029
3/4/2018 4:00,5.135000229,5.135000229,3.095000029
3/4/2018 5:00,5.065000057,5.065000057,3.095000029
3/4/2018 6:00,4.78399992,4.78399992,3.095000029
3/4/2018 7:00,5.065000057,5.065000057,3.095000029
3/4/2018 8:00,5.627999783,5.627999783,3.095000029
3/4/2018 9:00,6.472000122,6.472000122,3.095000029
3/4/2018 10:00,8.090000153,8.090000153,3.095000029
3/4/2018 11:00,9.145000458,9.145000458,3.095000029
3/4/2018 12:00,9.708000183,9.708000183,3.095000029
3/4/2018 13:00,9.496999741,9.496999741,3.095000029
3/4/2018 14:00,8.722999573,8.722999573,3.095000029
3/4/2018 15:00,7.879000187,7.879000187,3.095000029
3/4/2018 16:00,7.456999779,7.456999779,3.095000029
3/4/2018 17:00,6.612999916,6.612999916,3.095000029
3/4/2018 18:00,5.205999851,5.205999851,3.095000029
3/4/2018 19:00,4.501999855,4.501999855,3.095000029
3/4/2018 20:00,1.547999978,1.547999978,3.095000029
3/4/2018 21:00,0.0,0.0,3.095000029
3/4/2018 22:00,3.588000059,3.588000059,3.095000029
3/4/2018 23:00,1.337000012,1.337000012,3.095000029
3/5/2018 0:00,0.773999989,0.773999989,3.095000029
3/5/2018 1:00,0.0,0.0,3.095000029
3/5/2018 2:00,1.970000029,1.970000029,3.095000029
3/5/2018 3:00,2.250999928,2.250999928,3.095000029
3/5/2018 4:00,1.406999946,1.406999946,3.095000029
3/5/2018 5:00,1.337000012,1.337000012,3.095000029
3/5/2018 6:00,2.321000099,2.321000099,3.095000029
3/5/2018 7:00,2.532000065,2.532000065,3.095000029
3/5/2018 8:00,1.899000049,1.899000049,3.095000029
3/5/2018 9:00,1.970000029,1.970000029,3.095000029
3/5/2018 10:00,2.884000063,2.884000063,3.095000029
3/5/2018 11:00,3.588000059,3.588000059,3.095000029
3/5/2018 12:00,3.727999926,3.727999926,3.095000029
3/5/2018 13:00,3.938999891,3.938999891,3.095000029
3/5/2018 14:00,5.205999851,5.205999851,3.095000029
3/5/2018 15:00,4.854000092,4.854000092,3.095000029
3/5/2018 16:00,4.501999855,4.501999855,3.095000029
3/5/2018 17:00,4.290999889,4.290999889,3.095000029
3/5/2018 18:00,4.923999786,4.923999786,3.095000029
3/5/2018 19:00,4.712999821,4.712999821,3.095000029
3/5/2018 20:00,3.588000059,3.588000059,3.095000029
3/5/2018 21:00,3.377000093,3.377000093,3.095000029
3/5/2018 22:00,3.305999994,3.305999994,3.095000029
3/5/2018 23:00,3.025000095,3.025000095,3.095000029
3/6/2018 0:00,3.025000095,3.025000095,3.095000029
3/6/2018 1:00,2.673000097,2.673000097,3.095000029
3/6/2018 2:00,2.39199996,2.39199996,3.095000029
3/6/2018 3:00,1.899000049,1.899000049,3.095000029
3/6/2018 4:00,2.109999895,2.109999895,3.095000029
3/6/2018 5:00,1.970000029,1.970000029,3.095000029
3/6/2018 6:00,2.461999893,2.461999893,3.095000029
3/6/2018 7:00,1.970000029,1.970000029,3.095000029
3/6/2018 8:00,1.406999946,1.406999946,3.095000029
3/6/2018 9:00,1.406999946,1.406999946,3.095000029
3/6/2018 10:00,2.180999994,2.180999994,3.095000029
3/6/2018 11:00,1.828999996,1.828999996,3.095000029
3/6/2018 12:00,2.250999928,2.250999928,3.095000029
3/6/2018 13:00,2.321000099,2.321000099,3.095000029
3/6/2018 14:00,2.532000065,2.532000065,3.095000029
3/6/2018 15:00,3.025000095,3.025000095,3.095000029
3/6/2018 16:00,2.954999924,2.954999924,3.095000029
3/6/2018 17:00,2.884000063,2.884000063,3.095000029
3/6/2018 18:00,2.813999891,2.813999891,3.095000029
3/6/2018 19:00,2.109999895,2.109999895,3.095000029
3/6/2018 20:00,1.828999996,1.828999996,3.095000029
3/6/2018 21:00,1.476999998,1.476999998,3.095000029
3/6/2018 22:00,1.758999944,1.758999944,3.095000029
3/6/2018 23:00,1.828999996,1.828999996,3.095000029
3/7/2018 0:00,1.970000029,1.970000029,3.095000029
3/7/2018 1:00,1.899000049,1.899000049,3.095000029
3/7/2018 2:00,0.773999989,0.773999989,3.095000029
3/7/2018 3:00,-0.843999982,-0.843999982,3.095000029
3/7/2018 4:00,-0.633000016,-0.633000016,3.095000029
3/7/2018 5:00,-0.915000021,-0.915000021,3.095000029
3/7/2018 6:00,0.0,0.0,3.095000029
3/7/2018 7:00,-0.492000014,-0.492000014,3.095000029
3/7/2018 8:00,-0.773999989,-0.773999989,3.095000029
3/7/2018 9:00,-0.563000023,-0.563000023,3.095000029
3/7/2018 10:00,0.0,0.0,3.095000029
3/7/2018 11:00,1.19599998,1.19599998,3.095000029
3/7/2018 12:00,0.0,0.0,3.095000029
3/7/2018 13:00,0.633000016,0.633000016,3.095000029
3/7/2018 14:00,1.828999996,1.828999996,3.095000029
3/7/2018 15:00,1.547999978,1.547999978,3.095000029
3/7/2018 16:00,1.828999996,1.828999996,3.095000029
3/7/2018 17:00,1.687999964,1.687999964,3.095000029
3/7/2018 18:00,2.109999895,2.109999895,3.095000029
3/7/2018 19:00,1.828999996,1.828999996,3.095000029
3/7/2018 20:00,2.180999994,2.180999994,3.095000029
3/7/2018 21:00,2.180999994,2.180999994,3.095000029
3/7/2018 22:00,2.039999962,2.039999962,3.095000029
3/7/2018 23:00,2.743999958,2.743999958,3.095000029
3/8/2018 0:00,2.673000097,2.673000097,3.095000029
3/8/2018 1:00,2.532000065,2.532000065,3.095000029
3/8/2018 2:00,2.743999958,2.743999958,3.095000029
3/8/2018 3:00,4.221000195,4.221000195,3.095000029
3/8/2018 4:00,3.799000025,3.799000025,3.095000029
3/8/2018 5:00,4.150000095,4.150000095,3.095000029
3/8/2018 6:00,2.884000063,2.884000063,3.095000029
3/8/2018 7:00,4.010000229,4.010000229,3.095000029
3/8/2018 8:00,3.377000093,3.377000093,3.095000029
3/8/2018 9:00,3.377000093,3.377000093,3.095000029
3/8/2018 10:00,3.657999992,3.657999992,3.095000029
3/8/2018 11:00,4.150000095,4.150000095,3.095000029
3/8/2018 12:00,4.501999855,4.501999855,3.095000029
3/8/2018 13:00,4.854000092,4.854000092,3.095000029
3/8/2018 14:00,5.416999817,5.416999817,3.095000029
3/8/2018 15:00,4.572999954,4.572999954,3.095000029
3/8/2018 16:00,4.572999954,4.572999954,4.572999954
3/8/2018 17:00,4.501999855,4.501999855,4.572999954
3/8/2018 18:00,4.712999821,4.712999821,4.572999954
3/8/2018 19:00,4.712999821,4.712999821,4.572999954
3/8/2018 20:00,4.712999821,4.712999821,4.572999954
3/8/2018 21:00,5.065000057,5.065000057,4.572999954
3/8/2018 22:00,4.712999821,4.712999821,4.572999954
3/8/2018 23:00,4.643000126,4.643000126,4.572999954
3/9/2018 0:00,4.501999855,4.501999855,4.572999954
3/9/2018 1:00,5.205999851,5.205999851,4.572999954
3/9/2018 2:00,4.923999786,4.923999786,4.572999954
3/9/2018 3:00,5.276000023,5.276000023,4.572999954
3/9/2018 4:00,4.150000095,4.150000095,4.572999954
3/9/2018 5:00,4.150000095,4.150000095,4.572999954
3/9/2018 6:00,3.799000025,3.799000025,4.572999954
3/9/2018 7:00,4.010000229,4.010000229,4.572999954
3/9/2018 8:00,4.643000126,4.643000126,4.572999954
3/9/2018 9:00,4.079999924,4.079999924,4.572999954
3/9/2018 10:00,5.697999954,5.697999954,4.572999954
3/9/2018 11:00,5.697999954,5.697999954,4.572999954
3/9/2018 12:00,5.205999851,5.205999851,4.572999954
3/9/2018 13:00,5.486999989,5.486999989,4.572999954
3/9/2018 14:00,6.612999916,6.612999916,4.572999954
3/9/2018 15:00,6.964000225,6.964000225,4.572999954
3/9/2018 16:00,6.964000225,6.964000225,4.572999954
3/9/2018 17:00,7.034999847,7.034999847,4.572999954
3/9/2018 18:00,6.612999916,6.612999916,4.572999954
3/9/2018 19:00,5.697999954,5.697999954,4.572999954
3/9/2018 20:00,5.486999989,5.486999989,4.572999954
3/9/2018 21:00,5.135000229,5.135000229,4.572999954
3/9/2018 22:00,5.346000195,5.346000195,4.572999954
3/9/2018 23:00,4.78399992,4.78399992,4.572999954
3/10/2018 0:00,4.854000092,4.854000092,4.572999954
3/10/2018 1:00,5.065000057,5.065000057,4.572999954
3/10/2018 2:00,4.643000126,4.643000126,4.572999954
3/10/2018 3:00,4.78399992,4.78399992,4.572999954
3/10/2018 4:00,4.643000126,4.643000126,4.572999954
3/10/2018 5:00,4.501999855,4.501999855,4.572999954
3/10/2018 6:00,4.43200016,4.43200016,4.572999954
3/10/2018 7:00,4.572999954,4.572999954,4.572999954
3/10/2018 8:00,5.276000023,5.276000023,4.572999954
3/10/2018 9:00,5.55700016,5.55700016,4.572999954
3/10/2018 10:00,6.964000225,6.964000225,4.572999954
3/10/2018 11:00,6.472000122,6.472000122,4.572999954
3/10/2018 12:00,6.541999817,6.541999817,4.572999954
3/10/2018 13:00,7.245999813,7.245999813,4.572999954
3/10/2018 14:00,9.355999947,9.355999947,4.572999954
3/10/2018 15:00,8.512000084,8.512000084,4.572999954
3/10/2018 16:00,9.355999947,9.355999947,4.572999954
3/10/2018 17:00,9.708000183,9.708000183,4.572999954
3/10/2018 18:00,8.86400032,8.86400032,4.572999954
3/10/2018 19:00,8.020000458,8.020000458,4.572999954
3/10/2018 20:00,7.034999847,7.034999847,4.572999954
3/10/2018 21:00,6.823999882,6.823999882,4.572999954
3/10/2018 22:00,6.612999916,6.612999916,4.572999954
3/10/2018 23:00,6.40199995,6.40199995,4.572999954
3/11/2018 0:00,6.683000088,6.683000088,4.572999954
3/11/2018 1:00,6.823999882,6.823999882,4.572999954
3/11/2018 2:00,6.894000053,6.894000053,4.572999954
3/11/2018 3:00,6.894000053,6.894000053,4.572999954
3/11/2018 4:00,6.330999851,6.330999851,4.572999954
3/11/2018 5:00,6.330999851,6.330999851,4.572999954
3/11/2018 6:00,6.612999916,6.612999916,4.572999954
3/11/2018 7:00,5.627999783,5.627999783,4.572999954
3/11/2018 8:00,5.839000225,5.839000225,4.572999954
3/11/2018 9:00,5.697999954,5.697999954,4.572999954
3/11/2018 10:00,7.034999847,7.034999847,4.572999954
3/11/2018 11:00,6.683000088,6.683000088,4.572999954
3/11/2018 12:00,7.737999916,7.737999916,4.572999954
3/11/2018 13:00,8.300999641,8.300999641,4.572999954
3/11/2018 14:00,10.3409996,10.3409996,4.572999954
3/11/2018 15:00,9.918999672,9.918999672,4.572999954
3/11/2018 16:00,9.708000183,9.708000183,4.572999954
3/11/2018 17:00,9.708000183,9.708000183,4.572999954
3/11/2018 18:00,8.934000015,8.934000015,4.572999954
3/11/2018 19:00,8.512000084,8.512000084,4.572999954
3/11/2018 20:00,8.37100029,8.37100029,4.572999954
3/11/2018 21:00,7.879000187,7.879000187,4.572999954
3/11/2018 22:00,7.52699995,7.52699995,4.572999954
3/11/2018 23:00,7.668000221,7.668000221,4.572999954
3/12/2018 0:00,8.020000458,8.020000458,4.572999954
3/12/2018 1:00,7.948999882,7.948999882,4.572999954
3/12/2018 2:00,7.597000122,7.597000122,4.572999954
3/12/2018 3:00,7.668000221,7.668000221,4.572999954
3/12/2018 4:00,7.948999882,7.948999882,4.572999954
3/12/2018 5:00,8.159999847,8.159999847,4.572999954
3/12/2018 6:00,7.668000221,7.668000221,4.572999954
3/12/2018 7:00,7.456999779,7.456999779,4.572999954
3/12/2018 8:00,8.020000458,8.020000458,4.572999954
3/12/2018 9:00,8.300999641,8.300999641,4.572999954
3/12/2018 10:00,8.86400032,8.86400032,4.572999954
3/12/2018 11:00,8.722999573,8.722999573,4.572999954
3/12/2018 12:00,9.00399971,9.00399971,4.572999954
3/12/2018 13:00,9.355999947,9.355999947,4.572999954
3/12/2018 14:00,10.55200005,10.55200005,4.572999954
3/12/2018 15:00,10.13000011,10.13000011,4.572999954
3/12/2018 16:00,10.48200035,10.48200035,4.572999954
3/12/2018 17:00,11.18500042,11.18500042,4.572999954
3/12/2018 18:00,10.97399998,10.97399998,4.572999954
3/12/2018 19:00,9.918999672,9.918999672,4.572999954
3/12/2018 20:00,9.848999977,9.848999977,4.572999954
3/12/2018 21:00,9.425999641,9.425999641,4.572999954
3/12/2018 22:00,9.286000252,9.286000252,4.572999954
3/12/2018 23:00,9.215000153,9.215000153,4.572999954
3/13/2018 0:00,9.00399971,9.00399971,4.572999954
3/13/2018 1:00,8.722999573,8.722999573,4.572999954
3/13/2018 2:00,8.86400032,8.86400032,4.572999954
3/13/2018 3:00,8.793000221,8.793000221,4.572999954
3/13/2018 4:00,8.722999573,8.722999573,4.572999954
3/13/2018 5:00,8.722999573,8.722999573,4.572999954
3/13/2018 6:00,8.581999779,8.581999779,4.572999954
3/13/2018 7:00,8.230999947,8.230999947,4.572999954
3/13/2018 8:00,8.159999847,8.159999847,4.572999954
3/13/2018 9:00,9.286000252,9.286000252,4.572999954
3/13/2018 10:00,10.97399998,10.97399998,4.572999954
3/13/2018 11:00,10.83300018,10.83300018,4.572999954
3/13/2018 12:00,10.90400028,10.90400028,4.572999954
3/13/2018 13:00,11.60700035,11.60700035,4.572999954
3/13/2018 14:00,12.6619997,12.6619997,4.572999954
3/13/2018 15:00,11.74800014,11.74800014,4.572999954
3/13/2018 16:00,11.32600021,11.32600021,4.572999954
3/13/2018 17:00,11.5369997,11.5369997,4.572999954
3/13/2018 18:00,12.31099987,12.31099987,4.572999954
3/13/2018 19:00,11.88899994,11.88899994,4.572999954
3/13/2018 20:00,11.32600021,11.32600021,4.572999954
3/13/2018 21:00,11.04399967,11.04399967,4.572999954
3/13/2018 22:00,10.90400028,10.90400028,4.572999954
3/13/2018 23:00,10.62199974,10.62199974,4.572999954
3/14/2018 0:00,10.62199974,10.62199974,4.572999954
3/14/2018 1:00,10.48200035,10.48200035,4.572999954
3/14/2018 2:00,10.69299984,10.69299984,4.572999954
3/14/2018 3:00,10.76299953,10.76299953,4.572999954
3/14/2018 4:00,10.76299953,10.76299953,4.572999954
3/14/2018 5:00,9.98900032,9.98900032,4.572999954
3/14/2018 6:00,10.62199974,10.62199974,4.572999954
3/14/2018 7:00,10.19999981,10.19999981,4.572999954
3/14/2018 8:00,10.48200035,10.48200035,4.572999954
3/14/2018 9:00,10.83300018,10.83300018,4.572999954
3/14/2018 10:00,10.76299953,10.76299953,4.572999954
3/14/2018 11:00,10.76299953,10.76299953,4.572999954
3/14/2018 12:00,10.83300018,10.83300018,4.572999954
3/14/2018 13:00,9.496999741,9.496999741,4.572999954
3/14/2018 14:00,10.62199974,10.62199974,4.572999954
3/14/2018 15:00,10.69299984,10.69299984,4.572999954
3/14/2018 16:00,10.76299953,10.76299953,4.572999954
3/14/2018 17:00,10.19999981,10.19999981,4.572999954
3/14/2018 18:00,10.48200035,10.48200035,4.572999954
3/14/2018 19:00,9.777999878,9.777999878,4.572999954
3/14/2018 20:00,9.637999535,9.637999535,4.572999954
3/14/2018 21:00,9.496999741,9.496999741,4.572999954
3/14/2018 22:00,9.567000389,9.567000389,4.572999954
3/14/2018 23:00,9.425999641,9.425999641,4.572999954
3/15/2018 0:00,9.708000183,9.708000183,4.572999954
3/15/2018 1:00,9.708000183,9.708000183,4.572999954
3/15/2018 2:00,9.567000389,9.567000389,4.572999954
3/15/2018 3:00,9.496999741,9.496999741,4.572999954
3/15/2018 4:00,9.637999535,9.637999535,4.572999954
3/15/2018 5:00,9.777999878,9.777999878,4.572999954
3/15/2018 6:00,9.918999672,9.918999672,4.572999954
3/15/2018 7:00,9.637999535,9.637999535,4.572999954
3/15/2018 8:00,10.13000011,10.13000011,4.572999954
3/15/2018 9:00,10.13000011,10.13000011,4.572999954
3/15/2018 10:00,9.918999672,9.918999672,4.572999954
3/15/2018 11:00,9.708000183,9.708000183,4.572999954
3/15/2018 12:00,10.62199974,10.62199974,4.572999954
3/15/2018 13:00,10.83300018,10.83300018,4.572999954
3/15/2018 14:00,10.90400028,10.90400028,4.572999954
3/15/2018 15:00,10.83300018,10.83300018,4.572999954
3/15/2018 16:00,11.67800045,11.67800045,10.83300018
3/15/2018 17:00,11.88899994,11.88899994,10.83300018
3/15/2018 18:00,11.60700035,11.60700035,10.83300018
3/15/2018 19:00,7.668000221,7.668000221,10.83300018
3/15/2018 20:00,2.321000099,2.321000099,10.83300018
3/15/2018 21:00,0.985000014,0.985000014,10.83300018
3/15/2018 22:00,2.884000063,2.884000063,10.83300018
3/15/2018 23:00,1.687999964,1.687999964,10.83300018
3/16/2018 0:00,2.743999958,2.743999958,10.83300018
3/16/2018 1:00,2.250999928,2.250999928,10.83300018
3/16/2018 2:00,1.828999996,1.828999996,10.83300018
3/16/2018 3:00,2.602999926,2.602999926,10.83300018
3/16/2018 4:00,3.377000093,3.377000093,10.83300018
3/16/2018 5:00,3.165999889,3.165999889,10.83300018
3/16/2018 6:00,3.305999994,3.305999994,10.83300018
3/16/2018 7:00,2.743999958,2.743999958,10.83300018
3/16/2018 8:00,1.899000049,1.899000049,10.83300018
3/16/2018 9:00,2.109999895,2.109999895,10.83300018
3/16/2018 10:00,2.109999895,2.109999895,10.83300018
3/16/2018 11:00,3.025000095,3.025000095,10.83300018
3/16/2018 12:00,3.657999992,3.657999992,10.83300018
3/16/2018 13:00,4.010000229,4.010000229,10.83300018
3/16/2018 14:00,3.799000025,3.799000025,10.83300018
3/16/2018 15:00,3.868999958,3.868999958,10.83300018
3/16/2018 16:00,4.290999889,4.290999889,10.83300018
3/16/2018 17:00,4.501999855,4.501999855,10.83300018
3/16/2018 18:00,4.78399992,4.78399992,10.83300018
3/16/2018 19:00,4.994999886,4.994999886,10.83300018
3/16/2018 20:00,5.205999851,5.205999851,10.83300018
3/16/2018 21:00,5.346000195,5.346000195,10.83300018
3/16/2018 22:00,4.923999786,4.923999786,10.83300018
3/16/2018 23:00,4.150000095,4.150000095,10.83300018
3/17/2018 0:00,3.377000093,3.377000093,10.83300018
3/17/2018 1:00,3.165999889,3.165999889,10.83300018
3/17/2018 2:00,2.743999958,2.743999958,10.83300018
3/17/2018 3:00,3.025000095,3.025000095,10.83300018
3/17/2018 4:00,2.813999891,2.813999891,10.83300018
3/17/2018 5:00,2.743999958,2.743999958,10.83300018
3/17/2018 6:00,2.743999958,2.743999958,10.83300018
3/17/2018 7:00,2.321000099,2.321000099,10.83300018
3/17/2018 8:00,2.813999891,2.813999891,10.83300018
3/17/2018 9:00,3.095000029,3.095000029,10.83300018
3/17/2018 10:00,3.868999958,3.868999958,10.83300018
3/17/2018 11:00,4.43200016,4.43200016,10.83300018
3/17/2018 12:00,5.135000229,5.135000229,10.83300018
3/17/2018 13:00,5.276000023,5.276000023,10.83300018
3/17/2018 14:00,6.119999886,6.119999886,10.83300018
3/17/2018 15:00,6.472000122,6.472000122,10.83300018
3/17/2018 16:00,6.050000191,6.050000191,10.83300018
3/17/2018 17:00,5.839000225,5.839000225,10.83300018
3/17/2018 18:00,5.768000126,5.768000126,10.83300018
3/17/2018 19:00,5.627999783,5.627999783,10.83300018
3/17/2018 20:00,5.486999989,5.486999989,10.83300018
3/17/2018 21:00,5.486999989,5.486999989,10.83300018
3/17/2018 22:00,5.276000023,5.276000023,10.83300018
3/17/2018 23:00,3.51699996,3.51699996,10.83300018
3/18/2018 0:00,4.712999821,4.712999821,10.83300018
3/18/2018 1:00,4.854000092,4.854000092,10.83300018
3/18/2018 2:00,5.55700016,5.55700016,10.83300018
3/18/2018 3:00,5.90899992,5.90899992,10.83300018
3/18/2018 4:00,4.923999786,4.923999786,10.83300018
3/18/2018 5:00,3.799000025,3.799000025,10.83300018
3/18/2018 6:00,5.839000225,5.839000225,10.83300018
3/18/2018 7:00,7.737999916,7.737999916,10.83300018
3/18/2018 8:00,8.090000153,8.090000153,10.83300018
3/18/2018 9:00,7.105000019,7.105000019,10.83300018
3/18/2018 10:00,7.597000122,7.597000122,10.83300018
3/18/2018 11:00,7.948999882,7.948999882,10.83300018
3/18/2018 12:00,6.964000225,6.964000225,10.83300018
3/18/2018 13:00,7.809000015,7.809000015,10.83300018
3/18/2018 14:00,6.261000156,6.261000156,10.83300018
3/18/2018 15:00,5.697999954,5.697999954,10.83300018
3/18/2018 16:00,5.486999989,5.486999989,10.83300018
3/18/2018 17:00,5.416999817,5.416999817,10.83300018
3/18/2018 18:00,5.979000092,5.979000092,10.83300018
3/18/2018 19:00,5.486999989,5.486999989,10.83300018
3/18/2018 20:00,4.43200016,4.43200016,10.83300018
3/18/2018 21:00,5.979000092,5.979000092,10.83300018
3/18/2018 22:00,5.979000092,5.979000092,10.83300018
3/18/2018 23:00,5.768000126,5.768000126,10.83300018
3/19/2018 0:00,5.90899992,5.90899992,10.83300018
3/19/2018 1:00,6.119999886,6.119999886,10.83300018
3/19/2018 2:00,6.752999783,6.752999783,10.83300018
3/19/2018 3:00,4.854000092,4.854000092,10.83300018
3/19/2018 4:00,4.78399992,4.78399992,10.83300018
3/19/2018 5:00,4.361999989,4.361999989,10.83300018
3/19/2018 6:00,5.839000225,5.839000225,10.83300018
3/19/2018 7:00,4.854000092,4.854000092,10.83300018
3/19/2018 8:00,4.854000092,4.854000092,10.83300018
3/19/2018 9:00,5.276000023,5.276000023,10.83300018
3/19/2018 10:00,5.55700016,5.55700016,10.83300018
3/19/2018 11:00,5.135000229,5.135000229,10.83300018
3/19/2018 12:00,6.261000156,6.261000156,10.83300018
3/19/2018 13:00,5.205999851,5.205999851,10.83300018
3/19/2018 14:00,5.346000195,5.346000195,10.83300018
3/19/2018 15:00,5.416999817,5.416999817,10.83300018
3/19/2018 16:00,5.065000057,5.065000057,10.83300018
3/19/2018 17:00,6.050000191,6.050000191,10.83300018
3/19/2018 18:00,3.165999889,3.165999889,10.83300018
3/19/2018 19:00,3.868999958,3.868999958,10.83300018
3/19/2018 20:00,4.643000126,4.643000126,10.83300018
3/19/2018 21:00,4.572999954,4.572999954,10.83300018
3/19/2018 22:00,4.643000126,4.643000126,10.83300018
3/19/2018 23:00,4.079999924,4.079999924,10.83300018
3/20/2018 0:00,3.095000029,3.095000029,10.83300018
3/20/2018 1:00,3.236000061,3.236000061,10.83300018
3/20/2018 2:00,4.010000229,4.010000229,10.83300018
3/20/2018 3:00,3.727999926,3.727999926,10.83300018
3/20/2018 4:00,4.290999889,4.290999889,10.83300018
3/20/2018 5:00,4.643000126,4.643000126,10.83300018
3/20/2018 6:00,4.43200016,4.43200016,10.83300018
3/20/2018 7:00,3.165999889,3.165999889,10.83300018
3/20/2018 8:00,2.954999924,2.954999924,10.83300018
3/20/2018 9:00,3.727999926,3.727999926,10.83300018
3/20/2018 10:00,4.150000095,4.150000095,10.83300018
3/20/2018 11:00,3.588000059,3.588000059,10.83300018
3/20/2018 12:00,3.868999958,3.868999958,10.83300018
3/20/2018 13:00,3.447000027,3.447000027,10.83300018
3/20/2018 14:00,3.51699996,3.51699996,10.83300018
3/20/2018 15:00,3.51699996,3.51699996,10.83300018
3/20/2018 16:00,3.095000029,3.095000029,10.83300018
3/20/2018 17:00,2.461999893,2.461999893,10.83300018
3/20/2018 18:00,2.532000065,2.532000065,10.83300018
3/20/2018 19:00,2.884000063,2.884000063,10.83300018
3/20/2018 20:00,2.532000065,2.532000065,10.83300018
3/20/2018 21:00,2.602999926,2.602999926,10.83300018
3/20/2018 22:00,3.377000093,3.377000093,10.83300018
3/20/2018 23:00,3.377000093,3.377000093,10.83300018
3/21/2018 0:00,3.447000027,3.447000027,10.83300018
3/21/2018 1:00,2.743999958,2.743999958,10.83300018
3/21/2018 2:00,3.447000027,3.447000027,10.83300018
3/21/2018 3:00,3.799000025,3.799000025,10.83300018
3/21/2018 4:00,3.868999958,3.868999958,10.83300018
3/21/2018 5:00,4.079999924,4.079999924,10.83300018
3/21/2018 6:00,3.938999891,3.938999891,10.83300018
3/21/2018 7:00,4.010000229,4.010000229,10.83300018
3/21/2018 8:00,4.290999889,4.290999889,10.83300018
3/21/2018 9:00,3.165999889,3.165999889,10.83300018
3/21/2018 10:00,5.416999817,5.416999817,10.83300018
3/21/2018 11:00,5.205999851,5.205999851,10.83300018
3/21/2018 12:00,5.065000057,5.065000057,10.83300018
3/21/2018 13:00,6.190999985,6.190999985,10.83300018
3/21/2018 14:00,5.90899992,5.90899992,10.83300018
3/21/2018 15:00,6.683000088,6.683000088,10.83300018
3/21/2018 16:00,6.683000088,6.683000088,10.83300018
3/21/2018 17:00,6.40199995,6.40199995,10.83300018
3/21/2018 18:00,6.894000053,6.894000053,10.83300018
3/21/2018 19:00,7.034999847,7.034999847,10.83300018
3/21/2018 20:00,6.752999783,6.752999783,10.83300018
3/21/2018 21:00,6.752999783,6.752999783,10.83300018
3/21/2018 22:00,6.683000088,6.683000088,10.83300018
3/21/2018 23:00,6.683000088,6.683000088,10.83300018
3/22/2018 0:00,6.612999916,6.612999916,10.83300018
3/22/2018 1:00,6.330999851,6.330999851,10.83300018
3/22/2018 2:00,6.752999783,6.752999783,10.83300018
3/22/2018 3:00,6.261000156,6.261000156,10.83300018
3/22/2018 4:00,6.261000156,6.261000156,10.83300018
3/22/2018 5:00,6.472000122,6.472000122,10.83300018
3/22/2018 6:00,6.472000122,6.472000122,10.83300018
3/22/2018 7:00,6.119999886,6.119999886,10.83300018
3/22/2018 8:00,6.964000225,6.964000225,10.83300018
3/22/2018 9:00,7.948999882,7.948999882,10.83300018
3/22/2018 10:00,8.512000084,8.512000084,10.83300018
3/22/2018 11:00,7.456999779,7.456999779,10.83300018
3/22/2018 12:00,8.159999847,8.159999847,10.83300018
3/22/2018 13:00,9.425999641,9.425999641,10.83300018
3/22/2018 14:00,9.00399971,9.00399971,10.83300018
3/22/2018 15:00,8.512000084,8.512000084,10.83300018
3/22/2018 16:00,8.793000221,8.793000221,8.512000084
3/22/2018 17:00,8.581999779,8.581999779,8.512000084
3/22/2018 18:00,9.708000183,9.708000183,8.512000084
3/22/2018 19:00,9.215000153,9.215000153,8.512000084
3/22/2018 20:00,8.512000084,8.512000084,8.512000084
3/22/2018 21:00,8.37100029,8.37100029,8.512000084
3/22/2018 22:00,8.512000084,8.512000084,8.512000084
3/22/2018 23:00,8.37100029,8.37100029,8.512000084
3/23/2018 0:00,8.442000389,8.442000389,8.512000084
3/23/2018 1:00,8.159999847,8.159999847,8.512000084
3/23/2018 2:00,8.300999641,8.300999641,8.512000084
3/23/2018 3:00,8.722999573,8.722999573,8.512000084
3/23/2018 4:00,8.300999641,8.300999641,8.512000084
3/23/2018 5:00,8.020000458,8.020000458,8.512000084
3/23/2018 6:00,8.159999847,8.159999847,8.512000084
3/23/2018 7:00,8.230999947,8.230999947,8.512000084
3/23/2018 8:00,8.581999779,8.581999779,8.512000084
3/23/2018 9:00,8.230999947,8.230999947,8.512000084
3/23/2018 10:00,9.918999672,9.918999672,8.512000084
3/23/2018 11:00,9.98900032,9.98900032,8.512000084
3/23/2018 12:00,9.708000183,9.708000183,8.512000084
3/23/2018 13:00,10.27099991,10.27099991,8.512000084
3/23/2018 14:00,11.60700035,11.60700035,8.512000084
3/23/2018 15:00,12.52200031,12.52200031,8.512000084
3/23/2018 16:00,12.38099957,12.38099957,8.512000084
3/23/2018 17:00,12.7329998,12.7329998,8.512000084
3/23/2018 18:00,12.02900028,12.02900028,8.512000084
3/23/2018 19:00,10.83300018,10.83300018,8.512000084
3/23/2018 20:00,10.62199974,10.62199974,8.512000084
3/23/2018 21:00,9.425999641,9.425999641,8.512000084
3/23/2018 22:00,9.00399971,9.00399971,8.512000084
3/23/2018 23:00,9.286000252,9.286000252,8.512000084
3/24/2018 0:00,9.145000458,9.145000458,8.512000084
3/24/2018 1:00,9.496999741,9.496999741,8.512000084
3/24/2018 2:00,9.848999977,9.848999977,8.512000084
3/24/2018 3:00,9.286000252,9.286000252,8.512000084
3/24/2018 4:00,9.355999947,9.355999947,8.512000084
3/24/2018 5:00,9.074999809,9.074999809,8.512000084
3/24/2018 6:00,9.00399971,9.00399971,8.512000084
3/24/2018 7:00,10.62199974,10.62199974,8.512000084
3/24/2018 8:00,9.496999741,9.496999741,8.512000084
3/24/2018 9:00,9.848999977,9.848999977,8.512000084
3/24/2018 10:00,9.918999672,9.918999672,8.512000084
3/24/2018 11:00,10.27099991,10.27099991,8.512000084
3/24/2018 12:00,10.69299984,10.69299984,8.512000084
3/24/2018 13:00,10.69299984,10.69299984,8.512000084
3/24/2018 14:00,11.67800045,11.67800045,8.512000084
3/24/2018 15:00,12.7329998,12.7329998,8.512000084
3/24/2018 16:00,12.94400024,12.94400024,8.512000084
3/24/2018 17:00,13.29599953,13.29599953,8.512000084
3/24/2018 18:00,12.6619997,12.6619997,8.512000084
3/24/2018 19:00,12.02900028,12.02900028,8.512000084
3/24/2018 20:00,11.46700001,11.46700001,8.512000084
3/24/2018 21:00,11.11499977,11.11499977,8.512000084
3/24/2018 22:00,10.97399998,10.97399998,8.512000084
3/24/2018 23:00,10.62199974,10.62199974,8.512000084
3/25/2018 0:00,10.69299984,10.69299984,8.512000084
3/25/2018 1:00,9.777999878,9.777999878,8.512000084
3/25/2018 2:00,9.286000252,9.286000252,8.512000084
3/25/2018 3:00,10.55200005,10.55200005,8.512000084
3/25/2018 4:00,10.3409996,10.3409996,8.512000084
3/25/2018 5:00,10.69299984,10.69299984,8.512000084
3/25/2018 6:00,10.41100025,10.41100025,8.512000084
3/25/2018 7:00,9.98900032,9.98900032,8.512000084
3/25/2018 8:00,10.62199974,10.62199974,8.512000084
3/25/2018 9:00,10.97399998,10.97399998,8.512000084
3/25/2018 10:00,10.27099991,10.27099991,8.512000084
3/25/2018 11:00,9.98900032,9.98900032,8.512000084
3/25/2018 12:00,10.62199974,10.62199974,8.512000084
3/25/2018 13:00,10.3409996,10.3409996,8.512000084
3/25/2018 14:00,10.76299953,10.76299953,8.512000084
3/25/2018 15:00,10.90400028,10.90400028,8.512000084
3/25/2018 16:00,10.83300018,10.83300018,8.512000084
3/25/2018 17:00,10.97399998,10.97399998,8.512000084
3/25/2018 18:00,11.46700001,11.46700001,8.512000084
3/25/2018 19:00,10.3409996,10.3409996,8.512000084
3/25/2018 20:00,10.62199974,10.62199974,8.512000084
3/25/2018 21:00,10.55200005,10.55200005,8.512000084
3/25/2018 22:00,10.48200035,10.48200035,8.512000084
3/25/2018 23:00,10.48200035,10.48200035,8.512000084
3/26/2018 0:00,10.13000011,10.13000011,8.512000084
3/26/2018 1:00,9.918999672,9.918999672,8.512000084
3/26/2018 2:00,10.83300018,10.83300018,8.512000084
3/26/2018 3:00,10.3409996,10.3409996,8.512000084
3/26/2018 4:00,10.06000042,10.06000042,8.512000084
3/26/2018 5:00,10.76299953,10.76299953,8.512000084
3/26/2018 6:00,10.76299953,10.76299953,8.512000084
3/26/2018 7:00,10.76299953,10.76299953,8.512000084
3/26/2018 8:00,11.04399967,11.04399967,8.512000084
3/26/2018 9:00,10.62199974,10.62199974,8.512000084
3/26/2018 10:00,11.60700035,11.60700035,8.512000084
3/26/2018 11:00,10.19999981,10.19999981,8.512000084
3/26/2018 12:00,11.11499977,11.11499977,8.512000084
3/26/2018 13:00,12.23999977,12.23999977,8.512000084
3/26/2018 14:00,13.50699997,13.50699997,8.512000084
3/26/2018 15:00,13.36600018,13.36600018,8.512000084
3/26/2018 16:00,13.78800011,13.78800011,8.512000084
3/26/2018 17:00,13.71800041,13.71800041,8.512000084
3/26/2018 18:00,13.64700031,13.64700031,8.512000084
3/26/2018 19:00,12.45100021,12.45100021,8.512000084
3/26/2018 20:00,11.74800014,11.74800014,8.512000084
3/26/2018 21:00,11.60700035,11.60700035,8.512000084
3/26/2018 22:00,11.04399967,11.04399967,8.512000084
3/26/2018 23:00,10.83300018,10.83300018,8.512000084
3/27/2018 0:00,10.62199974,10.62199974,8.512000084
3/27/2018 1:00,10.69299984,10.69299984,8.512000084
3/27/2018 2:00,10.3409996,10.3409996,8.512000084
3/27/2018 3:00,10.62199974,10.62199974,8.512000084
3/27/2018 4:00,10.48200035,10.48200035,8.512000084
3/27/2018 5:00,10.27099991,10.27099991,8.512000084
3/27/2018 6:00,10.48200035,10.48200035,8.512000084
3/27/2018 7:00,10.3409996,10.3409996,8.512000084
3/27/2018 8:00,11.32600021,11.32600021,8.512000084
3/27/2018 9:00,11.04399967,11.04399967,8.512000084
3/27/2018 10:00,11.88899994,11.88899994,8.512000084
3/27/2018 11:00,12.02900028,12.02900028,8.512000084
3/27/2018 12:00,11.5369997,11.5369997,8.512000084
3/27/2018 13:00,11.5369997,11.5369997,8.512000084
3/27/2018 14:00,13.01399994,13.01399994,8.512000084
3/27/2018 15:00,13.08500004,13.08500004,8.512000084
3/27/2018 16:00,13.57699966,13.57699966,8.512000084
3/27/2018 17:00,13.64700031,13.64700031,8.512000084
3/27/2018 18:00,12.8739996,12.8739996,8.512000084
3/27/2018 19:00,11.5369997,11.5369997,8.512000084
3/27/2018 20:00,10.83300018,10.83300018,8.512000084
3/27/2018 21:00,10.48200035,10.48200035,8.512000084
3/27/2018 22:00,10.19999981,10.19999981,8.512000084
3/27/2018 23:00,9.708000183,9.708000183,8.512000084
3/28/2018 0:00,9.496999741,9.496999741,8.512000084
3/28/2018 1:00,8.86400032,8.86400032,8.512000084
3/28/2018 2:00,8.86400032,8.86400032,8.512000084
3/28/2018 3:00,8.934000015,8.934000015,8.512000084
3/28/2018 4:00,8.442000389,8.442000389,8.512000084
3/28/2018 5:00,8.581999779,8.581999779,8.512000084
3/28/2018 6:00,8.159999847,8.159999847,8.512000084
3/28/2018 7:00,8.934000015,8.934000015,8.512000084
3/28/2018 8:00,9.848999977,9.848999977,8.512000084
3/28/2018 9:00,9.98900032,9.98900032,8.512000084
3/28/2018 10:00,11.11499977,11.11499977,8.512000084
3/28/2018 11:00,10.3409996,10.3409996,8.512000084
3/28/2018 12:00,9.918999672,9.918999672,8.512000084
3/28/2018 13:00,10.83300018,10.83300018,8.512000084
3/28/2018 14:00,12.10000038,12.10000038,8.512000084
3/28/2018 15:00,12.59200001,12.59200001,8.512000084
3/28/2018 16:00,13.08500004,13.08500004,8.512000084
3/28/2018 17:00,13.08500004,13.08500004,8.512000084
3/28/2018 18:00,12.23999977,12.23999977,8.512000084
3/28/2018 19:00,11.32600021,11.32600021,8.512000084
3/28/2018 20:00,10.90400028,10.90400028,8.512000084
3/28/2018 21:00,9.848999977,9.848999977,8.512000084
3/28/2018 22:00,9.496999741,9.496999741,8.512000084
3/28/2018 23:00,9.567000389,9.567000389,8.512000084
3/29/2018 0:00,9.496999741,9.496999741,8.512000084
3/29/2018 1:00,9.074999809,9.074999809,8.512000084
3/29/2018 2:00,9.286000252,9.286000252,8.512000084
3/29/2018 3:00,9.567000389,9.567000389,8.512000084
3/29/2018 4:00,9.074999809,9.074999809,8.512000084
3/29/2018 5:00,8.581999779,8.581999779,8.512000084
3/29/2018 6:00,8.159999847,8.159999847,8.512000084
3/29/2018 7:00,8.020000458,8.020000458,8.512000084
3/29/2018 8:00,8.652999878,8.652999878,8.512000084
3/29/2018 9:00,8.512000084,8.512000084,8.512000084
3/29/2018 10:00,9.145000458,9.145000458,8.512000084
3/29/2018 11:00,8.86400032,8.86400032,8.512000084
3/29/2018 12:00,9.145000458,9.145000458,8.512000084
3/29/2018 13:00,9.637999535,9.637999535,8.512000084
3/29/2018 14:00,10.13000011,10.13000011,8.512000084
3/29/2018 15:00,10.69299984,10.69299984,8.512000084
3/29/2018 16:00,10.48200035,10.48200035,10.69299984
3/29/2018 17:00,10.3409996,10.3409996,10.69299984
3/29/2018 18:00,9.637999535,9.637999535,10.69299984
3/29/2018 19:00,9.355999947,9.355999947,10.69299984
3/29/2018 20:00,9.425999641,9.425999641,10.69299984
3/29/2018 21:00,8.230999947,8.230999947,10.69299984
3/29/2018 22:00,7.809000015,7.809000015,10.69299984
3/29/2018 23:00,7.315999985,7.315999985,10.69299984
3/30/2018 0:00,6.612999916,6.612999916,10.69299984
3/30/2018 1:00,6.823999882,6.823999882,10.69299984
3/30/2018 2:00,6.472000122,6.472000122,10.69299984
3/30/2018 3:00,6.119999886,6.119999886,10.69299984
3/30/2018 4:00,6.119999886,6.119999886,10.69299984
3/30/2018 5:00,5.839000225,5.839000225,10.69299984
3/30/2018 6:00,5.276000023,5.276000023,10.69299984
3/30/2018 7:00,5.205999851,5.205999851,10.69299984
3/30/2018 8:00,5.55700016,5.55700016,10.69299984
3/30/2018 9:00,5.768000126,5.768000126,10.69299984
3/30/2018 10:00,6.261000156,6.261000156,10.69299984
3/30/2018 11:00,6.261000156,6.261000156,10.69299984
3/30/2018 12:00,6.330999851,6.330999851,10.69299984
3/30/2018 13:00,7.034999847,7.034999847,10.69299984
3/30/2018 14:00,7.034999847,7.034999847,10.69299984
3/30/2018 15:00,7.386000156,7.386000156,10.69299984
3/30/2018 16:00,7.315999985,7.315999985,10.69299984
3/30/2018 17:00,7.809000015,7.809000015,10.69299984
3/30/2018 18:00,6.683000088,6.683000088,10.69299984
3/30/2018 19:00,5.768000126,5.768000126,10.69299984
3/30/2018 20:00,6.330999851,6.330999851,10.69299984
3/30/2018 21:00,6.40199995,6.40199995,10.69299984
3/30/2018 22:00,6.261000156,6.261000156,10.69299984
3/30/2018 23:00,5.979000092,5.979000092,10.69299984
3/31/2018 0:00,5.768000126,5.768000126,10.69299984
3/31/2018 1:00,5.768000126,5.768000126,10.69299984
3/31/2018 2:00,5.768000126,5.768000126,10.69299984
3/31/2018 3:00,5.768000126,5.768000126,10.69299984
3/31/2018 4:00,5.768000126,5.768000126,10.69299984
3/31/2018 5:00,5.768000126,5.768000126,10.69299984
3/31/2018 6:00,5.768000126,5.768000126,10.69299984
3/31/2018 7:00,5.768000126,5.768000126,10.69299984
3/31/2018 8:00,5.768000126,5.768000126,10.69299984
3/31/2018 9:00,5.768000126,5.768000126,10.69299984
3/31/2018 10:00,5.768000126,5.768000126,10.69299984
3/31/2018 11:00,5.768000126,5.768000126,10.69299984
3/31/2018 12:00,5.768000126,5.768000126,10.69299984
3/31/2018 13:00,5.768000126,5.768000126,10.69299984
3/31/2018 14:00,5.768000126,5.768000126,10.69299984
3/31/2018 15:00,5.768000126,5.768000126,10.69299984
3/31/2018 16:00,5.768000126,5.768000126,10.69299984
3/31/2018 17:00,5.768000126,5.768000126,10.69299984
3/31/2018 18:00,5.768000126,5.768000126,10.69299984
3/31/2018 19:00,5.768000126,5.768000126,10.69299984
3/31/2018 20:00,5.768000126,5.768000126,10.69299984
3/31/2018 21:00,5.768000126,5.768000126,10.69299984
3/31/2018 22:00,5.768000126,5.768000126,10.69299984
3/31/2018 23:00,5.768000126,5.768000126,10.69299984
4/1/2018 0:00,9.00399971,9.00399971,10.69299984
4/1/2018 1:00,9.215000153,9.215000153,10.69299984
4/1/2018 2:00,9.00399971,9.00399971,10.69299984
4/1/2018 3:00,8.652999878,8.652999878,10.69299984
4/1/2018 4:00,9.215000153,9.215000153,10.69299984
4/1/2018 5:00,9.215000153,9.215000153,10.69299984
4/1/2018 6:00,9.425999641,9.425999641,10.69299984
4/1/2018 7:00,9.567000389,9.567000389,10.69299984
4/1/2018 8:00,10.19999981,10.19999981,10.69299984
4/1/2018 9:00,10.69299984,10.69299984,10.69299984
4/1/2018 10:00,11.11499977,11.11499977,10.69299984
4/1/2018 11:00,10.97399998,10.97399998,10.69299984
4/1/2018 12:00,10.76299953,10.76299953,10.69299984
4/1/2018 13:00,11.60700035,11.60700035,10.69299984
4/1/2018 14:00,11.25599957,11.25599957,10.69299984
4/1/2018 15:00,12.94400024,12.94400024,10.69299984
4/1/2018 16:00,12.7329998,12.7329998,10.69299984
4/1/2018 17:00,11.81799984,11.81799984,10.69299984
4/1/2018 18:00,11.74800014,11.74800014,10.69299984
4/1/2018 19:00,10.76299953,10.76299953,10.69299984
4/1/2018 20:00,10.69299984,10.69299984,10.69299984
4/1/2018 21:00,10.55200005,10.55200005,10.69299984
4/1/2018 22:00,10.48200035,10.48200035,10.69299984
4/1/2018 23:00,10.13000011,10.13000011,10.69299984
4/2/2018 0:00,9.708000183,9.708000183,10.69299984
4/2/2018 1:00,10.19999981,10.19999981,10.69299984
4/2/2018 2:00,10.48200035,10.48200035,10.69299984
4/2/2018 3:00,10.83300018,10.83300018,10.69299984
4/2/2018 4:00,10.3409996,10.3409996,10.69299984
4/2/2018 5:00,10.3409996,10.3409996,10.69299984
4/2/2018 6:00,10.06000042,10.06000042,10.69299984
4/2/2018 7:00,10.48200035,10.48200035,10.69299984
4/2/2018 8:00,9.637999535,9.637999535,10.69299984
4/2/2018 9:00,10.55200005,10.55200005,10.69299984
4/2/2018 10:00,10.48200035,10.48200035,10.69299984
4/2/2018 11:00,10.13000011,10.13000011,10.69299984
4/2/2018 12:00,10.19999981,10.19999981,10.69299984
4/2/2018 13:00,11.67800045,11.67800045,10.69299984
4/2/2018 14:00,12.02900028,12.02900028,10.69299984
4/2/2018 15:00,12.10000038,12.10000038,10.69299984
4/2/2018 16:00,12.17000008,12.17000008,10.69299984
4/2/2018 17:00,12.02900028,12.02900028,10.69299984
4/2/2018 18:00,11.25599957,11.25599957,10.69299984
4/2/2018 19:00,10.97399998,10.97399998,10.69299984
4/2/2018 20:00,10.55200005,10.55200005,10.69299984
4/2/2018 21:00,10.19999981,10.19999981,10.69299984
4/2/2018 22:00,10.3409996,10.3409996,10.69299984
4/2/2018 23:00,9.848999977,9.848999977,10.69299984
4/3/2018 0:00,9.425999641,9.425999641,10.69299984
4/3/2018 1:00,9.355999947,9.355999947,10.69299984
4/3/2018 2:00,9.215000153,9.215000153,10.69299984
4/3/2018 3:00,9.145000458,9.145000458,10.69299984
4/3/2018 4:00,9.145000458,9.145000458,10.69299984
4/3/2018 5:00,9.425999641,9.425999641,10.69299984
4/3/2018 6:00,9.286000252,9.286000252,10.69299984
4/3/2018 7:00,9.496999741,9.496999741,10.69299984
4/3/2018 8:00,9.848999977,9.848999977,10.69299984
4/3/2018 9:00,10.69299984,10.69299984,10.69299984
4/3/2018 10:00,11.39599991,11.39599991,10.69299984
4/3/2018 11:00,11.32600021,11.32600021,10.69299984
4/3/2018 12:00,11.39599991,11.39599991,10.69299984
4/3/2018 13:00,11.32600021,11.32600021,10.69299984
4/3/2018 14:00,12.7329998,12.7329998,10.69299984
4/3/2018 15:00,12.94400024,12.94400024,10.69299984
4/3/2018 16:00,13.43599987,13.43599987,10.69299984
4/3/2018 17:00,13.71800041,13.71800041,10.69299984
4/3/2018 18:00,12.23999977,12.23999977,10.69299984
4/3/2018 19:00,12.17000008,12.17000008,10.69299984
4/3/2018 20:00,11.60700035,11.60700035,10.69299984
4/3/2018 21:00,11.32600021,11.32600021,10.69299984
4/3/2018 22:00,10.97399998,10.97399998,10.69299984
4/3/2018 23:00,10.90400028,10.90400028,10.69299984
4/4/2018 0:00,9.918999672,9.918999672,10.69299984
4/4/2018 1:00,8.86400032,8.86400032,10.69299984
4/4/2018 2:00,8.934000015,8.934000015,10.69299984
4/4/2018 3:00,7.809000015,7.809000015,10.69299984
4/4/2018 4:00,6.823999882,6.823999882,10.69299984
4/4/2018 5:00,7.105000019,7.105000019,10.69299984
4/4/2018 6:00,6.612999916,6.612999916,10.69299984
4/4/2018 7:00,5.135000229,5.135000229,10.69299984
4/4/2018 8:00,5.346000195,5.346000195,10.69299984
4/4/2018 9:00,5.065000057,5.065000057,10.69299984
4/4/2018 10:00,5.276000023,5.276000023,10.69299984
4/4/2018 11:00,5.276000023,5.276000023,10.69299984
4/4/2018 12:00,5.065000057,5.065000057,10.69299984
4/4/2018 13:00,4.572999954,4.572999954,10.69299984
4/4/2018 14:00,4.290999889,4.290999889,10.69299984
4/4/2018 15:00,4.43200016,4.43200016,10.69299984
4/4/2018 16:00,4.221000195,4.221000195,10.69299984
4/4/2018 17:00,4.079999924,4.079999924,10.69299984
4/4/2018 18:00,3.799000025,3.799000025,10.69299984
4/4/2018 19:00,3.657999992,3.657999992,10.69299984
4/4/2018 20:00,3.799000025,3.799000025,10.69299984
4/4/2018 21:00,3.799000025,3.799000025,10.69299984
4/4/2018 22:00,3.868999958,3.868999958,10.69299984
4/4/2018 23:00,3.938999891,3.938999891,10.69299984
4/5/2018 0:00,3.657999992,3.657999992,10.69299984
4/5/2018 1:00,3.799000025,3.799000025,10.69299984
4/5/2018 2:00,3.868999958,3.868999958,10.69299984
4/5/2018 3:00,3.799000025,3.799000025,10.69299984
4/5/2018 4:00,4.361999989,4.361999989,10.69299984
4/5/2018 5:00,3.657999992,3.657999992,10.69299984
4/5/2018 6:00,4.221000195,4.221000195,10.69299984
4/5/2018 7:00,3.51699996,3.51699996,10.69299984
4/5/2018 8:00,3.095000029,3.095000029,10.69299984
4/5/2018 9:00,0.421999991,0.421999991,10.69299984
4/5/2018 10:00,0.0,0.0,10.69299984
4/5/2018 11:00,-0.633000016,-0.633000016,10.69299984
4/5/2018 12:00,-0.703000009,-0.703000009,10.69299984
4/5/2018 13:00,0.0,0.0,10.69299984
4/5/2018 14:00,-0.633000016,-0.633000016,10.69299984
4/5/2018 15:00,-0.915000021,-0.915000021,10.69299984
4/5/2018 16:00,0.0,0.0,-0.915000021
4/5/2018 17:00,0.563000023,0.563000023,-0.915000021
4/5/2018 18:00,1.758999944,1.758999944,-0.915000021
4/5/2018 19:00,0.563000023,0.563000023,-0.915000021
4/5/2018 20:00,0.0,0.0,-0.915000021
4/5/2018 21:00,2.039999962,2.039999962,-0.915000021
4/5/2018 22:00,0.492000014,0.492000014,-0.915000021
4/5/2018 23:00,1.126000047,1.126000047,-0.915000021
4/6/2018 0:00,0.985000014,0.985000014,-0.915000021
4/6/2018 1:00,0.0,0.0,-0.915000021
4/6/2018 2:00,0.563000023,0.563000023,-0.915000021
4/6/2018 3:00,1.970000029,1.970000029,-0.915000021
4/6/2018 4:00,2.39199996,2.39199996,-0.915000021
4/6/2018 5:00,1.476999998,1.476999998,-0.915000021
4/6/2018 6:00,1.337000012,1.337000012,-0.915000021
4/6/2018 7:00,1.054999948,1.054999948,-0.915000021
4/6/2018 8:00,1.054999948,1.054999948,-0.915000021
4/6/2018 9:00,1.337000012,1.337000012,-0.915000021
4/6/2018 10:00,1.828999996,1.828999996,-0.915000021
4/6/2018 11:00,3.095000029,3.095000029,-0.915000021
4/6/2018 12:00,4.010000229,4.010000229,-0.915000021
4/6/2018 13:00,4.643000126,4.643000126,-0.915000021
4/6/2018 14:00,4.994999886,4.994999886,-0.915000021
4/6/2018 15:00,4.994999886,4.994999886,-0.915000021
4/6/2018 16:00,5.346000195,5.346000195,-0.915000021
4/6/2018 17:00,5.486999989,5.486999989,-0.915000021
4/6/2018 18:00,5.346000195,5.346000195,-0.915000021
4/6/2018 19:00,5.346000195,5.346000195,-0.915000021
4/6/2018 20:00,5.346000195,5.346000195,-0.915000021
4/6/2018 21:00,4.221000195,4.221000195,-0.915000021
4/6/2018 22:00,5.276000023,5.276000023,-0.915000021
4/6/2018 23:00,4.854000092,4.854000092,-0.915000021
4/7/2018 0:00,4.501999855,4.501999855,-0.915000021
4/7/2018 1:00,4.221000195,4.221000195,-0.915000021
4/7/2018 2:00,4.150000095,4.150000095,-0.915000021
4/7/2018 3:00,4.221000195,4.221000195,-0.915000021
4/7/2018 4:00,4.221000195,4.221000195,-0.915000021
4/7/2018 5:00,4.150000095,4.150000095,-0.915000021
4/7/2018 6:00,3.727999926,3.727999926,-0.915000021
4/7/2018 7:00,4.994999886,4.994999886,-0.915000021
4/7/2018 8:00,4.221000195,4.221000195,-0.915000021
4/7/2018 9:00,3.727999926,3.727999926,-0.915000021
4/7/2018 10:00,5.346000195,5.346000195,-0.915000021
4/7/2018 11:00,3.305999994,3.305999994,-0.915000021
4/7/2018 12:00,3.236000061,3.236000061,-0.915000021
4/7/2018 13:00,3.51699996,3.51699996,-0.915000021
4/7/2018 14:00,4.501999855,4.501999855,-0.915000021
4/7/2018 15:00,4.994999886,4.994999886,-0.915000021
4/7/2018 16:00,5.276000023,5.276000023,-0.915000021
4/7/2018 17:00,5.768000126,5.768000126,-0.915000021
4/7/2018 18:00,6.050000191,6.050000191,-0.915000021
4/7/2018 19:00,5.697999954,5.697999954,-0.915000021
4/7/2018 20:00,5.346000195,5.346000195,-0.915000021
4/7/2018 21:00,4.923999786,4.923999786,-0.915000021
4/7/2018 22:00,4.854000092,4.854000092,-0.915000021
4/7/2018 23:00,5.065000057,5.065000057,-0.915000021
4/8/2018 0:00,4.572999954,4.572999954,-0.915000021
4/8/2018 1:00,4.712999821,4.712999821,-0.915000021
4/8/2018 2:00,4.501999855,4.501999855,-0.915000021
4/8/2018 3:00,4.501999855,4.501999855,-0.915000021
4/8/2018 4:00,4.501999855,4.501999855,-0.915000021
4/8/2018 5:00,4.643000126,4.643000126,-0.915000021
4/8/2018 6:00,4.572999954,4.572999954,-0.915000021
4/8/2018 7:00,5.697999954,5.697999954,-0.915000021
4/8/2018 8:00,5.768000126,5.768000126,-0.915000021
4/8/2018 9:00,5.627999783,5.627999783,-0.915000021
4/8/2018 10:00,5.416999817,5.416999817,-0.915000021
4/8/2018 11:00,5.697999954,5.697999954,-0.915000021
4/8/2018 12:00,5.627999783,5.627999783,-0.915000021
4/8/2018 13:00,6.261000156,6.261000156,-0.915000021
4/8/2018 14:00,7.105000019,7.105000019,-0.915000021
4/8/2018 15:00,7.668000221,7.668000221,-0.915000021
4/8/2018 16:00,7.809000015,7.809000015,-0.915000021
4/8/2018 17:00,7.879000187,7.879000187,-0.915000021
4/8/2018 18:00,7.597000122,7.597000122,-0.915000021
4/8/2018 19:00,8.230999947,8.230999947,-0.915000021
4/8/2018 20:00,8.300999641,8.300999641,-0.915000021
4/8/2018 21:00,7.879000187,7.879000187,-0.915000021
4/8/2018 22:00,7.737999916,7.737999916,-0.915000021
4/8/2018 23:00,7.245999813,7.245999813,-0.915000021
4/9/2018 0:00,7.386000156,7.386000156,-0.915000021
4/9/2018 1:00,7.668000221,7.668000221,-0.915000021
4/9/2018 2:00,7.737999916,7.737999916,-0.915000021
4/9/2018 3:00,7.456999779,7.456999779,-0.915000021
4/9/2018 4:00,7.456999779,7.456999779,-0.915000021
4/9/2018 5:00,7.245999813,7.245999813,-0.915000021
4/9/2018 6:00,6.894000053,6.894000053,-0.915000021
4/9/2018 7:00,8.020000458,8.020000458,-0.915000021
4/9/2018 8:00,8.652999878,8.652999878,-0.915000021
4/9/2018 9:00,9.425999641,9.425999641,-0.915000021
4/9/2018 10:00,10.55200005,10.55200005,-0.915000021
4/9/2018 11:00,9.777999878,9.777999878,-0.915000021
4/9/2018 12:00,9.286000252,9.286000252,-0.915000021
4/9/2018 13:00,9.98900032,9.98900032,-0.915000021
4/9/2018 14:00,11.32600021,11.32600021,-0.915000021
4/9/2018 15:00,10.90400028,10.90400028,-0.915000021
4/9/2018 16:00,12.10000038,12.10000038,-0.915000021
4/9/2018 17:00,12.45100021,12.45100021,-0.915000021
4/9/2018 18:00,12.02900028,12.02900028,-0.915000021
4/9/2018 19:00,10.48200035,10.48200035,-0.915000021
4/9/2018 20:00,9.918999672,9.918999672,-0.915000021
4/9/2018 21:00,9.708000183,9.708000183,-0.915000021
4/9/2018 22:00,9.496999741,9.496999741,-0.915000021
4/9/2018 23:00,9.215000153,9.215000153,-0.915000021
4/10/2018 0:00,8.86400032,8.86400032,-0.915000021
4/10/2018 1:00,8.722999573,8.722999573,-0.915000021
4/10/2018 2:00,8.652999878,8.652999878,-0.915000021
4/10/2018 3:00,8.722999573,8.722999573,-0.915000021
4/10/2018 4:00,8.442000389,8.442000389,-0.915000021
4/10/2018 5:00,8.581999779,8.581999779,-0.915000021
4/10/2018 6:00,8.652999878,8.652999878,-0.915000021
4/10/2018 7:00,9.215000153,9.215000153,-0.915000021
4/10/2018 8:00,9.918999672,9.918999672,-0.915000021
4/10/2018 9:00,10.48200035,10.48200035,-0.915000021
4/10/2018 10:00,9.215000153,9.215000153,-0.915000021
4/10/2018 11:00,9.567000389,9.567000389,-0.915000021
4/10/2018 12:00,8.934000015,8.934000015,-0.915000021
4/10/2018 13:00,9.425999641,9.425999641,-0.915000021
4/10/2018 14:00,10.55200005,10.55200005,-0.915000021
4/10/2018 15:00,10.62199974,10.62199974,-0.915000021
4/10/2018 16:00,11.18500042,11.18500042,-0.915000021
4/10/2018 17:00,10.90400028,10.90400028,-0.915000021
4/10/2018 18:00,12.02900028,12.02900028,-0.915000021
4/10/2018 19:00,11.60700035,11.60700035,-0.915000021
4/10/2018 20:00,11.18500042,11.18500042,-0.915000021
4/10/2018 21:00,11.04399967,11.04399967,-0.915000021
4/10/2018 22:00,10.55200005,10.55200005,-0.915000021
4/10/2018 23:00,11.04399967,11.04399967,-0.915000021
4/11/2018 0:00,10.3409996,10.3409996,-0.915000021
4/11/2018 1:00,10.48200035,10.48200035,-0.915000021
4/11/2018 2:00,10.55200005,10.55200005,-0.915000021
4/11/2018 3:00,10.41100025,10.41100025,-0.915000021
4/11/2018 4:00,10.55200005,10.55200005,-0.915000021
4/11/2018 5:00,10.55200005,10.55200005,-0.915000021
4/11/2018 6:00,9.777999878,9.777999878,-0.915000021
4/11/2018 7:00,9.918999672,9.918999672,-0.915000021
4/11/2018 8:00,9.918999672,9.918999672,-0.915000021
4/11/2018 9:00,9.708000183,9.708000183,-0.915000021
4/11/2018 10:00,10.3409996,10.3409996,-0.915000021
4/11/2018 11:00,10.13000011,10.13000011,-0.915000021
4/11/2018 12:00,10.27099991,10.27099991,-0.915000021
4/11/2018 13:00,10.3409996,10.3409996,-0.915000021
4/11/2018 14:00,10.97399998,10.97399998,-0.915000021
4/11/2018 15:00,10.97399998,10.97399998,-0.915000021
4/11/2018 16:00,10.76299953,10.76299953,-0.915000021
4/11/2018 17:00,9.777999878,9.777999878,-0.915000021
4/11/2018 18:00,9.425999641,9.425999641,-0.915000021
4/11/2018 19:00,8.722999573,8.722999573,-0.915000021
4/11/2018 20:00,7.879000187,7.879000187,-0.915000021
4/11/2018 21:00,7.668000221,7.668000221,-0.915000021
4/11/2018 22:00,7.386000156,7.386000156,-0.915000021
4/11/2018 23:00,6.964000225,6.964000225,-0.915000021
4/12/2018 0:00,6.964000225,6.964000225,-0.915000021
4/12/2018 1:00,6.612999916,6.612999916,-0.915000021
4/12/2018 2:00,6.612999916,6.612999916,-0.915000021
4/12/2018 3:00,6.050000191,6.050000191,-0.915000021
4/12/2018 4:00,6.40199995,6.40199995,-0.915000021
4/12/2018 5:00,5.90899992,5.90899992,-0.915000021
4/12/2018 6:00,5.768000126,5.768000126,-0.915000021
4/12/2018 7:00,5.627999783,5.627999783,-0.915000021
4/12/2018 8:00,5.90899992,5.90899992,-0.915000021
4/12/2018 9:00,5.90899992,5.90899992,-0.915000021
4/12/2018 10:00,5.979000092,5.979000092,-0.915000021
4/12/2018 11:00,6.330999851,6.330999851,-0.915000021
4/12/2018 12:00,6.472000122,6.472000122,-0.915000021
4/12/2018 13:00,6.050000191,6.050000191,-0.915000021
4/12/2018 14:00,6.541999817,6.541999817,-0.915000021
4/12/2018 15:00,6.472000122,6.472000122,-0.915000021
4/12/2018 16:00,6.330999851,6.330999851,6.472000122
4/12/2018 17:00,5.768000126,5.768000126,6.472000122
4/12/2018 18:00,5.627999783,5.627999783,6.472000122
4/12/2018 19:00,5.346000195,5.346000195,6.472000122
4/12/2018 20:00,4.854000092,4.854000092,6.472000122
4/12/2018 21:00,5.135000229,5.135000229,6.472000122
4/12/2018 22:00,4.994999886,4.994999886,6.472000122
4/12/2018 23:00,4.643000126,4.643000126,6.472000122
4/13/2018 0:00,4.994999886,4.994999886,6.472000122
4/13/2018 1:00,4.923999786,4.923999786,6.472000122
4/13/2018 2:00,4.78399992,4.78399992,6.472000122
4/13/2018 3:00,4.854000092,4.854000092,6.472000122
4/13/2018 4:00,4.854000092,4.854000092,6.472000122
4/13/2018 5:00,4.78399992,4.78399992,6.472000122
4/13/2018 6:00,4.712999821,4.712999821,6.472000122
4/13/2018 7:00,4.572999954,4.572999954,6.472000122
4/13/2018 8:00,4.290999889,4.290999889,6.472000122
4/13/2018 9:00,4.290999889,4.290999889,6.472000122
4/13/2018 10:00,4.361999989,4.361999989,6.472000122
4/13/2018 11:00,4.572999954,4.572999954,6.472000122
4/13/2018 12:00,5.065000057,5.065000057,6.472000122
4/13/2018 13:00,4.643000126,4.643000126,6.472000122
4/13/2018 14:00,4.854000092,4.854000092,6.472000122
4/13/2018 15:00,5.276000023,5.276000023,6.472000122
4/13/2018 16:00,4.854000092,4.854000092,6.472000122
4/13/2018 17:00,5.839000225,5.839000225,6.472000122
4/13/2018 18:00,4.572999954,4.572999954,6.472000122
4/13/2018 19:00,3.095000029,3.095000029,6.472000122
4/13/2018 20:00,3.799000025,3.799000025,6.472000122
4/13/2018 21:00,4.854000092,4.854000092,6.472000122
4/13/2018 22:00,3.095000029,3.095000029,6.472000122
4/13/2018 23:00,3.588000059,3.588000059,6.472000122
4/14/2018 0:00,4.290999889,4.290999889,6.472000122
4/14/2018 1:00,4.361999989,4.361999989,6.472000122
4/14/2018 2:00,4.150000095,4.150000095,6.472000122
4/14/2018 3:00,4.643000126,4.643000126,6.472000122
4/14/2018 4:00,5.205999851,5.205999851,6.472000122
4/14/2018 5:00,4.854000092,4.854000092,6.472000122
4/14/2018 6:00,5.205999851,5.205999851,6.472000122
4/14/2018 7:00,4.854000092,4.854000092,6.472000122
4/14/2018 8:00,4.923999786,4.923999786,6.472000122
4/14/2018 9:00,3.447000027,3.447000027,6.472000122
4/14/2018 10:00,4.361999989,4.361999989,6.472000122
4/14/2018 11:00,3.799000025,3.799000025,6.472000122
4/14/2018 12:00,3.799000025,3.799000025,6.472000122
4/14/2018 13:00,3.938999891,3.938999891,6.472000122
4/14/2018 14:00,4.010000229,4.010000229,6.472000122
4/14/2018 15:00,4.43200016,4.43200016,6.472000122
4/14/2018 16:00,5.346000195,5.346000195,6.472000122
4/14/2018 17:00,5.205999851,5.205999851,6.472000122
4/14/2018 18:00,5.416999817,5.416999817,6.472000122
4/14/2018 19:00,5.065000057,5.065000057,6.472000122
4/14/2018 20:00,4.923999786,4.923999786,6.472000122
4/14/2018 21:00,3.868999958,3.868999958,6.472000122
4/14/2018 22:00,4.361999989,4.361999989,6.472000122
4/14/2018 23:00,4.501999855,4.501999855,6.472000122
4/15/2018 0:00,4.854000092,4.854000092,6.472000122
4/15/2018 1:00,5.346000195,5.346000195,6.472000122
4/15/2018 2:00,4.643000126,4.643000126,6.472000122
4/15/2018 3:00,4.854000092,4.854000092,6.472000122
4/15/2018 4:00,5.135000229,5.135000229,6.472000122
4/15/2018 5:00,5.276000023,5.276000023,6.472000122
4/15/2018 6:00,5.135000229,5.135000229,6.472000122
4/15/2018 7:00,5.768000126,5.768000126,6.472000122
4/15/2018 8:00,4.854000092,4.854000092,6.472000122
4/15/2018 9:00,5.979000092,5.979000092,6.472000122
4/15/2018 10:00,6.261000156,6.261000156,6.472000122
4/15/2018 11:00,6.190999985,6.190999985,6.472000122
4/15/2018 12:00,6.612999916,6.612999916,6.472000122
4/15/2018 13:00,6.823999882,6.823999882,6.472000122
4/15/2018 14:00,8.300999641,8.300999641,6.472000122
4/15/2018 15:00,8.722999573,8.722999573,6.472000122
4/15/2018 16:00,9.425999641,9.425999641,6.472000122
4/15/2018 17:00,9.355999947,9.355999947,6.472000122
4/15/2018 18:00,8.722999573,8.722999573,6.472000122
4/15/2018 19:00,7.809000015,7.809000015,6.472000122
4/15/2018 20:00,6.964000225,6.964000225,6.472000122
4/15/2018 21:00,6.261000156,6.261000156,6.472000122
4/15/2018 22:00,6.050000191,6.050000191,6.472000122
4/15/2018 23:00,6.050000191,6.050000191,6.472000122
4/16/2018 0:00,6.823999882,6.823999882,6.472000122
4/16/2018 1:00,6.472000122,6.472000122,6.472000122
4/16/2018 2:00,6.612999916,6.612999916,6.472000122
4/16/2018 3:00,6.541999817,6.541999817,6.472000122
4/16/2018 4:00,6.40199995,6.40199995,6.472000122
4/16/2018 5:00,5.90899992,5.90899992,6.472000122
4/16/2018 6:00,6.190999985,6.190999985,6.472000122
4/16/2018 7:00,6.330999851,6.330999851,6.472000122
4/16/2018 8:00,6.541999817,6.541999817,6.472000122
4/16/2018 9:00,6.683000088,6.683000088,6.472000122
4/16/2018 10:00,6.964000225,6.964000225,6.472000122
4/16/2018 11:00,7.315999985,7.315999985,6.472000122
4/16/2018 12:00,6.964000225,6.964000225,6.472000122
4/16/2018 13:00,7.245999813,7.245999813,6.472000122
4/16/2018 14:00,8.020000458,8.020000458,6.472000122
4/16/2018 15:00,8.652999878,8.652999878,6.472000122
4/16/2018 16:00,9.00399971,9.00399971,6.472000122
4/16/2018 17:00,8.512000084,8.512000084,6.472000122
4/16/2018 18:00,7.737999916,7.737999916,6.472000122
4/16/2018 19:00,7.668000221,7.668000221,6.472000122
4/16/2018 20:00,6.894000053,6.894000053,6.472000122
4/16/2018 21:00,6.823999882,6.823999882,6.472000122
4/16/2018 22:00,6.894000053,6.894000053,6.472000122
4/16/2018 23:00,6.190999985,6.190999985,6.472000122
4/17/2018 0:00,5.90899992,5.90899992,6.472000122
4/17/2018 1:00,6.261000156,6.261000156,6.472000122
4/17/2018 2:00,6.261000156,6.261000156,6.472000122
4/17/2018 3:00,5.90899992,5.90899992,6.472000122
4/17/2018 4:00,6.261000156,6.261000156,6.472000122
4/17/2018 5:00,5.768000126,5.768000126,6.472000122
4/17/2018 6:00,5.768000126,5.768000126,6.472000122
4/17/2018 7:00,6.683000088,6.683000088,6.472000122
4/17/2018 8:00,7.245999813,7.245999813,6.472000122
4/17/2018 9:00,8.159999847,8.159999847,6.472000122
4/17/2018 10:00,8.86400032,8.86400032,6.472000122
4/17/2018 11:00,7.879000187,7.879000187,6.472000122
4/17/2018 12:00,8.090000153,8.090000153,6.472000122
4/17/2018 13:00,8.934000015,8.934000015,6.472000122
4/17/2018 14:00,9.567000389,9.567000389,6.472000122
4/17/2018 15:00,10.27099991,10.27099991,6.472000122
4/17/2018 16:00,10.90400028,10.90400028,6.472000122
4/17/2018 17:00,10.90400028,10.90400028,6.472000122
4/17/2018 18:00,10.62199974,10.62199974,6.472000122
4/17/2018 19:00,8.934000015,8.934000015,6.472000122
4/17/2018 20:00,8.090000153,8.090000153,6.472000122
4/17/2018 21:00,8.159999847,8.159999847,6.472000122
4/17/2018 22:00,7.948999882,7.948999882,6.472000122
4/17/2018 23:00,7.668000221,7.668000221,6.472000122
4/18/2018 0:00,7.456999779,7.456999779,6.472000122
4/18/2018 1:00,7.245999813,7.245999813,6.472000122
4/18/2018 2:00,7.386000156,7.386000156,6.472000122
4/18/2018 3:00,7.245999813,7.245999813,6.472000122
4/18/2018 4:00,7.245999813,7.245999813,6.472000122
4/18/2018 5:00,7.245999813,7.245999813,6.472000122
4/18/2018 6:00,6.964000225,6.964000225,6.472000122
4/18/2018 7:00,7.737999916,7.737999916,6.472000122
4/18/2018 8:00,9.145000458,9.145000458,6.472000122
4/18/2018 9:00,8.722999573,8.722999573,6.472000122
4/18/2018 10:00,9.637999535,9.637999535,6.472000122
4/18/2018 11:00,9.215000153,9.215000153,6.472000122
4/18/2018 12:00,9.286000252,9.286000252,6.472000122
4/18/2018 13:00,9.98900032,9.98900032,6.472000122
4/18/2018 14:00,11.18500042,11.18500042,6.472000122
4/18/2018 15:00,11.5369997,11.5369997,6.472000122
4/18/2018 16:00,12.31099987,12.31099987,6.472000122
4/18/2018 17:00,12.6619997,12.6619997,6.472000122
4/18/2018 18:00,11.81799984,11.81799984,6.472000122
4/18/2018 19:00,10.13000011,10.13000011,6.472000122
4/18/2018 20:00,9.98900032,9.98900032,6.472000122
4/18/2018 21:00,9.355999947,9.355999947,6.472000122
4/18/2018 22:00,9.00399971,9.00399971,6.472000122
4/18/2018 23:00,8.934000015,8.934000015,6.472000122
4/19/2018 0:00,8.512000084,8.512000084,6.472000122
4/19/2018 1:00,8.442000389,8.442000389,6.472000122
4/19/2018 2:00,8.37100029,8.37100029,6.472000122
4/19/2018 3:00,8.230999947,8.230999947,6.472000122
4/19/2018 4:00,8.020000458,8.020000458,6.472000122
4/19/2018 5:00,8.020000458,8.020000458,6.472000122
4/19/2018 6:00,7.52699995,7.52699995,6.472000122
4/19/2018 7:00,8.090000153,8.090000153,6.472000122
4/19/2018 8:00,9.074999809,9.074999809,6.472000122
4/19/2018 9:00,9.286000252,9.286000252,6.472000122
4/19/2018 10:00,9.918999672,9.918999672,6.472000122
4/19/2018 11:00,9.777999878,9.777999878,6.472000122
4/19/2018 12:00,10.27099991,10.27099991,6.472000122
4/19/2018 13:00,11.04399967,11.04399967,6.472000122
4/19/2018 14:00,11.88899994,11.88899994,6.472000122
4/19/2018 15:00,12.59200001,12.59200001,6.472000122
4/19/2018 16:00,12.52200031,12.52200031,12.59200001
4/19/2018 17:00,12.17000008,12.17000008,12.59200001
4/19/2018 18:00,11.60700035,11.60700035,12.59200001
4/19/2018 19:00,10.41100025,10.41100025,12.59200001
4/19/2018 20:00,9.848999977,9.848999977,12.59200001
4/19/2018 21:00,9.355999947,9.355999947,12.59200001
4/19/2018 22:00,8.934000015,8.934000015,12.59200001
4/19/2018 23:00,8.512000084,8.512000084,12.59200001
4/20/2018 0:00,8.512000084,8.512000084,12.59200001
4/20/2018 1:00,8.652999878,8.652999878,12.59200001
4/20/2018 2:00,8.793000221,8.793000221,12.59200001
4/20/2018 3:00,8.37100029,8.37100029,12.59200001
4/20/2018 4:00,8.300999641,8.300999641,12.59200001
4/20/2018 5:00,8.090000153,8.090000153,12.59200001
4/20/2018 6:00,8.37100029,8.37100029,12.59200001
4/20/2018 7:00,9.145000458,9.145000458,12.59200001
4/20/2018 8:00,9.00399971,9.00399971,12.59200001
4/20/2018 9:00,8.86400032,8.86400032,12.59200001
4/20/2018 10:00,9.496999741,9.496999741,12.59200001
4/20/2018 11:00,9.98900032,9.98900032,12.59200001
4/20/2018 12:00,10.3409996,10.3409996,12.59200001
4/20/2018 13:00,11.74800014,11.74800014,12.59200001
4/20/2018 14:00,12.38099957,12.38099957,12.59200001
4/20/2018 15:00,12.94400024,12.94400024,12.59200001
4/20/2018 16:00,13.43599987,13.43599987,12.59200001
4/20/2018 17:00,12.8739996,12.8739996,12.59200001
4/20/2018 18:00,12.23999977,12.23999977,12.59200001
4/20/2018 19:00,11.74800014,11.74800014,12.59200001
4/20/2018 20:00,11.25599957,11.25599957,12.59200001
4/20/2018 21:00,11.88899994,11.88899994,12.59200001
4/20/2018 22:00,11.04399967,11.04399967,12.59200001
4/20/2018 23:00,10.90400028,10.90400028,12.59200001
4/21/2018 0:00,10.97399998,10.97399998,12.59200001
4/21/2018 1:00,10.90400028,10.90400028,12.59200001
4/21/2018 2:00,11.32600021,11.32600021,12.59200001
4/21/2018 3:00,10.3409996,10.3409996,12.59200001
4/21/2018 4:00,9.567000389,9.567000389,12.59200001
4/21/2018 5:00,10.27099991,10.27099991,12.59200001
4/21/2018 6:00,10.3409996,10.3409996,12.59200001
4/21/2018 7:00,10.3409996,10.3409996,12.59200001
4/21/2018 8:00,10.06000042,10.06000042,12.59200001
4/21/2018 9:00,10.62199974,10.62199974,12.59200001
4/21/2018 10:00,10.76299953,10.76299953,12.59200001
4/21/2018 11:00,10.48200035,10.48200035,12.59200001
4/21/2018 12:00,11.25599957,11.25599957,12.59200001
4/21/2018 13:00,11.25599957,11.25599957,12.59200001
4/21/2018 14:00,9.777999878,9.777999878,12.59200001
4/21/2018 15:00,10.27099991,10.27099991,12.59200001
4/21/2018 16:00,9.848999977,9.848999977,12.59200001
4/21/2018 17:00,9.567000389,9.567000389,12.59200001
4/21/2018 18:00,9.425999641,9.425999641,12.59200001
4/21/2018 19:00,9.355999947,9.355999947,12.59200001
4/21/2018 20:00,9.496999741,9.496999741,12.59200001
4/21/2018 21:00,9.00399971,9.00399971,12.59200001
4/21/2018 22:00,9.215000153,9.215000153,12.59200001
4/21/2018 23:00,9.145000458,9.145000458,12.59200001
4/22/2018 0:00,9.567000389,9.567000389,12.59200001
4/22/2018 1:00,9.708000183,9.708000183,12.59200001
4/22/2018 2:00,9.637999535,9.637999535,12.59200001
4/22/2018 3:00,9.708000183,9.708000183,12.59200001
4/22/2018 4:00,7.034999847,7.034999847,12.59200001
4/22/2018 5:00,8.652999878,8.652999878,12.59200001
4/22/2018 6:00,9.355999947,9.355999947,12.59200001
4/22/2018 7:00,8.512000084,8.512000084,12.59200001
4/22/2018 8:00,9.98900032,9.98900032,12.59200001
4/22/2018 9:00,10.3409996,10.3409996,12.59200001
4/22/2018 10:00,9.918999672,9.918999672,12.59200001
4/22/2018 11:00,9.425999641,9.425999641,12.59200001
4/22/2018 12:00,9.637999535,9.637999535,12.59200001
4/22/2018 13:00,9.496999741,9.496999741,12.59200001
4/22/2018 14:00,9.355999947,9.355999947,12.59200001
4/22/2018 15:00,9.918999672,9.918999672,12.59200001
4/22/2018 16:00,10.06000042,10.06000042,12.59200001
4/22/2018 17:00,10.27099991,10.27099991,12.59200001
4/22/2018 18:00,10.06000042,10.06000042,12.59200001
4/22/2018 19:00,9.98900032,9.98900032,12.59200001
4/22/2018 20:00,8.37100029,8.37100029,12.59200001
4/22/2018 21:00,8.442000389,8.442000389,12.59200001
4/22/2018 22:00,7.737999916,7.737999916,12.59200001
4/22/2018 23:00,7.105000019,7.105000019,12.59200001
4/23/2018 0:00,6.752999783,6.752999783,12.59200001
4/23/2018 1:00,6.40199995,6.40199995,12.59200001
4/23/2018 2:00,5.839000225,5.839000225,12.59200001
4/23/2018 3:00,5.90899992,5.90899992,12.59200001
4/23/2018 4:00,5.416999817,5.416999817,12.59200001
4/23/2018 5:00,4.994999886,4.994999886,12.59200001
4/23/2018 6:00,5.135000229,5.135000229,12.59200001
4/23/2018 7:00,4.643000126,4.643000126,12.59200001
4/23/2018 8:00,4.361999989,4.361999989,12.59200001
4/23/2018 9:00,4.290999889,4.290999889,12.59200001
4/23/2018 10:00,3.657999992,3.657999992,12.59200001
4/23/2018 11:00,3.165999889,3.165999889,12.59200001
4/23/2018 12:00,3.51699996,3.51699996,12.59200001
4/23/2018 13:00,3.236000061,3.236000061,12.59200001
4/23/2018 14:00,3.236000061,3.236000061,12.59200001
4/23/2018 15:00,3.727999926,3.727999926,12.59200001
4/23/2018 16:00,5.205999851,5.205999851,12.59200001
4/23/2018 17:00,5.697999954,5.697999954,12.59200001
4/23/2018 18:00,5.205999851,5.205999851,12.59200001
4/23/2018 19:00,5.55700016,5.55700016,12.59200001
4/23/2018 20:00,4.643000126,4.643000126,12.59200001
4/23/2018 21:00,5.486999989,5.486999989,12.59200001
4/23/2018 22:00,6.050000191,6.050000191,12.59200001
4/23/2018 23:00,5.135000229,5.135000229,12.59200001
4/24/2018 0:00,6.261000156,6.261000156,12.59200001
4/24/2018 1:00,6.40199995,6.40199995,12.59200001
4/24/2018 2:00,6.612999916,6.612999916,12.59200001
4/24/2018 3:00,6.261000156,6.261000156,12.59200001
4/24/2018 4:00,6.683000088,6.683000088,12.59200001
4/24/2018 5:00,6.330999851,6.330999851,12.59200001
4/24/2018 6:00,6.752999783,6.752999783,12.59200001
4/24/2018 7:00,6.541999817,6.541999817,12.59200001
4/24/2018 8:00,6.261000156,6.261000156,12.59200001
4/24/2018 9:00,6.964000225,6.964000225,12.59200001
4/24/2018 10:00,6.472000122,6.472000122,12.59200001
4/24/2018 11:00,7.105000019,7.105000019,12.59200001
4/24/2018 12:00,7.175000191,7.175000191,12.59200001
4/24/2018 13:00,8.020000458,8.020000458,12.59200001
4/24/2018 14:00,8.159999847,8.159999847,12.59200001
4/24/2018 15:00,8.652999878,8.652999878,12.59200001
4/24/2018 16:00,8.230999947,8.230999947,12.59200001
4/24/2018 17:00,7.668000221,7.668000221,12.59200001
4/24/2018 18:00,8.442000389,8.442000389,12.59200001
4/24/2018 19:00,7.948999882,7.948999882,12.59200001
4/24/2018 20:00,7.809000015,7.809000015,12.59200001
4/24/2018 21:00,7.737999916,7.737999916,12.59200001
4/24/2018 22:00,7.386000156,7.386000156,12.59200001
4/24/2018 23:00,7.668000221,7.668000221,12.59200001
4/25/2018 0:00,7.456999779,7.456999779,12.59200001
4/25/2018 1:00,7.315999985,7.315999985,12.59200001
4/25/2018 2:00,7.809000015,7.809000015,12.59200001
4/25/2018 3:00,7.52699995,7.52699995,12.59200001
4/25/2018 4:00,6.541999817,6.541999817,12.59200001
4/25/2018 5:00,7.034999847,7.034999847,12.59200001
4/25/2018 6:00,7.879000187,7.879000187,12.59200001
4/25/2018 7:00,9.074999809,9.074999809,12.59200001
4/25/2018 8:00,8.020000458,8.020000458,12.59200001
4/25/2018 9:00,8.512000084,8.512000084,12.59200001
4/25/2018 10:00,9.496999741,9.496999741,12.59200001
4/25/2018 11:00,9.145000458,9.145000458,12.59200001
4/25/2018 12:00,9.567000389,9.567000389,12.59200001
4/25/2018 13:00,8.86400032,8.86400032,12.59200001
4/25/2018 14:00,9.848999977,9.848999977,12.59200001
4/25/2018 15:00,10.19999981,10.19999981,12.59200001
4/25/2018 16:00,9.98900032,9.98900032,12.59200001
4/25/2018 17:00,10.55200005,10.55200005,12.59200001
4/25/2018 18:00,10.27099991,10.27099991,12.59200001
4/25/2018 19:00,9.425999641,9.425999641,12.59200001
4/25/2018 20:00,8.512000084,8.512000084,12.59200001
4/25/2018 21:00,9.074999809,9.074999809,12.59200001
4/25/2018 22:00,8.934000015,8.934000015,12.59200001
4/25/2018 23:00,8.512000084,8.512000084,12.59200001
4/26/2018 0:00,8.722999573,8.722999573,12.59200001
4/26/2018 1:00,8.512000084,8.512000084,12.59200001
4/26/2018 2:00,9.215000153,9.215000153,12.59200001
4/26/2018 3:00,9.425999641,9.425999641,12.59200001
4/26/2018 4:00,9.355999947,9.355999947,12.59200001
4/26/2018 5:00,9.567000389,9.567000389,12.59200001
4/26/2018 6:00,9.074999809,9.074999809,12.59200001
4/26/2018 7:00,9.848999977,9.848999977,12.59200001
4/26/2018 8:00,10.27099991,10.27099991,12.59200001
4/26/2018 9:00,9.848999977,9.848999977,12.59200001
4/26/2018 10:00,9.98900032,9.98900032,12.59200001
4/26/2018 11:00,10.69299984,10.69299984,12.59200001
4/26/2018 12:00,10.83300018,10.83300018,12.59200001
4/26/2018 13:00,10.62199974,10.62199974,12.59200001
4/26/2018 14:00,11.11499977,11.11499977,12.59200001
4/26/2018 15:00,10.48200035,10.48200035,12.59200001
4/26/2018 16:00,11.60700035,11.60700035,10.48200035
4/26/2018 17:00,11.32600021,11.32600021,10.48200035
4/26/2018 18:00,10.06000042,10.06000042,10.48200035
4/26/2018 19:00,10.3409996,10.3409996,10.48200035
4/26/2018 20:00,9.777999878,9.777999878,10.48200035
4/26/2018 21:00,10.13000011,10.13000011,10.48200035
4/26/2018 22:00,10.48200035,10.48200035,10.48200035
4/26/2018 23:00,9.848999977,9.848999977,10.48200035
4/27/2018 0:00,9.777999878,9.777999878,10.48200035
4/27/2018 1:00,9.918999672,9.918999672,10.48200035
4/27/2018 2:00,9.918999672,9.918999672,10.48200035
4/27/2018 3:00,9.425999641,9.425999641,10.48200035
4/27/2018 4:00,9.496999741,9.496999741,10.48200035
4/27/2018 5:00,9.637999535,9.637999535,10.48200035
4/27/2018 6:00,9.777999878,9.777999878,10.48200035
4/27/2018 7:00,10.3409996,10.3409996,10.48200035
4/27/2018 8:00,11.18500042,11.18500042,10.48200035
4/27/2018 9:00,11.25599957,11.25599957,10.48200035
4/27/2018 10:00,11.67800045,11.67800045,10.48200035
4/27/2018 11:00,11.32600021,11.32600021,10.48200035
4/27/2018 12:00,11.60700035,11.60700035,10.48200035
4/27/2018 13:00,12.7329998,12.7329998,10.48200035
4/27/2018 14:00,13.08500004,13.08500004,10.48200035
4/27/2018 15:00,13.9989996,13.9989996,10.48200035
4/27/2018 16:00,14.21000004,14.21000004,10.48200035
4/27/2018 17:00,13.9989996,13.9989996,10.48200035
4/27/2018 18:00,13.71800041,13.71800041,10.48200035
4/27/2018 19:00,12.45100021,12.45100021,10.48200035
4/27/2018 20:00,11.67800045,11.67800045,10.48200035
4/27/2018 21:00,11.32600021,11.32600021,10.48200035
4/27/2018 22:00,11.04399967,11.04399967,10.48200035
4/27/2018 23:00,10.97399998,10.97399998,10.48200035
4/28/2018 0:00,10.83300018,10.83300018,10.48200035
4/28/2018 1:00,10.69299984,10.69299984,10.48200035
4/28/2018 2:00,10.97399998,10.97399998,10.48200035
4/28/2018 3:00,9.567000389,9.567000389,10.48200035
4/28/2018 4:00,9.567000389,9.567000389,10.48200035
4/28/2018 5:00,9.496999741,9.496999741,10.48200035
4/28/2018 6:00,9.496999741,9.496999741,10.48200035
4/28/2018 7:00,9.637999535,9.637999535,10.48200035
4/28/2018 8:00,10.19999981,10.19999981,10.48200035
4/28/2018 9:00,10.06000042,10.06000042,10.48200035
4/28/2018 10:00,10.83300018,10.83300018,10.48200035
4/28/2018 11:00,10.83300018,10.83300018,10.48200035
4/28/2018 12:00,11.32600021,11.32600021,10.48200035
4/28/2018 13:00,11.81799984,11.81799984,10.48200035
4/28/2018 14:00,12.80300045,12.80300045,10.48200035
4/28/2018 15:00,13.22500038,13.22500038,10.48200035
4/28/2018 16:00,13.9289999,13.9289999,10.48200035
4/28/2018 17:00,13.08500004,13.08500004,10.48200035
4/28/2018 18:00,12.59200001,12.59200001,10.48200035
4/28/2018 19:00,11.81799984,11.81799984,10.48200035
4/28/2018 20:00,11.5369997,11.5369997,10.48200035
4/28/2018 21:00,11.11499977,11.11499977,10.48200035
4/28/2018 22:00,10.83300018,10.83300018,10.48200035
4/28/2018 23:00,10.69299984,10.69299984,10.48200035
4/29/2018 0:00,10.90400028,10.90400028,10.48200035
4/29/2018 1:00,11.60700035,11.60700035,10.48200035
4/29/2018 2:00,11.60700035,11.60700035,10.48200035
4/29/2018 3:00,11.18500042,11.18500042,10.48200035
4/29/2018 4:00,11.74800014,11.74800014,10.48200035
4/29/2018 5:00,11.60700035,11.60700035,10.48200035
4/29/2018 6:00,11.32600021,11.32600021,10.48200035
4/29/2018 7:00,11.95899963,11.95899963,10.48200035
4/29/2018 8:00,12.59200001,12.59200001,10.48200035
4/29/2018 9:00,12.6619997,12.6619997,10.48200035
4/29/2018 10:00,12.59200001,12.59200001,10.48200035
4/29/2018 11:00,12.02900028,12.02900028,10.48200035
4/29/2018 12:00,12.52200031,12.52200031,10.48200035
4/29/2018 13:00,11.95899963,11.95899963,10.48200035
4/29/2018 14:00,12.80300045,12.80300045,10.48200035
4/29/2018 15:00,12.6619997,12.6619997,10.48200035
4/29/2018 16:00,12.45100021,12.45100021,10.48200035
4/29/2018 17:00,13.29599953,13.29599953,10.48200035
4/29/2018 18:00,12.94400024,12.94400024,10.48200035
4/29/2018 19:00,12.7329998,12.7329998,10.48200035
4/29/2018 20:00,12.6619997,12.6619997,10.48200035
4/29/2018 21:00,12.45100021,12.45100021,10.48200035
4/29/2018 22:00,12.52200031,12.52200031,10.48200035
4/29/2018 23:00,12.38099957,12.38099957,10.48200035
4/30/2018 0:00,12.7329998,12.7329998,10.48200035
4/30/2018 1:00,12.52200031,12.52200031,10.48200035
4/30/2018 2:00,12.10000038,12.10000038,10.48200035
4/30/2018 3:00,11.67800045,11.67800045,10.48200035
4/30/2018 4:00,11.88899994,11.88899994,10.48200035
4/30/2018 5:00,12.59200001,12.59200001,10.48200035
4/30/2018 6:00,12.7329998,12.7329998,10.48200035
4/30/2018 7:00,12.94400024,12.94400024,10.48200035
4/30/2018 8:00,12.8739996,12.8739996,10.48200035
4/30/2018 9:00,12.52200031,12.52200031,10.48200035
4/30/2018 10:00,13.71800041,13.71800041,10.48200035
4/30/2018 11:00,13.64700031,13.64700031,10.48200035
4/30/2018 12:00,14.56200027,14.56200027,10.48200035
4/30/2018 13:00,14.84300041,14.84300041,10.48200035
4/30/2018 14:00,15.0539999,15.0539999,10.48200035
4/30/2018 15:00,15.89799976,15.89799976,10.48200035
4/30/2018 16:00,16.81299973,16.81299973,10.48200035
4/30/2018 17:00,15.82800007,15.82800007,10.48200035
4/30/2018 18:00,14.77299976,14.77299976,10.48200035
4/30/2018 19:00,14.49100018,14.49100018,10.48200035
4/30/2018 20:00,13.57699966,13.57699966,10.48200035
4/30/2018 21:00,13.22500038,13.22500038,10.48200035
4/30/2018 22:00,13.50699997,13.50699997,10.48200035
4/30/2018 23:00,13.36600018,13.36600018,10.48200035
5/1/2018 0:00,13.43599987,13.43599987,10.48200035
5/1/2018 1:00,13.43599987,13.43599987,10.48200035
5/1/2018 2:00,13.57699966,13.57699966,10.48200035
5/1/2018 3:00,13.43599987,13.43599987,10.48200035
5/1/2018 4:00,13.08500004,13.08500004,10.48200035
5/1/2018 5:00,13.64700031,13.64700031,10.48200035
5/1/2018 6:00,13.78800011,13.78800011,10.48200035
5/1/2018 7:00,13.9989996,13.9989996,10.48200035
5/1/2018 8:00,14.06900024,14.06900024,10.48200035
5/1/2018 9:00,13.43599987,13.43599987,10.48200035
5/1/2018 10:00,13.57699966,13.57699966,10.48200035
5/1/2018 11:00,12.8739996,12.8739996,10.48200035
5/1/2018 12:00,12.8739996,12.8739996,10.48200035
5/1/2018 13:00,12.38099957,12.38099957,10.48200035
5/1/2018 14:00,12.7329998,12.7329998,10.48200035
5/1/2018 15:00,13.50699997,13.50699997,10.48200035
5/1/2018 16:00,13.43599987,13.43599987,10.48200035
5/1/2018 17:00,13.64700031,13.64700031,10.48200035
5/1/2018 18:00,7.52699995,7.52699995,10.48200035
5/1/2018 19:00,5.768000126,5.768000126,10.48200035
5/1/2018 20:00,8.020000458,8.020000458,10.48200035
5/1/2018 21:00,9.777999878,9.777999878,10.48200035
5/1/2018 22:00,10.83300018,10.83300018,10.48200035
5/1/2018 23:00,10.48200035,10.48200035,10.48200035
5/2/2018 0:00,10.48200035,10.48200035,10.48200035
5/2/2018 1:00,10.3409996,10.3409996,10.48200035
5/2/2018 2:00,10.19999981,10.19999981,10.48200035
5/2/2018 3:00,10.06000042,10.06000042,10.48200035
5/2/2018 4:00,9.567000389,9.567000389,10.48200035
5/2/2018 5:00,9.637999535,9.637999535,10.48200035
5/2/2018 6:00,10.13000011,10.13000011,10.48200035
5/2/2018 7:00,9.215000153,9.215000153,10.48200035
5/2/2018 8:00,9.215000153,9.215000153,10.48200035
5/2/2018 9:00,9.708000183,9.708000183,10.48200035
5/2/2018 10:00,9.286000252,9.286000252,10.48200035
5/2/2018 11:00,9.425999641,9.425999641,10.48200035
5/2/2018 12:00,9.918999672,9.918999672,10.48200035
5/2/2018 13:00,9.918999672,9.918999672,10.48200035
5/2/2018 14:00,9.918999672,9.918999672,10.48200035
5/2/2018 15:00,10.27099991,10.27099991,10.48200035
5/2/2018 16:00,10.48200035,10.48200035,10.48200035
5/2/2018 17:00,10.62199974,10.62199974,10.48200035
5/2/2018 18:00,10.83300018,10.83300018,10.48200035
5/2/2018 19:00,10.06000042,10.06000042,10.48200035
5/2/2018 20:00,10.13000011,10.13000011,10.48200035
5/2/2018 21:00,9.074999809,9.074999809,10.48200035
5/2/2018 22:00,8.020000458,8.020000458,10.48200035
5/2/2018 23:00,7.737999916,7.737999916,10.48200035
5/3/2018 0:00,8.230999947,8.230999947,10.48200035
5/3/2018 1:00,7.809000015,7.809000015,10.48200035
5/3/2018 2:00,8.230999947,8.230999947,10.48200035
5/3/2018 3:00,8.722999573,8.722999573,10.48200035
5/3/2018 4:00,8.581999779,8.581999779,10.48200035
5/3/2018 5:00,8.37100029,8.37100029,10.48200035
5/3/2018 6:00,8.652999878,8.652999878,10.48200035
5/3/2018 7:00,9.637999535,9.637999535,10.48200035
5/3/2018 8:00,9.918999672,9.918999672,10.48200035
5/3/2018 9:00,9.708000183,9.708000183,10.48200035
5/3/2018 10:00,9.496999741,9.496999741,10.48200035
5/3/2018 11:00,9.215000153,9.215000153,10.48200035
5/3/2018 12:00,9.777999878,9.777999878,10.48200035
5/3/2018 13:00,10.62199974,10.62199974,10.48200035
5/3/2018 14:00,12.02900028,12.02900028,10.48200035
5/3/2018 15:00,12.94400024,12.94400024,10.48200035
5/3/2018 16:00,13.8579998,13.8579998,12.94400024
5/3/2018 17:00,12.94400024,12.94400024,12.94400024
5/3/2018 18:00,13.29599953,13.29599953,12.94400024
5/3/2018 19:00,11.5369997,11.5369997,12.94400024
5/3/2018 20:00,11.39599991,11.39599991,12.94400024
5/3/2018 21:00,11.32600021,11.32600021,12.94400024
5/3/2018 22:00,10.97399998,10.97399998,12.94400024
5/3/2018 23:00,10.90400028,10.90400028,12.94400024
5/4/2018 0:00,10.41100025,10.41100025,12.94400024
5/4/2018 1:00,10.3409996,10.3409996,12.94400024
5/4/2018 2:00,10.13000011,10.13000011,12.94400024
5/4/2018 3:00,10.06000042,10.06000042,12.94400024
5/4/2018 4:00,10.19999981,10.19999981,12.94400024
5/4/2018 5:00,10.27099991,10.27099991,12.94400024
5/4/2018 6:00,10.19999981,10.19999981,12.94400024
5/4/2018 7:00,11.04399967,11.04399967,12.94400024
5/4/2018 8:00,11.5369997,11.5369997,12.94400024
5/4/2018 9:00,10.97399998,10.97399998,12.94400024
5/4/2018 10:00,11.32600021,11.32600021,12.94400024
5/4/2018 11:00,12.02900028,12.02900028,12.94400024
5/4/2018 12:00,12.31099987,12.31099987,12.94400024
5/4/2018 13:00,13.15499973,13.15499973,12.94400024
5/4/2018 14:00,14.21000004,14.21000004,12.94400024
5/4/2018 15:00,14.49100018,14.49100018,12.94400024
5/4/2018 16:00,15.54699993,15.54699993,12.94400024
5/4/2018 17:00,13.78800011,13.78800011,12.94400024
5/4/2018 18:00,13.50699997,13.50699997,12.94400024
5/4/2018 19:00,12.6619997,12.6619997,12.94400024
5/4/2018 20:00,12.6619997,12.6619997,12.94400024
5/4/2018 21:00,12.6619997,12.6619997,12.94400024
5/4/2018 22:00,12.45100021,12.45100021,12.94400024
5/4/2018 23:00,12.52200031,12.52200031,12.94400024
5/5/2018 0:00,11.95899963,11.95899963,12.94400024
5/5/2018 1:00,12.23999977,12.23999977,12.94400024
5/5/2018 2:00,12.10000038,12.10000038,12.94400024
5/5/2018 3:00,11.88899994,11.88899994,12.94400024
5/5/2018 4:00,11.46700001,11.46700001,12.94400024
5/5/2018 5:00,8.722999573,8.722999573,12.94400024
5/5/2018 6:00,10.83300018,10.83300018,12.94400024
5/5/2018 7:00,7.315999985,7.315999985,12.94400024
5/5/2018 8:00,9.708000183,9.708000183,12.94400024
5/5/2018 9:00,6.683000088,6.683000088,12.94400024
5/5/2018 10:00,8.86400032,8.86400032,12.94400024
5/5/2018 11:00,10.13000011,10.13000011,12.94400024
5/5/2018 12:00,11.04399967,11.04399967,12.94400024
5/5/2018 13:00,11.18500042,11.18500042,12.94400024
5/5/2018 14:00,11.04399967,11.04399967,12.94400024
5/5/2018 15:00,11.32600021,11.32600021,12.94400024
5/5/2018 16:00,11.60700035,11.60700035,12.94400024
5/5/2018 17:00,11.60700035,11.60700035,12.94400024
5/5/2018 18:00,11.5369997,11.5369997,12.94400024
5/5/2018 19:00,11.5369997,11.5369997,12.94400024
5/5/2018 20:00,11.81799984,11.81799984,12.94400024
5/5/2018 21:00,11.5369997,11.5369997,12.94400024
5/5/2018 22:00,11.67800045,11.67800045,12.94400024
5/5/2018 23:00,11.74800014,11.74800014,12.94400024
5/6/2018 0:00,11.74800014,11.74800014,12.94400024
5/6/2018 1:00,12.02900028,12.02900028,12.94400024
5/6/2018 2:00,12.23999977,12.23999977,12.94400024
5/6/2018 3:00,12.23999977,12.23999977,12.94400024
5/6/2018 4:00,11.81799984,11.81799984,12.94400024
5/6/2018 5:00,12.45100021,12.45100021,12.94400024
5/6/2018 6:00,12.23999977,12.23999977,12.94400024
5/6/2018 7:00,12.38099957,12.38099957,12.94400024
5/6/2018 8:00,12.02900028,12.02900028,12.94400024
5/6/2018 9:00,10.69299984,10.69299984,12.94400024
5/6/2018 10:00,11.88899994,11.88899994,12.94400024
5/6/2018 11:00,10.90400028,10.90400028,12.94400024
5/6/2018 12:00,7.105000019,7.105000019,12.94400024
5/6/2018 13:00,8.934000015,8.934000015,12.94400024
5/6/2018 14:00,9.286000252,9.286000252,12.94400024
5/6/2018 15:00,9.074999809,9.074999809,12.94400024
5/6/2018 16:00,9.567000389,9.567000389,12.94400024
5/6/2018 17:00,7.668000221,7.668000221,12.94400024
5/6/2018 18:00,9.567000389,9.567000389,12.94400024
5/6/2018 19:00,8.934000015,8.934000015,12.94400024
5/6/2018 20:00,5.697999954,5.697999954,12.94400024
5/6/2018 21:00,8.020000458,8.020000458,12.94400024
5/6/2018 22:00,7.456999779,7.456999779,12.94400024
5/6/2018 23:00,7.597000122,7.597000122,12.94400024
5/7/2018 0:00,7.948999882,7.948999882,12.94400024
5/7/2018 1:00,7.456999779,7.456999779,12.94400024
5/7/2018 2:00,7.456999779,7.456999779,12.94400024
5/7/2018 3:00,7.668000221,7.668000221,12.94400024
5/7/2018 4:00,8.090000153,8.090000153,12.94400024
5/7/2018 5:00,8.442000389,8.442000389,12.94400024
5/7/2018 6:00,8.652999878,8.652999878,12.94400024
5/7/2018 7:00,8.512000084,8.512000084,12.94400024
5/7/2018 8:00,8.300999641,8.300999641,12.94400024
5/7/2018 9:00,7.948999882,7.948999882,12.94400024
5/7/2018 10:00,8.159999847,8.159999847,12.94400024
5/7/2018 11:00,8.230999947,8.230999947,12.94400024
5/7/2018 12:00,8.722999573,8.722999573,12.94400024
5/7/2018 13:00,8.230999947,8.230999947,12.94400024
5/7/2018 14:00,8.159999847,8.159999847,12.94400024
5/7/2018 15:00,7.737999916,7.737999916,12.94400024
5/7/2018 16:00,7.386000156,7.386000156,12.94400024
5/7/2018 17:00,7.315999985,7.315999985,12.94400024
5/7/2018 18:00,7.737999916,7.737999916,12.94400024
5/7/2018 19:00,8.722999573,8.722999573,12.94400024
5/7/2018 20:00,8.86400032,8.86400032,12.94400024
5/7/2018 21:00,9.074999809,9.074999809,12.94400024
5/7/2018 22:00,8.442000389,8.442000389,12.94400024
5/7/2018 23:00,8.300999641,8.300999641,12.94400024
5/8/2018 0:00,8.512000084,8.512000084,12.94400024
5/8/2018 1:00,8.020000458,8.020000458,12.94400024
5/8/2018 2:00,7.737999916,7.737999916,12.94400024
5/8/2018 3:00,7.245999813,7.245999813,12.94400024
5/8/2018 4:00,7.105000019,7.105000019,12.94400024
5/8/2018 5:00,7.597000122,7.597000122,12.94400024
5/8/2018 6:00,8.300999641,8.300999641,12.94400024
5/8/2018 7:00,6.964000225,6.964000225,12.94400024
5/8/2018 8:00,7.456999779,7.456999779,12.94400024
5/8/2018 9:00,7.809000015,7.809000015,12.94400024
5/8/2018 10:00,8.300999641,8.300999641,12.94400024
5/8/2018 11:00,8.581999779,8.581999779,12.94400024
5/8/2018 12:00,8.934000015,8.934000015,12.94400024
5/8/2018 13:00,10.13000011,10.13000011,12.94400024
5/8/2018 14:00,10.41100025,10.41100025,12.94400024
5/8/2018 15:00,11.88899994,11.88899994,12.94400024
5/8/2018 16:00,12.59200001,12.59200001,12.94400024
5/8/2018 17:00,12.31099987,12.31099987,12.94400024
5/8/2018 18:00,11.74800014,11.74800014,12.94400024
5/8/2018 19:00,10.62199974,10.62199974,12.94400024
5/8/2018 20:00,10.19999981,10.19999981,12.94400024
5/8/2018 21:00,9.496999741,9.496999741,12.94400024
5/8/2018 22:00,9.708000183,9.708000183,12.94400024
5/8/2018 23:00,9.074999809,9.074999809,12.94400024
5/9/2018 0:00,8.581999779,8.581999779,12.94400024
5/9/2018 1:00,8.230999947,8.230999947,12.94400024
5/9/2018 2:00,8.159999847,8.159999847,12.94400024
5/9/2018 3:00,7.809000015,7.809000015,12.94400024
5/9/2018 4:00,7.175000191,7.175000191,12.94400024
5/9/2018 5:00,7.034999847,7.034999847,12.94400024
5/9/2018 6:00,7.034999847,7.034999847,12.94400024
5/9/2018 7:00,7.879000187,7.879000187,12.94400024
5/9/2018 8:00,8.230999947,8.230999947,12.94400024
5/9/2018 9:00,8.230999947,8.230999947,12.94400024
5/9/2018 10:00,8.581999779,8.581999779,12.94400024
5/9/2018 11:00,9.074999809,9.074999809,12.94400024
5/9/2018 12:00,9.567000389,9.567000389,12.94400024
5/9/2018 13:00,10.3409996,10.3409996,12.94400024
5/9/2018 14:00,11.60700035,11.60700035,12.94400024
5/9/2018 15:00,12.38099957,12.38099957,12.94400024
5/9/2018 16:00,12.6619997,12.6619997,12.94400024
5/9/2018 17:00,12.8739996,12.8739996,12.94400024
5/9/2018 18:00,12.23999977,12.23999977,12.94400024
5/9/2018 19:00,11.60700035,11.60700035,12.94400024
5/9/2018 20:00,10.76299953,10.76299953,12.94400024
5/9/2018 21:00,9.708000183,9.708000183,12.94400024
5/9/2018 22:00,9.425999641,9.425999641,12.94400024
5/9/2018 23:00,8.722999573,8.722999573,12.94400024
5/10/2018 0:00,7.948999882,7.948999882,12.94400024
5/10/2018 1:00,7.668000221,7.668000221,12.94400024
5/10/2018 2:00,7.315999985,7.315999985,12.94400024
5/10/2018 3:00,6.752999783,6.752999783,12.94400024
5/10/2018 4:00,6.330999851,6.330999851,12.94400024
5/10/2018 5:00,6.119999886,6.119999886,12.94400024
5/10/2018 6:00,6.050000191,6.050000191,12.94400024
5/10/2018 7:00,6.40199995,6.40199995,12.94400024
5/10/2018 8:00,6.612999916,6.612999916,12.94400024
5/10/2018 9:00,6.683000088,6.683000088,12.94400024
5/10/2018 10:00,7.456999779,7.456999779,12.94400024
5/10/2018 11:00,7.105000019,7.105000019,12.94400024
5/10/2018 12:00,8.159999847,8.159999847,12.94400024
5/10/2018 13:00,8.512000084,8.512000084,12.94400024
5/10/2018 14:00,9.637999535,9.637999535,12.94400024
5/10/2018 15:00,10.13000011,10.13000011,12.94400024
5/10/2018 16:00,10.06000042,10.06000042,10.13000011
5/10/2018 17:00,9.918999672,9.918999672,10.13000011
5/10/2018 18:00,9.567000389,9.567000389,10.13000011
5/10/2018 19:00,9.286000252,9.286000252,10.13000011
5/10/2018 20:00,8.581999779,8.581999779,10.13000011
5/10/2018 21:00,8.230999947,8.230999947,10.13000011
5/10/2018 22:00,8.37100029,8.37100029,10.13000011
5/10/2018 23:00,7.948999882,7.948999882,10.13000011
5/11/2018 0:00,7.809000015,7.809000015,10.13000011
5/11/2018 1:00,7.597000122,7.597000122,10.13000011
5/11/2018 2:00,7.809000015,7.809000015,10.13000011
5/11/2018 3:00,7.737999916,7.737999916,10.13000011
5/11/2018 4:00,7.809000015,7.809000015,10.13000011
5/11/2018 5:00,8.300999641,8.300999641,10.13000011
5/11/2018 6:00,8.652999878,8.652999878,10.13000011
5/11/2018 7:00,8.793000221,8.793000221,10.13000011
5/11/2018 8:00,8.722999573,8.722999573,10.13000011
5/11/2018 9:00,9.496999741,9.496999741,10.13000011
5/11/2018 10:00,10.48200035,10.48200035,10.13000011
5/11/2018 11:00,11.04399967,11.04399967,10.13000011
5/11/2018 12:00,11.60700035,11.60700035,10.13000011
5/11/2018 13:00,12.10000038,12.10000038,10.13000011
5/11/2018 14:00,11.25599957,11.25599957,10.13000011
5/11/2018 15:00,10.97399998,10.97399998,10.13000011
5/11/2018 16:00,11.39599991,11.39599991,10.13000011
5/11/2018 17:00,11.11499977,11.11499977,10.13000011
5/11/2018 18:00,10.69299984,10.69299984,10.13000011
5/11/2018 19:00,10.76299953,10.76299953,10.13000011
5/11/2018 20:00,11.46700001,11.46700001,10.13000011
5/11/2018 21:00,11.39599991,11.39599991,10.13000011
5/11/2018 22:00,11.88899994,11.88899994,10.13000011
5/11/2018 23:00,11.88899994,11.88899994,10.13000011
5/12/2018 0:00,11.81799984,11.81799984,10.13000011
5/12/2018 1:00,11.46700001,11.46700001,10.13000011
5/12/2018 2:00,11.60700035,11.60700035,10.13000011
5/12/2018 3:00,9.848999977,9.848999977,10.13000011
5/12/2018 4:00,8.37100029,8.37100029,10.13000011
5/12/2018 5:00,10.13000011,10.13000011,10.13000011
5/12/2018 6:00,10.76299953,10.76299953,10.13000011
5/12/2018 7:00,8.442000389,8.442000389,10.13000011
5/12/2018 8:00,8.300999641,8.300999641,10.13000011
5/12/2018 9:00,9.777999878,9.777999878,10.13000011
5/12/2018 10:00,10.55200005,10.55200005,10.13000011
5/12/2018 11:00,10.90400028,10.90400028,10.13000011
5/12/2018 12:00,11.04399967,11.04399967,10.13000011
5/12/2018 13:00,10.62199974,10.62199974,10.13000011
5/12/2018 14:00,10.83300018,10.83300018,10.13000011
5/12/2018 15:00,10.69299984,10.69299984,10.13000011
5/12/2018 16:00,10.90400028,10.90400028,10.13000011
5/12/2018 17:00,10.55200005,10.55200005,10.13000011
5/12/2018 18:00,11.11499977,11.11499977,10.13000011
5/12/2018 19:00,11.04399967,11.04399967,10.13000011
5/12/2018 20:00,10.69299984,10.69299984,10.13000011
5/12/2018 21:00,10.27099991,10.27099991,10.13000011
5/12/2018 22:00,10.13000011,10.13000011,10.13000011
5/12/2018 23:00,10.3409996,10.3409996,10.13000011
5/13/2018 0:00,10.48200035,10.48200035,10.13000011
5/13/2018 1:00,10.3409996,10.3409996,10.13000011
5/13/2018 2:00,9.918999672,9.918999672,10.13000011
5/13/2018 3:00,9.98900032,9.98900032,10.13000011
5/13/2018 4:00,10.19999981,10.19999981,10.13000011
5/13/2018 5:00,9.98900032,9.98900032,10.13000011
5/13/2018 6:00,10.27099991,10.27099991,10.13000011
5/13/2018 7:00,10.83300018,10.83300018,10.13000011
5/13/2018 8:00,10.55200005,10.55200005,10.13000011
5/13/2018 9:00,11.32600021,11.32600021,10.13000011
5/13/2018 10:00,11.5369997,11.5369997,10.13000011
5/13/2018 11:00,12.38099957,12.38099957,10.13000011
5/13/2018 12:00,12.45100021,12.45100021,10.13000011
5/13/2018 13:00,13.08500004,13.08500004,10.13000011
5/13/2018 14:00,13.36600018,13.36600018,10.13000011
5/13/2018 15:00,14.49100018,14.49100018,10.13000011
5/13/2018 16:00,15.26500034,15.26500034,10.13000011
5/13/2018 17:00,15.54699993,15.54699993,10.13000011
5/13/2018 18:00,14.42099953,14.42099953,10.13000011
5/13/2018 19:00,13.43599987,13.43599987,10.13000011
5/13/2018 20:00,13.29599953,13.29599953,10.13000011
5/13/2018 21:00,12.94400024,12.94400024,10.13000011
5/13/2018 22:00,12.6619997,12.6619997,10.13000011
5/13/2018 23:00,12.52200031,12.52200031,10.13000011
5/14/2018 0:00,12.45100021,12.45100021,10.13000011
5/14/2018 1:00,12.52200031,12.52200031,10.13000011
5/14/2018 2:00,12.7329998,12.7329998,10.13000011
5/14/2018 3:00,12.7329998,12.7329998,10.13000011
5/14/2018 4:00,12.59200001,12.59200001,10.13000011
5/14/2018 5:00,12.45100021,12.45100021,10.13000011
5/14/2018 6:00,12.7329998,12.7329998,10.13000011
5/14/2018 7:00,12.45100021,12.45100021,10.13000011
5/14/2018 8:00,13.22500038,13.22500038,10.13000011
5/14/2018 9:00,13.36600018,13.36600018,10.13000011
5/14/2018 10:00,13.71800041,13.71800041,10.13000011
5/14/2018 11:00,14.70300007,14.70300007,10.13000011
5/14/2018 12:00,13.9989996,13.9989996,10.13000011
5/14/2018 13:00,14.70300007,14.70300007,10.13000011
5/14/2018 14:00,15.0539999,15.0539999,10.13000011
5/14/2018 15:00,16.81299973,16.81299973,10.13000011
5/14/2018 16:00,16.32099915,16.32099915,10.13000011
5/14/2018 17:00,16.60199928,16.60199928,10.13000011
5/14/2018 18:00,16.18000031,16.18000031,10.13000011
5/14/2018 19:00,15.75800037,15.75800037,10.13000011
5/14/2018 20:00,15.33600044,15.33600044,10.13000011
5/14/2018 21:00,15.33600044,15.33600044,10.13000011
5/14/2018 22:00,14.98400021,14.98400021,10.13000011
5/14/2018 23:00,14.70300007,14.70300007,10.13000011
5/15/2018 0:00,14.56200027,14.56200027,10.13000011
5/15/2018 1:00,14.14000034,14.14000034,10.13000011
5/15/2018 2:00,14.49100018,14.49100018,10.13000011
5/15/2018 3:00,14.56200027,14.56200027,10.13000011
5/15/2018 4:00,14.27999973,14.27999973,10.13000011
5/15/2018 5:00,14.14000034,14.14000034,10.13000011
5/15/2018 6:00,14.35099983,14.35099983,10.13000011
5/15/2018 7:00,14.56200027,14.56200027,10.13000011
5/15/2018 8:00,16.03899956,16.03899956,10.13000011
5/15/2018 9:00,16.46100044,16.46100044,10.13000011
5/15/2018 10:00,15.19499969,15.19499969,10.13000011
5/15/2018 11:00,14.14000034,14.14000034,10.13000011
5/15/2018 12:00,15.40600014,15.40600014,10.13000011
5/15/2018 13:00,14.42099953,14.42099953,10.13000011
5/15/2018 14:00,15.75800037,15.75800037,10.13000011
5/15/2018 15:00,16.18000031,16.18000031,10.13000011
5/15/2018 16:00,16.88299942,16.88299942,10.13000011
5/15/2018 17:00,16.25,16.25,10.13000011
5/15/2018 18:00,17.16500092,17.16500092,10.13000011
5/15/2018 19:00,16.88299942,16.88299942,10.13000011
5/15/2018 20:00,16.32099915,16.32099915,10.13000011
5/15/2018 21:00,15.96899986,15.96899986,10.13000011
5/15/2018 22:00,15.89799976,15.89799976,10.13000011
5/15/2018 23:00,15.68700027,15.68700027,10.13000011
5/16/2018 0:00,15.96899986,15.96899986,10.13000011
5/16/2018 1:00,16.25,16.25,10.13000011
5/16/2018 2:00,16.10899925,16.10899925,10.13000011
5/16/2018 3:00,16.10899925,16.10899925,10.13000011
5/16/2018 4:00,16.25,16.25,10.13000011
5/16/2018 5:00,16.46100044,16.46100044,10.13000011
5/16/2018 6:00,16.88299942,16.88299942,10.13000011
5/16/2018 7:00,16.67200089,16.67200089,10.13000011
5/16/2018 8:00,15.68700027,15.68700027,10.13000011
5/16/2018 9:00,14.84300041,14.84300041,10.13000011
5/16/2018 10:00,15.33600044,15.33600044,10.13000011
5/16/2018 11:00,14.98400021,14.98400021,10.13000011
5/16/2018 12:00,14.70300007,14.70300007,10.13000011
5/16/2018 13:00,14.98400021,14.98400021,10.13000011
5/16/2018 14:00,15.68700027,15.68700027,10.13000011
5/16/2018 15:00,16.74300003,16.74300003,10.13000011
5/16/2018 16:00,16.10899925,16.10899925,10.13000011
5/16/2018 17:00,16.32099915,16.32099915,10.13000011
5/16/2018 18:00,15.82800007,15.82800007,10.13000011
5/16/2018 19:00,15.54699993,15.54699993,10.13000011
5/16/2018 20:00,16.32099915,16.32099915,10.13000011
5/16/2018 21:00,16.03899956,16.03899956,10.13000011
5/16/2018 22:00,16.67200089,16.67200089,10.13000011
5/16/2018 23:00,15.0539999,15.0539999,10.13000011
5/17/2018 0:00,16.10899925,16.10899925,10.13000011
5/17/2018 1:00,16.60199928,16.60199928,10.13000011
5/17/2018 2:00,14.63199997,14.63199997,10.13000011
5/17/2018 3:00,12.23999977,12.23999977,10.13000011
5/17/2018 4:00,9.708000183,9.708000183,10.13000011
5/17/2018 5:00,8.652999878,8.652999878,10.13000011
5/17/2018 6:00,9.98900032,9.98900032,10.13000011
5/17/2018 7:00,10.97399998,10.97399998,10.13000011
5/17/2018 8:00,8.090000153,8.090000153,10.13000011
5/17/2018 9:00,11.32600021,11.32600021,10.13000011
5/17/2018 10:00,12.38099957,12.38099957,10.13000011
5/17/2018 11:00,13.15499973,13.15499973,10.13000011
5/17/2018 12:00,12.52200031,12.52200031,10.13000011
5/17/2018 13:00,13.01399994,13.01399994,10.13000011
5/17/2018 14:00,13.50699997,13.50699997,10.13000011
5/17/2018 15:00,13.50699997,13.50699997,10.13000011
5/17/2018 16:00,13.9989996,13.9989996,13.50699997
5/17/2018 17:00,13.78800011,13.78800011,13.50699997
5/17/2018 18:00,14.14000034,14.14000034,13.50699997
5/17/2018 19:00,13.78800011,13.78800011,13.50699997
5/17/2018 20:00,13.50699997,13.50699997,13.50699997
5/17/2018 21:00,13.15499973,13.15499973,13.50699997
5/17/2018 22:00,13.43599987,13.43599987,13.50699997
5/17/2018 23:00,13.36600018,13.36600018,13.50699997
5/18/2018 0:00,12.94400024,12.94400024,13.50699997
5/18/2018 1:00,12.94400024,12.94400024,13.50699997
5/18/2018 2:00,13.36600018,13.36600018,13.50699997
5/18/2018 3:00,13.08500004,13.08500004,13.50699997
5/18/2018 4:00,13.08500004,13.08500004,13.50699997
5/18/2018 5:00,12.80300045,12.80300045,13.50699997
5/18/2018 6:00,13.01399994,13.01399994,13.50699997
5/18/2018 7:00,12.94400024,12.94400024,13.50699997
5/18/2018 8:00,12.8739996,12.8739996,13.50699997
5/18/2018 9:00,12.52200031,12.52200031,13.50699997
5/18/2018 10:00,12.52200031,12.52200031,13.50699997
5/18/2018 11:00,12.7329998,12.7329998,13.50699997
5/18/2018 12:00,12.80300045,12.80300045,13.50699997
5/18/2018 13:00,12.59200001,12.59200001,13.50699997
5/18/2018 14:00,12.8739996,12.8739996,13.50699997
5/18/2018 15:00,12.7329998,12.7329998,13.50699997
5/18/2018 16:00,9.425999641,9.425999641,13.50699997
5/18/2018 17:00,8.090000153,8.090000153,13.50699997
5/18/2018 18:00,6.330999851,6.330999851,13.50699997
5/18/2018 19:00,5.346000195,5.346000195,13.50699997
5/18/2018 20:00,6.40199995,6.40199995,13.50699997
5/18/2018 21:00,8.300999641,8.300999641,13.50699997
5/18/2018 22:00,8.652999878,8.652999878,13.50699997
5/18/2018 23:00,8.512000084,8.512000084,13.50699997
5/19/2018 0:00,8.512000084,8.512000084,13.50699997
5/19/2018 1:00,8.512000084,8.512000084,13.50699997
5/19/2018 2:00,8.230999947,8.230999947,13.50699997
5/19/2018 3:00,8.512000084,8.512000084,13.50699997
5/19/2018 4:00,7.809000015,7.809000015,13.50699997
5/19/2018 5:00,7.737999916,7.737999916,13.50699997
5/19/2018 6:00,7.737999916,7.737999916,13.50699997
5/19/2018 7:00,7.948999882,7.948999882,13.50699997
5/19/2018 8:00,7.879000187,7.879000187,13.50699997
5/19/2018 9:00,7.105000019,7.105000019,13.50699997
5/19/2018 10:00,7.597000122,7.597000122,13.50699997
5/19/2018 11:00,7.456999779,7.456999779,13.50699997
5/19/2018 12:00,7.809000015,7.809000015,13.50699997
5/19/2018 13:00,7.879000187,7.879000187,13.50699997
5/19/2018 14:00,8.020000458,8.020000458,13.50699997
5/19/2018 15:00,7.668000221,7.668000221,13.50699997
5/19/2018 16:00,7.456999779,7.456999779,13.50699997
5/19/2018 17:00,7.034999847,7.034999847,13.50699997
5/19/2018 18:00,7.175000191,7.175000191,13.50699997
5/19/2018 19:00,7.034999847,7.034999847,13.50699997
5/19/2018 20:00,6.894000053,6.894000053,13.50699997
5/19/2018 21:00,7.386000156,7.386000156,13.50699997
5/19/2018 22:00,7.315999985,7.315999985,13.50699997
5/19/2018 23:00,7.105000019,7.105000019,13.50699997
5/20/2018 0:00,7.105000019,7.105000019,13.50699997
5/20/2018 1:00,7.105000019,7.105000019,13.50699997
5/20/2018 2:00,6.964000225,6.964000225,13.50699997
5/20/2018 3:00,6.752999783,6.752999783,13.50699997
5/20/2018 4:00,6.823999882,6.823999882,13.50699997
5/20/2018 5:00,6.823999882,6.823999882,13.50699997
5/20/2018 6:00,6.752999783,6.752999783,13.50699997
5/20/2018 7:00,6.823999882,6.823999882,13.50699997
5/20/2018 8:00,7.105000019,7.105000019,13.50699997
5/20/2018 9:00,7.245999813,7.245999813,13.50699997
5/20/2018 10:00,7.386000156,7.386000156,13.50699997
5/20/2018 11:00,7.175000191,7.175000191,13.50699997
5/20/2018 12:00,6.964000225,6.964000225,13.50699997
5/20/2018 13:00,6.823999882,6.823999882,13.50699997
5/20/2018 14:00,6.683000088,6.683000088,13.50699997
5/20/2018 15:00,6.330999851,6.330999851,13.50699997
5/20/2018 16:00,6.541999817,6.541999817,13.50699997
5/20/2018 17:00,4.361999989,4.361999989,13.50699997
5/20/2018 18:00,5.55700016,5.55700016,13.50699997
5/20/2018 19:00,5.627999783,5.627999783,13.50699997
5/20/2018 20:00,5.979000092,5.979000092,13.50699997
5/20/2018 21:00,5.697999954,5.697999954,13.50699997
5/20/2018 22:00,5.90899992,5.90899992,13.50699997
5/20/2018 23:00,5.768000126,5.768000126,13.50699997
5/21/2018 0:00,5.697999954,5.697999954,13.50699997
5/21/2018 1:00,5.416999817,5.416999817,13.50699997
5/21/2018 2:00,5.768000126,5.768000126,13.50699997
5/21/2018 3:00,5.627999783,5.627999783,13.50699997
5/21/2018 4:00,5.697999954,5.697999954,13.50699997
5/21/2018 5:00,6.050000191,6.050000191,13.50699997
5/21/2018 6:00,5.90899992,5.90899992,13.50699997
5/21/2018 7:00,5.979000092,5.979000092,13.50699997
5/21/2018 8:00,6.050000191,6.050000191,13.50699997
5/21/2018 9:00,6.472000122,6.472000122,13.50699997
5/21/2018 10:00,6.40199995,6.40199995,13.50699997
5/21/2018 11:00,6.40199995,6.40199995,13.50699997
5/21/2018 12:00,6.752999783,6.752999783,13.50699997
5/21/2018 13:00,7.105000019,7.105000019,13.50699997
5/21/2018 14:00,7.175000191,7.175000191,13.50699997
5/21/2018 15:00,7.315999985,7.315999985,13.50699997
5/21/2018 16:00,5.627999783,5.627999783,13.50699997
5/21/2018 17:00,4.43200016,4.43200016,13.50699997
5/21/2018 18:00,6.472000122,6.472000122,13.50699997
5/21/2018 19:00,6.472000122,6.472000122,13.50699997
5/21/2018 20:00,6.894000053,6.894000053,13.50699997
5/21/2018 21:00,6.612999916,6.612999916,13.50699997
5/21/2018 22:00,6.894000053,6.894000053,13.50699997
5/21/2018 23:00,6.683000088,6.683000088,13.50699997
5/22/2018 0:00,6.964000225,6.964000225,13.50699997
5/22/2018 1:00,7.315999985,7.315999985,13.50699997
5/22/2018 2:00,7.456999779,7.456999779,13.50699997
5/22/2018 3:00,7.879000187,7.879000187,13.50699997
5/22/2018 4:00,8.300999641,8.300999641,13.50699997
5/22/2018 5:00,9.00399971,9.00399971,13.50699997
5/22/2018 6:00,9.145000458,9.145000458,13.50699997
5/22/2018 7:00,7.456999779,7.456999779,13.50699997
5/22/2018 8:00,6.823999882,6.823999882,13.50699997
5/22/2018 9:00,6.683000088,6.683000088,13.50699997
5/22/2018 10:00,6.40199995,6.40199995,13.50699997
5/22/2018 11:00,3.727999926,3.727999926,13.50699997
5/22/2018 12:00,4.150000095,4.150000095,13.50699997
5/22/2018 13:00,6.541999817,6.541999817,13.50699997
5/22/2018 14:00,6.964000225,6.964000225,13.50699997
5/22/2018 15:00,6.261000156,6.261000156,13.50699997
5/22/2018 16:00,6.119999886,6.119999886,13.50699997
5/22/2018 17:00,6.894000053,6.894000053,13.50699997
5/22/2018 18:00,6.261000156,6.261000156,13.50699997
5/22/2018 19:00,7.034999847,7.034999847,13.50699997
5/22/2018 20:00,7.52699995,7.52699995,13.50699997
5/22/2018 21:00,7.737999916,7.737999916,13.50699997
5/22/2018 22:00,7.809000015,7.809000015,13.50699997
5/22/2018 23:00,6.752999783,6.752999783,13.50699997
5/23/2018 0:00,7.105000019,7.105000019,13.50699997
5/23/2018 1:00,6.612999916,6.612999916,13.50699997
5/23/2018 2:00,6.823999882,6.823999882,13.50699997
5/23/2018 3:00,6.472000122,6.472000122,13.50699997
5/23/2018 4:00,7.597000122,7.597000122,13.50699997
5/23/2018 5:00,6.894000053,6.894000053,13.50699997
5/23/2018 6:00,7.668000221,7.668000221,13.50699997
5/23/2018 7:00,9.215000153,9.215000153,13.50699997
5/23/2018 8:00,9.848999977,9.848999977,13.50699997
5/23/2018 9:00,9.00399971,9.00399971,13.50699997
5/23/2018 10:00,9.286000252,9.286000252,13.50699997
5/23/2018 11:00,9.567000389,9.567000389,13.50699997
5/23/2018 12:00,9.215000153,9.215000153,13.50699997
5/23/2018 13:00,9.215000153,9.215000153,13.50699997
5/23/2018 14:00,10.48200035,10.48200035,13.50699997
5/23/2018 15:00,11.95899963,11.95899963,13.50699997
5/23/2018 16:00,11.67800045,11.67800045,13.50699997
5/23/2018 17:00,11.67800045,11.67800045,13.50699997
5/23/2018 18:00,11.46700001,11.46700001,13.50699997
5/23/2018 19:00,9.918999672,9.918999672,13.50699997
5/23/2018 20:00,9.496999741,9.496999741,13.50699997
5/23/2018 21:00,9.425999641,9.425999641,13.50699997
5/23/2018 22:00,9.286000252,9.286000252,13.50699997
5/23/2018 23:00,8.793000221,8.793000221,13.50699997
5/24/2018 0:00,8.442000389,8.442000389,13.50699997
5/24/2018 1:00,8.722999573,8.722999573,13.50699997
5/24/2018 2:00,8.37100029,8.37100029,13.50699997
5/24/2018 3:00,8.300999641,8.300999641,13.50699997
5/24/2018 4:00,8.230999947,8.230999947,13.50699997
5/24/2018 5:00,8.159999847,8.159999847,13.50699997
5/24/2018 6:00,8.512000084,8.512000084,13.50699997
5/24/2018 7:00,9.145000458,9.145000458,13.50699997
5/24/2018 8:00,9.286000252,9.286000252,13.50699997
5/24/2018 9:00,9.637999535,9.637999535,13.50699997
5/24/2018 10:00,8.86400032,8.86400032,13.50699997
5/24/2018 11:00,9.567000389,9.567000389,13.50699997
5/24/2018 12:00,9.496999741,9.496999741,13.50699997
5/24/2018 13:00,9.074999809,9.074999809,13.50699997
5/24/2018 14:00,9.777999878,9.777999878,13.50699997
5/24/2018 15:00,11.18500042,11.18500042,13.50699997
5/24/2018 16:00,10.76299953,10.76299953,11.18500042
5/24/2018 17:00,9.918999672,9.918999672,11.18500042
5/24/2018 18:00,10.3409996,10.3409996,11.18500042
5/24/2018 19:00,9.918999672,9.918999672,11.18500042
5/24/2018 20:00,9.918999672,9.918999672,11.18500042
5/24/2018 21:00,9.425999641,9.425999641,11.18500042
5/24/2018 22:00,9.355999947,9.355999947,11.18500042
5/24/2018 23:00,9.215000153,9.215000153,11.18500042
5/25/2018 0:00,8.722999573,8.722999573,11.18500042
5/25/2018 1:00,8.512000084,8.512000084,11.18500042
5/25/2018 2:00,8.652999878,8.652999878,11.18500042
5/25/2018 3:00,7.737999916,7.737999916,11.18500042
5/25/2018 4:00,8.512000084,8.512000084,11.18500042
5/25/2018 5:00,9.00399971,9.00399971,11.18500042
5/25/2018 6:00,9.145000458,9.145000458,11.18500042
5/25/2018 7:00,9.425999641,9.425999641,11.18500042
5/25/2018 8:00,9.145000458,9.145000458,11.18500042
5/25/2018 9:00,9.777999878,9.777999878,11.18500042
5/25/2018 10:00,9.918999672,9.918999672,11.18500042
5/25/2018 11:00,9.425999641,9.425999641,11.18500042
5/25/2018 12:00,9.215000153,9.215000153,11.18500042
5/25/2018 13:00,9.215000153,9.215000153,11.18500042
5/25/2018 14:00,8.86400032,8.86400032,11.18500042
5/25/2018 15:00,8.652999878,8.652999878,11.18500042
5/25/2018 16:00,8.512000084,8.512000084,11.18500042
5/25/2018 17:00,8.86400032,8.86400032,11.18500042
5/25/2018 18:00,5.979000092,5.979000092,11.18500042
5/25/2018 19:00,6.823999882,6.823999882,11.18500042
5/25/2018 20:00,5.768000126,5.768000126,11.18500042
5/25/2018 21:00,6.261000156,6.261000156,11.18500042
5/25/2018 22:00,5.697999954,5.697999954,11.18500042
5/25/2018 23:00,6.261000156,6.261000156,11.18500042
5/26/2018 0:00,7.52699995,7.52699995,11.18500042
5/26/2018 1:00,8.090000153,8.090000153,11.18500042
5/26/2018 2:00,7.456999779,7.456999779,11.18500042
5/26/2018 3:00,7.52699995,7.52699995,11.18500042
5/26/2018 4:00,8.230999947,8.230999947,11.18500042
5/26/2018 5:00,8.512000084,8.512000084,11.18500042
5/26/2018 6:00,8.512000084,8.512000084,11.18500042
5/26/2018 7:00,8.37100029,8.37100029,11.18500042
5/26/2018 8:00,7.597000122,7.597000122,11.18500042
5/26/2018 9:00,8.442000389,8.442000389,11.18500042
5/26/2018 10:00,8.159999847,8.159999847,11.18500042
5/26/2018 11:00,8.300999641,8.300999641,11.18500042
5/26/2018 12:00,8.722999573,8.722999573,11.18500042
5/26/2018 13:00,9.425999641,9.425999641,11.18500042
5/26/2018 14:00,9.215000153,9.215000153,11.18500042
5/26/2018 15:00,9.355999947,9.355999947,11.18500042
5/26/2018 16:00,9.425999641,9.425999641,11.18500042
5/26/2018 17:00,9.074999809,9.074999809,11.18500042
5/26/2018 18:00,8.86400032,8.86400032,11.18500042
5/26/2018 19:00,8.934000015,8.934000015,11.18500042
5/26/2018 20:00,8.37100029,8.37100029,11.18500042
5/26/2018 21:00,9.425999641,9.425999641,11.18500042
5/26/2018 22:00,8.86400032,8.86400032,11.18500042
5/26/2018 23:00,9.00399971,9.00399971,11.18500042
5/27/2018 0:00,8.37100029,8.37100029,11.18500042
5/27/2018 1:00,8.86400032,8.86400032,11.18500042
5/27/2018 2:00,9.425999641,9.425999641,11.18500042
5/27/2018 3:00,9.215000153,9.215000153,11.18500042
5/27/2018 4:00,9.425999641,9.425999641,11.18500042
5/27/2018 5:00,9.355999947,9.355999947,11.18500042
5/27/2018 6:00,9.918999672,9.918999672,11.18500042
5/27/2018 7:00,9.777999878,9.777999878,11.18500042
5/27/2018 8:00,9.286000252,9.286000252,11.18500042
5/27/2018 9:00,9.567000389,9.567000389,11.18500042
5/27/2018 10:00,9.567000389,9.567000389,11.18500042
5/27/2018 11:00,9.215000153,9.215000153,11.18500042
5/27/2018 12:00,10.13000011,10.13000011,11.18500042
5/27/2018 13:00,10.76299953,10.76299953,11.18500042
5/27/2018 14:00,10.62199974,10.62199974,11.18500042
5/27/2018 15:00,11.5369997,11.5369997,11.18500042
5/27/2018 16:00,11.60700035,11.60700035,11.18500042
5/27/2018 17:00,11.32600021,11.32600021,11.18500042
5/27/2018 18:00,11.46700001,11.46700001,11.18500042
5/27/2018 19:00,10.48200035,10.48200035,11.18500042
5/27/2018 20:00,10.13000011,10.13000011,11.18500042
5/27/2018 21:00,9.918999672,9.918999672,11.18500042
5/27/2018 22:00,9.848999977,9.848999977,11.18500042
5/27/2018 23:00,10.19999981,10.19999981,11.18500042
5/28/2018 0:00,10.06000042,10.06000042,11.18500042
5/28/2018 1:00,10.13000011,10.13000011,11.18500042
5/28/2018 2:00,10.13000011,10.13000011,11.18500042
5/28/2018 3:00,9.918999672,9.918999672,11.18500042
5/28/2018 4:00,9.708000183,9.708000183,11.18500042
5/28/2018 5:00,9.918999672,9.918999672,11.18500042
5/28/2018 6:00,10.19999981,10.19999981,11.18500042
5/28/2018 7:00,10.97399998,10.97399998,11.18500042
5/28/2018 8:00,10.48200035,10.48200035,11.18500042
5/28/2018 9:00,10.41100025,10.41100025,11.18500042
5/28/2018 10:00,10.27099991,10.27099991,11.18500042
5/28/2018 11:00,10.69299984,10.69299984,11.18500042
5/28/2018 12:00,10.55200005,10.55200005,11.18500042
5/28/2018 13:00,10.69299984,10.69299984,11.18500042
5/28/2018 14:00,11.32600021,11.32600021,11.18500042
5/28/2018 15:00,11.95899963,11.95899963,11.18500042
5/28/2018 16:00,11.5369997,11.5369997,11.18500042
5/28/2018 17:00,11.46700001,11.46700001,11.18500042
5/28/2018 18:00,11.25599957,11.25599957,11.18500042
5/28/2018 19:00,11.11499977,11.11499977,11.18500042
5/28/2018 20:00,10.76299953,10.76299953,11.18500042
5/28/2018 21:00,10.69299984,10.69299984,11.18500042
5/28/2018 22:00,10.76299953,10.76299953,11.18500042
5/28/2018 23:00,10.55200005,10.55200005,11.18500042
5/29/2018 0:00,10.62199974,10.62199974,11.18500042
5/29/2018 1:00,10.48200035,10.48200035,11.18500042
5/29/2018 2:00,10.48200035,10.48200035,11.18500042
5/29/2018 3:00,10.69299984,10.69299984,11.18500042
5/29/2018 4:00,10.83300018,10.83300018,11.18500042
5/29/2018 5:00,10.69299984,10.69299984,11.18500042
5/29/2018 6:00,10.76299953,10.76299953,11.18500042
5/29/2018 7:00,10.69299984,10.69299984,11.18500042
5/29/2018 8:00,11.67800045,11.67800045,11.18500042
5/29/2018 9:00,11.74800014,11.74800014,11.18500042
5/29/2018 10:00,11.81799984,11.81799984,11.18500042
5/29/2018 11:00,11.88899994,11.88899994,11.18500042
5/29/2018 12:00,12.02900028,12.02900028,11.18500042
5/29/2018 13:00,11.81799984,11.81799984,11.18500042
5/29/2018 14:00,12.38099957,12.38099957,11.18500042
5/29/2018 15:00,11.60700035,11.60700035,11.18500042
5/29/2018 16:00,11.32600021,11.32600021,11.18500042
5/29/2018 17:00,11.60700035,11.60700035,11.18500042
5/29/2018 18:00,10.90400028,10.90400028,11.18500042
5/29/2018 19:00,10.76299953,10.76299953,11.18500042
5/29/2018 20:00,10.3409996,10.3409996,11.18500042
5/29/2018 21:00,9.637999535,9.637999535,11.18500042
5/29/2018 22:00,10.41100025,10.41100025,11.18500042
5/29/2018 23:00,10.13000011,10.13000011,11.18500042
5/30/2018 0:00,9.918999672,9.918999672,11.18500042
5/30/2018 1:00,10.13000011,10.13000011,11.18500042
5/30/2018 2:00,9.777999878,9.777999878,11.18500042
5/30/2018 3:00,10.19999981,10.19999981,11.18500042
5/30/2018 4:00,9.777999878,9.777999878,11.18500042
5/30/2018 5:00,9.145000458,9.145000458,11.18500042
5/30/2018 6:00,9.98900032,9.98900032,11.18500042
5/30/2018 7:00,10.55200005,10.55200005,11.18500042
5/30/2018 8:00,10.90400028,10.90400028,11.18500042
5/30/2018 9:00,11.46700001,11.46700001,11.18500042
5/30/2018 10:00,11.5369997,11.5369997,11.18500042
5/30/2018 11:00,11.60700035,11.60700035,11.18500042
5/30/2018 12:00,11.67800045,11.67800045,11.18500042
5/30/2018 13:00,11.5369997,11.5369997,11.18500042
5/30/2018 14:00,11.67800045,11.67800045,11.18500042
5/30/2018 15:00,12.02900028,12.02900028,11.18500042
5/30/2018 16:00,11.32600021,11.32600021,11.18500042
5/30/2018 17:00,11.25599957,11.25599957,11.18500042
5/30/2018 18:00,10.55200005,10.55200005,11.18500042
5/30/2018 19:00,10.62199974,10.62199974,11.18500042
5/30/2018 20:00,10.97399998,10.97399998,11.18500042
5/30/2018 21:00,10.3409996,10.3409996,11.18500042
5/30/2018 22:00,10.13000011,10.13000011,11.18500042
5/30/2018 23:00,9.918999672,9.918999672,11.18500042
5/31/2018 0:00,10.41100025,10.41100025,11.18500042
5/31/2018 1:00,10.41100025,10.41100025,11.18500042
5/31/2018 2:00,10.41100025,10.41100025,11.18500042
5/31/2018 3:00,10.41100025,10.41100025,11.18500042
5/31/2018 4:00,10.41100025,10.41100025,11.18500042
5/31/2018 5:00,10.41100025,10.41100025,11.18500042
5/31/2018 6:00,10.41100025,10.41100025,11.18500042
5/31/2018 7:00,10.41100025,10.41100025,11.18500042
5/31/2018 8:00,10.41100025,10.41100025,11.18500042
5/31/2018 9:00,10.41100025,10.41100025,11.18500042
5/31/2018 10:00,10.41100025,10.41100025,11.18500042
5/31/2018 11:00,10.41100025,10.41100025,11.18500042
5/31/2018 12:00,10.41100025,10.41100025,11.18500042
5/31/2018 13:00,10.41100025,10.41100025,11.18500042
5/31/2018 14:00,10.41100025,10.41100025,11.18500042
5/31/2018 15:00,10.41100025,10.41100025,11.18500042
5/31/2018 16:00,10.41100025,10.41100025,10.41100025
5/31/2018 17:00,10.41100025,10.41100025,10.41100025
5/31/2018 18:00,10.41100025,10.41100025,10.41100025
5/31/2018 19:00,10.41100025,10.41100025,10.41100025
5/31/2018 20:00,10.41100025,10.41100025,10.41100025
5/31/2018 21:00,10.41100025,10.41100025,10.41100025
5/31/2018 22:00,10.41100025,10.41100025,10.41100025
5/31/2018 23:00,10.41100025,10.41100025,10.41100025
6/1/2018 0:00,8.512000084,8.512000084,10.41100025
6/1/2018 1:00,8.512000084,8.512000084,10.41100025
6/1/2018 2:00,8.230999947,8.230999947,10.41100025
6/1/2018 3:00,8.300999641,8.300999641,10.41100025
6/1/2018 4:00,8.37100029,8.37100029,10.41100025
6/1/2018 5:00,8.230999947,8.230999947,10.41100025
6/1/2018 6:00,8.581999779,8.581999779,10.41100025
6/1/2018 7:00,9.425999641,9.425999641,10.41100025
6/1/2018 8:00,10.83300018,10.83300018,10.41100025
6/1/2018 9:00,10.48200035,10.48200035,10.41100025
6/1/2018 10:00,9.777999878,9.777999878,10.41100025
6/1/2018 11:00,9.848999977,9.848999977,10.41100025
6/1/2018 12:00,9.918999672,9.918999672,10.41100025
6/1/2018 13:00,10.41100025,10.41100025,10.41100025
6/1/2018 14:00,10.90400028,10.90400028,10.41100025
6/1/2018 15:00,11.67800045,11.67800045,10.41100025
6/1/2018 16:00,12.02900028,12.02900028,10.41100025
6/1/2018 17:00,11.88899994,11.88899994,10.41100025
6/1/2018 18:00,11.32600021,11.32600021,10.41100025
6/1/2018 19:00,10.90400028,10.90400028,10.41100025
6/1/2018 20:00,10.83300018,10.83300018,10.41100025
6/1/2018 21:00,10.48200035,10.48200035,10.41100025
6/1/2018 22:00,10.41100025,10.41100025,10.41100025
6/1/2018 23:00,10.27099991,10.27099991,10.41100025
6/2/2018 0:00,9.98900032,9.98900032,10.41100025
6/2/2018 1:00,9.567000389,9.567000389,10.41100025
6/2/2018 2:00,9.215000153,9.215000153,10.41100025
6/2/2018 3:00,9.215000153,9.215000153,10.41100025
6/2/2018 4:00,8.512000084,8.512000084,10.41100025
6/2/2018 5:00,8.934000015,8.934000015,10.41100025
6/2/2018 6:00,8.934000015,8.934000015,10.41100025
6/2/2018 7:00,8.652999878,8.652999878,10.41100025
6/2/2018 8:00,8.722999573,8.722999573,10.41100025
6/2/2018 9:00,8.722999573,8.722999573,10.41100025
6/2/2018 10:00,9.215000153,9.215000153,10.41100025
6/2/2018 11:00,9.637999535,9.637999535,10.41100025
6/2/2018 12:00,10.48200035,10.48200035,10.41100025
6/2/2018 13:00,10.19999981,10.19999981,10.41100025
6/2/2018 14:00,10.3409996,10.3409996,10.41100025
6/2/2018 15:00,10.19999981,10.19999981,10.41100025
6/2/2018 16:00,11.11499977,11.11499977,10.41100025
6/2/2018 17:00,10.48200035,10.48200035,10.41100025
6/2/2018 18:00,10.06000042,10.06000042,10.41100025
6/2/2018 19:00,9.567000389,9.567000389,10.41100025
6/2/2018 20:00,9.425999641,9.425999641,10.41100025
6/2/2018 21:00,9.567000389,9.567000389,10.41100025
6/2/2018 22:00,9.848999977,9.848999977,10.41100025
6/2/2018 23:00,9.637999535,9.637999535,10.41100025
6/3/2018 0:00,9.286000252,9.286000252,10.41100025
6/3/2018 1:00,9.496999741,9.496999741,10.41100025
6/3/2018 2:00,9.496999741,9.496999741,10.41100025
6/3/2018 3:00,9.637999535,9.637999535,10.41100025
6/3/2018 4:00,9.567000389,9.567000389,10.41100025
6/3/2018 5:00,9.848999977,9.848999977,10.41100025
6/3/2018 6:00,9.567000389,9.567000389,10.41100025
6/3/2018 7:00,9.355999947,9.355999947,10.41100025
6/3/2018 8:00,9.425999641,9.425999641,10.41100025
6/3/2018 9:00,9.637999535,9.637999535,10.41100025
6/3/2018 10:00,9.918999672,9.918999672,10.41100025
6/3/2018 11:00,10.62199974,10.62199974,10.41100025
6/3/2018 12:00,10.69299984,10.69299984,10.41100025
6/3/2018 13:00,10.97399998,10.97399998,10.41100025
6/3/2018 14:00,12.23999977,12.23999977,10.41100025
6/3/2018 15:00,12.6619997,12.6619997,10.41100025
6/3/2018 16:00,13.43599987,13.43599987,10.41100025
6/3/2018 17:00,13.08500004,13.08500004,10.41100025
6/3/2018 18:00,11.67800045,11.67800045,10.41100025
6/3/2018 19:00,11.04399967,11.04399967,10.41100025
6/3/2018 20:00,10.55200005,10.55200005,10.41100025
6/3/2018 21:00,9.567000389,9.567000389,10.41100025
6/3/2018 22:00,9.425999641,9.425999641,10.41100025
6/3/2018 23:00,8.722999573,8.722999573,10.41100025
6/4/2018 0:00,8.442000389,8.442000389,10.41100025
6/4/2018 1:00,9.215000153,9.215000153,10.41100025
6/4/2018 2:00,9.425999641,9.425999641,10.41100025
6/4/2018 3:00,9.637999535,9.637999535,10.41100025
6/4/2018 4:00,9.708000183,9.708000183,10.41100025
6/4/2018 5:00,9.425999641,9.425999641,10.41100025
6/4/2018 6:00,9.567000389,9.567000389,10.41100025
6/4/2018 7:00,9.777999878,9.777999878,10.41100025
6/4/2018 8:00,10.76299953,10.76299953,10.41100025
6/4/2018 9:00,11.18500042,11.18500042,10.41100025
6/4/2018 10:00,11.18500042,11.18500042,10.41100025
6/4/2018 11:00,11.18500042,11.18500042,10.41100025
6/4/2018 12:00,11.81799984,11.81799984,10.41100025
6/4/2018 13:00,11.67800045,11.67800045,10.41100025
6/4/2018 14:00,12.23999977,12.23999977,10.41100025
6/4/2018 15:00,12.38099957,12.38099957,10.41100025
6/4/2018 16:00,11.60700035,11.60700035,10.41100025
6/4/2018 17:00,10.76299953,10.76299953,10.41100025
6/4/2018 18:00,10.06000042,10.06000042,10.41100025
6/4/2018 19:00,9.637999535,9.637999535,10.41100025
6/4/2018 20:00,9.708000183,9.708000183,10.41100025
6/4/2018 21:00,9.848999977,9.848999977,10.41100025
6/4/2018 22:00,10.27099991,10.27099991,10.41100025
6/4/2018 23:00,10.13000011,10.13000011,10.41100025
6/5/2018 0:00,9.918999672,9.918999672,10.41100025
6/5/2018 1:00,9.637999535,9.637999535,10.41100025
6/5/2018 2:00,9.425999641,9.425999641,10.41100025
6/5/2018 3:00,9.708000183,9.708000183,10.41100025
6/5/2018 4:00,9.918999672,9.918999672,10.41100025
6/5/2018 5:00,9.848999977,9.848999977,10.41100025
6/5/2018 6:00,9.848999977,9.848999977,10.41100025
6/5/2018 7:00,10.06000042,10.06000042,10.41100025
6/5/2018 8:00,9.918999672,9.918999672,10.41100025
6/5/2018 9:00,10.13000011,10.13000011,10.41100025
6/5/2018 10:00,9.848999977,9.848999977,10.41100025
6/5/2018 11:00,9.918999672,9.918999672,10.41100025
6/5/2018 12:00,9.777999878,9.777999878,10.41100025
6/5/2018 13:00,10.13000011,10.13000011,10.41100025
6/5/2018 14:00,10.76299953,10.76299953,10.41100025
6/5/2018 15:00,10.90400028,10.90400028,10.41100025
6/5/2018 16:00,10.97399998,10.97399998,10.41100025
6/5/2018 17:00,10.83300018,10.83300018,10.41100025
6/5/2018 18:00,10.27099991,10.27099991,10.41100025
6/5/2018 19:00,9.567000389,9.567000389,10.41100025
6/5/2018 20:00,9.286000252,9.286000252,10.41100025
6/5/2018 21:00,9.215000153,9.215000153,10.41100025
6/5/2018 22:00,8.934000015,8.934000015,10.41100025
6/5/2018 23:00,8.934000015,8.934000015,10.41100025
6/6/2018 0:00,8.581999779,8.581999779,10.41100025
6/6/2018 1:00,8.581999779,8.581999779,10.41100025
6/6/2018 2:00,8.581999779,8.581999779,10.41100025
6/6/2018 3:00,8.512000084,8.512000084,10.41100025
6/6/2018 4:00,8.37100029,8.37100029,10.41100025
6/6/2018 5:00,8.159999847,8.159999847,10.41100025
6/6/2018 6:00,8.512000084,8.512000084,10.41100025
6/6/2018 7:00,9.496999741,9.496999741,10.41100025
6/6/2018 8:00,10.19999981,10.19999981,10.41100025
6/6/2018 9:00,10.27099991,10.27099991,10.41100025
6/6/2018 10:00,9.98900032,9.98900032,10.41100025
6/6/2018 11:00,10.13000011,10.13000011,10.41100025
6/6/2018 12:00,10.06000042,10.06000042,10.41100025
6/6/2018 13:00,10.55200005,10.55200005,10.41100025
6/6/2018 14:00,12.02900028,12.02900028,10.41100025
6/6/2018 15:00,13.15499973,13.15499973,10.41100025
6/6/2018 16:00,13.29599953,13.29599953,10.41100025
6/6/2018 17:00,12.94400024,12.94400024,10.41100025
6/6/2018 18:00,13.22500038,13.22500038,10.41100025
6/6/2018 19:00,11.39599991,11.39599991,10.41100025
6/6/2018 20:00,10.90400028,10.90400028,10.41100025
6/6/2018 21:00,11.04399967,11.04399967,10.41100025
6/6/2018 22:00,10.55200005,10.55200005,10.41100025
6/6/2018 23:00,10.27099991,10.27099991,10.41100025
6/7/2018 0:00,9.777999878,9.777999878,10.41100025
6/7/2018 1:00,10.13000011,10.13000011,10.41100025
6/7/2018 2:00,10.13000011,10.13000011,10.41100025
6/7/2018 3:00,9.848999977,9.848999977,10.41100025
6/7/2018 4:00,9.98900032,9.98900032,10.41100025
6/7/2018 5:00,9.918999672,9.918999672,10.41100025
6/7/2018 6:00,10.13000011,10.13000011,10.41100025
6/7/2018 7:00,10.48200035,10.48200035,10.41100025
6/7/2018 8:00,10.69299984,10.69299984,10.41100025
6/7/2018 9:00,10.83300018,10.83300018,10.41100025
6/7/2018 10:00,11.11499977,11.11499977,10.41100025
6/7/2018 11:00,11.5369997,11.5369997,10.41100025
6/7/2018 12:00,11.95899963,11.95899963,10.41100025
6/7/2018 13:00,12.02900028,12.02900028,10.41100025
6/7/2018 14:00,12.80300045,12.80300045,10.41100025
6/7/2018 15:00,12.7329998,12.7329998,10.41100025
6/7/2018 16:00,12.6619997,12.6619997,12.7329998
6/7/2018 17:00,12.6619997,12.6619997,12.7329998
6/7/2018 18:00,12.02900028,12.02900028,12.7329998
6/7/2018 19:00,11.67800045,11.67800045,12.7329998
6/7/2018 20:00,11.39599991,11.39599991,12.7329998
6/7/2018 21:00,10.83300018,10.83300018,12.7329998
6/7/2018 22:00,10.83300018,10.83300018,12.7329998
6/7/2018 23:00,10.3409996,10.3409996,12.7329998
6/8/2018 0:00,10.48200035,10.48200035,12.7329998
6/8/2018 1:00,10.41100025,10.41100025,12.7329998
6/8/2018 2:00,10.13000011,10.13000011,12.7329998
6/8/2018 3:00,10.06000042,10.06000042,12.7329998
6/8/2018 4:00,9.98900032,9.98900032,12.7329998
6/8/2018 5:00,9.708000183,9.708000183,12.7329998
6/8/2018 6:00,9.425999641,9.425999641,12.7329998
6/8/2018 7:00,9.777999878,9.777999878,12.7329998
6/8/2018 8:00,10.13000011,10.13000011,12.7329998
6/8/2018 9:00,10.19999981,10.19999981,12.7329998
6/8/2018 10:00,10.06000042,10.06000042,12.7329998
6/8/2018 11:00,10.3409996,10.3409996,12.7329998
6/8/2018 12:00,10.13000011,10.13000011,12.7329998
6/8/2018 13:00,9.918999672,9.918999672,12.7329998
6/8/2018 14:00,10.19999981,10.19999981,12.7329998
6/8/2018 15:00,10.3409996,10.3409996,12.7329998
6/8/2018 16:00,10.13000011,10.13000011,12.7329998
6/8/2018 17:00,9.918999672,9.918999672,12.7329998
6/8/2018 18:00,8.934000015,8.934000015,12.7329998
6/8/2018 19:00,9.00399971,9.00399971,12.7329998
6/8/2018 20:00,9.355999947,9.355999947,12.7329998
6/8/2018 21:00,8.86400032,8.86400032,12.7329998
6/8/2018 22:00,9.074999809,9.074999809,12.7329998
6/8/2018 23:00,8.722999573,8.722999573,12.7329998
6/9/2018 0:00,8.86400032,8.86400032,12.7329998
6/9/2018 1:00,8.86400032,8.86400032,12.7329998
6/9/2018 2:00,8.300999641,8.300999641,12.7329998
6/9/2018 3:00,8.020000458,8.020000458,12.7329998
6/9/2018 4:00,8.020000458,8.020000458,12.7329998
6/9/2018 5:00,8.159999847,8.159999847,12.7329998
6/9/2018 6:00,8.159999847,8.159999847,12.7329998
6/9/2018 7:00,8.159999847,8.159999847,12.7329998
6/9/2018 8:00,8.512000084,8.512000084,12.7329998
6/9/2018 9:00,8.442000389,8.442000389,12.7329998
6/9/2018 10:00,6.823999882,6.823999882,12.7329998
6/9/2018 11:00,3.025000095,3.025000095,12.7329998
6/9/2018 12:00,4.150000095,4.150000095,12.7329998
6/9/2018 13:00,3.938999891,3.938999891,12.7329998
6/9/2018 14:00,4.78399992,4.78399992,12.7329998
6/9/2018 15:00,5.768000126,5.768000126,12.7329998
6/9/2018 16:00,6.683000088,6.683000088,12.7329998
6/9/2018 17:00,6.894000053,6.894000053,12.7329998
6/9/2018 18:00,7.034999847,7.034999847,12.7329998
6/9/2018 19:00,6.40199995,6.40199995,12.7329998
6/9/2018 20:00,6.330999851,6.330999851,12.7329998
6/9/2018 21:00,6.050000191,6.050000191,12.7329998
6/9/2018 22:00,6.894000053,6.894000053,12.7329998
6/9/2018 23:00,7.245999813,7.245999813,12.7329998
6/10/2018 0:00,6.261000156,6.261000156,12.7329998
6/10/2018 1:00,6.823999882,6.823999882,12.7329998
6/10/2018 2:00,7.315999985,7.315999985,12.7329998
6/10/2018 3:00,7.668000221,7.668000221,12.7329998
6/10/2018 4:00,7.737999916,7.737999916,12.7329998
6/10/2018 5:00,7.456999779,7.456999779,12.7329998
6/10/2018 6:00,7.668000221,7.668000221,12.7329998
6/10/2018 7:00,8.020000458,8.020000458,12.7329998
6/10/2018 8:00,8.300999641,8.300999641,12.7329998
6/10/2018 9:00,8.159999847,8.159999847,12.7329998
6/10/2018 10:00,8.090000153,8.090000153,12.7329998
6/10/2018 11:00,8.090000153,8.090000153,12.7329998
6/10/2018 12:00,8.37100029,8.37100029,12.7329998
6/10/2018 13:00,8.934000015,8.934000015,12.7329998
6/10/2018 14:00,9.425999641,9.425999641,12.7329998
6/10/2018 15:00,9.567000389,9.567000389,12.7329998
6/10/2018 16:00,9.98900032,9.98900032,12.7329998
6/10/2018 17:00,9.286000252,9.286000252,12.7329998
6/10/2018 18:00,9.286000252,9.286000252,12.7329998
6/10/2018 19:00,9.145000458,9.145000458,12.7329998
6/10/2018 20:00,8.442000389,8.442000389,12.7329998
6/10/2018 21:00,8.722999573,8.722999573,12.7329998
6/10/2018 22:00,8.442000389,8.442000389,12.7329998
6/10/2018 23:00,8.230999947,8.230999947,12.7329998
6/11/2018 0:00,8.300999641,8.300999641,12.7329998
6/11/2018 1:00,7.879000187,7.879000187,12.7329998
6/11/2018 2:00,7.809000015,7.809000015,12.7329998
6/11/2018 3:00,7.809000015,7.809000015,12.7329998
6/11/2018 4:00,7.948999882,7.948999882,12.7329998
6/11/2018 5:00,7.948999882,7.948999882,12.7329998
6/11/2018 6:00,8.159999847,8.159999847,12.7329998
6/11/2018 7:00,8.512000084,8.512000084,12.7329998
6/11/2018 8:00,9.074999809,9.074999809,12.7329998
6/11/2018 9:00,9.074999809,9.074999809,12.7329998
6/11/2018 10:00,9.00399971,9.00399971,12.7329998
6/11/2018 11:00,9.074999809,9.074999809,12.7329998
6/11/2018 12:00,9.567000389,9.567000389,12.7329998
6/11/2018 13:00,10.19999981,10.19999981,12.7329998
6/11/2018 14:00,11.04399967,11.04399967,12.7329998
6/11/2018 15:00,12.02900028,12.02900028,12.7329998
6/11/2018 16:00,12.17000008,12.17000008,12.7329998
6/11/2018 17:00,12.31099987,12.31099987,12.7329998
6/11/2018 18:00,10.55200005,10.55200005,12.7329998
6/11/2018 19:00,10.90400028,10.90400028,12.7329998
6/11/2018 20:00,10.27099991,10.27099991,12.7329998
6/11/2018 21:00,10.27099991,10.27099991,12.7329998
6/11/2018 22:00,9.777999878,9.777999878,12.7329998
6/11/2018 23:00,9.848999977,9.848999977,12.7329998
6/12/2018 0:00,10.06000042,10.06000042,12.7329998
6/12/2018 1:00,9.777999878,9.777999878,12.7329998
6/12/2018 2:00,9.496999741,9.496999741,12.7329998
6/12/2018 3:00,9.848999977,9.848999977,12.7329998
6/12/2018 4:00,9.708000183,9.708000183,12.7329998
6/12/2018 5:00,9.496999741,9.496999741,12.7329998
6/12/2018 6:00,9.567000389,9.567000389,12.7329998
6/12/2018 7:00,10.3409996,10.3409996,12.7329998
6/12/2018 8:00,10.41100025,10.41100025,12.7329998
6/12/2018 9:00,10.62199974,10.62199974,12.7329998
6/12/2018 10:00,10.27099991,10.27099991,12.7329998
6/12/2018 11:00,10.3409996,10.3409996,12.7329998
6/12/2018 12:00,10.83300018,10.83300018,12.7329998
6/12/2018 13:00,11.5369997,11.5369997,12.7329998
6/12/2018 14:00,12.10000038,12.10000038,12.7329998
6/12/2018 15:00,13.57699966,13.57699966,12.7329998
6/12/2018 16:00,14.27999973,14.27999973,12.7329998
6/12/2018 17:00,13.50699997,13.50699997,12.7329998
6/12/2018 18:00,13.9289999,13.9289999,12.7329998
6/12/2018 19:00,12.02900028,12.02900028,12.7329998
6/12/2018 20:00,11.67800045,11.67800045,12.7329998
6/12/2018 21:00,11.04399967,11.04399967,12.7329998
6/12/2018 22:00,10.90400028,10.90400028,12.7329998
6/12/2018 23:00,11.18500042,11.18500042,12.7329998
6/13/2018 0:00,11.18500042,11.18500042,12.7329998
6/13/2018 1:00,10.76299953,10.76299953,12.7329998
6/13/2018 2:00,10.90400028,10.90400028,12.7329998
6/13/2018 3:00,10.83300018,10.83300018,12.7329998
6/13/2018 4:00,10.83300018,10.83300018,12.7329998
6/13/2018 5:00,10.62199974,10.62199974,12.7329998
6/13/2018 6:00,10.97399998,10.97399998,12.7329998
6/13/2018 7:00,11.46700001,11.46700001,12.7329998
6/13/2018 8:00,11.81799984,11.81799984,12.7329998
6/13/2018 9:00,11.18500042,11.18500042,12.7329998
6/13/2018 10:00,11.18500042,11.18500042,12.7329998
6/13/2018 11:00,11.5369997,11.5369997,12.7329998
6/13/2018 12:00,11.32600021,11.32600021,12.7329998
6/13/2018 13:00,12.31099987,12.31099987,12.7329998
6/13/2018 14:00,13.29599953,13.29599953,12.7329998
6/13/2018 15:00,14.14000034,14.14000034,12.7329998
6/13/2018 16:00,14.35099983,14.35099983,12.7329998
6/13/2018 17:00,13.64700031,13.64700031,12.7329998
6/13/2018 18:00,12.59200001,12.59200001,12.7329998
6/13/2018 19:00,11.67800045,11.67800045,12.7329998
6/13/2018 20:00,10.90400028,10.90400028,12.7329998
6/13/2018 21:00,10.69299984,10.69299984,12.7329998
6/13/2018 22:00,10.55200005,10.55200005,12.7329998
6/13/2018 23:00,10.55200005,10.55200005,12.7329998
6/14/2018 0:00,10.90400028,10.90400028,12.7329998
6/14/2018 1:00,10.90400028,10.90400028,12.7329998
6/14/2018 2:00,10.69299984,10.69299984,12.7329998
6/14/2018 3:00,10.97399998,10.97399998,12.7329998
6/14/2018 4:00,11.11499977,11.11499977,12.7329998
6/14/2018 5:00,10.83300018,10.83300018,12.7329998
6/14/2018 6:00,10.97399998,10.97399998,12.7329998
6/14/2018 7:00,10.90400028,10.90400028,12.7329998
6/14/2018 8:00,11.11499977,11.11499977,12.7329998
6/14/2018 9:00,11.11499977,11.11499977,12.7329998
6/14/2018 10:00,11.18500042,11.18500042,12.7329998
6/14/2018 11:00,11.25599957,11.25599957,12.7329998
6/14/2018 12:00,11.18500042,11.18500042,12.7329998
6/14/2018 13:00,11.81799984,11.81799984,12.7329998
6/14/2018 14:00,13.29599953,13.29599953,12.7329998
6/14/2018 15:00,13.57699966,13.57699966,12.7329998
6/14/2018 16:00,13.22500038,13.22500038,13.57699966
6/14/2018 17:00,13.08500004,13.08500004,13.57699966
6/14/2018 18:00,11.46700001,11.46700001,13.57699966
6/14/2018 19:00,11.32600021,11.32600021,13.57699966
6/14/2018 20:00,11.32600021,11.32600021,13.57699966
6/14/2018 21:00,11.18500042,11.18500042,13.57699966
6/14/2018 22:00,11.32600021,11.32600021,13.57699966
6/14/2018 23:00,10.62199974,10.62199974,13.57699966
6/15/2018 0:00,10.19999981,10.19999981,13.57699966
6/15/2018 1:00,10.19999981,10.19999981,13.57699966
6/15/2018 2:00,9.848999977,9.848999977,13.57699966
6/15/2018 3:00,10.13000011,10.13000011,13.57699966
6/15/2018 4:00,10.97399998,10.97399998,13.57699966
6/15/2018 5:00,10.19999981,10.19999981,13.57699966
6/15/2018 6:00,10.83300018,10.83300018,13.57699966
6/15/2018 7:00,11.11499977,11.11499977,13.57699966
6/15/2018 8:00,11.5369997,11.5369997,13.57699966
6/15/2018 9:00,10.55200005,10.55200005,13.57699966
6/15/2018 10:00,10.48200035,10.48200035,13.57699966
6/15/2018 11:00,10.3409996,10.3409996,13.57699966
6/15/2018 12:00,10.90400028,10.90400028,13.57699966
6/15/2018 13:00,11.11499977,11.11499977,13.57699966
6/15/2018 14:00,11.25599957,11.25599957,13.57699966
6/15/2018 15:00,11.81799984,11.81799984,13.57699966
6/15/2018 16:00,12.38099957,12.38099957,13.57699966
6/15/2018 17:00,11.95899963,11.95899963,13.57699966
6/15/2018 18:00,11.74800014,11.74800014,13.57699966
6/15/2018 19:00,10.48200035,10.48200035,13.57699966
6/15/2018 20:00,9.848999977,9.848999977,13.57699966
6/15/2018 21:00,9.425999641,9.425999641,13.57699966
6/15/2018 22:00,9.496999741,9.496999741,13.57699966
6/15/2018 23:00,9.425999641,9.425999641,13.57699966
6/16/2018 0:00,9.215000153,9.215000153,13.57699966
6/16/2018 1:00,9.286000252,9.286000252,13.57699966
6/16/2018 2:00,9.00399971,9.00399971,13.57699966
6/16/2018 3:00,8.86400032,8.86400032,13.57699966
6/16/2018 4:00,8.512000084,8.512000084,13.57699966
6/16/2018 5:00,8.512000084,8.512000084,13.57699966
6/16/2018 6:00,8.581999779,8.581999779,13.57699966
6/16/2018 7:00,8.793000221,8.793000221,13.57699966
6/16/2018 8:00,9.425999641,9.425999641,13.57699966
6/16/2018 9:00,8.722999573,8.722999573,13.57699966
6/16/2018 10:00,9.145000458,9.145000458,13.57699966
6/16/2018 11:00,9.00399971,9.00399971,13.57699966
6/16/2018 12:00,9.215000153,9.215000153,13.57699966
6/16/2018 13:00,9.425999641,9.425999641,13.57699966
6/16/2018 14:00,10.13000011,10.13000011,13.57699966
6/16/2018 15:00,10.76299953,10.76299953,13.57699966
6/16/2018 16:00,10.55200005,10.55200005,13.57699966
6/16/2018 17:00,9.918999672,9.918999672,13.57699966
6/16/2018 18:00,9.355999947,9.355999947,13.57699966
6/16/2018 19:00,9.215000153,9.215000153,13.57699966
6/16/2018 20:00,9.215000153,9.215000153,13.57699966
6/16/2018 21:00,8.442000389,8.442000389,13.57699966
6/16/2018 22:00,8.512000084,8.512000084,13.57699966
6/16/2018 23:00,8.300999641,8.300999641,13.57699966
6/17/2018 0:00,8.159999847,8.159999847,13.57699966
6/17/2018 1:00,8.512000084,8.512000084,13.57699966
6/17/2018 2:00,8.020000458,8.020000458,13.57699966
6/17/2018 3:00,8.020000458,8.020000458,13.57699966
6/17/2018 4:00,8.020000458,8.020000458,13.57699966
6/17/2018 5:00,7.948999882,7.948999882,13.57699966
6/17/2018 6:00,7.668000221,7.668000221,13.57699966
6/17/2018 7:00,7.948999882,7.948999882,13.57699966
6/17/2018 8:00,8.230999947,8.230999947,13.57699966
6/17/2018 9:00,8.37100029,8.37100029,13.57699966
6/17/2018 10:00,8.442000389,8.442000389,13.57699966
6/17/2018 11:00,8.652999878,8.652999878,13.57699966
6/17/2018 12:00,9.286000252,9.286000252,13.57699966
6/17/2018 13:00,10.27099991,10.27099991,13.57699966
6/17/2018 14:00,11.32600021,11.32600021,13.57699966
6/17/2018 15:00,12.45100021,12.45100021,13.57699966
6/17/2018 16:00,12.38099957,12.38099957,13.57699966
6/17/2018 17:00,11.5369997,11.5369997,13.57699966
6/17/2018 18:00,11.32600021,11.32600021,13.57699966
6/17/2018 19:00,10.83300018,10.83300018,13.57699966
6/17/2018 20:00,10.27099991,10.27099991,13.57699966
6/17/2018 21:00,10.19999981,10.19999981,13.57699966
6/17/2018 22:00,9.637999535,9.637999535,13.57699966
6/17/2018 23:00,9.567000389,9.567000389,13.57699966
6/18/2018 0:00,9.286000252,9.286000252,13.57699966
6/18/2018 1:00,9.215000153,9.215000153,13.57699966
6/18/2018 2:00,9.215000153,9.215000153,13.57699966
6/18/2018 3:00,8.86400032,8.86400032,13.57699966
6/18/2018 4:00,9.074999809,9.074999809,13.57699966
6/18/2018 5:00,9.00399971,9.00399971,13.57699966
6/18/2018 6:00,9.215000153,9.215000153,13.57699966
6/18/2018 7:00,9.286000252,9.286000252,13.57699966
6/18/2018 8:00,9.145000458,9.145000458,13.57699966
6/18/2018 9:00,9.777999878,9.777999878,13.57699966
6/18/2018 10:00,9.98900032,9.98900032,13.57699966
6/18/2018 11:00,10.06000042,10.06000042,13.57699966
6/18/2018 12:00,10.83300018,10.83300018,13.57699966
6/18/2018 13:00,11.18500042,11.18500042,13.57699966
6/18/2018 14:00,11.95899963,11.95899963,13.57699966
6/18/2018 15:00,13.08500004,13.08500004,13.57699966
6/18/2018 16:00,11.95899963,11.95899963,13.57699966
6/18/2018 17:00,12.02900028,12.02900028,13.57699966
6/18/2018 18:00,12.02900028,12.02900028,13.57699966
6/18/2018 19:00,11.81799984,11.81799984,13.57699966
6/18/2018 20:00,10.62199974,10.62199974,13.57699966
6/18/2018 21:00,10.19999981,10.19999981,13.57699966
6/18/2018 22:00,10.13000011,10.13000011,13.57699966
6/18/2018 23:00,10.27099991,10.27099991,13.57699966
6/19/2018 0:00,9.777999878,9.777999878,13.57699966
6/19/2018 1:00,9.215000153,9.215000153,13.57699966
6/19/2018 2:00,9.215000153,9.215000153,13.57699966
6/19/2018 3:00,9.074999809,9.074999809,13.57699966
6/19/2018 4:00,9.00399971,9.00399971,13.57699966
6/19/2018 5:00,9.145000458,9.145000458,13.57699966
6/19/2018 6:00,9.637999535,9.637999535,13.57699966
6/19/2018 7:00,9.496999741,9.496999741,13.57699966
6/19/2018 8:00,9.074999809,9.074999809,13.57699966
6/19/2018 9:00,9.355999947,9.355999947,13.57699966
6/19/2018 10:00,9.777999878,9.777999878,13.57699966
6/19/2018 11:00,9.848999977,9.848999977,13.57699966
6/19/2018 12:00,10.13000011,10.13000011,13.57699966
6/19/2018 13:00,9.777999878,9.777999878,13.57699966
6/19/2018 14:00,5.55700016,5.55700016,13.57699966
6/19/2018 15:00,5.627999783,5.627999783,13.57699966
6/19/2018 16:00,4.643000126,4.643000126,13.57699966
6/19/2018 17:00,5.276000023,5.276000023,13.57699966
6/19/2018 18:00,6.683000088,6.683000088,13.57699966
6/19/2018 19:00,6.752999783,6.752999783,13.57699966
6/19/2018 20:00,7.105000019,7.105000019,13.57699966
6/19/2018 21:00,4.572999954,4.572999954,13.57699966
6/19/2018 22:00,5.135000229,5.135000229,13.57699966
6/19/2018 23:00,5.90899992,5.90899992,13.57699966
6/20/2018 0:00,6.541999817,6.541999817,13.57699966
6/20/2018 1:00,7.315999985,7.315999985,13.57699966
6/20/2018 2:00,6.964000225,6.964000225,13.57699966
6/20/2018 3:00,7.105000019,7.105000019,13.57699966
6/20/2018 4:00,7.105000019,7.105000019,13.57699966
6/20/2018 5:00,7.105000019,7.105000019,13.57699966
6/20/2018 6:00,7.315999985,7.315999985,13.57699966
6/20/2018 7:00,7.456999779,7.456999779,13.57699966
6/20/2018 8:00,7.105000019,7.105000019,13.57699966
6/20/2018 9:00,7.456999779,7.456999779,13.57699966
6/20/2018 10:00,8.090000153,8.090000153,13.57699966
6/20/2018 11:00,8.090000153,8.090000153,13.57699966
6/20/2018 12:00,8.512000084,8.512000084,13.57699966
6/20/2018 13:00,8.37100029,8.37100029,13.57699966
6/20/2018 14:00,8.934000015,8.934000015,13.57699966
6/20/2018 15:00,8.722999573,8.722999573,13.57699966
6/20/2018 16:00,8.86400032,8.86400032,13.57699966
6/20/2018 17:00,9.286000252,9.286000252,13.57699966
6/20/2018 18:00,9.145000458,9.145000458,13.57699966
6/20/2018 19:00,9.286000252,9.286000252,13.57699966
6/20/2018 20:00,9.215000153,9.215000153,13.57699966
6/20/2018 21:00,8.652999878,8.652999878,13.57699966
6/20/2018 22:00,8.722999573,8.722999573,13.57699966
6/20/2018 23:00,9.00399971,9.00399971,13.57699966
6/21/2018 0:00,9.00399971,9.00399971,13.57699966
6/21/2018 1:00,8.934000015,8.934000015,13.57699966
6/21/2018 2:00,8.581999779,8.581999779,13.57699966
6/21/2018 3:00,8.37100029,8.37100029,13.57699966
6/21/2018 4:00,8.512000084,8.512000084,13.57699966
6/21/2018 5:00,8.512000084,8.512000084,13.57699966
6/21/2018 6:00,8.86400032,8.86400032,13.57699966
6/21/2018 7:00,8.300999641,8.300999641,13.57699966
6/21/2018 8:00,8.86400032,8.86400032,13.57699966
6/21/2018 9:00,8.512000084,8.512000084,13.57699966
6/21/2018 10:00,8.37100029,8.37100029,13.57699966
6/21/2018 11:00,8.512000084,8.512000084,13.57699966
6/21/2018 12:00,8.442000389,8.442000389,13.57699966
6/21/2018 13:00,8.86400032,8.86400032,13.57699966
6/21/2018 14:00,9.567000389,9.567000389,13.57699966
6/21/2018 15:00,9.918999672,9.918999672,13.57699966
6/21/2018 16:00,10.06000042,10.06000042,9.918999672
6/21/2018 17:00,9.848999977,9.848999977,9.918999672
6/21/2018 18:00,9.637999535,9.637999535,9.918999672
6/21/2018 19:00,9.00399971,9.00399971,9.918999672
6/21/2018 20:00,8.652999878,8.652999878,9.918999672
6/21/2018 21:00,8.37100029,8.37100029,9.918999672
6/21/2018 22:00,8.159999847,8.159999847,9.918999672
6/21/2018 23:00,8.090000153,8.090000153,9.918999672
6/22/2018 0:00,8.230999947,8.230999947,9.918999672
6/22/2018 1:00,8.37100029,8.37100029,9.918999672
6/22/2018 2:00,8.159999847,8.159999847,9.918999672
6/22/2018 3:00,8.020000458,8.020000458,9.918999672
6/22/2018 4:00,7.809000015,7.809000015,9.918999672
6/22/2018 5:00,7.668000221,7.668000221,9.918999672
6/22/2018 6:00,5.627999783,5.627999783,9.918999672
6/22/2018 7:00,7.034999847,7.034999847,9.918999672
6/22/2018 8:00,4.854000092,4.854000092,9.918999672
6/22/2018 9:00,6.683000088,6.683000088,9.918999672
6/22/2018 10:00,6.40199995,6.40199995,9.918999672
6/22/2018 11:00,6.752999783,6.752999783,9.918999672
6/22/2018 12:00,3.657999992,3.657999992,9.918999672
6/22/2018 13:00,3.657999992,3.657999992,9.918999672
6/22/2018 14:00,4.150000095,4.150000095,9.918999672
6/22/2018 15:00,4.643000126,4.643000126,9.918999672
6/22/2018 16:00,5.979000092,5.979000092,9.918999672
6/22/2018 17:00,4.361999989,4.361999989,9.918999672
6/22/2018 18:00,4.643000126,4.643000126,9.918999672
6/22/2018 19:00,5.839000225,5.839000225,9.918999672
6/22/2018 20:00,5.90899992,5.90899992,9.918999672
6/22/2018 21:00,5.979000092,5.979000092,9.918999672
6/22/2018 22:00,5.839000225,5.839000225,9.918999672
6/22/2018 23:00,5.839000225,5.839000225,9.918999672
6/23/2018 0:00,5.346000195,5.346000195,9.918999672
6/23/2018 1:00,5.416999817,5.416999817,9.918999672
6/23/2018 2:00,5.416999817,5.416999817,9.918999672
6/23/2018 3:00,5.768000126,5.768000126,9.918999672
6/23/2018 4:00,5.90899992,5.90899992,9.918999672
6/23/2018 5:00,6.261000156,6.261000156,9.918999672
6/23/2018 6:00,6.683000088,6.683000088,9.918999672
6/23/2018 7:00,6.472000122,6.472000122,9.918999672
6/23/2018 8:00,6.40199995,6.40199995,9.918999672
6/23/2018 9:00,6.964000225,6.964000225,9.918999672
6/23/2018 10:00,7.52699995,7.52699995,9.918999672
6/23/2018 11:00,7.737999916,7.737999916,9.918999672
6/23/2018 12:00,7.809000015,7.809000015,9.918999672
6/23/2018 13:00,7.668000221,7.668000221,9.918999672
6/23/2018 14:00,8.159999847,8.159999847,9.918999672
6/23/2018 15:00,7.809000015,7.809000015,9.918999672
6/23/2018 16:00,8.159999847,8.159999847,9.918999672
6/23/2018 17:00,7.809000015,7.809000015,9.918999672
6/23/2018 18:00,8.300999641,8.300999641,9.918999672
6/23/2018 19:00,8.020000458,8.020000458,9.918999672
6/23/2018 20:00,7.668000221,7.668000221,9.918999672
6/23/2018 21:00,7.386000156,7.386000156,9.918999672
6/23/2018 22:00,7.315999985,7.315999985,9.918999672
6/23/2018 23:00,7.175000191,7.175000191,9.918999672
6/24/2018 0:00,6.894000053,6.894000053,9.918999672
6/24/2018 1:00,6.612999916,6.612999916,9.918999672
6/24/2018 2:00,6.40199995,6.40199995,9.918999672
6/24/2018 3:00,6.541999817,6.541999817,9.918999672
6/24/2018 4:00,6.964000225,6.964000225,9.918999672
6/24/2018 5:00,6.894000053,6.894000053,9.918999672
6/24/2018 6:00,7.456999779,7.456999779,9.918999672
6/24/2018 7:00,7.456999779,7.456999779,9.918999672
6/24/2018 8:00,8.442000389,8.442000389,9.918999672
6/24/2018 9:00,7.948999882,7.948999882,9.918999672
6/24/2018 10:00,8.512000084,8.512000084,9.918999672
6/24/2018 11:00,9.00399971,9.00399971,9.918999672
6/24/2018 12:00,9.286000252,9.286000252,9.918999672
6/24/2018 13:00,9.215000153,9.215000153,9.918999672
6/24/2018 14:00,9.286000252,9.286000252,9.918999672
6/24/2018 15:00,9.355999947,9.355999947,9.918999672
6/24/2018 16:00,9.496999741,9.496999741,9.918999672
6/24/2018 17:00,9.215000153,9.215000153,9.918999672
6/24/2018 18:00,9.145000458,9.145000458,9.918999672
6/24/2018 19:00,9.074999809,9.074999809,9.918999672
6/24/2018 20:00,8.86400032,8.86400032,9.918999672
6/24/2018 21:00,8.37100029,8.37100029,9.918999672
6/24/2018 22:00,8.37100029,8.37100029,9.918999672
6/24/2018 23:00,8.512000084,8.512000084,9.918999672
6/25/2018 0:00,8.722999573,8.722999573,9.918999672
6/25/2018 1:00,9.00399971,9.00399971,9.918999672
6/25/2018 2:00,9.567000389,9.567000389,9.918999672
6/25/2018 3:00,9.567000389,9.567000389,9.918999672
6/25/2018 4:00,8.512000084,8.512000084,9.918999672
6/25/2018 5:00,8.652999878,8.652999878,9.918999672
6/25/2018 6:00,8.934000015,8.934000015,9.918999672
6/25/2018 7:00,9.567000389,9.567000389,9.918999672
6/25/2018 8:00,10.97399998,10.97399998,9.918999672
6/25/2018 9:00,11.46700001,11.46700001,9.918999672
6/25/2018 10:00,11.18500042,11.18500042,9.918999672
6/25/2018 11:00,10.69299984,10.69299984,9.918999672
6/25/2018 12:00,10.27099991,10.27099991,9.918999672
6/25/2018 13:00,10.62199974,10.62199974,9.918999672
6/25/2018 14:00,11.25599957,11.25599957,9.918999672
6/25/2018 15:00,11.60700035,11.60700035,9.918999672
6/25/2018 16:00,12.38099957,12.38099957,9.918999672
6/25/2018 17:00,11.46700001,11.46700001,9.918999672
6/25/2018 18:00,11.18500042,11.18500042,9.918999672
6/25/2018 19:00,10.55200005,10.55200005,9.918999672
6/25/2018 20:00,9.98900032,9.98900032,9.918999672
6/25/2018 21:00,9.98900032,9.98900032,9.918999672
6/25/2018 22:00,9.567000389,9.567000389,9.918999672
6/25/2018 23:00,9.425999641,9.425999641,9.918999672
6/26/2018 0:00,9.708000183,9.708000183,9.918999672
6/26/2018 1:00,9.637999535,9.637999535,9.918999672
6/26/2018 2:00,9.777999878,9.777999878,9.918999672
6/26/2018 3:00,9.567000389,9.567000389,9.918999672
6/26/2018 4:00,9.425999641,9.425999641,9.918999672
6/26/2018 5:00,9.286000252,9.286000252,9.918999672
6/26/2018 6:00,9.286000252,9.286000252,9.918999672
6/26/2018 7:00,9.637999535,9.637999535,9.918999672
6/26/2018 8:00,9.425999641,9.425999641,9.918999672
6/26/2018 9:00,9.074999809,9.074999809,9.918999672
6/26/2018 10:00,8.934000015,8.934000015,9.918999672
6/26/2018 11:00,9.215000153,9.215000153,9.918999672
6/26/2018 12:00,9.215000153,9.215000153,9.918999672
6/26/2018 13:00,9.425999641,9.425999641,9.918999672
6/26/2018 14:00,10.19999981,10.19999981,9.918999672
6/26/2018 15:00,10.90400028,10.90400028,9.918999672
6/26/2018 16:00,11.04399967,11.04399967,9.918999672
6/26/2018 17:00,10.27099991,10.27099991,9.918999672
6/26/2018 18:00,9.777999878,9.777999878,9.918999672
6/26/2018 19:00,9.567000389,9.567000389,9.918999672
