date,OT,actual,forecast
2/1/2018 16:00,3.799000025,3.799000025,3.938999891
2/1/2018 17:00,3.588000059,3.588000059,3.938999891
2/1/2018 18:00,3.799000025,3.799000025,3.938999891
2/1/2018 19:00,3.588000059,3.588000059,3.938999891
2/1/2018 20:00,3.305999994,3.305999994,3.938999891
2/1/2018 21:00,3.657999992,3.657999992,3.938999891
2/1/2018 22:00,4.290999889,4.290999889,3.938999891
2/1/2018 23:00,3.938999891,3.938999891,3.938999891
2/2/2018 0:00,3.799000025,3.799000025,3.938999891
2/2/2018 1:00,4.361999989,4.361999989,3.938999891
2/2/2018 2:00,4.643000126,4.643000126,3.938999891
2/2/2018 3:00,4.221000195,4.221000195,3.938999891
2/2/2018 4:00,4.079999924,4.079999924,3.938999891
2/2/2018 5:00,3.868999958,3.868999958,3.938999891
2/2/2018 6:00,3.938999891,3.938999891,3.938999891
2/2/2018 7:00,3.727999926,3.727999926,3.938999891
2/2/2018 8:00,3.868999958,3.868999958,3.938999891
2/2/2018 9:00,4.43200016,4.43200016,3.938999891
2/2/2018 10:00,3.377000093,3.377000093,3.938999891
2/2/2018 11:00,4.079999924,4.079999924,3.938999891
2/2/2018 12:00,3.588000059,3.588000059,3.938999891
2/2/2018 13:00,3.447000027,3.447000027,3.938999891
2/2/2018 14:00,3.305999994,3.305999994,3.938999891
2/2/2018 15:00,3.868999958,3.868999958,3.938999891
2/2/2018 16:00,3.305999994,3.305999994,3.938999891
2/2/2018 17:00,3.51699996,3.51699996,3.938999891
2/2/2018 18:00,2.321000099,2.321000099,3.938999891
2/2/2018 19:00,2.039999962,2.039999962,3.938999891
2/2/2018 20:00,1.899000049,1.899000049,3.938999891
2/2/2018 21:00,2.461999893,2.461999893,3.938999891
2/2/2018 22:00,2.532000065,2.532000065,3.938999891
2/2/2018 23:00,2.039999962,2.039999962,3.938999891
2/3/2018 0:00,2.039999962,2.039999962,3.938999891
2/3/2018 1:00,0.843999982,0.843999982,3.938999891
2/3/2018 2:00,0.703000009,0.703000009,3.938999891
2/3/2018 3:00,0.703000009,0.703000009,3.938999891
2/3/2018 4:00,1.337000012,1.337000012,3.938999891
2/3/2018 5:00,0.773999989,0.773999989,3.938999891
2/3/2018 6:00,0.0,0.0,3.938999891
2/3/2018 7:00,0.0,0.0,3.938999891
2/3/2018 8:00,0.0,0.0,3.938999891
2/3/2018 9:00,0.773999989,0.773999989,3.938999891
2/3/2018 10:00,1.406999946,1.406999946,3.938999891
2/3/2018 11:00,2.039999962,2.039999962,3.938999891
2/3/2018 12:00,1.266000032,1.266000032,3.938999891
2/3/2018 13:00,1.970000029,1.970000029,3.938999891
2/3/2018 14:00,3.447000027,3.447000027,3.938999891
2/3/2018 15:00,3.447000027,3.447000027,3.938999891
2/3/2018 16:00,3.657999992,3.657999992,3.938999891
2/3/2018 17:00,3.236000061,3.236000061,3.938999891
2/3/2018 18:00,2.461999893,2.461999893,3.938999891
2/3/2018 19:00,2.39199996,2.39199996,3.938999891
2/3/2018 20:00,1.687999964,1.687999964,3.938999891
2/3/2018 21:00,1.266000032,1.266000032,3.938999891
2/3/2018 22:00,2.180999994,2.180999994,3.938999891
2/3/2018 23:00,0.773999989,0.773999989,3.938999891
2/4/2018 0:00,1.899000049,1.899000049,3.938999891
2/4/2018 1:00,1.828999996,1.828999996,3.938999891
2/4/2018 2:00,2.250999928,2.250999928,3.938999891
2/4/2018 3:00,2.039999962,2.039999962,3.938999891
2/4/2018 4:00,2.180999994,2.180999994,3.938999891
2/4/2018 5:00,2.39199996,2.39199996,3.938999891
2/4/2018 6:00,1.687999964,1.687999964,3.938999891
2/4/2018 7:00,1.547999978,1.547999978,3.938999891
2/4/2018 8:00,1.899000049,1.899000049,3.938999891
2/4/2018 9:00,2.673000097,2.673000097,3.938999891
2/4/2018 10:00,2.884000063,2.884000063,3.938999891
2/4/2018 11:00,3.799000025,3.799000025,3.938999891
2/4/2018 12:00,2.954999924,2.954999924,3.938999891
2/4/2018 13:00,3.377000093,3.377000093,3.938999891
2/4/2018 14:00,4.43200016,4.43200016,3.938999891
2/4/2018 15:00,3.868999958,3.868999958,3.938999891
2/4/2018 16:00,4.150000095,4.150000095,3.938999891
2/4/2018 17:00,4.150000095,4.150000095,3.938999891
2/4/2018 18:00,3.236000061,3.236000061,3.938999891
2/4/2018 19:00,2.884000063,2.884000063,3.938999891
2/4/2018 20:00,2.461999893,2.461999893,3.938999891
2/4/2018 21:00,3.447000027,3.447000027,3.938999891
2/4/2018 22:00,4.079999924,4.079999924,3.938999891
2/4/2018 23:00,3.588000059,3.588000059,3.938999891
2/5/2018 0:00,4.290999889,4.290999889,3.938999891
2/5/2018 1:00,3.799000025,3.799000025,3.938999891
2/5/2018 2:00,3.165999889,3.165999889,3.938999891
2/5/2018 3:00,4.079999924,4.079999924,3.938999891
2/5/2018 4:00,3.095000029,3.095000029,3.938999891
2/5/2018 5:00,3.588000059,3.588000059,3.938999891
2/5/2018 6:00,2.884000063,2.884000063,3.938999891
2/5/2018 7:00,3.025000095,3.025000095,3.938999891
2/5/2018 8:00,3.588000059,3.588000059,3.938999891
2/5/2018 9:00,3.447000027,3.447000027,3.938999891
2/5/2018 10:00,2.884000063,2.884000063,3.938999891
2/5/2018 11:00,3.868999958,3.868999958,3.938999891
2/5/2018 12:00,2.884000063,2.884000063,3.938999891
2/5/2018 13:00,3.305999994,3.305999994,3.938999891
2/5/2018 14:00,4.501999855,4.501999855,3.938999891
2/5/2018 15:00,4.010000229,4.010000229,3.938999891
2/5/2018 16:00,4.079999924,4.079999924,3.938999891
2/5/2018 17:00,5.205999851,5.205999851,3.938999891
2/5/2018 18:00,4.290999889,4.290999889,3.938999891
2/5/2018 19:00,4.290999889,4.290999889,3.938999891
2/5/2018 20:00,3.938999891,3.938999891,3.938999891
2/5/2018 21:00,4.221000195,4.221000195,3.938999891
2/5/2018 22:00,4.290999889,4.290999889,3.938999891
2/5/2018 23:00,3.799000025,3.799000025,3.938999891
2/6/2018 0:00,3.938999891,3.938999891,3.938999891
2/6/2018 1:00,4.221000195,4.221000195,3.938999891
2/6/2018 2:00,3.799000025,3.799000025,3.938999891
2/6/2018 3:00,3.51699996,3.51699996,3.938999891
2/6/2018 4:00,4.290999889,4.290999889,3.938999891
2/6/2018 5:00,4.010000229,4.010000229,3.938999891
2/6/2018 6:00,4.010000229,4.010000229,3.938999891
2/6/2018 7:00,1.547999978,1.547999978,3.938999891
2/6/2018 8:00,1.19599998,1.19599998,3.938999891
2/6/2018 9:00,1.126000047,1.126000047,3.938999891
2/6/2018 10:00,1.476999998,1.476999998,3.938999891
2/6/2018 11:00,1.687999964,1.687999964,3.938999891
2/6/2018 12:00,1.758999944,1.758999944,3.938999891
2/6/2018 13:00,2.461999893,2.461999893,3.938999891
2/6/2018 14:00,4.501999855,4.501999855,3.938999891
2/6/2018 15:00,3.799000025,3.799000025,3.938999891
2/6/2018 16:00,2.673000097,2.673000097,3.938999891
2/6/2018 17:00,2.673000097,2.673000097,3.938999891
2/6/2018 18:00,2.602999926,2.602999926,3.938999891
2/6/2018 19:00,2.250999928,2.250999928,3.938999891
2/6/2018 20:00,2.180999994,2.180999994,3.938999891
2/6/2018 21:00,2.532000065,2.532000065,3.938999891
2/6/2018 22:00,2.602999926,2.602999926,3.938999891
2/6/2018 23:00,2.250999928,2.250999928,3.938999891
2/7/2018 0:00,1.828999996,1.828999996,3.938999891
2/7/2018 1:00,2.039999962,2.039999962,3.938999891
2/7/2018 2:00,1.970000029,1.970000029,3.938999891
2/7/2018 3:00,2.461999893,2.461999893,3.938999891
2/7/2018 4:00,2.250999928,2.250999928,3.938999891
2/7/2018 5:00,2.321000099,2.321000099,3.938999891
2/7/2018 6:00,2.461999893,2.461999893,3.938999891
2/7/2018 7:00,2.602999926,2.602999926,3.938999891
2/7/2018 8:00,2.884000063,2.884000063,3.938999891
2/7/2018 9:00,3.588000059,3.588000059,3.938999891
2/7/2018 10:00,4.150000095,4.150000095,3.938999891
2/7/2018 11:00,4.501999855,4.501999855,3.938999891
2/7/2018 12:00,4.010000229,4.010000229,3.938999891
2/7/2018 13:00,4.290999889,4.290999889,3.938999891
2/7/2018 14:00,4.572999954,4.572999954,3.938999891
2/7/2018 15:00,4.923999786,4.923999786,3.938999891
2/7/2018 16:00,4.643000126,4.643000126,3.938999891
2/7/2018 17:00,5.065000057,5.065000057,3.938999891
2/7/2018 18:00,4.994999886,4.994999886,3.938999891
2/7/2018 19:00,5.135000229,5.135000229,3.938999891
2/7/2018 20:00,5.135000229,5.135000229,3.938999891
2/7/2018 21:00,4.643000126,4.643000126,3.938999891
2/7/2018 22:00,4.643000126,4.643000126,3.938999891
2/7/2018 23:00,3.588000059,3.588000059,3.938999891
2/8/2018 0:00,1.899000049,1.899000049,3.938999891
2/8/2018 1:00,2.109999895,2.109999895,3.938999891
2/8/2018 2:00,4.150000095,4.150000095,3.938999891
2/8/2018 3:00,4.221000195,4.221000195,3.938999891
2/8/2018 4:00,3.727999926,3.727999926,3.938999891
2/8/2018 5:00,3.588000059,3.588000059,3.938999891
2/8/2018 6:00,3.727999926,3.727999926,3.938999891
2/8/2018 7:00,3.165999889,3.165999889,3.938999891
2/8/2018 8:00,3.025000095,3.025000095,3.938999891
2/8/2018 9:00,2.180999994,2.180999994,3.938999891
2/8/2018 10:00,2.532000065,2.532000065,3.938999891
2/8/2018 11:00,2.884000063,2.884000063,3.938999891
2/8/2018 12:00,3.025000095,3.025000095,3.938999891
2/8/2018 13:00,2.884000063,2.884000063,3.938999891
2/8/2018 14:00,3.938999891,3.938999891,3.938999891
2/8/2018 15:00,3.588000059,3.588000059,3.938999891
2/8/2018 16:00,3.447000027,3.447000027,3.588000059
2/8/2018 17:00,3.868999958,3.868999958,3.588000059
2/8/2018 18:00,3.377000093,3.377000093,3.588000059
2/8/2018 19:00,2.813999891,2.813999891,3.588000059
2/8/2018 20:00,2.743999958,2.743999958,3.588000059
2/8/2018 21:00,2.884000063,2.884000063,3.588000059
2/8/2018 22:00,2.813999891,2.813999891,3.588000059
2/8/2018 23:00,2.602999926,2.602999926,3.588000059
2/9/2018 0:00,2.813999891,2.813999891,3.588000059
2/9/2018 1:00,2.602999926,2.602999926,3.588000059
2/9/2018 2:00,2.954999924,2.954999924,3.588000059
2/9/2018 3:00,2.884000063,2.884000063,3.588000059
2/9/2018 4:00,3.377000093,3.377000093,3.588000059
2/9/2018 5:00,3.305999994,3.305999994,3.588000059
2/9/2018 6:00,3.305999994,3.305999994,3.588000059
2/9/2018 7:00,3.305999994,3.305999994,3.588000059
2/9/2018 8:00,3.377000093,3.377000093,3.588000059
2/9/2018 9:00,3.588000059,3.588000059,3.588000059
2/9/2018 10:00,3.727999926,3.727999926,3.588000059
2/9/2018 11:00,4.643000126,4.643000126,3.588000059
2/9/2018 12:00,5.697999954,5.697999954,3.588000059
2/9/2018 13:00,5.486999989,5.486999989,3.588000059
2/9/2018 14:00,5.768000126,5.768000126,3.588000059
2/9/2018 15:00,5.768000126,5.768000126,3.588000059
2/9/2018 16:00,5.768000126,5.768000126,3.588000059
2/9/2018 17:00,5.768000126,5.768000126,3.588000059
2/9/2018 18:00,5.627999783,5.627999783,3.588000059
2/9/2018 19:00,5.346000195,5.346000195,3.588000059
2/9/2018 20:00,5.839000225,5.839000225,3.588000059
2/9/2018 21:00,5.697999954,5.697999954,3.588000059
2/9/2018 22:00,5.416999817,5.416999817,3.588000059
2/9/2018 23:00,5.768000126,5.768000126,3.588000059
2/10/2018 0:00,5.839000225,5.839000225,3.588000059
2/10/2018 1:00,5.90899992,5.90899992,3.588000059
2/10/2018 2:00,6.190999985,6.190999985,3.588000059
2/10/2018 3:00,5.697999954,5.697999954,3.588000059
2/10/2018 4:00,4.712999821,4.712999821,3.588000059
2/10/2018 5:00,4.643000126,4.643000126,3.588000059
2/10/2018 6:00,3.095000029,3.095000029,3.588000059
2/10/2018 7:00,2.813999891,2.813999891,3.588000059
2/10/2018 8:00,3.447000027,3.447000027,3.588000059
2/10/2018 9:00,2.321000099,2.321000099,3.588000059
2/10/2018 10:00,1.899000049,1.899000049,3.588000059
2/10/2018 11:00,2.250999928,2.250999928,3.588000059
2/10/2018 12:00,3.025000095,3.025000095,3.588000059
2/10/2018 13:00,3.025000095,3.025000095,3.588000059
2/10/2018 14:00,3.938999891,3.938999891,3.588000059
2/10/2018 15:00,3.236000061,3.236000061,3.588000059
2/10/2018 16:00,3.727999926,3.727999926,3.588000059
2/10/2018 17:00,4.150000095,4.150000095,3.588000059
2/10/2018 18:00,4.221000195,4.221000195,3.588000059
2/10/2018 19:00,3.727999926,3.727999926,3.588000059
2/10/2018 20:00,3.799000025,3.799000025,3.588000059
2/10/2018 21:00,3.868999958,3.868999958,3.588000059
2/10/2018 22:00,3.095000029,3.095000029,3.588000059
2/10/2018 23:00,1.337000012,1.337000012,3.588000059
2/11/2018 0:00,2.532000065,2.532000065,3.588000059
2/11/2018 1:00,3.095000029,3.095000029,3.588000059
2/11/2018 2:00,4.290999889,4.290999889,3.588000059
2/11/2018 3:00,3.938999891,3.938999891,3.588000059
2/11/2018 4:00,3.868999958,3.868999958,3.588000059
2/11/2018 5:00,3.657999992,3.657999992,3.588000059
2/11/2018 6:00,2.673000097,2.673000097,3.588000059
2/11/2018 7:00,3.095000029,3.095000029,3.588000059
2/11/2018 8:00,4.079999924,4.079999924,3.588000059
2/11/2018 9:00,3.377000093,3.377000093,3.588000059
2/11/2018 10:00,2.813999891,2.813999891,3.588000059
2/11/2018 11:00,3.377000093,3.377000093,3.588000059
2/11/2018 12:00,2.954999924,2.954999924,3.588000059
2/11/2018 13:00,2.743999958,2.743999958,3.588000059
2/11/2018 14:00,3.447000027,3.447000027,3.588000059
2/11/2018 15:00,3.095000029,3.095000029,3.588000059
2/11/2018 16:00,3.095000029,3.095000029,3.588000059
2/11/2018 17:00,2.461999893,2.461999893,3.588000059
2/11/2018 18:00,1.970000029,1.970000029,3.588000059
2/11/2018 19:00,3.095000029,3.095000029,3.588000059
2/11/2018 20:00,1.899000049,1.899000049,3.588000059
2/11/2018 21:00,2.743999958,2.743999958,3.588000059
2/11/2018 22:00,3.657999992,3.657999992,3.588000059
2/11/2018 23:00,3.165999889,3.165999889,3.588000059
2/12/2018 0:00,3.095000029,3.095000029,3.588000059
2/12/2018 1:00,3.095000029,3.095000029,3.588000059
2/12/2018 2:00,2.743999958,2.743999958,3.588000059
2/12/2018 3:00,2.743999958,2.743999958,3.588000059
2/12/2018 4:00,2.884000063,2.884000063,3.588000059
2/12/2018 5:00,2.884000063,2.884000063,3.588000059
2/12/2018 6:00,2.673000097,2.673000097,3.588000059
2/12/2018 7:00,2.532000065,2.532000065,3.588000059
2/12/2018 8:00,1.618000031,1.618000031,3.588000059
2/12/2018 9:00,1.758999944,1.758999944,3.588000059
2/12/2018 10:00,1.054999948,1.054999948,3.588000059
2/12/2018 11:00,1.618000031,1.618000031,3.588000059
2/12/2018 12:00,1.337000012,1.337000012,3.588000059
2/12/2018 13:00,1.899000049,1.899000049,3.588000059
2/12/2018 14:00,3.236000061,3.236000061,3.588000059
2/12/2018 15:00,2.602999926,2.602999926,3.588000059
2/12/2018 16:00,2.532000065,2.532000065,3.588000059
2/12/2018 17:00,2.180999994,2.180999994,3.588000059
2/12/2018 18:00,2.532000065,2.532000065,3.588000059
2/12/2018 19:00,3.095000029,3.095000029,3.588000059
2/12/2018 20:00,3.51699996,3.51699996,3.588000059
2/12/2018 21:00,3.799000025,3.799000025,3.588000059
2/12/2018 22:00,3.799000025,3.799000025,3.588000059
2/12/2018 23:00,4.150000095,4.150000095,3.588000059
2/13/2018 0:00,4.290999889,4.290999889,3.588000059
2/13/2018 1:00,4.290999889,4.290999889,3.588000059
2/13/2018 2:00,4.079999924,4.079999924,3.588000059
2/13/2018 3:00,3.305999994,3.305999994,3.588000059
2/13/2018 4:00,3.799000025,3.799000025,3.588000059
2/13/2018 5:00,3.447000027,3.447000027,3.588000059
2/13/2018 6:00,3.588000059,3.588000059,3.588000059
2/13/2018 7:00,3.305999994,3.305999994,3.588000059
2/13/2018 8:00,3.588000059,3.588000059,3.588000059
2/13/2018 9:00,4.079999924,4.079999924,3.588000059
2/13/2018 10:00,4.923999786,4.923999786,3.588000059
2/13/2018 11:00,5.697999954,5.697999954,3.588000059
2/13/2018 12:00,4.994999886,4.994999886,3.588000059
2/13/2018 13:00,4.994999886,4.994999886,3.588000059
2/13/2018 14:00,5.768000126,5.768000126,3.588000059
2/13/2018 15:00,6.190999985,6.190999985,3.588000059
2/13/2018 16:00,6.330999851,6.330999851,3.588000059
2/13/2018 17:00,6.050000191,6.050000191,3.588000059
2/13/2018 18:00,6.612999916,6.612999916,3.588000059
2/13/2018 19:00,6.050000191,6.050000191,3.588000059
2/13/2018 20:00,5.697999954,5.697999954,3.588000059
2/13/2018 21:00,6.119999886,6.119999886,3.588000059
2/13/2018 22:00,6.050000191,6.050000191,3.588000059
2/13/2018 23:00,6.472000122,6.472000122,3.588000059
2/14/2018 0:00,6.40199995,6.40199995,3.588000059
2/14/2018 1:00,6.472000122,6.472000122,3.588000059
2/14/2018 2:00,5.55700016,5.55700016,3.588000059
2/14/2018 3:00,6.40199995,6.40199995,3.588000059
2/14/2018 4:00,6.261000156,6.261000156,3.588000059
2/14/2018 5:00,5.55700016,5.55700016,3.588000059
2/14/2018 6:00,5.627999783,5.627999783,3.588000059
2/14/2018 7:00,4.923999786,4.923999786,3.588000059
2/14/2018 8:00,5.90899992,5.90899992,3.588000059
2/14/2018 9:00,6.472000122,6.472000122,3.588000059
2/14/2018 10:00,6.752999783,6.752999783,3.588000059
2/14/2018 11:00,6.964000225,6.964000225,3.588000059
2/14/2018 12:00,6.752999783,6.752999783,3.588000059
2/14/2018 13:00,7.668000221,7.668000221,3.588000059
2/14/2018 14:00,7.386000156,7.386000156,3.588000059
2/14/2018 15:00,7.456999779,7.456999779,3.588000059
2/14/2018 16:00,7.456999779,7.456999779,3.588000059
2/14/2018 17:00,7.456999779,7.456999779,3.588000059
2/14/2018 18:00,6.40199995,6.40199995,3.588000059
2/14/2018 19:00,7.105000019,7.105000019,3.588000059
2/14/2018 20:00,7.315999985,7.315999985,3.588000059
2/14/2018 21:00,7.315999985,7.315999985,3.588000059
2/14/2018 22:00,7.175000191,7.175000191,3.588000059
2/14/2018 23:00,6.683000088,6.683000088,3.588000059
2/15/2018 0:00,7.386000156,7.386000156,3.588000059
2/15/2018 1:00,5.90899992,5.90899992,3.588000059
2/15/2018 2:00,3.799000025,3.799000025,3.588000059
2/15/2018 3:00,3.727999926,3.727999926,3.588000059
2/15/2018 4:00,3.236000061,3.236000061,3.588000059
2/15/2018 5:00,3.588000059,3.588000059,3.588000059
2/15/2018 6:00,3.447000027,3.447000027,3.588000059
2/15/2018 7:00,3.236000061,3.236000061,3.588000059
2/15/2018 8:00,2.884000063,2.884000063,3.588000059
2/15/2018 9:00,2.884000063,2.884000063,3.588000059
2/15/2018 10:00,2.884000063,2.884000063,3.588000059
2/15/2018 11:00,2.813999891,2.813999891,3.588000059
2/15/2018 12:00,2.813999891,2.813999891,3.588000059
2/15/2018 13:00,3.095000029,3.095000029,3.588000059
2/15/2018 14:00,3.095000029,3.095000029,3.588000059
2/15/2018 15:00,3.165999889,3.165999889,3.588000059
2/15/2018 16:00,3.657999992,3.657999992,3.165999889
2/15/2018 17:00,3.236000061,3.236000061,3.165999889
2/15/2018 18:00,2.602999926,2.602999926,3.165999889
2/15/2018 19:00,2.532000065,2.532000065,3.165999889
2/15/2018 20:00,3.025000095,3.025000095,3.165999889
2/15/2018 21:00,3.236000061,3.236000061,3.165999889
2/15/2018 22:00,3.447000027,3.447000027,3.165999889
2/15/2018 23:00,3.305999994,3.305999994,3.165999889
2/16/2018 0:00,3.025000095,3.025000095,3.165999889
2/16/2018 1:00,3.447000027,3.447000027,3.165999889
2/16/2018 2:00,3.305999994,3.305999994,3.165999889
2/16/2018 3:00,3.657999992,3.657999992,3.165999889
2/16/2018 4:00,3.447000027,3.447000027,3.165999889
2/16/2018 5:00,3.305999994,3.305999994,3.165999889
2/16/2018 6:00,3.799000025,3.799000025,3.165999889
2/16/2018 7:00,4.150000095,4.150000095,3.165999889
2/16/2018 8:00,3.095000029,3.095000029,3.165999889
2/16/2018 9:00,3.51699996,3.51699996,3.165999889
2/16/2018 10:00,3.377000093,3.377000093,3.165999889
2/16/2018 11:00,4.43200016,4.43200016,3.165999889
2/16/2018 12:00,5.135000229,5.135000229,3.165999889
2/16/2018 13:00,5.416999817,5.416999817,3.165999889
2/16/2018 14:00,5.697999954,5.697999954,3.165999889
2/16/2018 15:00,5.697999954,5.697999954,3.165999889
2/16/2018 16:00,5.55700016,5.55700016,3.165999889
2/16/2018 17:00,5.205999851,5.205999851,3.165999889
2/16/2018 18:00,5.416999817,5.416999817,3.165999889
2/16/2018 19:00,5.135000229,5.135000229,3.165999889
2/16/2018 20:00,4.923999786,4.923999786,3.165999889
2/16/2018 21:00,4.994999886,4.994999886,3.165999889
2/16/2018 22:00,4.923999786,4.923999786,3.165999889
2/16/2018 23:00,5.135000229,5.135000229,3.165999889
2/17/2018 0:00,4.572999954,4.572999954,3.165999889
2/17/2018 1:00,4.010000229,4.010000229,3.165999889
2/17/2018 2:00,4.150000095,4.150000095,3.165999889
2/17/2018 3:00,4.994999886,4.994999886,3.165999889
2/17/2018 4:00,4.361999989,4.361999989,3.165999889
2/17/2018 5:00,4.221000195,4.221000195,3.165999889
2/17/2018 6:00,3.377000093,3.377000093,3.165999889
2/17/2018 7:00,2.039999962,2.039999962,3.165999889
2/17/2018 8:00,2.250999928,2.250999928,3.165999889
2/17/2018 9:00,1.828999996,1.828999996,3.165999889
2/17/2018 10:00,2.180999994,2.180999994,3.165999889
2/17/2018 11:00,2.954999924,2.954999924,3.165999889
2/17/2018 12:00,2.884000063,2.884000063,3.165999889
2/17/2018 13:00,3.377000093,3.377000093,3.165999889
2/17/2018 14:00,4.290999889,4.290999889,3.165999889
2/17/2018 15:00,4.221000195,4.221000195,3.165999889
2/17/2018 16:00,4.150000095,4.150000095,3.165999889
2/17/2018 17:00,3.236000061,3.236000061,3.165999889
2/17/2018 18:00,2.743999958,2.743999958,3.165999889
2/17/2018 19:00,2.602999926,2.602999926,3.165999889
2/17/2018 20:00,2.602999926,2.602999926,3.165999889
2/17/2018 21:00,2.532000065,2.532000065,3.165999889
2/17/2018 22:00,2.461999893,2.461999893,3.165999889
2/17/2018 23:00,2.39199996,2.39199996,3.165999889
2/18/2018 0:00,2.109999895,2.109999895,3.165999889
2/18/2018 1:00,2.180999994,2.180999994,3.165999889
2/18/2018 2:00,2.250999928,2.250999928,3.165999889
2/18/2018 3:00,2.532000065,2.532000065,3.165999889
2/18/2018 4:00,3.095000029,3.095000029,3.165999889
2/18/2018 5:00,3.799000025,3.799000025,3.165999889
2/18/2018 6:00,2.250999928,2.250999928,3.165999889
2/18/2018 7:00,4.150000095,4.150000095,3.165999889
2/18/2018 8:00,4.290999889,4.290999889,3.165999889
2/18/2018 9:00,4.854000092,4.854000092,3.165999889
2/18/2018 10:00,5.065000057,5.065000057,3.165999889
2/18/2018 11:00,4.994999886,4.994999886,3.165999889
2/18/2018 12:00,4.643000126,4.643000126,3.165999889
2/18/2018 13:00,4.501999855,4.501999855,3.165999889
2/18/2018 14:00,2.743999958,2.743999958,3.165999889
2/18/2018 15:00,2.39199996,2.39199996,3.165999889
2/18/2018 16:00,3.025000095,3.025000095,3.165999889
2/18/2018 17:00,1.547999978,1.547999978,3.165999889
2/18/2018 18:00,2.039999962,2.039999962,3.165999889
2/18/2018 19:00,2.673000097,2.673000097,3.165999889
2/18/2018 20:00,2.602999926,2.602999926,3.165999889
2/18/2018 21:00,2.250999928,2.250999928,3.165999889
2/18/2018 22:00,2.039999962,2.039999962,3.165999889
2/18/2018 23:00,1.337000012,1.337000012,3.165999889
2/19/2018 0:00,2.039999962,2.039999962,3.165999889
2/19/2018 1:00,2.321000099,2.321000099,3.165999889
2/19/2018 2:00,2.954999924,2.954999924,3.165999889
2/19/2018 3:00,3.727999926,3.727999926,3.165999889
2/19/2018 4:00,3.236000061,3.236000061,3.165999889
2/19/2018 5:00,2.954999924,2.954999924,3.165999889
2/19/2018 6:00,3.095000029,3.095000029,3.165999889
2/19/2018 7:00,2.39199996,2.39199996,3.165999889
2/19/2018 8:00,2.39199996,2.39199996,3.165999889
2/19/2018 9:00,1.547999978,1.547999978,3.165999889
2/19/2018 10:00,0.563000023,0.563000023,3.165999889
2/19/2018 11:00,0.773999989,0.773999989,3.165999889
2/19/2018 12:00,2.39199996,2.39199996,3.165999889
2/19/2018 13:00,2.109999895,2.109999895,3.165999889
2/19/2018 14:00,2.954999924,2.954999924,3.165999889
2/19/2018 15:00,2.954999924,2.954999924,3.165999889
2/19/2018 16:00,2.884000063,2.884000063,3.165999889
2/19/2018 17:00,3.025000095,3.025000095,3.165999889
2/19/2018 18:00,3.025000095,3.025000095,3.165999889
2/19/2018 19:00,3.51699996,3.51699996,3.165999889
2/19/2018 20:00,3.305999994,3.305999994,3.165999889
2/19/2018 21:00,3.657999992,3.657999992,3.165999889
2/19/2018 22:00,3.447000027,3.447000027,3.165999889
2/19/2018 23:00,3.727999926,3.727999926,3.165999889
2/20/2018 0:00,3.799000025,3.799000025,3.165999889
2/20/2018 1:00,4.079999924,4.079999924,3.165999889
2/20/2018 2:00,3.447000027,3.447000027,3.165999889
2/20/2018 3:00,3.657999992,3.657999992,3.165999889
2/20/2018 4:00,3.236000061,3.236000061,3.165999889
2/20/2018 5:00,3.51699996,3.51699996,3.165999889
2/20/2018 6:00,2.813999891,2.813999891,3.165999889
2/20/2018 7:00,2.461999893,2.461999893,3.165999889
2/20/2018 8:00,2.673000097,2.673000097,3.165999889
2/20/2018 9:00,2.673000097,2.673000097,3.165999889
2/20/2018 10:00,1.970000029,1.970000029,3.165999889
2/20/2018 11:00,0.703000009,0.703000009,3.165999889
2/20/2018 12:00,0.0,0.0,3.165999889
2/20/2018 13:00,0.0,0.0,3.165999889
2/20/2018 14:00,0.0,0.0,3.165999889
2/20/2018 15:00,0.633000016,0.633000016,3.165999889
2/20/2018 16:00,0.0,0.0,3.165999889
2/20/2018 17:00,0.0,0.0,3.165999889
2/20/2018 18:00,0.0,0.0,3.165999889
2/20/2018 19:00,0.0,0.0,3.165999889
2/20/2018 20:00,0.0,0.0,3.165999889
2/20/2018 21:00,1.899000049,1.899000049,3.165999889
2/20/2018 22:00,2.180999994,2.180999994,3.165999889
2/20/2018 23:00,2.321000099,2.321000099,3.165999889
2/21/2018 0:00,2.532000065,2.532000065,3.165999889
2/21/2018 1:00,2.461999893,2.461999893,3.165999889
2/21/2018 2:00,2.813999891,2.813999891,3.165999889
2/21/2018 3:00,2.461999893,2.461999893,3.165999889
2/21/2018 4:00,2.602999926,2.602999926,3.165999889
2/21/2018 5:00,2.532000065,2.532000065,3.165999889
2/21/2018 6:00,2.461999893,2.461999893,3.165999889
2/21/2018 7:00,2.673000097,2.673000097,3.165999889
2/21/2018 8:00,2.813999891,2.813999891,3.165999889
2/21/2018 9:00,2.743999958,2.743999958,3.165999889
2/21/2018 10:00,2.743999958,2.743999958,3.165999889
2/21/2018 11:00,2.884000063,2.884000063,3.165999889
2/21/2018 12:00,2.602999926,2.602999926,3.165999889
2/21/2018 13:00,2.743999958,2.743999958,3.165999889
2/21/2018 14:00,2.532000065,2.532000065,3.165999889
2/21/2018 15:00,2.954999924,2.954999924,3.165999889
2/21/2018 16:00,2.884000063,2.884000063,3.165999889
2/21/2018 17:00,3.165999889,3.165999889,3.165999889
2/21/2018 18:00,3.236000061,3.236000061,3.165999889
2/21/2018 19:00,3.868999958,3.868999958,3.165999889
2/21/2018 20:00,4.221000195,4.221000195,3.165999889
2/21/2018 21:00,5.346000195,5.346000195,3.165999889
2/21/2018 22:00,5.346000195,5.346000195,3.165999889
2/21/2018 23:00,5.205999851,5.205999851,3.165999889
2/22/2018 0:00,5.205999851,5.205999851,3.165999889
2/22/2018 1:00,5.486999989,5.486999989,3.165999889
2/22/2018 2:00,5.205999851,5.205999851,3.165999889
2/22/2018 3:00,4.854000092,4.854000092,3.165999889
2/22/2018 4:00,4.923999786,4.923999786,3.165999889
2/22/2018 5:00,4.994999886,4.994999886,3.165999889
2/22/2018 6:00,4.78399992,4.78399992,3.165999889
2/22/2018 7:00,4.78399992,4.78399992,3.165999889
2/22/2018 8:00,5.205999851,5.205999851,3.165999889
2/22/2018 9:00,5.276000023,5.276000023,3.165999889
2/22/2018 10:00,4.643000126,4.643000126,3.165999889
2/22/2018 11:00,5.346000195,5.346000195,3.165999889
2/22/2018 12:00,4.923999786,4.923999786,3.165999889
2/22/2018 13:00,4.361999989,4.361999989,3.165999889
2/22/2018 14:00,5.55700016,5.55700016,3.165999889
2/22/2018 15:00,4.78399992,4.78399992,3.165999889
2/22/2018 16:00,4.43200016,4.43200016,4.812667384386612
2/22/2018 17:00,4.43200016,4.43200016,4.812667384386612
2/22/2018 18:00,5.55700016,5.55700016,4.812667384386612
2/22/2018 19:00,4.643000126,4.643000126,4.812667384386612
2/22/2018 20:00,4.854000092,4.854000092,4.812667384386612
2/22/2018 21:00,5.416999817,5.416999817,4.812667384386612
2/22/2018 22:00,5.276000023,5.276000023,4.812667384386612
2/22/2018 23:00,5.697999954,5.697999954,4.812667384386612
2/23/2018 0:00,5.697999954,5.697999954,4.812667384386612
2/23/2018 1:00,4.994999886,4.994999886,4.812667384386612
2/23/2018 2:00,4.994999886,4.994999886,4.812667384386612
2/23/2018 3:00,5.276000023,5.276000023,4.812667384386612
2/23/2018 4:00,4.501999855,4.501999855,4.812667384386612
2/23/2018 5:00,4.501999855,4.501999855,4.812667384386612
2/23/2018 6:00,4.221000195,4.221000195,4.812667384386612
2/23/2018 7:00,3.938999891,3.938999891,4.812667384386612
2/23/2018 8:00,4.854000092,4.854000092,4.812667384386612
2/23/2018 9:00,4.643000126,4.643000126,4.812667384386612
2/23/2018 10:00,5.839000225,5.839000225,4.812667384386612
2/23/2018 11:00,5.768000126,5.768000126,4.812667384386612
2/23/2018 12:00,5.627999783,5.627999783,4.812667384386612
2/23/2018 13:00,4.854000092,4.854000092,4.812667384386612
2/23/2018 14:00,8.37100029,8.37100029,4.812667384386612
2/23/2018 15:00,6.894000053,6.894000053,4.812667384386612
2/23/2018 16:00,7.386000156,7.386000156,4.812667384386612
2/23/2018 17:00,7.105000019,7.105000019,4.812667384386612
2/23/2018 18:00,7.737999916,7.737999916,4.812667384386612
2/23/2018 19:00,6.894000053,6.894000053,4.812667384386612
2/23/2018 20:00,6.119999886,6.119999886,4.812667384386612
2/23/2018 21:00,5.768000126,5.768000126,4.812667384386612
2/23/2018 22:00,5.346000195,5.346000195,4.812667384386612
2/23/2018 23:00,5.135000229,5.135000229,4.812667384386612
2/24/2018 0:00,5.486999989,5.486999989,4.812667384386612
2/24/2018 1:00,4.994999886,4.994999886,4.812667384386612
2/24/2018 2:00,5.065000057,5.065000057,4.812667384386612
2/24/2018 3:00,4.923999786,4.923999786,4.812667384386612
2/24/2018 4:00,4.854000092,4.854000092,4.812667384386612
2/24/2018 5:00,4.854000092,4.854000092,4.812667384386612
2/24/2018 6:00,5.416999817,5.416999817,4.812667384386612
2/24/2018 7:00,4.361999989,4.361999989,4.812667384386612
2/24/2018 8:00,5.135000229,5.135000229,4.812667384386612
2/24/2018 9:00,5.346000195,5.346000195,4.812667384386612
2/24/2018 10:00,6.330999851,6.330999851,4.812667384386612
2/24/2018 11:00,5.205999851,5.205999851,4.812667384386612
2/24/2018 12:00,4.572999954,4.572999954,4.812667384386612
2/24/2018 13:00,4.361999989,4.361999989,4.812667384386612
2/24/2018 14:00,4.994999886,4.994999886,4.812667384386612
2/24/2018 15:00,4.994999886,4.994999886,4.812667384386612
2/24/2018 16:00,4.43200016,4.43200016,4.812667384386612
2/24/2018 17:00,4.78399992,4.78399992,4.812667384386612
2/24/2018 18:00,5.979000092,5.979000092,4.812667384386612
2/24/2018 19:00,5.768000126,5.768000126,4.812667384386612
2/24/2018 20:00,5.627999783,5.627999783,4.812667384386612
2/24/2018 21:00,5.486999989,5.486999989,4.812667384386612
2/24/2018 22:00,4.361999989,4.361999989,4.812667384386612
2/24/2018 23:00,4.643000126,4.643000126,4.812667384386612
2/25/2018 0:00,3.868999958,3.868999958,4.812667384386612
2/25/2018 1:00,3.868999958,3.868999958,4.812667384386612
2/25/2018 2:00,3.305999994,3.305999994,4.812667384386612
2/25/2018 3:00,3.447000027,3.447000027,4.812667384386612
2/25/2018 4:00,3.305999994,3.305999994,4.812667384386612
2/25/2018 5:00,2.743999958,2.743999958,4.812667384386612
2/25/2018 6:00,3.165999889,3.165999889,4.812667384386612
2/25/2018 7:00,4.079999924,4.079999924,4.812667384386612
2/25/2018 8:00,3.657999992,3.657999992,4.812667384386612
2/25/2018 9:00,2.813999891,2.813999891,4.812667384386612
2/25/2018 10:00,3.305999994,3.305999994,4.812667384386612
2/25/2018 11:00,4.43200016,4.43200016,4.812667384386612
2/25/2018 12:00,5.205999851,5.205999851,4.812667384386612
2/25/2018 13:00,4.994999886,4.994999886,4.812667384386612
2/25/2018 14:00,5.276000023,5.276000023,4.812667384386612
2/25/2018 15:00,5.205999851,5.205999851,4.812667384386612
2/25/2018 16:00,4.854000092,4.854000092,4.812667384386612
2/25/2018 17:00,5.55700016,5.55700016,4.812667384386612
2/25/2018 18:00,5.979000092,5.979000092,4.812667384386612
2/25/2018 19:00,4.994999886,4.994999886,4.812667384386612
2/25/2018 20:00,5.346000195,5.346000195,4.812667384386612
2/25/2018 21:00,5.205999851,5.205999851,4.812667384386612
2/25/2018 22:00,5.135000229,5.135000229,4.812667384386612
2/25/2018 23:00,4.923999786,4.923999786,4.812667384386612
2/26/2018 0:00,5.135000229,5.135000229,4.812667384386612
2/26/2018 1:00,4.643000126,4.643000126,4.812667384386612
2/26/2018 2:00,4.501999855,4.501999855,4.812667384386612
2/26/2018 3:00,4.572999954,4.572999954,4.812667384386612
2/26/2018 4:00,4.643000126,4.643000126,4.812667384386612
2/26/2018 5:00,4.501999855,4.501999855,4.812667384386612
2/26/2018 6:00,4.150000095,4.150000095,4.812667384386612
2/26/2018 7:00,4.572999954,4.572999954,4.812667384386612
2/26/2018 8:00,4.712999821,4.712999821,4.812667384386612
2/26/2018 9:00,5.346000195,5.346000195,4.812667384386612
2/26/2018 10:00,6.190999985,6.190999985,4.812667384386612
2/26/2018 11:00,6.330999851,6.330999851,4.812667384386612
2/26/2018 12:00,5.979000092,5.979000092,4.812667384386612
2/26/2018 13:00,6.752999783,6.752999783,4.812667384386612
2/26/2018 14:00,7.809000015,7.809000015,4.812667384386612
2/26/2018 15:00,8.159999847,8.159999847,4.812667384386612
2/26/2018 16:00,8.230999947,8.230999947,4.812667384386612
2/26/2018 17:00,8.37100029,8.37100029,4.812667384386612
2/26/2018 18:00,8.159999847,8.159999847,4.812667384386612
2/26/2018 19:00,7.315999985,7.315999985,4.812667384386612
2/26/2018 20:00,6.40199995,6.40199995,4.812667384386612
2/26/2018 21:00,6.119999886,6.119999886,4.812667384386612
2/26/2018 22:00,5.768000126,5.768000126,4.812667384386612
2/26/2018 23:00,5.839000225,5.839000225,4.812667384386612
2/27/2018 0:00,5.697999954,5.697999954,4.812667384386612
2/27/2018 1:00,5.416999817,5.416999817,4.812667384386612
2/27/2018 2:00,5.768000126,5.768000126,4.812667384386612
2/27/2018 3:00,5.346000195,5.346000195,4.812667384386612
2/27/2018 4:00,5.627999783,5.627999783,4.812667384386612
2/27/2018 5:00,4.994999886,4.994999886,4.812667384386612
2/27/2018 6:00,5.205999851,5.205999851,4.812667384386612
2/27/2018 7:00,5.135000229,5.135000229,4.812667384386612
2/27/2018 8:00,5.55700016,5.55700016,4.812667384386612
2/27/2018 9:00,5.135000229,5.135000229,4.812667384386612
2/27/2018 10:00,5.346000195,5.346000195,4.812667384386612
2/27/2018 11:00,5.346000195,5.346000195,4.812667384386612
2/27/2018 12:00,6.330999851,6.330999851,4.812667384386612
2/27/2018 13:00,7.456999779,7.456999779,4.812667384386612
2/27/2018 14:00,7.245999813,7.245999813,4.812667384386612
2/27/2018 15:00,7.315999985,7.315999985,4.812667384386612
2/27/2018 16:00,7.668000221,7.668000221,4.812667384386612
2/27/2018 17:00,7.315999985,7.315999985,4.812667384386612
2/27/2018 18:00,5.697999954,5.697999954,4.812667384386612
2/27/2018 19:00,4.854000092,4.854000092,4.812667384386612
2/27/2018 20:00,3.165999889,3.165999889,4.812667384386612
2/27/2018 21:00,1.828999996,1.828999996,4.812667384386612
2/27/2018 22:00,1.476999998,1.476999998,4.812667384386612
2/27/2018 23:00,2.39199996,2.39199996,4.812667384386612
2/28/2018 0:00,2.39199996,2.39199996,4.812667384386612
2/28/2018 1:00,2.884000063,2.884000063,4.812667384386612
2/28/2018 2:00,3.588000059,3.588000059,4.812667384386612
2/28/2018 3:00,3.377000093,3.377000093,4.812667384386612
2/28/2018 4:00,2.743999958,2.743999958,4.812667384386612
2/28/2018 5:00,3.165999889,3.165999889,4.812667384386612
2/28/2018 6:00,3.095000029,3.095000029,4.812667384386612
2/28/2018 7:00,3.025000095,3.025000095,4.812667384386612
2/28/2018 8:00,2.109999895,2.109999895,4.812667384386612
2/28/2018 9:00,1.266000032,1.266000032,4.812667384386612
2/28/2018 10:00,2.039999962,2.039999962,4.812667384386612
2/28/2018 11:00,1.970000029,1.970000029,4.812667384386612
2/28/2018 12:00,2.743999958,2.743999958,4.812667384386612
2/28/2018 13:00,3.025000095,3.025000095,4.812667384386612
2/28/2018 14:00,3.025000095,3.025000095,4.812667384386612
2/28/2018 15:00,3.868999958,3.868999958,4.812667384386612
2/28/2018 16:00,4.501999855,4.501999855,4.812667384386612
2/28/2018 17:00,5.205999851,5.205999851,4.812667384386612
2/28/2018 18:00,5.839000225,5.839000225,4.812667384386612
2/28/2018 19:00,5.768000126,5.768000126,4.812667384386612
2/28/2018 20:00,5.276000023,5.276000023,4.812667384386612
2/28/2018 21:00,4.994999886,4.994999886,4.812667384386612
2/28/2018 22:00,5.697999954,5.697999954,4.812667384386612
2/28/2018 23:00,5.979000092,5.979000092,4.812667384386612
3/1/2018 0:00,5.486999989,5.486999989,4.812667384386612
3/1/2018 1:00,5.346000195,5.346000195,4.812667384386612
3/1/2018 2:00,5.627999783,5.627999783,4.812667384386612
3/1/2018 3:00,5.768000126,5.768000126,4.812667384386612
3/1/2018 4:00,4.923999786,4.923999786,4.812667384386612
3/1/2018 5:00,5.697999954,5.697999954,4.812667384386612
3/1/2018 6:00,5.839000225,5.839000225,4.812667384386612
3/1/2018 7:00,4.150000095,4.150000095,4.812667384386612
3/1/2018 8:00,4.361999989,4.361999989,4.812667384386612
3/1/2018 9:00,4.572999954,4.572999954,4.812667384386612
3/1/2018 10:00,4.43200016,4.43200016,4.812667384386612
3/1/2018 11:00,4.572999954,4.572999954,4.812667384386612
3/1/2018 12:00,4.221000195,4.221000195,4.812667384386612
3/1/2018 13:00,3.51699996,3.51699996,4.812667384386612
3/1/2018 14:00,3.236000061,3.236000061,4.812667384386612
3/1/2018 15:00,3.095000029,3.095000029,4.812667384386612
3/1/2018 16:00,2.884000063,2.884000063,3.0993569053868812
3/1/2018 17:00,2.602999926,2.602999926,3.0992222786667214
3/1/2018 18:00,2.954999924,2.954999924,3.0992264386088846
3/1/2018 19:00,2.461999893,2.461999893,3.099226310067398
3/1/2018 20:00,2.743999958,2.743999958,3.0992263140393073
3/1/2018 21:00,2.109999895,2.109999895,3.099226313916576
3/1/2018 22:00,2.321000099,2.321000099,3.0992263139203686
3/1/2018 23:00,2.673000097,2.673000097,3.0992263139202514
3/2/2018 0:00,2.180999994,2.180999994,3.099226313920255
3/2/2018 1:00,0.0,0.0,3.099226313920255
3/2/2018 2:00,0.843999982,0.843999982,3.099226313920255
3/2/2018 3:00,-0.492000014,-0.492000014,3.099226313920255
3/2/2018 4:00,0.985000014,0.985000014,3.099226313920255
3/2/2018 5:00,2.039999962,2.039999962,3.099226313920255
3/2/2018 6:00,2.039999962,2.039999962,3.099226313920255
3/2/2018 7:00,1.687999964,1.687999964,3.099226313920255
3/2/2018 8:00,1.758999944,1.758999944,3.099226313920255
3/2/2018 9:00,1.899000049,1.899000049,3.099226313920255
3/2/2018 10:00,2.321000099,2.321000099,3.099226313920255
3/2/2018 11:00,2.321000099,2.321000099,3.099226313920255
3/2/2018 12:00,2.884000063,2.884000063,3.099226313920255
3/2/2018 13:00,3.165999889,3.165999889,3.099226313920255
3/2/2018 14:00,3.165999889,3.165999889,3.099226313920255
3/2/2018 15:00,3.236000061,3.236000061,3.099226313920255
3/2/2018 16:00,3.727999926,3.727999926,3.099226313920255
3/2/2018 17:00,3.657999992,3.657999992,3.099226313920255
3/2/2018 18:00,4.150000095,4.150000095,3.099226313920255
3/2/2018 19:00,4.361999989,4.361999989,3.099226313920255
3/2/2018 20:00,4.150000095,4.150000095,3.099226313920255
3/2/2018 21:00,4.150000095,4.150000095,3.099226313920255
3/2/2018 22:00,4.501999855,4.501999855,3.099226313920255
3/2/2018 23:00,4.079999924,4.079999924,3.099226313920255
3/3/2018 0:00,1.19599998,1.19599998,3.099226313920255
3/3/2018 1:00,1.476999998,1.476999998,3.099226313920255
3/3/2018 2:00,3.51699996,3.51699996,3.099226313920255
3/3/2018 3:00,4.923999786,4.923999786,3.099226313920255
3/3/2018 4:00,5.065000057,5.065000057,3.099226313920255
3/3/2018 5:00,4.994999886,4.994999886,3.099226313920255
3/3/2018 6:00,4.221000195,4.221000195,3.099226313920255
3/3/2018 7:00,4.43200016,4.43200016,3.099226313920255
3/3/2018 8:00,4.643000126,4.643000126,3.099226313920255
3/3/2018 9:00,5.205999851,5.205999851,3.099226313920255
3/3/2018 10:00,5.697999954,5.697999954,3.099226313920255
3/3/2018 11:00,6.823999882,6.823999882,3.099226313920255
3/3/2018 12:00,6.964000225,6.964000225,3.099226313920255
3/3/2018 13:00,7.597000122,7.597000122,3.099226313920255
3/3/2018 14:00,8.020000458,8.020000458,3.099226313920255
3/3/2018 15:00,7.668000221,7.668000221,3.099226313920255
3/3/2018 16:00,7.52699995,7.52699995,3.099226313920255
3/3/2018 17:00,7.456999779,7.456999779,3.099226313920255
3/3/2018 18:00,6.964000225,6.964000225,3.099226313920255
3/3/2018 19:00,6.330999851,6.330999851,3.099226313920255
3/3/2018 20:00,6.330999851,6.330999851,3.099226313920255
3/3/2018 21:00,6.190999985,6.190999985,3.099226313920255
3/3/2018 22:00,5.768000126,5.768000126,3.099226313920255
3/3/2018 23:00,5.486999989,5.486999989,3.099226313920255
3/4/2018 0:00,5.90899992,5.90899992,3.099226313920255
3/4/2018 1:00,5.768000126,5.768000126,3.099226313920255
3/4/2018 2:00,5.065000057,5.065000057,3.099226313920255
3/4/2018 3:00,5.135000229,5.135000229,3.099226313920255
3/4/2018 4:00,5.135000229,5.135000229,3.099226313920255
3/4/2018 5:00,5.065000057,5.065000057,3.099226313920255
3/4/2018 6:00,4.78399992,4.78399992,3.099226313920255
3/4/2018 7:00,5.065000057,5.065000057,3.099226313920255
3/4/2018 8:00,5.627999783,5.627999783,3.099226313920255
3/4/2018 9:00,6.472000122,6.472000122,3.099226313920255
3/4/2018 10:00,8.090000153,8.090000153,3.099226313920255
3/4/2018 11:00,9.145000458,9.145000458,3.099226313920255
3/4/2018 12:00,9.708000183,9.708000183,3.099226313920255
3/4/2018 13:00,9.496999741,9.496999741,3.099226313920255
3/4/2018 14:00,8.722999573,8.722999573,3.099226313920255
3/4/2018 15:00,7.879000187,7.879000187,3.099226313920255
3/4/2018 16:00,7.456999779,7.456999779,3.099226313920255
3/4/2018 17:00,6.612999916,6.612999916,3.099226313920255
3/4/2018 18:00,5.205999851,5.205999851,3.099226313920255
3/4/2018 19:00,4.501999855,4.501999855,3.099226313920255
3/4/2018 20:00,1.547999978,1.547999978,3.099226313920255
3/4/2018 21:00,0.0,0.0,3.099226313920255
3/4/2018 22:00,3.588000059,3.588000059,3.099226313920255
3/4/2018 23:00,1.337000012,1.337000012,3.099226313920255
3/5/2018 0:00,0.773999989,0.773999989,3.099226313920255
3/5/2018 1:00,0.0,0.0,3.099226313920255
3/5/2018 2:00,1.970000029,1.970000029,3.099226313920255
3/5/2018 3:00,2.250999928,2.250999928,3.099226313920255
3/5/2018 4:00,1.406999946,1.406999946,3.099226313920255
3/5/2018 5:00,1.337000012,1.337000012,3.099226313920255
3/5/2018 6:00,2.321000099,2.321000099,3.099226313920255
3/5/2018 7:00,2.532000065,2.532000065,3.099226313920255
3/5/2018 8:00,1.899000049,1.899000049,3.099226313920255
3/5/2018 9:00,1.970000029,1.970000029,3.099226313920255
3/5/2018 10:00,2.884000063,2.884000063,3.099226313920255
3/5/2018 11:00,3.588000059,3.588000059,3.099226313920255
3/5/2018 12:00,3.727999926,3.727999926,3.099226313920255
3/5/2018 13:00,3.938999891,3.938999891,3.099226313920255
3/5/2018 14:00,5.205999851,5.205999851,3.099226313920255
3/5/2018 15:00,4.854000092,4.854000092,3.099226313920255
3/5/2018 16:00,4.501999855,4.501999855,3.099226313920255
3/5/2018 17:00,4.290999889,4.290999889,3.099226313920255
3/5/2018 18:00,4.923999786,4.923999786,3.099226313920255
3/5/2018 19:00,4.712999821,4.712999821,3.099226313920255
3/5/2018 20:00,3.588000059,3.588000059,3.099226313920255
3/5/2018 21:00,3.377000093,3.377000093,3.099226313920255
3/5/2018 22:00,3.305999994,3.305999994,3.099226313920255
3/5/2018 23:00,3.025000095,3.025000095,3.099226313920255
3/6/2018 0:00,3.025000095,3.025000095,3.099226313920255
3/6/2018 1:00,2.673000097,2.673000097,3.099226313920255
3/6/2018 2:00,2.39199996,2.39199996,3.099226313920255
3/6/2018 3:00,1.899000049,1.899000049,3.099226313920255
3/6/2018 4:00,2.109999895,2.109999895,3.099226313920255
3/6/2018 5:00,1.970000029,1.970000029,3.099226313920255
3/6/2018 6:00,2.461999893,2.461999893,3.099226313920255
3/6/2018 7:00,1.970000029,1.970000029,3.099226313920255
3/6/2018 8:00,1.406999946,1.406999946,3.099226313920255
3/6/2018 9:00,1.406999946,1.406999946,3.099226313920255
3/6/2018 10:00,2.180999994,2.180999994,3.099226313920255
3/6/2018 11:00,1.828999996,1.828999996,3.099226313920255
3/6/2018 12:00,2.250999928,2.250999928,3.099226313920255
3/6/2018 13:00,2.321000099,2.321000099,3.099226313920255
3/6/2018 14:00,2.532000065,2.532000065,3.099226313920255
3/6/2018 15:00,3.025000095,3.025000095,3.099226313920255
3/6/2018 16:00,2.954999924,2.954999924,3.099226313920255
3/6/2018 17:00,2.884000063,2.884000063,3.099226313920255
3/6/2018 18:00,2.813999891,2.813999891,3.099226313920255
3/6/2018 19:00,2.109999895,2.109999895,3.099226313920255
3/6/2018 20:00,1.828999996,1.828999996,3.099226313920255
3/6/2018 21:00,1.476999998,1.476999998,3.099226313920255
3/6/2018 22:00,1.758999944,1.758999944,3.099226313920255
3/6/2018 23:00,1.828999996,1.828999996,3.099226313920255
3/7/2018 0:00,1.970000029,1.970000029,3.099226313920255
3/7/2018 1:00,1.899000049,1.899000049,3.099226313920255
3/7/2018 2:00,0.773999989,0.773999989,3.099226313920255
3/7/2018 3:00,-0.843999982,-0.843999982,3.099226313920255
3/7/2018 4:00,-0.633000016,-0.633000016,3.099226313920255
3/7/2018 5:00,-0.915000021,-0.915000021,3.099226313920255
3/7/2018 6:00,0.0,0.0,3.099226313920255
3/7/2018 7:00,-0.492000014,-0.492000014,3.099226313920255
3/7/2018 8:00,-0.773999989,-0.773999989,3.099226313920255
3/7/2018 9:00,-0.563000023,-0.563000023,3.099226313920255
3/7/2018 10:00,0.0,0.0,3.099226313920255
3/7/2018 11:00,1.19599998,1.19599998,3.099226313920255
3/7/2018 12:00,0.0,0.0,3.099226313920255
3/7/2018 13:00,0.633000016,0.633000016,3.099226313920255
3/7/2018 14:00,1.828999996,1.828999996,3.099226313920255
3/7/2018 15:00,1.547999978,1.547999978,3.099226313920255
3/7/2018 16:00,1.828999996,1.828999996,3.099226313920255
3/7/2018 17:00,1.687999964,1.687999964,3.099226313920255
3/7/2018 18:00,2.109999895,2.109999895,3.099226313920255
3/7/2018 19:00,1.828999996,1.828999996,3.099226313920255
3/7/2018 20:00,2.180999994,2.180999994,3.099226313920255
3/7/2018 21:00,2.180999994,2.180999994,3.099226313920255
3/7/2018 22:00,2.039999962,2.039999962,3.099226313920255
3/7/2018 23:00,2.743999958,2.743999958,3.099226313920255
3/8/2018 0:00,2.673000097,2.673000097,3.099226313920255
3/8/2018 1:00,2.532000065,2.532000065,3.099226313920255
3/8/2018 2:00,2.743999958,2.743999958,3.099226313920255
3/8/2018 3:00,4.221000195,4.221000195,3.099226313920255
3/8/2018 4:00,3.799000025,3.799000025,3.099226313920255
3/8/2018 5:00,4.150000095,4.150000095,3.099226313920255
3/8/2018 6:00,2.884000063,2.884000063,3.099226313920255
3/8/2018 7:00,4.010000229,4.010000229,3.099226313920255
3/8/2018 8:00,3.377000093,3.377000093,3.099226313920255
3/8/2018 9:00,3.377000093,3.377000093,3.099226313920255
3/8/2018 10:00,3.657999992,3.657999992,3.099226313920255
3/8/2018 11:00,4.150000095,4.150000095,3.099226313920255
3/8/2018 12:00,4.501999855,4.501999855,3.099226313920255
3/8/2018 13:00,4.854000092,4.854000092,3.099226313920255
3/8/2018 14:00,5.416999817,5.416999817,3.099226313920255
3/8/2018 15:00,4.572999954,4.572999954,3.099226313920255
3/8/2018 16:00,4.572999954,4.572999954,4.604562082831713
3/8/2018 17:00,4.501999855,4.501999855,4.624105455591304
3/8/2018 18:00,4.712999821,4.712999821,4.593220128213527
3/8/2018 19:00,4.712999821,4.712999821,4.584748899089264
3/8/2018 20:00,4.712999821,4.712999821,4.612331866663391
3/8/2018 21:00,5.065000057,5.065000057,4.612485826239277
3/8/2018 22:00,4.712999821,4.712999821,4.5896888567047505
3/8/2018 23:00,4.643000126,4.643000126,4.595211430051985
3/9/2018 0:00,4.501999855,4.501999855,4.612652680229806
3/9/2018 1:00,5.205999851,5.205999851,4.603773645980263
3/9/2018 2:00,4.923999786,4.923999786,4.59158322799809
3/9/2018 3:00,5.276000023,5.276000023,4.601930416031869
3/9/2018 4:00,4.150000095,4.150000095,4.609424509950236
3/9/2018 5:00,4.150000095,4.150000095,4.599029798061322
3/9/2018 6:00,3.799000025,3.799000025,4.595422437058863
3/9/2018 7:00,4.010000229,4.010000229,4.6048931405146165
3/9/2018 8:00,4.643000126,4.643000126,4.605522533168107
3/9/2018 9:00,4.079999924,4.079999924,4.5975522407847205
3/9/2018 10:00,5.697999954,5.697999954,4.599008145622828
3/9/2018 11:00,5.697999954,5.697999954,4.60522365893356
3/9/2018 12:00,5.205999851,5.205999851,4.602482040992238
3/9/2018 13:00,5.486999989,5.486999989,4.598033031647145
3/9/2018 14:00,6.612999916,6.612999916,4.601397716778598
3/9/2018 15:00,6.964000225,6.964000225,4.6042347665863215
3/9/2018 16:00,6.964000225,6.964000225,4.60075546639596
3/9/2018 17:00,7.034999847,7.034999847,4.599276854943115
3/9/2018 18:00,6.612999916,6.612999916,4.602514072640189
3/9/2018 19:00,5.697999954,5.697999954,4.602931824803331
3/9/2018 20:00,5.486999989,5.486999989,4.600157255310278
3/9/2018 21:00,5.135000229,5.135000229,4.6005001675969055
3/9/2018 22:00,5.346000195,5.346000195,4.602704494340472
3/9/2018 23:00,4.78399992,4.78399992,4.601875273913527
3/10/2018 0:00,4.854000092,4.854000092,4.600261974886598
3/10/2018 1:00,5.065000057,5.065000057,4.601345979999383
3/10/2018 2:00,4.643000126,4.643000126,4.602408478313737
3/10/2018 3:00,4.78399992,4.78399992,4.601250750262764
3/10/2018 4:00,4.643000126,4.643000126,4.600660989995119
3/10/2018 5:00,4.501999855,4.501999855,4.6017623919240425
3/10/2018 6:00,4.43200016,4.43200016,4.6019760530632645
3/10/2018 7:00,4.572999954,4.572999954,4.601014331931328
3/10/2018 8:00,5.276000023,5.276000023,4.6010763755909485
3/10/2018 9:00,5.55700016,5.55700016,4.601854519647708
3/10/2018 10:00,6.964000225,6.964000225,4.60161048543795
3/10/2018 11:00,6.472000122,6.472000122,4.601028912931971
3/10/2018 12:00,6.541999817,6.541999817,4.601374393371536
3/10/2018 13:00,7.245999813,7.245999813,4.601768633242899
3/10/2018 14:00,9.355999947,9.355999947,4.601385874395593
3/10/2018 15:00,8.512000084,8.512000084,4.6011554418514535
3/10/2018 16:00,9.355999947,9.355999947,4.601528364089171
3/10/2018 17:00,9.708000183,9.708000183,4.6016260762992784
3/10/2018 18:00,8.86400032,8.86400032,4.601294161395116
3/10/2018 19:00,8.020000458,8.020000458,4.601295794706652
3/10/2018 20:00,7.034999847,7.034999847,4.60156925422583
3/10/2018 21:00,6.823999882,6.823999882,4.60150013710421
3/10/2018 22:00,6.612999916,6.612999916,4.60129163337114
3/10/2018 23:00,6.40199995,6.40199995,4.601400334132718
3/11/2018 0:00,6.683000088,6.683000088,4.6015454328680105
3/11/2018 1:00,6.823999882,6.823999882,4.601419784685894
3/11/2018 2:00,6.894000053,6.894000053,4.601331201618363
3/11/2018 3:00,6.894000053,6.894000053,4.601456827319689
3/11/2018 4:00,6.330999851,6.330999851,4.60149878465907
3/11/2018 5:00,6.330999851,6.330999851,4.60138473241946
3/11/2018 6:00,6.612999916,6.612999916,4.601378377985215
3/11/2018 7:00,5.627999783,5.627999783,4.601474057708887
3/11/2018 8:00,5.839000225,5.839000225,4.601455589172363
3/11/2018 9:00,5.697999954,5.697999954,4.6013812203787845
3/11/2018 10:00,7.034999847,7.034999847,4.60141488911424
3/11/2018 11:00,6.683000088,6.683000088,4.601467907221736
3/11/2018 12:00,7.737999916,7.737999916,4.601426987926615
3/11/2018 13:00,8.300999641,8.300999641,4.601393383207147
3/11/2018 14:00,10.3409996,10.3409996,4.601435473889746
3/11/2018 15:00,9.918999672,9.918999672,4.601452770250138
3/11/2018 16:00,9.708000183,9.708000183,4.601413754632321
3/11/2018 17:00,9.708000183,9.708000183,4.601409152292259
3/11/2018 18:00,8.934000015,8.934000015,4.60144248479596
3/11/2018 19:00,8.512000084,8.512000084,4.601438021654549
3/11/2018 20:00,8.37100029,8.37100029,4.601411624942501
3/11/2018 21:00,7.879000187,7.879000187,4.601421849201827
3/11/2018 22:00,7.52699995,7.52699995,4.601441095429287
3/11/2018 23:00,7.668000221,7.668000221,4.601427889701173
3/12/2018 0:00,8.020000458,8.020000458,4.6014152822422
3/12/2018 1:00,7.948999882,7.948999882,4.601429302754545
3/12/2018 2:00,7.597000122,7.597000122,4.601436230617562
3/12/2018 3:00,7.668000221,7.668000221,4.601422945356216
3/12/2018 4:00,7.948999882,7.948999882,4.601420521538256
3/12/2018 5:00,8.159999847,8.159999847,4.601432083936616
3/12/2018 6:00,7.668000221,7.668000221,4.601431218413828
3/12/2018 7:00,7.456999779,7.456999779,4.601421892729711
3/12/2018 8:00,8.020000458,8.020000458,4.601424917991956
3/12/2018 9:00,8.300999641,8.300999641,4.601431862921956
3/12/2018 10:00,8.86400032,8.86400032,4.601427645655059
3/12/2018 11:00,8.722999573,8.722999573,4.601422960500413
3/12/2018 12:00,9.00399971,9.00399971,4.601427601271453
3/12/2018 13:00,9.355999947,9.355999947,4.601430316922652
3/12/2018 14:00,10.55200005,10.55200005,4.601425814804296
3/12/2018 15:00,10.13000011,10.13000011,4.601424689836847
3/12/2018 16:00,10.48200035,10.48200035,4.6014286833448255
3/12/2018 17:00,11.18500042,11.18500042,4.601428621878051
3/12/2018 18:00,10.97399998,10.97399998,4.601425342051796
3/12/2018 19:00,9.918999672,9.918999672,4.601426205583593
3/12/2018 20:00,9.848999977,9.848999977,4.6014286977783545
3/12/2018 21:00,9.425999641,9.425999641,4.601427367652502
3/12/2018 22:00,9.286000252,9.286000252,4.601425640968166
3/12/2018 23:00,9.215000153,9.215000153,4.601427166371763
3/13/2018 0:00,9.00399971,9.00399971,4.601428213036187
3/13/2018 1:00,8.722999573,8.722999573,4.601426695032511
3/13/2018 2:00,8.86400032,8.86400032,4.6014262076213175
3/13/2018 3:00,8.793000221,8.793000221,4.601427580923658
3/13/2018 4:00,8.722999573,8.722999573,4.6014276427530865
3/13/2018 5:00,8.722999573,8.722999573,4.6014264943131975
3/13/2018 6:00,8.581999779,8.581999779,4.60142672790694
3/13/2018 7:00,8.230999947,8.230999947,4.601427617599375
3/13/2018 8:00,8.159999847,8.159999847,4.601427204374301
3/13/2018 9:00,9.286000252,9.286000252,4.601426572692122
3/13/2018 10:00,10.97399998,10.97399998,4.601427070190922
3/13/2018 11:00,10.83300018,10.83300018,4.601427468102884
3/13/2018 12:00,10.90400028,10.90400028,4.601426959003064
3/13/2018 13:00,11.60700035,11.60700035,4.601426756850821
3/13/2018 14:00,12.6619997,12.6619997,4.601427227008992
3/13/2018 15:00,11.74800014,11.74800014,4.601427277289745
3/13/2018 16:00,11.32600021,11.32600021,4.601426876899682
3/13/2018 17:00,11.5369997,11.5369997,4.601426934638572
3/13/2018 18:00,12.31099987,12.31099987,4.601427250692979
3/13/2018 19:00,11.88899994,11.88899994,4.601427124726945
3/13/2018 20:00,11.32600021,11.32600021,4.601426895166452
3/13/2018 21:00,11.04399967,11.04399967,4.601427055991818
3/13/2018 22:00,10.90400028,10.90400028,4.601427205546909
3/13/2018 23:00,10.62199974,10.62199974,4.601427035786126
3/14/2018 0:00,10.62199974,10.62199974,4.601426954458204
3/14/2018 1:00,10.48200035,10.48200035,4.601427114683396
3/14/2018 2:00,10.69299984,10.69299984,4.601427142079948
3/14/2018 3:00,10.76299953,10.76299953,4.601427003088026
3/14/2018 4:00,10.76299953,10.76299953,4.601427014928373
3/14/2018 5:00,9.98900032,9.98900032,4.601427126676848
3/14/2018 6:00,10.62199974,10.62199974,4.601427089213525
3/14/2018 7:00,10.19999981,10.19999981,4.601427006293681
3/14/2018 8:00,10.48200035,10.48200035,4.601427057754234
3/14/2018 9:00,10.83300018,10.83300018,4.601427113418631
3/14/2018 10:00,10.76299953,10.76299953,4.601427057163427
3/14/2018 11:00,10.76299953,10.76299953,4.60142702517583
3/14/2018 12:00,10.83300018,10.83300018,4.601427079519471
3/14/2018 13:00,9.496999741,9.496999741,4.601427092444976
3/14/2018 14:00,10.62199974,10.62199974,4.601427044402591
3/14/2018 15:00,10.69299984,10.69299984,4.601427045643699
3/14/2018 16:00,10.76299953,10.76299953,4.601427084976085
3/14/2018 17:00,10.19999981,10.19999981,4.601427074204585
3/14/2018 18:00,10.48200035,10.48200035,4.6014270444207
3/14/2018 19:00,9.777999878,9.777999878,4.601427060689429
3/14/2018 20:00,9.637999535,9.637999535,4.601427081232469
3/14/2018 21:00,9.496999741,9.496999741,4.601427062718046
3/14/2018 22:00,9.567000389,9.567000389,4.601427050356197
3/14/2018 23:00,9.425999641,9.425999641,4.601427068696067
3/15/2018 0:00,9.708000183,9.708000183,4.601427074350841
3/15/2018 1:00,9.708000183,9.708000183,4.601427057817161
3/15/2018 2:00,9.567000389,9.567000389,4.601427057248805
3/15/2018 3:00,9.496999741,9.496999741,4.601427071031661
3/15/2018 4:00,9.637999535,9.637999535,4.601427068084909
3/15/2018 5:00,9.777999878,9.777999878,4.601427057442892
3/15/2018 6:00,9.918999672,9.918999672,4.601427062511601
3/15/2018 7:00,9.637999535,9.637999535,4.60142707003623
3/15/2018 8:00,10.13000011,10.13000011,4.601427063989245
3/15/2018 9:00,10.13000011,10.13000011,4.601427059279224
3/15/2018 10:00,9.918999672,9.918999672,4.601427065435866
3/15/2018 11:00,9.708000183,9.708000183,4.601427067796367
3/15/2018 12:00,10.62199974,10.62199974,4.6014270621315125
3/15/2018 13:00,10.83300018,10.83300018,4.601427061587733
3/15/2018 14:00,10.90400028,10.90400028,4.601427066396588
3/15/2018 15:00,10.83300018,10.83300018,4.601427065653519
3/15/2018 16:00,11.67800045,11.67800045,10.83300018
3/15/2018 17:00,11.88899994,11.88899994,10.83300018
3/15/2018 18:00,11.60700035,11.60700035,10.83300018
3/15/2018 19:00,7.668000221,7.668000221,10.83300018
3/15/2018 20:00,2.321000099,2.321000099,10.83300018
3/15/2018 21:00,0.985000014,0.985000014,10.83300018
3/15/2018 22:00,2.884000063,2.884000063,10.83300018
3/15/2018 23:00,1.687999964,1.687999964,10.83300018
3/16/2018 0:00,2.743999958,2.743999958,10.83300018
3/16/2018 1:00,2.250999928,2.250999928,10.83300018
3/16/2018 2:00,1.828999996,1.828999996,10.83300018
3/16/2018 3:00,2.602999926,2.602999926,10.83300018
3/16/2018 4:00,3.377000093,3.377000093,10.83300018
3/16/2018 5:00,3.165999889,3.165999889,10.83300018
3/16/2018 6:00,3.305999994,3.305999994,10.83300018
3/16/2018 7:00,2.743999958,2.743999958,10.83300018
3/16/2018 8:00,1.899000049,1.899000049,10.83300018
3/16/2018 9:00,2.109999895,2.109999895,10.83300018
3/16/2018 10:00,2.109999895,2.109999895,10.83300018
3/16/2018 11:00,3.025000095,3.025000095,10.83300018
3/16/2018 12:00,3.657999992,3.657999992,10.83300018
3/16/2018 13:00,4.010000229,4.010000229,10.83300018
3/16/2018 14:00,3.799000025,3.799000025,10.83300018
3/16/2018 15:00,3.868999958,3.868999958,10.83300018
3/16/2018 16:00,4.290999889,4.290999889,10.83300018
3/16/2018 17:00,4.501999855,4.501999855,10.83300018
3/16/2018 18:00,4.78399992,4.78399992,10.83300018
3/16/2018 19:00,4.994999886,4.994999886,10.83300018
3/16/2018 20:00,5.205999851,5.205999851,10.83300018
3/16/2018 21:00,5.346000195,5.346000195,10.83300018
3/16/2018 22:00,4.923999786,4.923999786,10.83300018
3/16/2018 23:00,4.150000095,4.150000095,10.83300018
3/17/2018 0:00,3.377000093,3.377000093,10.83300018
3/17/2018 1:00,3.165999889,3.165999889,10.83300018
3/17/2018 2:00,2.743999958,2.743999958,10.83300018
3/17/2018 3:00,3.025000095,3.025000095,10.83300018
3/17/2018 4:00,2.813999891,2.813999891,10.83300018
3/17/2018 5:00,2.743999958,2.743999958,10.83300018
3/17/2018 6:00,2.743999958,2.743999958,10.83300018
3/17/2018 7:00,2.321000099,2.321000099,10.83300018
3/17/2018 8:00,2.813999891,2.813999891,10.83300018
3/17/2018 9:00,3.095000029,3.095000029,10.83300018
3/17/2018 10:00,3.868999958,3.868999958,10.83300018
3/17/2018 11:00,4.43200016,4.43200016,10.83300018
3/17/2018 12:00,5.135000229,5.135000229,10.83300018
3/17/2018 13:00,5.276000023,5.276000023,10.83300018
3/17/2018 14:00,6.119999886,6.119999886,10.83300018
3/17/2018 15:00,6.472000122,6.472000122,10.83300018
3/17/2018 16:00,6.050000191,6.050000191,10.83300018
3/17/2018 17:00,5.839000225,5.839000225,10.83300018
3/17/2018 18:00,5.768000126,5.768000126,10.83300018
3/17/2018 19:00,5.627999783,5.627999783,10.83300018
3/17/2018 20:00,5.486999989,5.486999989,10.83300018
3/17/2018 21:00,5.486999989,5.486999989,10.83300018
3/17/2018 22:00,5.276000023,5.276000023,10.83300018
3/17/2018 23:00,3.51699996,3.51699996,10.83300018
3/18/2018 0:00,4.712999821,4.712999821,10.83300018
3/18/2018 1:00,4.854000092,4.854000092,10.83300018
3/18/2018 2:00,5.55700016,5.55700016,10.83300018
3/18/2018 3:00,5.90899992,5.90899992,10.83300018
3/18/2018 4:00,4.923999786,4.923999786,10.83300018
3/18/2018 5:00,3.799000025,3.799000025,10.83300018
3/18/2018 6:00,5.839000225,5.839000225,10.83300018
3/18/2018 7:00,7.737999916,7.737999916,10.83300018
3/18/2018 8:00,8.090000153,8.090000153,10.83300018
3/18/2018 9:00,7.105000019,7.105000019,10.83300018
3/18/2018 10:00,7.597000122,7.597000122,10.83300018
3/18/2018 11:00,7.948999882,7.948999882,10.83300018
3/18/2018 12:00,6.964000225,6.964000225,10.83300018
3/18/2018 13:00,7.809000015,7.809000015,10.83300018
3/18/2018 14:00,6.261000156,6.261000156,10.83300018
3/18/2018 15:00,5.697999954,5.697999954,10.83300018
3/18/2018 16:00,5.486999989,5.486999989,10.83300018
3/18/2018 17:00,5.416999817,5.416999817,10.83300018
3/18/2018 18:00,5.979000092,5.979000092,10.83300018
3/18/2018 19:00,5.486999989,5.486999989,10.83300018
3/18/2018 20:00,4.43200016,4.43200016,10.83300018
3/18/2018 21:00,5.979000092,5.979000092,10.83300018
3/18/2018 22:00,5.979000092,5.979000092,10.83300018
3/18/2018 23:00,5.768000126,5.768000126,10.83300018
3/19/2018 0:00,5.90899992,5.90899992,10.83300018
3/19/2018 1:00,6.119999886,6.119999886,10.83300018
3/19/2018 2:00,6.752999783,6.752999783,10.83300018
3/19/2018 3:00,4.854000092,4.854000092,10.83300018
3/19/2018 4:00,4.78399992,4.78399992,10.83300018
3/19/2018 5:00,4.361999989,4.361999989,10.83300018
3/19/2018 6:00,5.839000225,5.839000225,10.83300018
3/19/2018 7:00,4.854000092,4.854000092,10.83300018
3/19/2018 8:00,4.854000092,4.854000092,10.83300018
3/19/2018 9:00,5.276000023,5.276000023,10.83300018
3/19/2018 10:00,5.55700016,5.55700016,10.83300018
3/19/2018 11:00,5.135000229,5.135000229,10.83300018
3/19/2018 12:00,6.261000156,6.261000156,10.83300018
3/19/2018 13:00,5.205999851,5.205999851,10.83300018
3/19/2018 14:00,5.346000195,5.346000195,10.83300018
3/19/2018 15:00,5.416999817,5.416999817,10.83300018
3/19/2018 16:00,5.065000057,5.065000057,10.83300018
3/19/2018 17:00,6.050000191,6.050000191,10.83300018
3/19/2018 18:00,3.165999889,3.165999889,10.83300018
3/19/2018 19:00,3.868999958,3.868999958,10.83300018
3/19/2018 20:00,4.643000126,4.643000126,10.83300018
3/19/2018 21:00,4.572999954,4.572999954,10.83300018
3/19/2018 22:00,4.643000126,4.643000126,10.83300018
3/19/2018 23:00,4.079999924,4.079999924,10.83300018
3/20/2018 0:00,3.095000029,3.095000029,10.83300018
3/20/2018 1:00,3.236000061,3.236000061,10.83300018
3/20/2018 2:00,4.010000229,4.010000229,10.83300018
3/20/2018 3:00,3.727999926,3.727999926,10.83300018
3/20/2018 4:00,4.290999889,4.290999889,10.83300018
3/20/2018 5:00,4.643000126,4.643000126,10.83300018
3/20/2018 6:00,4.43200016,4.43200016,10.83300018
3/20/2018 7:00,3.165999889,3.165999889,10.83300018
3/20/2018 8:00,2.954999924,2.954999924,10.83300018
3/20/2018 9:00,3.727999926,3.727999926,10.83300018
3/20/2018 10:00,4.150000095,4.150000095,10.83300018
3/20/2018 11:00,3.588000059,3.588000059,10.83300018
3/20/2018 12:00,3.868999958,3.868999958,10.83300018
3/20/2018 13:00,3.447000027,3.447000027,10.83300018
3/20/2018 14:00,3.51699996,3.51699996,10.83300018
3/20/2018 15:00,3.51699996,3.51699996,10.83300018
3/20/2018 16:00,3.095000029,3.095000029,10.83300018
3/20/2018 17:00,2.461999893,2.461999893,10.83300018
3/20/2018 18:00,2.532000065,2.532000065,10.83300018
3/20/2018 19:00,2.884000063,2.884000063,10.83300018
3/20/2018 20:00,2.532000065,2.532000065,10.83300018
3/20/2018 21:00,2.602999926,2.602999926,10.83300018
3/20/2018 22:00,3.377000093,3.377000093,10.83300018
3/20/2018 23:00,3.377000093,3.377000093,10.83300018
3/21/2018 0:00,3.447000027,3.447000027,10.83300018
3/21/2018 1:00,2.743999958,2.743999958,10.83300018
3/21/2018 2:00,3.447000027,3.447000027,10.83300018
3/21/2018 3:00,3.799000025,3.799000025,10.83300018
3/21/2018 4:00,3.868999958,3.868999958,10.83300018
3/21/2018 5:00,4.079999924,4.079999924,10.83300018
3/21/2018 6:00,3.938999891,3.938999891,10.83300018
3/21/2018 7:00,4.010000229,4.010000229,10.83300018
3/21/2018 8:00,4.290999889,4.290999889,10.83300018
3/21/2018 9:00,3.165999889,3.165999889,10.83300018
3/21/2018 10:00,5.416999817,5.416999817,10.83300018
3/21/2018 11:00,5.205999851,5.205999851,10.83300018
3/21/2018 12:00,5.065000057,5.065000057,10.83300018
3/21/2018 13:00,6.190999985,6.190999985,10.83300018
3/21/2018 14:00,5.90899992,5.90899992,10.83300018
3/21/2018 15:00,6.683000088,6.683000088,10.83300018
3/21/2018 16:00,6.683000088,6.683000088,10.83300018
3/21/2018 17:00,6.40199995,6.40199995,10.83300018
3/21/2018 18:00,6.894000053,6.894000053,10.83300018
3/21/2018 19:00,7.034999847,7.034999847,10.83300018
3/21/2018 20:00,6.752999783,6.752999783,10.83300018
3/21/2018 21:00,6.752999783,6.752999783,10.83300018
3/21/2018 22:00,6.683000088,6.683000088,10.83300018
3/21/2018 23:00,6.683000088,6.683000088,10.83300018
3/22/2018 0:00,6.612999916,6.612999916,10.83300018
3/22/2018 1:00,6.330999851,6.330999851,10.83300018
3/22/2018 2:00,6.752999783,6.752999783,10.83300018
3/22/2018 3:00,6.261000156,6.261000156,10.83300018
3/22/2018 4:00,6.261000156,6.261000156,10.83300018
3/22/2018 5:00,6.472000122,6.472000122,10.83300018
3/22/2018 6:00,6.472000122,6.472000122,10.83300018
3/22/2018 7:00,6.119999886,6.119999886,10.83300018
3/22/2018 8:00,6.964000225,6.964000225,10.83300018
3/22/2018 9:00,7.948999882,7.948999882,10.83300018
3/22/2018 10:00,8.512000084,8.512000084,10.83300018
3/22/2018 11:00,7.456999779,7.456999779,10.83300018
3/22/2018 12:00,8.159999847,8.159999847,10.83300018
3/22/2018 13:00,9.425999641,9.425999641,10.83300018
3/22/2018 14:00,9.00399971,9.00399971,10.83300018
3/22/2018 15:00,8.512000084,8.512000084,10.83300018
3/22/2018 16:00,8.793000221,8.793000221,8.560616476220146
3/22/2018 17:00,8.581999779,8.581999779,8.514081477331278
3/22/2018 18:00,9.708000183,9.708000183,8.513088014586533
3/22/2018 19:00,9.215000153,9.215000153,8.544328402425712
3/22/2018 20:00,8.512000084,8.512000084,8.524200959693564
3/22/2018 21:00,8.37100029,8.37100029,8.517060191914625
3/22/2018 22:00,8.512000084,8.512000084,8.535036395866298
3/22/2018 23:00,8.37100029,8.37100029,8.527771517472255
3/23/2018 0:00,8.442000389,8.442000389,8.520791211647703
3/23/2018 1:00,8.159999847,8.159999847,8.530208298421202
3/23/2018 2:00,8.300999641,8.300999641,8.528531273306085
3/23/2018 3:00,8.722999573,8.722999573,8.523458531860888
3/23/2018 4:00,8.300999641,8.300999641,8.527934809108004
3/23/2018 5:00,8.020000458,8.020000458,8.528290760872691
3/23/2018 6:00,8.159999847,8.159999847,8.525112493310154
3/23/2018 7:00,8.230999947,8.230999947,8.526992685858136
3/23/2018 8:00,8.581999779,8.581999779,8.527830567906978
3/23/2018 9:00,8.230999947,8.230999947,8.526037699298817
3/23/2018 10:00,9.918999672,9.918999672,8.526679670167425
3/23/2018 11:00,9.98900032,9.98900032,8.527430796653231
3/23/2018 12:00,9.708000183,9.708000183,8.526509308660835
3/23/2018 13:00,10.27099991,10.27099991,8.526628669976493
3/23/2018 14:00,11.60700035,11.60700035,8.52715481177526
3/23/2018 15:00,12.52200031,12.52200031,8.526726400257145
3/23/2018 16:00,12.38099957,12.38099957,8.526665624460454
3/23/2018 17:00,12.7329998,12.7329998,8.526987573143671
3/23/2018 18:00,12.02900028,12.02900028,8.526813359043617
3/23/2018 19:00,10.83300018,10.83300018,8.526717679372446
3/23/2018 20:00,10.62199974,10.62199974,8.526895804334243
3/23/2018 21:00,9.425999641,9.425999641,8.526840194355874
3/23/2018 22:00,9.00399971,9.00399971,8.526760133309681
3/23/2018 23:00,9.286000252,9.286000252,8.526849930801651
3/24/2018 0:00,9.145000458,9.145000458,8.526842810439849
3/24/2018 1:00,9.496999741,9.496999741,8.526788538053172
3/24/2018 2:00,9.848999977,9.848999977,8.526829317611416
3/24/2018 3:00,9.286000252,9.286000252,8.52683785616655
3/24/2018 4:00,9.355999947,9.355999947,8.526805379058448
3/24/2018 5:00,9.074999809,9.074999809,8.526821371025058
3/24/2018 6:00,9.00399971,9.00399971,8.526832075288345
3/24/2018 7:00,10.62199974,10.62199974,8.526814446288816
3/24/2018 8:00,9.496999741,9.496999741,8.526819138534783
3/24/2018 9:00,9.848999977,9.848999977,8.526827601928874
3/24/2018 10:00,9.918999672,9.918999672,8.52681888888612
3/24/2018 11:00,10.27099991,10.27099991,8.526819123017432
3/24/2018 12:00,10.69299984,10.69299984,8.526824692884828
3/24/2018 13:00,10.69299984,10.69299984,8.526820834101978
3/24/2018 14:00,11.67800045,11.67800045,8.526819740732742
3/24/2018 15:00,12.7329998,12.7329998,8.526823003736501
3/24/2018 16:00,12.94400024,12.94400024,8.526821551759125
3/24/2018 17:00,13.29599953,13.29599953,8.526820373356971
3/24/2018 18:00,12.6619997,12.6619997,8.52682211133731
3/24/2018 19:00,12.02900028,12.02900028,8.526821729642778
3/24/2018 20:00,11.46700001,11.46700001,8.526820841456129
3/24/2018 21:00,11.11499977,11.11499977,8.526821683077412
3/24/2018 22:00,10.97399998,10.97399998,8.526821706907715
3/24/2018 23:00,10.62199974,10.62199974,8.526821138001493
3/25/2018 0:00,10.69299984,10.69299984,8.526821500763205
3/25/2018 1:00,9.777999878,9.777999878,8.526821633309314
3/25/2018 2:00,9.286000252,9.286000252,8.526821306761407
3/25/2018 3:00,10.55200005,10.55200005,8.526821436872334
3/25/2018 4:00,10.3409996,10.3409996,8.526821564910556
3/25/2018 5:00,10.69299984,10.69299984,8.52682139424308
3/25/2018 6:00,10.41100025,10.41100025,8.52682142362875
3/25/2018 7:00,9.98900032,9.98900032,8.526821516232971
3/25/2018 8:00,10.62199974,10.62199974,8.526821435324884
3/25/2018 9:00,10.97399998,10.97399998,8.526821428289749
3/25/2018 10:00,10.27099991,10.27099991,8.526821486136498
3/25/2018 11:00,9.98900032,9.98900032,8.526821452281377
3/25/2018 12:00,10.62199974,10.62199974,8.526821436788047
3/25/2018 13:00,10.3409996,10.3409996,8.52682146934103
3/25/2018 14:00,10.76299953,10.76299953,8.526821457868788
3/25/2018 15:00,10.90400028,10.90400028,8.526821444108265
3/25/2018 16:00,10.83300018,10.83300018,8.526821460800159
3/25/2018 17:00,10.97399998,10.97399998,8.526821458739612
3/25/2018 18:00,11.46700001,11.46700001,8.526821449141481
3/25/2018 19:00,10.3409996,10.3409996,8.52682145687995
3/25/2018 20:00,10.62199974,10.62199974,8.526821458039748
3/25/2018 21:00,10.55200005,10.55200005,8.526821452183098
3/25/2018 22:00,10.48200035,10.48200035,8.526821455316648
3/25/2018 23:00,10.48200035,10.48200035,8.526821457080878
3/26/2018 0:00,10.13000011,10.13000011,8.526821453848209
3/26/2018 1:00,9.918999672,9.918999672,8.526821454839165
3/26/2018 2:00,10.83300018,10.83300018,8.526821456304292
3/26/2018 3:00,10.3409996,10.3409996,8.52682145467854
3/26/2018 4:00,10.06000042,10.06000042,8.526821454797167
3/26/2018 5:00,10.76299953,10.76299953,8.52682145578659
3/26/2018 6:00,10.76299953,10.76299953,8.526821455050499
3/26/2018 7:00,10.76299953,10.76299953,8.526821454889948
3/26/2018 8:00,11.04399967,11.04399967,8.52682145548045
3/26/2018 9:00,10.62199974,10.62199974,8.526821455193167
3/26/2018 10:00,11.60700035,11.60700035,8.526821454996222
3/26/2018 11:00,10.19999981,10.19999981,8.526821455316007
3/26/2018 12:00,11.11499977,11.11499977,8.526821455232712
3/26/2018 13:00,12.23999977,12.23999977,8.526821455077977
3/26/2018 14:00,13.50699997,13.50699997,8.526821455235638
3/26/2018 15:00,13.36600018,13.36600018,8.526821455232447
3/26/2018 16:00,13.78800011,13.78800011,8.526821455130966
3/26/2018 17:00,13.71800041,13.71800041,8.526821455200565
3/26/2018 18:00,13.64700031,13.64700031,8.526821455220956
3/26/2018 19:00,12.45100021,12.45100021,8.526821455161656
3/26/2018 20:00,11.74800014,11.74800014,8.5268214551877
3/26/2018 21:00,11.60700035,11.60700035,8.526821455209344
3/26/2018 22:00,11.04399967,11.04399967,8.526821455177833
3/26/2018 23:00,10.83300018,10.83300018,8.526821455184571
3/27/2018 0:00,10.62199974,10.62199974,8.526821455200796
3/27/2018 1:00,10.69299984,10.69299984,8.526821455185576
3/27/2018 2:00,10.3409996,10.3409996,8.526821455185038
3/27/2018 3:00,10.62199974,10.62199974,8.526821455195398
3/27/2018 4:00,10.48200035,10.48200035,8.52682145518886
3/27/2018 5:00,10.27099991,10.27099991,8.526821455186402
3/27/2018 6:00,10.48200035,10.48200035,8.526821455192334
3/27/2018 7:00,10.3409996,10.3409996,8.526821455190005
3/27/2018 8:00,11.32600021,11.32600021,8.526821455187656
3/27/2018 9:00,11.04399967,11.04399967,8.526821455190749
3/27/2018 10:00,11.88899994,11.88899994,8.526821455190236
3/27/2018 11:00,12.02900028,12.02900028,8.526821455188545
3/27/2018 12:00,11.5369997,11.5369997,8.526821455190007
3/27/2018 13:00,11.5369997,11.5369997,8.526821455190145
3/27/2018 14:00,13.01399994,13.01399994,8.526821455189092
3/27/2018 15:00,13.08500004,13.08500004,8.526821455189701
3/27/2018 16:00,13.57699966,13.57699966,8.526821455189987
3/27/2018 17:00,13.64700031,13.64700031,8.526821455189395
3/27/2018 18:00,12.8739996,12.8739996,8.5268214551896
3/27/2018 19:00,11.5369997,11.5369997,8.526821455189852
3/27/2018 20:00,10.83300018,10.83300018,8.52682145518955
3/27/2018 21:00,10.48200035,10.48200035,8.526821455189586
3/27/2018 22:00,10.19999981,10.19999981,8.526821455189761
3/27/2018 23:00,9.708000183,9.708000183,8.526821455189621
3/28/2018 0:00,9.496999741,9.496999741,8.5268214551896
3/28/2018 1:00,8.86400032,8.86400032,8.526821455189706
3/28/2018 2:00,8.86400032,8.86400032,8.52682145518965
3/28/2018 3:00,8.934000015,8.934000015,8.526821455189618
3/28/2018 4:00,8.442000389,8.442000389,8.526821455189676
3/28/2018 5:00,8.581999779,8.581999779,8.526821455189658
3/28/2018 6:00,8.159999847,8.159999847,8.526821455189632
3/28/2018 7:00,8.934000015,8.934000015,8.526821455189662
3/28/2018 8:00,9.848999977,9.848999977,8.52682145518966
3/28/2018 9:00,9.98900032,9.98900032,8.526821455189642
3/28/2018 10:00,11.11499977,11.11499977,8.526821455189655
3/28/2018 11:00,10.3409996,10.3409996,8.526821455189658
3/28/2018 12:00,9.918999672,9.918999672,8.526821455189648
3/28/2018 13:00,10.83300018,10.83300018,8.526821455189653
3/28/2018 14:00,12.10000038,12.10000038,8.526821455189657
3/28/2018 15:00,12.59200001,12.59200001,8.526821455189651
3/28/2018 16:00,13.08500004,13.08500004,8.526821455189653
3/28/2018 17:00,13.08500004,13.08500004,8.526821455189657
3/28/2018 18:00,12.23999977,12.23999977,8.526821455189653
3/28/2018 19:00,11.32600021,11.32600021,8.526821455189653
3/28/2018 20:00,10.90400028,10.90400028,8.526821455189655
3/28/2018 21:00,9.848999977,9.848999977,8.526821455189653
3/28/2018 22:00,9.496999741,9.496999741,8.526821455189653
3/28/2018 23:00,9.567000389,9.567000389,8.526821455189655
3/29/2018 0:00,9.496999741,9.496999741,8.526821455189655
3/29/2018 1:00,9.074999809,9.074999809,8.526821455189655
3/29/2018 2:00,9.286000252,9.286000252,8.526821455189655
3/29/2018 3:00,9.567000389,9.567000389,8.526821455189655
3/29/2018 4:00,9.074999809,9.074999809,8.526821455189655
3/29/2018 5:00,8.581999779,8.581999779,8.526821455189655
3/29/2018 6:00,8.159999847,8.159999847,8.526821455189655
3/29/2018 7:00,8.020000458,8.020000458,8.526821455189655
3/29/2018 8:00,8.652999878,8.652999878,8.526821455189655
3/29/2018 9:00,8.512000084,8.512000084,8.526821455189655
3/29/2018 10:00,9.145000458,9.145000458,8.526821455189655
3/29/2018 11:00,8.86400032,8.86400032,8.526821455189655
3/29/2018 12:00,9.145000458,9.145000458,8.526821455189655
3/29/2018 13:00,9.637999535,9.637999535,8.526821455189655
3/29/2018 14:00,10.13000011,10.13000011,8.526821455189655
3/29/2018 15:00,10.69299984,10.69299984,8.526821455189655
3/29/2018 16:00,10.48200035,10.48200035,10.684532733358415
3/29/2018 17:00,10.3409996,10.3409996,10.683958260662708
3/29/2018 18:00,9.637999535,9.637999535,10.689852046030866
3/29/2018 19:00,9.355999947,9.355999947,10.68624146398505
3/29/2018 20:00,9.425999641,9.425999641,10.684849930240004
3/29/2018 21:00,8.230999947,8.230999947,10.688138245931688
3/29/2018 22:00,7.809000015,7.809000015,10.686820189991476
3/29/2018 23:00,7.315999985,7.315999985,10.685573060482028
3/30/2018 0:00,6.612999916,6.612999916,10.687273123323898
3/30/2018 1:00,6.823999882,6.823999882,10.686934809320944
3/30/2018 2:00,6.472000122,6.472000122,10.686058096235469
3/30/2018 3:00,6.119999886,6.119999886,10.686870718833958
3/30/2018 4:00,6.119999886,6.119999886,10.686891450807392
3/30/2018 5:00,5.839000225,5.839000225,10.686349055892313
3/30/2018 6:00,5.276000023,5.276000023,10.686702226730725
3/30/2018 7:00,5.205999851,5.205999851,10.686816162337143
3/30/2018 8:00,5.55700016,5.55700016,10.686509506107315
3/30/2018 9:00,5.768000126,5.768000126,10.686642718495298
3/30/2018 10:00,6.261000156,6.261000156,10.68675206170839
3/30/2018 11:00,6.261000156,6.261000156,10.686591530424039
3/30/2018 12:00,6.330999851,6.330999851,10.68662895051471
3/30/2018 13:00,7.034999847,7.034999847,10.686708035121898
3/30/2018 14:00,7.034999847,7.034999847,10.686630243923036
3/30/2018 15:00,7.386000156,7.386000156,10.686631407551332
3/30/2018 16:00,7.315999985,7.315999985,10.68668120205542
3/30/2018 17:00,7.809000015,7.809000015,10.686646785082111
3/30/2018 18:00,6.683000088,6.683000088,10.686637673262748
3/30/2018 19:00,5.768000126,5.768000126,10.68666621119521
3/30/2018 20:00,6.330999851,6.330999851,10.686652844619166
3/30/2018 21:00,6.40199995,6.40199995,10.686643324404084
3/30/2018 22:00,6.261000156,6.261000156,10.68665845109621
3/30/2018 23:00,5.979000092,5.979000092,10.686654415869848
3/31/2018 0:00,5.768000126,5.768000126,10.686647308003696
3/31/2018 1:00,5.768000126,5.768000126,10.686654736587899
3/31/2018 2:00,5.768000126,5.768000126,10.686654336622532
3/31/2018 3:00,5.768000126,5.768000126,10.686649776807318
3/31/2018 4:00,5.768000126,5.768000126,10.686653119240308
3/31/2018 5:00,5.768000126,5.768000126,10.686653824669886
3/31/2018 6:00,5.768000126,5.768000126,10.686651174505538
3/31/2018 7:00,5.768000126,5.768000126,10.68665250729648
3/31/2018 8:00,5.768000126,5.768000126,10.686653329528982
3/31/2018 9:00,5.768000126,5.768000126,10.686651907109423
3/31/2018 10:00,5.768000126,5.768000126,10.68665233401552
3/31/2018 11:00,5.768000126,5.768000126,10.686652970313466
3/31/2018 12:00,5.768000126,5.768000126,10.686652262604001
3/31/2018 13:00,5.768000126,5.768000126,10.686652327274095
3/31/2018 14:00,5.768000126,5.768000126,10.686652743722227
3/31/2018 15:00,5.768000126,5.768000126,10.68665242015978
3/31/2018 16:00,5.768000126,5.768000126,10.686652368101972
3/31/2018 17:00,5.768000126,5.768000126,10.68665261367785
3/31/2018 18:00,5.768000126,5.768000126,10.686652481520946
3/31/2018 19:00,5.768000126,5.768000126,10.686652411179677
3/31/2018 20:00,5.768000126,5.768000126,10.68665254465992
3/31/2018 21:00,5.768000126,5.768000126,10.686652500166243
3/31/2018 22:00,5.768000126,5.768000126,10.686652443452303
3/31/2018 23:00,5.768000126,5.768000126,10.686652510720615
4/1/2018 0:00,9.00399971,9.00399971,10.686652502124534
4/1/2018 1:00,9.215000153,9.215000153,10.686652464196412
4/1/2018 2:00,9.00399971,9.00399971,10.686652495424584
4/1/2018 3:00,8.652999878,8.652999878,10.686652498976272
4/1/2018 4:00,9.215000153,9.215000153,10.686652476270318
4/1/2018 5:00,9.215000153,9.215000153,10.686652489309848
4/1/2018 6:00,9.425999641,9.425999641,10.686652495259095
4/1/2018 7:00,9.567000389,9.567000389,10.686652482758976
4/1/2018 8:00,10.19999981,10.19999981,10.686652487340579
4/1/2018 9:00,10.69299984,10.69299984,10.686652492371262
4/1/2018 10:00,11.11499977,11.11499977,10.686652485991562
4/1/2018 11:00,10.97399998,10.97399998,10.686652487033117
4/1/2018 12:00,10.76299953,10.76299953,10.686652490477227
4/1/2018 13:00,11.60700035,11.60700035,10.686652487471823
4/1/2018 14:00,11.25599957,11.25599957,10.686652487264016
4/1/2018 15:00,12.94400024,12.94400024,10.686652489358654
4/1/2018 16:00,12.7329998,12.7329998,10.68665248807783
4/1/2018 17:00,11.81799984,11.81799984,10.686652487581682
4/1/2018 18:00,11.74800014,11.74800014,10.686652488749884
4/1/2018 19:00,10.76299953,10.76299953,10.6866524882828
4/1/2018 20:00,10.69299984,10.69299984,10.686652487838957
4/1/2018 21:00,10.55200005,10.55200005,10.686652488442693
4/1/2018 22:00,10.48200035,10.48200035,10.686652488323169
4/1/2018 23:00,10.13000011,10.13000011,10.686652488011406
4/2/2018 0:00,9.708000183,9.708000183,10.686652488299869
4/2/2018 1:00,10.19999981,10.19999981,10.686652488307585
4/2/2018 2:00,10.48200035,10.48200035,10.686652488114806
4/2/2018 3:00,10.83300018,10.83300018,10.686652488240105
4/2/2018 4:00,10.3409996,10.3409996,10.686652488280753
4/2/2018 5:00,10.3409996,10.3409996,10.686652488171804
4/2/2018 6:00,10.06000042,10.06000042,10.686652488219021
4/2/2018 7:00,10.48200035,10.48200035,10.686652488257943
4/2/2018 8:00,9.637999535,9.637999535,10.68665248820093
4/2/2018 9:00,10.55200005,10.55200005,10.686652488214163
4/2/2018 10:00,10.48200035,10.48200035,10.686652488242288
4/2/2018 11:00,10.13000011,10.13000011,10.686652488214671
4/2/2018 12:00,10.19999981,10.19999981,10.686652488215051
4/2/2018 13:00,11.67800045,11.67800045,10.68665248823275
4/2/2018 14:00,12.02900028,12.02900028,10.686652488220538
4/2/2018 15:00,12.10000038,12.10000038,10.686652488217284
4/2/2018 16:00,12.17000008,12.17000008,10.686652488227423
4/2/2018 17:00,12.02900028,12.02900028,10.686652488222684
4/2/2018 18:00,11.25599957,11.25599957,10.686652488219295
4/2/2018 19:00,10.97399998,10.97399998,10.686652488224667
4/2/2018 20:00,10.55200005,10.55200005,10.686652488223238
4/2/2018 21:00,10.19999981,10.19999981,10.68665248822071
4/2/2018 22:00,10.3409996,10.3409996,10.686652488223348
4/2/2018 23:00,9.848999977,9.848999977,10.68665248822321
4/3/2018 0:00,9.425999641,9.425999641,10.68665248822159
4/3/2018 1:00,9.355999947,9.355999947,10.686652488222776
4/3/2018 2:00,9.215000153,9.215000153,10.686652488223029
4/3/2018 3:00,9.145000458,9.145000458,10.686652488222087
4/3/2018 4:00,9.145000458,9.145000458,10.68665248822256
4/3/2018 5:00,9.425999641,9.425999641,10.686652488222853
4/3/2018 6:00,9.286000252,9.286000252,10.686652488222348
4/3/2018 7:00,9.496999741,9.496999741,10.6866524882225
4/3/2018 8:00,9.848999977,9.848999977,10.686652488222725
4/3/2018 9:00,10.69299984,10.69299984,10.686652488222474
4/3/2018 10:00,11.39599991,11.39599991,10.686652488222498
4/3/2018 11:00,11.32600021,11.32600021,10.686652488222645
4/3/2018 12:00,11.39599991,11.39599991,10.68665248822253
4/3/2018 13:00,11.32600021,11.32600021,10.686652488222512
4/3/2018 14:00,12.7329998,12.7329998,10.686652488222599
4/3/2018 15:00,12.94400024,12.94400024,10.686652488222553
4/3/2018 16:00,13.43599987,13.43599987,10.686652488222528
4/3/2018 17:00,13.71800041,13.71800041,10.686652488222576
4/3/2018 18:00,12.23999977,12.23999977,10.68665248822256
4/3/2018 19:00,12.17000008,12.17000008,10.68665248822254
4/3/2018 20:00,11.60700035,11.60700035,10.686652488222563
4/3/2018 21:00,11.32600021,11.32600021,10.68665248822256
4/3/2018 22:00,10.97399998,10.97399998,10.686652488222546
4/3/2018 23:00,10.90400028,10.90400028,10.686652488222556
4/4/2018 0:00,9.918999672,9.918999672,10.686652488222558
4/4/2018 1:00,8.86400032,8.86400032,10.686652488222549
4/4/2018 2:00,8.934000015,8.934000015,10.686652488222554
4/4/2018 3:00,7.809000015,7.809000015,10.686652488222556
4/4/2018 4:00,6.823999882,6.823999882,10.686652488222553
4/4/2018 5:00,7.105000019,7.105000019,10.686652488222554
4/4/2018 6:00,6.612999916,6.612999916,10.686652488222556
4/4/2018 7:00,5.135000229,5.135000229,10.686652488222554
4/4/2018 8:00,5.346000195,5.346000195,10.686652488222554
4/4/2018 9:00,5.065000057,5.065000057,10.686652488222556
4/4/2018 10:00,5.276000023,5.276000023,10.686652488222554
4/4/2018 11:00,5.276000023,5.276000023,10.686652488222554
4/4/2018 12:00,5.065000057,5.065000057,10.686652488222554
4/4/2018 13:00,4.572999954,4.572999954,10.686652488222554
4/4/2018 14:00,4.290999889,4.290999889,10.686652488222554
4/4/2018 15:00,4.43200016,4.43200016,10.686652488222554
4/4/2018 16:00,4.221000195,4.221000195,10.686652488222554
4/4/2018 17:00,4.079999924,4.079999924,10.686652488222554
4/4/2018 18:00,3.799000025,3.799000025,10.686652488222554
4/4/2018 19:00,3.657999992,3.657999992,10.686652488222554
4/4/2018 20:00,3.799000025,3.799000025,10.686652488222554
4/4/2018 21:00,3.799000025,3.799000025,10.686652488222554
4/4/2018 22:00,3.868999958,3.868999958,10.686652488222554
4/4/2018 23:00,3.938999891,3.938999891,10.686652488222554
4/5/2018 0:00,3.657999992,3.657999992,10.686652488222554
4/5/2018 1:00,3.799000025,3.799000025,10.686652488222554
4/5/2018 2:00,3.868999958,3.868999958,10.686652488222554
4/5/2018 3:00,3.799000025,3.799000025,10.686652488222554
4/5/2018 4:00,4.361999989,4.361999989,10.686652488222554
4/5/2018 5:00,3.657999992,3.657999992,10.686652488222554
4/5/2018 6:00,4.221000195,4.221000195,10.686652488222554
4/5/2018 7:00,3.51699996,3.51699996,10.686652488222554
4/5/2018 8:00,3.095000029,3.095000029,10.686652488222554
4/5/2018 9:00,0.421999991,0.421999991,10.686652488222554
4/5/2018 10:00,0.0,0.0,10.686652488222554
4/5/2018 11:00,-0.633000016,-0.633000016,10.686652488222554
4/5/2018 12:00,-0.703000009,-0.703000009,10.686652488222554
4/5/2018 13:00,0.0,0.0,10.686652488222554
4/5/2018 14:00,-0.633000016,-0.633000016,10.686652488222554
4/5/2018 15:00,-0.915000021,-0.915000021,10.686652488222554
4/5/2018 16:00,0.0,0.0,-0.915000021
4/5/2018 17:00,0.563000023,0.563000023,-0.915000021
4/5/2018 18:00,1.758999944,1.758999944,-0.915000021
4/5/2018 19:00,0.563000023,0.563000023,-0.915000021
4/5/2018 20:00,0.0,0.0,-0.915000021
4/5/2018 21:00,2.039999962,2.039999962,-0.915000021
4/5/2018 22:00,0.492000014,0.492000014,-0.915000021
4/5/2018 23:00,1.126000047,1.126000047,-0.915000021
4/6/2018 0:00,0.985000014,0.985000014,-0.915000021
4/6/2018 1:00,0.0,0.0,-0.915000021
4/6/2018 2:00,0.563000023,0.563000023,-0.915000021
4/6/2018 3:00,1.970000029,1.970000029,-0.915000021
4/6/2018 4:00,2.39199996,2.39199996,-0.915000021
4/6/2018 5:00,1.476999998,1.476999998,-0.915000021
4/6/2018 6:00,1.337000012,1.337000012,-0.915000021
4/6/2018 7:00,1.054999948,1.054999948,-0.915000021
4/6/2018 8:00,1.054999948,1.054999948,-0.915000021
4/6/2018 9:00,1.337000012,1.337000012,-0.915000021
4/6/2018 10:00,1.828999996,1.828999996,-0.915000021
4/6/2018 11:00,3.095000029,3.095000029,-0.915000021
4/6/2018 12:00,4.010000229,4.010000229,-0.915000021
4/6/2018 13:00,4.643000126,4.643000126,-0.915000021
4/6/2018 14:00,4.994999886,4.994999886,-0.915000021
4/6/2018 15:00,4.994999886,4.994999886,-0.915000021
4/6/2018 16:00,5.346000195,5.346000195,-0.915000021
4/6/2018 17:00,5.486999989,5.486999989,-0.915000021
4/6/2018 18:00,5.346000195,5.346000195,-0.915000021
4/6/2018 19:00,5.346000195,5.346000195,-0.915000021
4/6/2018 20:00,5.346000195,5.346000195,-0.915000021
4/6/2018 21:00,4.221000195,4.221000195,-0.915000021
4/6/2018 22:00,5.276000023,5.276000023,-0.915000021
4/6/2018 23:00,4.854000092,4.854000092,-0.915000021
4/7/2018 0:00,4.501999855,4.501999855,-0.915000021
4/7/2018 1:00,4.221000195,4.221000195,-0.915000021
4/7/2018 2:00,4.150000095,4.150000095,-0.915000021
4/7/2018 3:00,4.221000195,4.221000195,-0.915000021
4/7/2018 4:00,4.221000195,4.221000195,-0.915000021
4/7/2018 5:00,4.150000095,4.150000095,-0.915000021
4/7/2018 6:00,3.727999926,3.727999926,-0.915000021
4/7/2018 7:00,4.994999886,4.994999886,-0.915000021
4/7/2018 8:00,4.221000195,4.221000195,-0.915000021
4/7/2018 9:00,3.727999926,3.727999926,-0.915000021
4/7/2018 10:00,5.346000195,5.346000195,-0.915000021
4/7/2018 11:00,3.305999994,3.305999994,-0.915000021
4/7/2018 12:00,3.236000061,3.236000061,-0.915000021
4/7/2018 13:00,3.51699996,3.51699996,-0.915000021
4/7/2018 14:00,4.501999855,4.501999855,-0.915000021
4/7/2018 15:00,4.994999886,4.994999886,-0.915000021
4/7/2018 16:00,5.276000023,5.276000023,-0.915000021
4/7/2018 17:00,5.768000126,5.768000126,-0.915000021
4/7/2018 18:00,6.050000191,6.050000191,-0.915000021
4/7/2018 19:00,5.697999954,5.697999954,-0.915000021
4/7/2018 20:00,5.346000195,5.346000195,-0.915000021
4/7/2018 21:00,4.923999786,4.923999786,-0.915000021
4/7/2018 22:00,4.854000092,4.854000092,-0.915000021
4/7/2018 23:00,5.065000057,5.065000057,-0.915000021
4/8/2018 0:00,4.572999954,4.572999954,-0.915000021
4/8/2018 1:00,4.712999821,4.712999821,-0.915000021
4/8/2018 2:00,4.501999855,4.501999855,-0.915000021
4/8/2018 3:00,4.501999855,4.501999855,-0.915000021
4/8/2018 4:00,4.501999855,4.501999855,-0.915000021
4/8/2018 5:00,4.643000126,4.643000126,-0.915000021
4/8/2018 6:00,4.572999954,4.572999954,-0.915000021
4/8/2018 7:00,5.697999954,5.697999954,-0.915000021
4/8/2018 8:00,5.768000126,5.768000126,-0.915000021
4/8/2018 9:00,5.627999783,5.627999783,-0.915000021
4/8/2018 10:00,5.416999817,5.416999817,-0.915000021
4/8/2018 11:00,5.697999954,5.697999954,-0.915000021
4/8/2018 12:00,5.627999783,5.627999783,-0.915000021
4/8/2018 13:00,6.261000156,6.261000156,-0.915000021
4/8/2018 14:00,7.105000019,7.105000019,-0.915000021
4/8/2018 15:00,7.668000221,7.668000221,-0.915000021
4/8/2018 16:00,7.809000015,7.809000015,-0.915000021
4/8/2018 17:00,7.879000187,7.879000187,-0.915000021
4/8/2018 18:00,7.597000122,7.597000122,-0.915000021
4/8/2018 19:00,8.230999947,8.230999947,-0.915000021
4/8/2018 20:00,8.300999641,8.300999641,-0.915000021
4/8/2018 21:00,7.879000187,7.879000187,-0.915000021
4/8/2018 22:00,7.737999916,7.737999916,-0.915000021
4/8/2018 23:00,7.245999813,7.245999813,-0.915000021
4/9/2018 0:00,7.386000156,7.386000156,-0.915000021
4/9/2018 1:00,7.668000221,7.668000221,-0.915000021
4/9/2018 2:00,7.737999916,7.737999916,-0.915000021
4/9/2018 3:00,7.456999779,7.456999779,-0.915000021
4/9/2018 4:00,7.456999779,7.456999779,-0.915000021
4/9/2018 5:00,7.245999813,7.245999813,-0.915000021
4/9/2018 6:00,6.894000053,6.894000053,-0.915000021
4/9/2018 7:00,8.020000458,8.020000458,-0.915000021
4/9/2018 8:00,8.652999878,8.652999878,-0.915000021
4/9/2018 9:00,9.425999641,9.425999641,-0.915000021
4/9/2018 10:00,10.55200005,10.55200005,-0.915000021
4/9/2018 11:00,9.777999878,9.777999878,-0.915000021
4/9/2018 12:00,9.286000252,9.286000252,-0.915000021
4/9/2018 13:00,9.98900032,9.98900032,-0.915000021
4/9/2018 14:00,11.32600021,11.32600021,-0.915000021
4/9/2018 15:00,10.90400028,10.90400028,-0.915000021
4/9/2018 16:00,12.10000038,12.10000038,-0.915000021
4/9/2018 17:00,12.45100021,12.45100021,-0.915000021
4/9/2018 18:00,12.02900028,12.02900028,-0.915000021
4/9/2018 19:00,10.48200035,10.48200035,-0.915000021
4/9/2018 20:00,9.918999672,9.918999672,-0.915000021
4/9/2018 21:00,9.708000183,9.708000183,-0.915000021
4/9/2018 22:00,9.496999741,9.496999741,-0.915000021
4/9/2018 23:00,9.215000153,9.215000153,-0.915000021
4/10/2018 0:00,8.86400032,8.86400032,-0.915000021
4/10/2018 1:00,8.722999573,8.722999573,-0.915000021
4/10/2018 2:00,8.652999878,8.652999878,-0.915000021
4/10/2018 3:00,8.722999573,8.722999573,-0.915000021
4/10/2018 4:00,8.442000389,8.442000389,-0.915000021
4/10/2018 5:00,8.581999779,8.581999779,-0.915000021
4/10/2018 6:00,8.652999878,8.652999878,-0.915000021
4/10/2018 7:00,9.215000153,9.215000153,-0.915000021
4/10/2018 8:00,9.918999672,9.918999672,-0.915000021
4/10/2018 9:00,10.48200035,10.48200035,-0.915000021
4/10/2018 10:00,9.215000153,9.215000153,-0.915000021
4/10/2018 11:00,9.567000389,9.567000389,-0.915000021
4/10/2018 12:00,8.934000015,8.934000015,-0.915000021
4/10/2018 13:00,9.425999641,9.425999641,-0.915000021
4/10/2018 14:00,10.55200005,10.55200005,-0.915000021
4/10/2018 15:00,10.62199974,10.62199974,-0.915000021
4/10/2018 16:00,11.18500042,11.18500042,-0.915000021
4/10/2018 17:00,10.90400028,10.90400028,-0.915000021
4/10/2018 18:00,12.02900028,12.02900028,-0.915000021
4/10/2018 19:00,11.60700035,11.60700035,-0.915000021
4/10/2018 20:00,11.18500042,11.18500042,-0.915000021
4/10/2018 21:00,11.04399967,11.04399967,-0.915000021
4/10/2018 22:00,10.55200005,10.55200005,-0.915000021
4/10/2018 23:00,11.04399967,11.04399967,-0.915000021
4/11/2018 0:00,10.3409996,10.3409996,-0.915000021
4/11/2018 1:00,10.48200035,10.48200035,-0.915000021
4/11/2018 2:00,10.55200005,10.55200005,-0.915000021
4/11/2018 3:00,10.41100025,10.41100025,-0.915000021
4/11/2018 4:00,10.55200005,10.55200005,-0.915000021
4/11/2018 5:00,10.55200005,10.55200005,-0.915000021
4/11/2018 6:00,9.777999878,9.777999878,-0.915000021
4/11/2018 7:00,9.918999672,9.918999672,-0.915000021
4/11/2018 8:00,9.918999672,9.918999672,-0.915000021
4/11/2018 9:00,9.708000183,9.708000183,-0.915000021
4/11/2018 10:00,10.3409996,10.3409996,-0.915000021
4/11/2018 11:00,10.13000011,10.13000011,-0.915000021
4/11/2018 12:00,10.27099991,10.27099991,-0.915000021
4/11/2018 13:00,10.3409996,10.3409996,-0.915000021
4/11/2018 14:00,10.97399998,10.97399998,-0.915000021
4/11/2018 15:00,10.97399998,10.97399998,-0.915000021
4/11/2018 16:00,10.76299953,10.76299953,-0.915000021
4/11/2018 17:00,9.777999878,9.777999878,-0.915000021
4/11/2018 18:00,9.425999641,9.425999641,-0.915000021
4/11/2018 19:00,8.722999573,8.722999573,-0.915000021
4/11/2018 20:00,7.879000187,7.879000187,-0.915000021
4/11/2018 21:00,7.668000221,7.668000221,-0.915000021
4/11/2018 22:00,7.386000156,7.386000156,-0.915000021
4/11/2018 23:00,6.964000225,6.964000225,-0.915000021
4/12/2018 0:00,6.964000225,6.964000225,-0.915000021
4/12/2018 1:00,6.612999916,6.612999916,-0.915000021
4/12/2018 2:00,6.612999916,6.612999916,-0.915000021
4/12/2018 3:00,6.050000191,6.050000191,-0.915000021
4/12/2018 4:00,6.40199995,6.40199995,-0.915000021
4/12/2018 5:00,5.90899992,5.90899992,-0.915000021
4/12/2018 6:00,5.768000126,5.768000126,-0.915000021
4/12/2018 7:00,5.627999783,5.627999783,-0.915000021
4/12/2018 8:00,5.90899992,5.90899992,-0.915000021
4/12/2018 9:00,5.90899992,5.90899992,-0.915000021
4/12/2018 10:00,5.979000092,5.979000092,-0.915000021
4/12/2018 11:00,6.330999851,6.330999851,-0.915000021
4/12/2018 12:00,6.472000122,6.472000122,-0.915000021
4/12/2018 13:00,6.050000191,6.050000191,-0.915000021
4/12/2018 14:00,6.541999817,6.541999817,-0.915000021
4/12/2018 15:00,6.472000122,6.472000122,-0.915000021
4/12/2018 16:00,6.330999851,6.330999851,6.446939257804473
4/12/2018 17:00,5.768000126,5.768000126,6.484626298008581
4/12/2018 18:00,5.627999783,5.627999783,6.4738456151452155
4/12/2018 19:00,5.346000195,5.346000195,6.462026880620495
4/12/2018 20:00,4.854000092,4.854000092,6.473737373805561
4/12/2018 21:00,5.135000229,5.135000229,6.472787997167755
4/12/2018 22:00,4.994999886,4.994999886,6.467773828918381
4/12/2018 23:00,4.643000126,4.643000126,6.471025958830788
4/13/2018 0:00,4.994999886,4.994999886,6.471582382648377
4/13/2018 1:00,4.923999786,4.923999786,6.469731522659802
4/13/2018 2:00,4.78399992,4.78399992,6.470502576941528
4/13/2018 3:00,4.854000092,4.854000092,6.470947970648365
4/13/2018 4:00,4.854000092,4.854000092,6.470333936100099
4/13/2018 5:00,4.78399992,4.78399992,6.4704662534718125
4/13/2018 6:00,4.712999821,4.712999821,6.470683035987724
4/13/2018 7:00,4.572999954,4.572999954,6.470499216958848
4/13/2018 8:00,4.290999889,4.290999889,6.470499315857426
4/13/2018 9:00,4.290999889,4.290999889,6.470586297199426
4/13/2018 10:00,4.361999989,4.361999989,6.470537633200944
4/13/2018 11:00,4.572999954,4.572999954,6.470523648489593
4/13/2018 12:00,5.065000057,5.065000057,6.470554507031025
4/13/2018 13:00,4.643000126,4.643000126,6.470543880654123
4/13/2018 14:00,4.854000092,4.854000092,6.470535208903533
4/13/2018 15:00,5.276000023,5.276000023,6.47054508736559
4/13/2018 16:00,4.854000092,4.854000092,6.470543671912671
4/13/2018 17:00,5.839000225,5.839000225,6.4705397857020275
4/13/2018 18:00,4.572999954,4.572999954,6.470542628056489
4/13/2018 19:00,3.095000029,3.095000029,6.470542879441791
4/13/2018 20:00,3.799000025,3.799000025,6.470541393104306
4/13/2018 21:00,4.854000092,4.854000092,6.470542104846068
4/13/2018 22:00,3.095000029,3.095000029,6.470542410793738
4/13/2018 23:00,3.588000059,3.588000059,6.4705419027848015
4/14/2018 0:00,4.290999889,4.290999889,6.470542041866854
4/14/2018 1:00,4.361999989,4.361999989,6.470542204666181
4/14/2018 2:00,4.150000095,4.150000095,6.470542047817389
4/14/2018 3:00,4.643000126,4.643000126,6.470542058402143
4/14/2018 4:00,5.205999851,5.205999851,6.470542126752383
4/14/2018 5:00,4.854000092,4.854000092,6.470542083537057
4/14/2018 6:00,5.205999851,5.205999851,6.470542075328531
4/14/2018 7:00,4.854000092,4.854000092,6.470542100378647
4/14/2018 8:00,4.923999786,4.923999786,6.470542090263849
4/14/2018 9:00,3.447000027,3.447000027,6.470542084056394
4/14/2018 10:00,4.361999989,4.361999989,6.47054209231524
4/14/2018 11:00,3.799000025,3.799000025,6.47054209063823
4/14/2018 12:00,3.799000025,3.799000025,6.470542087665087
4/14/2018 13:00,3.938999891,3.938999891,6.470542090120938
4/14/2018 14:00,4.010000229,4.010000229,6.470542090156026
4/14/2018 15:00,4.43200016,4.43200016,6.470542088973591
4/14/2018 16:00,5.346000195,5.346000195,6.470542089617885
4/14/2018 17:00,5.205999851,5.205999851,6.470542089817636
4/14/2018 18:00,5.416999817,5.416999817,6.47054208940092
4/14/2018 19:00,5.065000057,5.065000057,6.470542089539258
4/14/2018 20:00,4.923999786,4.923999786,6.470542089659247
4/14/2018 21:00,3.868999958,3.868999958,6.470542089526679
4/14/2018 22:00,4.361999989,4.361999989,6.470542089543963
4/14/2018 23:00,4.501999855,4.501999855,6.470542089597073
4/15/2018 0:00,4.854000092,4.854000092,6.4705420895592045
4/15/2018 1:00,5.346000195,5.346000195,6.470542089555224
4/15/2018 2:00,4.643000126,4.643000126,6.470542089575379
4/15/2018 3:00,4.854000092,4.854000092,6.470542089565998
4/15/2018 4:00,5.135000229,5.135000229,6.4705420895616985
4/15/2018 5:00,5.276000023,5.276000023,6.470542089568544
4/15/2018 6:00,5.135000229,5.135000229,6.470542089566754
4/15/2018 7:00,5.768000126,5.768000126,6.470542089564513
4/15/2018 8:00,4.854000092,4.854000092,6.470542089566613
4/15/2018 9:00,5.979000092,5.979000092,6.4705420895665
4/15/2018 10:00,6.261000156,6.261000156,6.470542089565569
4/15/2018 11:00,6.190999985,6.190999985,6.470542089566143
4/15/2018 12:00,6.612999916,6.612999916,6.470542089566263
4/15/2018 13:00,6.823999882,6.823999882,6.470542089565924
4/15/2018 14:00,8.300999641,8.300999641,6.470542089566056
4/15/2018 15:00,8.722999573,8.722999573,6.470542089566142
4/15/2018 16:00,9.425999641,9.425999641,6.470542089566031
4/15/2018 17:00,9.355999947,9.355999947,6.470542089566052
4/15/2018 18:00,8.722999573,8.722999573,6.470542089566093
4/15/2018 19:00,7.809000015,7.809000015,6.47054208956606
4/15/2018 20:00,6.964000225,6.964000225,6.4705420895660595
4/15/2018 21:00,6.261000156,6.261000156,6.4705420895660755
4/15/2018 22:00,6.050000191,6.050000191,6.470542089566067
4/15/2018 23:00,6.050000191,6.050000191,6.470542089566064
4/16/2018 0:00,6.823999882,6.823999882,6.470542089566069
4/16/2018 1:00,6.472000122,6.472000122,6.4705420895660675
4/16/2018 2:00,6.612999916,6.612999916,6.470542089566066
4/16/2018 3:00,6.541999817,6.541999817,6.4705420895660675
4/16/2018 4:00,6.40199995,6.40199995,6.4705420895660675
4/16/2018 5:00,5.90899992,5.90899992,6.470542089566067
4/16/2018 6:00,6.190999985,6.190999985,6.4705420895660675
4/16/2018 7:00,6.330999851,6.330999851,6.4705420895660675
4/16/2018 8:00,6.541999817,6.541999817,6.4705420895660675
4/16/2018 9:00,6.683000088,6.683000088,6.4705420895660675
4/16/2018 10:00,6.964000225,6.964000225,6.4705420895660675
4/16/2018 11:00,7.315999985,7.315999985,6.4705420895660675
4/16/2018 12:00,6.964000225,6.964000225,6.4705420895660675
4/16/2018 13:00,7.245999813,7.245999813,6.4705420895660675
4/16/2018 14:00,8.020000458,8.020000458,6.4705420895660675
4/16/2018 15:00,8.652999878,8.652999878,6.4705420895660675
4/16/2018 16:00,9.00399971,9.00399971,6.4705420895660675
4/16/2018 17:00,8.512000084,8.512000084,6.4705420895660675
4/16/2018 18:00,7.737999916,7.737999916,6.4705420895660675
4/16/2018 19:00,7.668000221,7.668000221,6.4705420895660675
4/16/2018 20:00,6.894000053,6.894000053,6.4705420895660675
4/16/2018 21:00,6.823999882,6.823999882,6.4705420895660675
4/16/2018 22:00,6.894000053,6.894000053,6.4705420895660675
4/16/2018 23:00,6.190999985,6.190999985,6.4705420895660675
4/17/2018 0:00,5.90899992,5.90899992,6.4705420895660675
4/17/2018 1:00,6.261000156,6.261000156,6.4705420895660675
4/17/2018 2:00,6.261000156,6.261000156,6.4705420895660675
4/17/2018 3:00,5.90899992,5.90899992,6.4705420895660675
4/17/2018 4:00,6.261000156,6.261000156,6.4705420895660675
4/17/2018 5:00,5.768000126,5.768000126,6.4705420895660675
4/17/2018 6:00,5.768000126,5.768000126,6.4705420895660675
4/17/2018 7:00,6.683000088,6.683000088,6.4705420895660675
4/17/2018 8:00,7.245999813,7.245999813,6.4705420895660675
4/17/2018 9:00,8.159999847,8.159999847,6.4705420895660675
4/17/2018 10:00,8.86400032,8.86400032,6.4705420895660675
4/17/2018 11:00,7.879000187,7.879000187,6.4705420895660675
4/17/2018 12:00,8.090000153,8.090000153,6.4705420895660675
4/17/2018 13:00,8.934000015,8.934000015,6.4705420895660675
4/17/2018 14:00,9.567000389,9.567000389,6.4705420895660675
4/17/2018 15:00,10.27099991,10.27099991,6.4705420895660675
4/17/2018 16:00,10.90400028,10.90400028,6.4705420895660675
4/17/2018 17:00,10.90400028,10.90400028,6.4705420895660675
4/17/2018 18:00,10.62199974,10.62199974,6.4705420895660675
4/17/2018 19:00,8.934000015,8.934000015,6.4705420895660675
4/17/2018 20:00,8.090000153,8.090000153,6.4705420895660675
4/17/2018 21:00,8.159999847,8.159999847,6.4705420895660675
4/17/2018 22:00,7.948999882,7.948999882,6.4705420895660675
4/17/2018 23:00,7.668000221,7.668000221,6.4705420895660675
4/18/2018 0:00,7.456999779,7.456999779,6.4705420895660675
4/18/2018 1:00,7.245999813,7.245999813,6.4705420895660675
4/18/2018 2:00,7.386000156,7.386000156,6.4705420895660675
4/18/2018 3:00,7.245999813,7.245999813,6.4705420895660675
4/18/2018 4:00,7.245999813,7.245999813,6.4705420895660675
4/18/2018 5:00,7.245999813,7.245999813,6.4705420895660675
4/18/2018 6:00,6.964000225,6.964000225,6.4705420895660675
4/18/2018 7:00,7.737999916,7.737999916,6.4705420895660675
4/18/2018 8:00,9.145000458,9.145000458,6.4705420895660675
4/18/2018 9:00,8.722999573,8.722999573,6.4705420895660675
4/18/2018 10:00,9.637999535,9.637999535,6.4705420895660675
4/18/2018 11:00,9.215000153,9.215000153,6.4705420895660675
4/18/2018 12:00,9.286000252,9.286000252,6.4705420895660675
4/18/2018 13:00,9.98900032,9.98900032,6.4705420895660675
4/18/2018 14:00,11.18500042,11.18500042,6.4705420895660675
4/18/2018 15:00,11.5369997,11.5369997,6.4705420895660675
4/18/2018 16:00,12.31099987,12.31099987,6.4705420895660675
4/18/2018 17:00,12.6619997,12.6619997,6.4705420895660675
4/18/2018 18:00,11.81799984,11.81799984,6.4705420895660675
4/18/2018 19:00,10.13000011,10.13000011,6.4705420895660675
4/18/2018 20:00,9.98900032,9.98900032,6.4705420895660675
4/18/2018 21:00,9.355999947,9.355999947,6.4705420895660675
4/18/2018 22:00,9.00399971,9.00399971,6.4705420895660675
4/18/2018 23:00,8.934000015,8.934000015,6.4705420895660675
4/19/2018 0:00,8.512000084,8.512000084,6.4705420895660675
4/19/2018 1:00,8.442000389,8.442000389,6.4705420895660675
4/19/2018 2:00,8.37100029,8.37100029,6.4705420895660675
4/19/2018 3:00,8.230999947,8.230999947,6.4705420895660675
4/19/2018 4:00,8.020000458,8.020000458,6.4705420895660675
4/19/2018 5:00,8.020000458,8.020000458,6.4705420895660675
4/19/2018 6:00,7.52699995,7.52699995,6.4705420895660675
4/19/2018 7:00,8.090000153,8.090000153,6.4705420895660675
4/19/2018 8:00,9.074999809,9.074999809,6.4705420895660675
4/19/2018 9:00,9.286000252,9.286000252,6.4705420895660675
4/19/2018 10:00,9.918999672,9.918999672,6.4705420895660675
4/19/2018 11:00,9.777999878,9.777999878,6.4705420895660675
4/19/2018 12:00,10.27099991,10.27099991,6.4705420895660675
4/19/2018 13:00,11.04399967,11.04399967,6.4705420895660675
4/19/2018 14:00,11.88899994,11.88899994,6.4705420895660675
4/19/2018 15:00,12.59200001,12.59200001,6.4705420895660675
4/19/2018 16:00,12.52200031,12.52200031,12.60852628617505
4/19/2018 17:00,12.17000008,12.17000008,12.651849658360323
4/19/2018 18:00,11.60700035,11.60700035,12.683351467222597
4/19/2018 19:00,10.41100025,10.41100025,12.68327707121334
4/19/2018 20:00,9.848999977,9.848999977,12.685502972593738
4/19/2018 21:00,9.355999947,9.355999947,12.686899503087355
4/19/2018 22:00,8.934000015,8.934000015,12.686860274792382
4/19/2018 23:00,8.512000084,8.512000084,12.686974527091035
4/20/2018 0:00,8.512000084,8.512000084,12.68703566558752
4/20/2018 1:00,8.652999878,8.652999878,12.687032366386905
4/20/2018 2:00,8.793000221,8.793000221,12.687038211471187
4/20/2018 3:00,8.37100029,8.37100029,12.68704084847211
4/20/2018 4:00,8.300999641,8.300999641,12.687040636517887
4/20/2018 5:00,8.090000153,8.090000153,12.687040934059334
4/20/2018 6:00,8.37100029,8.37100029,12.687041045761037
4/20/2018 7:00,9.145000458,9.145000458,12.687041033707422
4/20/2018 8:00,9.00399971,9.00399971,12.687041048759834
4/20/2018 9:00,8.86400032,8.86400032,12.687041053385867
4/20/2018 10:00,9.496999741,9.496999741,12.687041052750004
4/20/2018 11:00,9.98900032,9.98900032,12.687041053506118
4/20/2018 12:00,10.3409996,10.3409996,12.687041053692163
4/20/2018 13:00,11.74800014,11.74800014,12.687041053660439
4/20/2018 14:00,12.38099957,12.38099957,12.687041053698128
4/20/2018 15:00,12.94400024,12.94400024,12.687041053705315
4/20/2018 16:00,13.43599987,13.43599987,12.687041053703807
4/20/2018 17:00,12.8739996,12.8739996,12.68704105370567
4/20/2018 18:00,12.23999977,12.23999977,12.687041053705931
4/20/2018 19:00,11.74800014,11.74800014,12.687041053705862
4/20/2018 20:00,11.25599957,11.25599957,12.687041053705952
4/20/2018 21:00,11.88899994,11.88899994,12.687041053705961
4/20/2018 22:00,11.04399967,11.04399967,12.687041053705958
4/20/2018 23:00,10.90400028,10.90400028,12.687041053705961
4/21/2018 0:00,10.97399998,10.97399998,12.687041053705961
4/21/2018 1:00,10.90400028,10.90400028,12.687041053705961
4/21/2018 2:00,11.32600021,11.32600021,12.687041053705961
4/21/2018 3:00,10.3409996,10.3409996,12.687041053705961
4/21/2018 4:00,9.567000389,9.567000389,12.687041053705961
4/21/2018 5:00,10.27099991,10.27099991,12.687041053705961
4/21/2018 6:00,10.3409996,10.3409996,12.687041053705961
4/21/2018 7:00,10.3409996,10.3409996,12.687041053705961
4/21/2018 8:00,10.06000042,10.06000042,12.687041053705961
4/21/2018 9:00,10.62199974,10.62199974,12.687041053705961
4/21/2018 10:00,10.76299953,10.76299953,12.687041053705961
4/21/2018 11:00,10.48200035,10.48200035,12.687041053705961
4/21/2018 12:00,11.25599957,11.25599957,12.687041053705961
4/21/2018 13:00,11.25599957,11.25599957,12.687041053705961
4/21/2018 14:00,9.777999878,9.777999878,12.687041053705961
4/21/2018 15:00,10.27099991,10.27099991,12.687041053705961
4/21/2018 16:00,9.848999977,9.848999977,12.687041053705961
4/21/2018 17:00,9.567000389,9.567000389,12.687041053705961
4/21/2018 18:00,9.425999641,9.425999641,12.687041053705961
4/21/2018 19:00,9.355999947,9.355999947,12.687041053705961
4/21/2018 20:00,9.496999741,9.496999741,12.687041053705961
4/21/2018 21:00,9.00399971,9.00399971,12.687041053705961
4/21/2018 22:00,9.215000153,9.215000153,12.687041053705961
4/21/2018 23:00,9.145000458,9.145000458,12.687041053705961
4/22/2018 0:00,9.567000389,9.567000389,12.687041053705961
4/22/2018 1:00,9.708000183,9.708000183,12.687041053705961
4/22/2018 2:00,9.637999535,9.637999535,12.687041053705961
4/22/2018 3:00,9.708000183,9.708000183,12.687041053705961
4/22/2018 4:00,7.034999847,7.034999847,12.687041053705961
4/22/2018 5:00,8.652999878,8.652999878,12.687041053705961
4/22/2018 6:00,9.355999947,9.355999947,12.687041053705961
4/22/2018 7:00,8.512000084,8.512000084,12.687041053705961
4/22/2018 8:00,9.98900032,9.98900032,12.687041053705961
4/22/2018 9:00,10.3409996,10.3409996,12.687041053705961
4/22/2018 10:00,9.918999672,9.918999672,12.687041053705961
4/22/2018 11:00,9.425999641,9.425999641,12.687041053705961
4/22/2018 12:00,9.637999535,9.637999535,12.687041053705961
4/22/2018 13:00,9.496999741,9.496999741,12.687041053705961
4/22/2018 14:00,9.355999947,9.355999947,12.687041053705961
4/22/2018 15:00,9.918999672,9.918999672,12.687041053705961
4/22/2018 16:00,10.06000042,10.06000042,12.687041053705961
4/22/2018 17:00,10.27099991,10.27099991,12.687041053705961
4/22/2018 18:00,10.06000042,10.06000042,12.687041053705961
4/22/2018 19:00,9.98900032,9.98900032,12.687041053705961
4/22/2018 20:00,8.37100029,8.37100029,12.687041053705961
4/22/2018 21:00,8.442000389,8.442000389,12.687041053705961
4/22/2018 22:00,7.737999916,7.737999916,12.687041053705961
4/22/2018 23:00,7.105000019,7.105000019,12.687041053705961
4/23/2018 0:00,6.752999783,6.752999783,12.687041053705961
4/23/2018 1:00,6.40199995,6.40199995,12.687041053705961
4/23/2018 2:00,5.839000225,5.839000225,12.687041053705961
4/23/2018 3:00,5.90899992,5.90899992,12.687041053705961
4/23/2018 4:00,5.416999817,5.416999817,12.687041053705961
4/23/2018 5:00,4.994999886,4.994999886,12.687041053705961
4/23/2018 6:00,5.135000229,5.135000229,12.687041053705961
4/23/2018 7:00,4.643000126,4.643000126,12.687041053705961
4/23/2018 8:00,4.361999989,4.361999989,12.687041053705961
4/23/2018 9:00,4.290999889,4.290999889,12.687041053705961
4/23/2018 10:00,3.657999992,3.657999992,12.687041053705961
4/23/2018 11:00,3.165999889,3.165999889,12.687041053705961
4/23/2018 12:00,3.51699996,3.51699996,12.687041053705961
4/23/2018 13:00,3.236000061,3.236000061,12.687041053705961
4/23/2018 14:00,3.236000061,3.236000061,12.687041053705961
4/23/2018 15:00,3.727999926,3.727999926,12.687041053705961
4/23/2018 16:00,5.205999851,5.205999851,12.687041053705961
4/23/2018 17:00,5.697999954,5.697999954,12.687041053705961
4/23/2018 18:00,5.205999851,5.205999851,12.687041053705961
4/23/2018 19:00,5.55700016,5.55700016,12.687041053705961
4/23/2018 20:00,4.643000126,4.643000126,12.687041053705961
4/23/2018 21:00,5.486999989,5.486999989,12.687041053705961
4/23/2018 22:00,6.050000191,6.050000191,12.687041053705961
4/23/2018 23:00,5.135000229,5.135000229,12.687041053705961
4/24/2018 0:00,6.261000156,6.261000156,12.687041053705961
4/24/2018 1:00,6.40199995,6.40199995,12.687041053705961
4/24/2018 2:00,6.612999916,6.612999916,12.687041053705961
4/24/2018 3:00,6.261000156,6.261000156,12.687041053705961
4/24/2018 4:00,6.683000088,6.683000088,12.687041053705961
4/24/2018 5:00,6.330999851,6.330999851,12.687041053705961
4/24/2018 6:00,6.752999783,6.752999783,12.687041053705961
4/24/2018 7:00,6.541999817,6.541999817,12.687041053705961
4/24/2018 8:00,6.261000156,6.261000156,12.687041053705961
4/24/2018 9:00,6.964000225,6.964000225,12.687041053705961
4/24/2018 10:00,6.472000122,6.472000122,12.687041053705961
4/24/2018 11:00,7.105000019,7.105000019,12.687041053705961
4/24/2018 12:00,7.175000191,7.175000191,12.687041053705961
4/24/2018 13:00,8.020000458,8.020000458,12.687041053705961
4/24/2018 14:00,8.159999847,8.159999847,12.687041053705961
4/24/2018 15:00,8.652999878,8.652999878,12.687041053705961
4/24/2018 16:00,8.230999947,8.230999947,12.687041053705961
4/24/2018 17:00,7.668000221,7.668000221,12.687041053705961
4/24/2018 18:00,8.442000389,8.442000389,12.687041053705961
4/24/2018 19:00,7.948999882,7.948999882,12.687041053705961
4/24/2018 20:00,7.809000015,7.809000015,12.687041053705961
4/24/2018 21:00,7.737999916,7.737999916,12.687041053705961
4/24/2018 22:00,7.386000156,7.386000156,12.687041053705961
4/24/2018 23:00,7.668000221,7.668000221,12.687041053705961
4/25/2018 0:00,7.456999779,7.456999779,12.687041053705961
4/25/2018 1:00,7.315999985,7.315999985,12.687041053705961
4/25/2018 2:00,7.809000015,7.809000015,12.687041053705961
4/25/2018 3:00,7.52699995,7.52699995,12.687041053705961
4/25/2018 4:00,6.541999817,6.541999817,12.687041053705961
4/25/2018 5:00,7.034999847,7.034999847,12.687041053705961
4/25/2018 6:00,7.879000187,7.879000187,12.687041053705961
4/25/2018 7:00,9.074999809,9.074999809,12.687041053705961
4/25/2018 8:00,8.020000458,8.020000458,12.687041053705961
4/25/2018 9:00,8.512000084,8.512000084,12.687041053705961
4/25/2018 10:00,9.496999741,9.496999741,12.687041053705961
4/25/2018 11:00,9.145000458,9.145000458,12.687041053705961
4/25/2018 12:00,9.567000389,9.567000389,12.687041053705961
4/25/2018 13:00,8.86400032,8.86400032,12.687041053705961
4/25/2018 14:00,9.848999977,9.848999977,12.687041053705961
4/25/2018 15:00,10.19999981,10.19999981,12.687041053705961
4/25/2018 16:00,9.98900032,9.98900032,12.687041053705961
4/25/2018 17:00,10.55200005,10.55200005,12.687041053705961
4/25/2018 18:00,10.27099991,10.27099991,12.687041053705961
4/25/2018 19:00,9.425999641,9.425999641,12.687041053705961
4/25/2018 20:00,8.512000084,8.512000084,12.687041053705961
4/25/2018 21:00,9.074999809,9.074999809,12.687041053705961
4/25/2018 22:00,8.934000015,8.934000015,12.687041053705961
4/25/2018 23:00,8.512000084,8.512000084,12.687041053705961
4/26/2018 0:00,8.722999573,8.722999573,12.687041053705961
4/26/2018 1:00,8.512000084,8.512000084,12.687041053705961
4/26/2018 2:00,9.215000153,9.215000153,12.687041053705961
4/26/2018 3:00,9.425999641,9.425999641,12.687041053705961
4/26/2018 4:00,9.355999947,9.355999947,12.687041053705961
4/26/2018 5:00,9.567000389,9.567000389,12.687041053705961
4/26/2018 6:00,9.074999809,9.074999809,12.687041053705961
4/26/2018 7:00,9.848999977,9.848999977,12.687041053705961
4/26/2018 8:00,10.27099991,10.27099991,12.687041053705961
4/26/2018 9:00,9.848999977,9.848999977,12.687041053705961
4/26/2018 10:00,9.98900032,9.98900032,12.687041053705961
4/26/2018 11:00,10.69299984,10.69299984,12.687041053705961
4/26/2018 12:00,10.83300018,10.83300018,12.687041053705961
4/26/2018 13:00,10.62199974,10.62199974,12.687041053705961
4/26/2018 14:00,11.11499977,11.11499977,12.687041053705961
4/26/2018 15:00,10.48200035,10.48200035,12.687041053705961
4/26/2018 16:00,11.60700035,11.60700035,10.496608705944803
4/26/2018 17:00,11.32600021,11.32600021,10.52086586416226
4/26/2018 18:00,10.06000042,10.06000042,10.48176763708837
4/26/2018 19:00,10.3409996,10.3409996,10.48429373565319
4/26/2018 20:00,9.777999878,9.777999878,10.485356943026277
4/26/2018 21:00,10.13000011,10.13000011,10.482971034684896
4/26/2018 22:00,10.48200035,10.48200035,10.483220809479226
4/26/2018 23:00,9.848999977,9.848999977,10.483256903017907
4/27/2018 0:00,9.777999878,9.777999878,10.483113135089193
4/27/2018 1:00,9.918999672,9.918999672,10.483133868272631
4/27/2018 2:00,9.918999672,9.918999672,10.48313413944977
4/27/2018 3:00,9.425999641,9.425999641,10.483125592216433
4/27/2018 4:00,9.496999741,9.496999741,10.483127166044444
4/27/2018 5:00,9.637999535,9.637999535,10.483127056051352
4/27/2018 6:00,9.777999878,9.777999878,10.483126555295664
4/27/2018 7:00,10.3409996,10.3409996,10.483126668237137
4/27/2018 8:00,11.18500042,11.18500042,10.483126653405092
4/27/2018 9:00,11.25599957,11.25599957,10.483126624543358
4/27/2018 10:00,11.67800045,11.67800045,10.483126632330936
4/27/2018 11:00,11.32600021,11.32600021,10.483126630914667
4/27/2018 12:00,11.60700035,11.60700035,10.483126629282165
4/27/2018 13:00,12.7329998,12.7329998,10.483126629802753
4/27/2018 14:00,13.08500004,13.08500004,10.483126629684731
4/27/2018 15:00,13.9989996,13.9989996,10.483126629594436
4/27/2018 16:00,14.21000004,14.21000004,10.483126629628352
4/27/2018 17:00,13.9989996,13.9989996,10.483126629619232
4/27/2018 18:00,13.71800041,13.71800041,10.483126629614373
4/27/2018 19:00,12.45100021,12.45100021,10.483126629616534
4/27/2018 20:00,11.67800045,11.67800045,10.483126629615862
4/27/2018 21:00,11.32600021,11.32600021,10.48312662961561
4/27/2018 22:00,11.04399967,11.04399967,10.483126629615745
4/27/2018 23:00,10.97399998,10.97399998,10.483126629615697
4/28/2018 0:00,10.83300018,10.83300018,10.483126629615684
4/28/2018 1:00,10.69299984,10.69299984,10.483126629615693
4/28/2018 2:00,10.97399998,10.97399998,10.48312662961569
4/28/2018 3:00,9.567000389,9.567000389,10.48312662961569
4/28/2018 4:00,9.567000389,9.567000389,10.48312662961569
4/28/2018 5:00,9.496999741,9.496999741,10.48312662961569
4/28/2018 6:00,9.496999741,9.496999741,10.48312662961569
4/28/2018 7:00,9.637999535,9.637999535,10.48312662961569
4/28/2018 8:00,10.19999981,10.19999981,10.48312662961569
4/28/2018 9:00,10.06000042,10.06000042,10.48312662961569
4/28/2018 10:00,10.83300018,10.83300018,10.48312662961569
4/28/2018 11:00,10.83300018,10.83300018,10.48312662961569
4/28/2018 12:00,11.32600021,11.32600021,10.48312662961569
4/28/2018 13:00,11.81799984,11.81799984,10.48312662961569
4/28/2018 14:00,12.80300045,12.80300045,10.48312662961569
4/28/2018 15:00,13.22500038,13.22500038,10.48312662961569
4/28/2018 16:00,13.9289999,13.9289999,10.48312662961569
4/28/2018 17:00,13.08500004,13.08500004,10.48312662961569
4/28/2018 18:00,12.59200001,12.59200001,10.48312662961569
4/28/2018 19:00,11.81799984,11.81799984,10.48312662961569
4/28/2018 20:00,11.5369997,11.5369997,10.48312662961569
4/28/2018 21:00,11.11499977,11.11499977,10.48312662961569
4/28/2018 22:00,10.83300018,10.83300018,10.48312662961569
4/28/2018 23:00,10.69299984,10.69299984,10.48312662961569
4/29/2018 0:00,10.90400028,10.90400028,10.48312662961569
4/29/2018 1:00,11.60700035,11.60700035,10.48312662961569
4/29/2018 2:00,11.60700035,11.60700035,10.48312662961569
4/29/2018 3:00,11.18500042,11.18500042,10.48312662961569
4/29/2018 4:00,11.74800014,11.74800014,10.48312662961569
4/29/2018 5:00,11.60700035,11.60700035,10.48312662961569
4/29/2018 6:00,11.32600021,11.32600021,10.48312662961569
4/29/2018 7:00,11.95899963,11.95899963,10.48312662961569
4/29/2018 8:00,12.59200001,12.59200001,10.48312662961569
4/29/2018 9:00,12.6619997,12.6619997,10.48312662961569
4/29/2018 10:00,12.59200001,12.59200001,10.48312662961569
4/29/2018 11:00,12.02900028,12.02900028,10.48312662961569
4/29/2018 12:00,12.52200031,12.52200031,10.48312662961569
4/29/2018 13:00,11.95899963,11.95899963,10.48312662961569
4/29/2018 14:00,12.80300045,12.80300045,10.48312662961569
4/29/2018 15:00,12.6619997,12.6619997,10.48312662961569
4/29/2018 16:00,12.45100021,12.45100021,10.48312662961569
4/29/2018 17:00,13.29599953,13.29599953,10.48312662961569
4/29/2018 18:00,12.94400024,12.94400024,10.48312662961569
4/29/2018 19:00,12.7329998,12.7329998,10.48312662961569
4/29/2018 20:00,12.6619997,12.6619997,10.48312662961569
4/29/2018 21:00,12.45100021,12.45100021,10.48312662961569
4/29/2018 22:00,12.52200031,12.52200031,10.48312662961569
4/29/2018 23:00,12.38099957,12.38099957,10.48312662961569
4/30/2018 0:00,12.7329998,12.7329998,10.48312662961569
4/30/2018 1:00,12.52200031,12.52200031,10.48312662961569
4/30/2018 2:00,12.10000038,12.10000038,10.48312662961569
4/30/2018 3:00,11.67800045,11.67800045,10.48312662961569
4/30/2018 4:00,11.88899994,11.88899994,10.48312662961569
4/30/2018 5:00,12.59200001,12.59200001,10.48312662961569
4/30/2018 6:00,12.7329998,12.7329998,10.48312662961569
4/30/2018 7:00,12.94400024,12.94400024,10.48312662961569
4/30/2018 8:00,12.8739996,12.8739996,10.48312662961569
4/30/2018 9:00,12.52200031,12.52200031,10.48312662961569
4/30/2018 10:00,13.71800041,13.71800041,10.48312662961569
4/30/2018 11:00,13.64700031,13.64700031,10.48312662961569
4/30/2018 12:00,14.56200027,14.56200027,10.48312662961569
4/30/2018 13:00,14.84300041,14.84300041,10.48312662961569
4/30/2018 14:00,15.0539999,15.0539999,10.48312662961569
4/30/2018 15:00,15.89799976,15.89799976,10.48312662961569
4/30/2018 16:00,16.81299973,16.81299973,10.48312662961569
4/30/2018 17:00,15.82800007,15.82800007,10.48312662961569
4/30/2018 18:00,14.77299976,14.77299976,10.48312662961569
4/30/2018 19:00,14.49100018,14.49100018,10.48312662961569
4/30/2018 20:00,13.57699966,13.57699966,10.48312662961569
4/30/2018 21:00,13.22500038,13.22500038,10.48312662961569
4/30/2018 22:00,13.50699997,13.50699997,10.48312662961569
4/30/2018 23:00,13.36600018,13.36600018,10.48312662961569
5/1/2018 0:00,13.43599987,13.43599987,10.48312662961569
5/1/2018 1:00,13.43599987,13.43599987,10.48312662961569
5/1/2018 2:00,13.57699966,13.57699966,10.48312662961569
5/1/2018 3:00,13.43599987,13.43599987,10.48312662961569
5/1/2018 4:00,13.08500004,13.08500004,10.48312662961569
5/1/2018 5:00,13.64700031,13.64700031,10.48312662961569
5/1/2018 6:00,13.78800011,13.78800011,10.48312662961569
5/1/2018 7:00,13.9989996,13.9989996,10.48312662961569
5/1/2018 8:00,14.06900024,14.06900024,10.48312662961569
5/1/2018 9:00,13.43599987,13.43599987,10.48312662961569
5/1/2018 10:00,13.57699966,13.57699966,10.48312662961569
5/1/2018 11:00,12.8739996,12.8739996,10.48312662961569
5/1/2018 12:00,12.8739996,12.8739996,10.48312662961569
5/1/2018 13:00,12.38099957,12.38099957,10.48312662961569
5/1/2018 14:00,12.7329998,12.7329998,10.48312662961569
5/1/2018 15:00,13.50699997,13.50699997,10.48312662961569
5/1/2018 16:00,13.43599987,13.43599987,10.48312662961569
5/1/2018 17:00,13.64700031,13.64700031,10.48312662961569
5/1/2018 18:00,7.52699995,7.52699995,10.48312662961569
5/1/2018 19:00,5.768000126,5.768000126,10.48312662961569
5/1/2018 20:00,8.020000458,8.020000458,10.48312662961569
5/1/2018 21:00,9.777999878,9.777999878,10.48312662961569
5/1/2018 22:00,10.83300018,10.83300018,10.48312662961569
5/1/2018 23:00,10.48200035,10.48200035,10.48312662961569
5/2/2018 0:00,10.48200035,10.48200035,10.48312662961569
5/2/2018 1:00,10.3409996,10.3409996,10.48312662961569
5/2/2018 2:00,10.19999981,10.19999981,10.48312662961569
5/2/2018 3:00,10.06000042,10.06000042,10.48312662961569
5/2/2018 4:00,9.567000389,9.567000389,10.48312662961569
5/2/2018 5:00,9.637999535,9.637999535,10.48312662961569
5/2/2018 6:00,10.13000011,10.13000011,10.48312662961569
5/2/2018 7:00,9.215000153,9.215000153,10.48312662961569
5/2/2018 8:00,9.215000153,9.215000153,10.48312662961569
5/2/2018 9:00,9.708000183,9.708000183,10.48312662961569
5/2/2018 10:00,9.286000252,9.286000252,10.48312662961569
5/2/2018 11:00,9.425999641,9.425999641,10.48312662961569
5/2/2018 12:00,9.918999672,9.918999672,10.48312662961569
5/2/2018 13:00,9.918999672,9.918999672,10.48312662961569
5/2/2018 14:00,9.918999672,9.918999672,10.48312662961569
5/2/2018 15:00,10.27099991,10.27099991,10.48312662961569
5/2/2018 16:00,10.48200035,10.48200035,10.48312662961569
5/2/2018 17:00,10.62199974,10.62199974,10.48312662961569
5/2/2018 18:00,10.83300018,10.83300018,10.48312662961569
5/2/2018 19:00,10.06000042,10.06000042,10.48312662961569
5/2/2018 20:00,10.13000011,10.13000011,10.48312662961569
5/2/2018 21:00,9.074999809,9.074999809,10.48312662961569
5/2/2018 22:00,8.020000458,8.020000458,10.48312662961569
5/2/2018 23:00,7.737999916,7.737999916,10.48312662961569
5/3/2018 0:00,8.230999947,8.230999947,10.48312662961569
5/3/2018 1:00,7.809000015,7.809000015,10.48312662961569
5/3/2018 2:00,8.230999947,8.230999947,10.48312662961569
5/3/2018 3:00,8.722999573,8.722999573,10.48312662961569
5/3/2018 4:00,8.581999779,8.581999779,10.48312662961569
5/3/2018 5:00,8.37100029,8.37100029,10.48312662961569
5/3/2018 6:00,8.652999878,8.652999878,10.48312662961569
5/3/2018 7:00,9.637999535,9.637999535,10.48312662961569
5/3/2018 8:00,9.918999672,9.918999672,10.48312662961569
5/3/2018 9:00,9.708000183,9.708000183,10.48312662961569
5/3/2018 10:00,9.496999741,9.496999741,10.48312662961569
5/3/2018 11:00,9.215000153,9.215000153,10.48312662961569
5/3/2018 12:00,9.777999878,9.777999878,10.48312662961569
5/3/2018 13:00,10.62199974,10.62199974,10.48312662961569
5/3/2018 14:00,12.02900028,12.02900028,10.48312662961569
5/3/2018 15:00,12.94400024,12.94400024,10.48312662961569
5/3/2018 16:00,13.8579998,13.8579998,12.996319240559485
5/3/2018 17:00,12.94400024,12.94400024,13.091649790555532
5/3/2018 18:00,13.29599953,13.29599953,13.144079273609464
5/3/2018 19:00,11.5369997,11.5369997,13.147534261435426
5/3/2018 20:00,11.39599991,11.39599991,13.15384858853381
5/3/2018 21:00,11.32600021,11.32600021,13.156842433468846
5/3/2018 22:00,10.97399998,10.97399998,13.157080431527502
5/3/2018 23:00,10.90400028,10.90400028,13.157491143806691
5/4/2018 0:00,10.41100025,10.41100025,13.157661700659787
5/4/2018 1:00,10.3409996,10.3409996,13.157678450952593
5/4/2018 2:00,10.13000011,10.13000011,13.15770476919586
5/4/2018 3:00,10.06000042,10.06000042,13.157714475046395
5/4/2018 4:00,10.19999981,10.19999981,13.157715661130082
5/4/2018 5:00,10.27099991,10.27099991,13.157717326547031
5/4/2018 6:00,10.19999981,10.19999981,13.157717879025007
5/4/2018 7:00,11.04399967,11.04399967,13.157717962722796
5/4/2018 8:00,11.5369997,11.5369997,13.157718066988563
5/4/2018 9:00,10.97399998,10.97399998,13.157718098491776
5/4/2018 10:00,11.32600021,11.32600021,13.157718104347468
5/4/2018 11:00,12.02900028,12.02900028,13.157718110815344
5/4/2018 12:00,12.31099987,12.31099987,13.157718112617653
5/4/2018 13:00,13.15499973,13.15499973,13.157718113022852
5/4/2018 14:00,14.21000004,14.21000004,13.157718113420888
5/4/2018 15:00,14.49100018,14.49100018,13.157718113524503
5/4/2018 16:00,15.54699993,15.54699993,13.157718113552212
5/4/2018 17:00,13.78800011,13.78800011,13.15771811357654
5/4/2018 18:00,13.50699997,13.50699997,13.157718113582535
5/4/2018 19:00,12.6619997,12.6619997,13.157718113584407
5/4/2018 20:00,12.6619997,12.6619997,13.157718113585885
5/4/2018 21:00,12.6619997,12.6619997,13.157718113586235
5/4/2018 22:00,12.45100021,12.45100021,13.157718113586359
5/4/2018 23:00,12.52200031,12.52200031,13.157718113586448
5/5/2018 0:00,11.95899963,11.95899963,13.15771811358647
5/5/2018 1:00,12.23999977,12.23999977,13.157718113586478
5/5/2018 2:00,12.10000038,12.10000038,13.157718113586483
5/5/2018 3:00,11.88899994,11.88899994,13.157718113586485
5/5/2018 4:00,11.46700001,11.46700001,13.157718113586485
5/5/2018 5:00,8.722999573,8.722999573,13.157718113586485
5/5/2018 6:00,10.83300018,10.83300018,13.157718113586485
5/5/2018 7:00,7.315999985,7.315999985,13.157718113586485
5/5/2018 8:00,9.708000183,9.708000183,13.157718113586485
5/5/2018 9:00,6.683000088,6.683000088,13.157718113586485
5/5/2018 10:00,8.86400032,8.86400032,13.157718113586485
5/5/2018 11:00,10.13000011,10.13000011,13.157718113586485
5/5/2018 12:00,11.04399967,11.04399967,13.157718113586485
5/5/2018 13:00,11.18500042,11.18500042,13.157718113586485
5/5/2018 14:00,11.04399967,11.04399967,13.157718113586485
5/5/2018 15:00,11.32600021,11.32600021,13.157718113586485
5/5/2018 16:00,11.60700035,11.60700035,13.157718113586485
5/5/2018 17:00,11.60700035,11.60700035,13.157718113586485
5/5/2018 18:00,11.5369997,11.5369997,13.157718113586485
5/5/2018 19:00,11.5369997,11.5369997,13.157718113586485
5/5/2018 20:00,11.81799984,11.81799984,13.157718113586485
5/5/2018 21:00,11.5369997,11.5369997,13.157718113586485
5/5/2018 22:00,11.67800045,11.67800045,13.157718113586485
5/5/2018 23:00,11.74800014,11.74800014,13.157718113586485
5/6/2018 0:00,11.74800014,11.74800014,13.157718113586485
5/6/2018 1:00,12.02900028,12.02900028,13.157718113586485
5/6/2018 2:00,12.23999977,12.23999977,13.157718113586485
5/6/2018 3:00,12.23999977,12.23999977,13.157718113586485
5/6/2018 4:00,11.81799984,11.81799984,13.157718113586485
5/6/2018 5:00,12.45100021,12.45100021,13.157718113586485
5/6/2018 6:00,12.23999977,12.23999977,13.157718113586485
5/6/2018 7:00,12.38099957,12.38099957,13.157718113586485
5/6/2018 8:00,12.02900028,12.02900028,13.157718113586485
5/6/2018 9:00,10.69299984,10.69299984,13.157718113586485
5/6/2018 10:00,11.88899994,11.88899994,13.157718113586485
5/6/2018 11:00,10.90400028,10.90400028,13.157718113586485
5/6/2018 12:00,7.105000019,7.105000019,13.157718113586485
5/6/2018 13:00,8.934000015,8.934000015,13.157718113586485
5/6/2018 14:00,9.286000252,9.286000252,13.157718113586485
5/6/2018 15:00,9.074999809,9.074999809,13.157718113586485
5/6/2018 16:00,9.567000389,9.567000389,13.157718113586485
5/6/2018 17:00,7.668000221,7.668000221,13.157718113586485
5/6/2018 18:00,9.567000389,9.567000389,13.157718113586485
5/6/2018 19:00,8.934000015,8.934000015,13.157718113586485
5/6/2018 20:00,5.697999954,5.697999954,13.157718113586485
5/6/2018 21:00,8.020000458,8.020000458,13.157718113586485
5/6/2018 22:00,7.456999779,7.456999779,13.157718113586485
5/6/2018 23:00,7.597000122,7.597000122,13.157718113586485
5/7/2018 0:00,7.948999882,7.948999882,13.157718113586485
5/7/2018 1:00,7.456999779,7.456999779,13.157718113586485
5/7/2018 2:00,7.456999779,7.456999779,13.157718113586485
5/7/2018 3:00,7.668000221,7.668000221,13.157718113586485
5/7/2018 4:00,8.090000153,8.090000153,13.157718113586485
5/7/2018 5:00,8.442000389,8.442000389,13.157718113586485
5/7/2018 6:00,8.652999878,8.652999878,13.157718113586485
5/7/2018 7:00,8.512000084,8.512000084,13.157718113586485
5/7/2018 8:00,8.300999641,8.300999641,13.157718113586485
5/7/2018 9:00,7.948999882,7.948999882,13.157718113586485
5/7/2018 10:00,8.159999847,8.159999847,13.157718113586485
5/7/2018 11:00,8.230999947,8.230999947,13.157718113586485
5/7/2018 12:00,8.722999573,8.722999573,13.157718113586485
5/7/2018 13:00,8.230999947,8.230999947,13.157718113586485
5/7/2018 14:00,8.159999847,8.159999847,13.157718113586485
5/7/2018 15:00,7.737999916,7.737999916,13.157718113586485
5/7/2018 16:00,7.386000156,7.386000156,13.157718113586485
5/7/2018 17:00,7.315999985,7.315999985,13.157718113586485
5/7/2018 18:00,7.737999916,7.737999916,13.157718113586485
5/7/2018 19:00,8.722999573,8.722999573,13.157718113586485
5/7/2018 20:00,8.86400032,8.86400032,13.157718113586485
5/7/2018 21:00,9.074999809,9.074999809,13.157718113586485
5/7/2018 22:00,8.442000389,8.442000389,13.157718113586485
5/7/2018 23:00,8.300999641,8.300999641,13.157718113586485
5/8/2018 0:00,8.512000084,8.512000084,13.157718113586485
5/8/2018 1:00,8.020000458,8.020000458,13.157718113586485
5/8/2018 2:00,7.737999916,7.737999916,13.157718113586485
5/8/2018 3:00,7.245999813,7.245999813,13.157718113586485
5/8/2018 4:00,7.105000019,7.105000019,13.157718113586485
5/8/2018 5:00,7.597000122,7.597000122,13.157718113586485
5/8/2018 6:00,8.300999641,8.300999641,13.157718113586485
5/8/2018 7:00,6.964000225,6.964000225,13.157718113586485
5/8/2018 8:00,7.456999779,7.456999779,13.157718113586485
5/8/2018 9:00,7.809000015,7.809000015,13.157718113586485
5/8/2018 10:00,8.300999641,8.300999641,13.157718113586485
5/8/2018 11:00,8.581999779,8.581999779,13.157718113586485
5/8/2018 12:00,8.934000015,8.934000015,13.157718113586485
5/8/2018 13:00,10.13000011,10.13000011,13.157718113586485
5/8/2018 14:00,10.41100025,10.41100025,13.157718113586485
5/8/2018 15:00,11.88899994,11.88899994,13.157718113586485
5/8/2018 16:00,12.59200001,12.59200001,13.157718113586485
5/8/2018 17:00,12.31099987,12.31099987,13.157718113586485
5/8/2018 18:00,11.74800014,11.74800014,13.157718113586485
5/8/2018 19:00,10.62199974,10.62199974,13.157718113586485
5/8/2018 20:00,10.19999981,10.19999981,13.157718113586485
5/8/2018 21:00,9.496999741,9.496999741,13.157718113586485
5/8/2018 22:00,9.708000183,9.708000183,13.157718113586485
5/8/2018 23:00,9.074999809,9.074999809,13.157718113586485
5/9/2018 0:00,8.581999779,8.581999779,13.157718113586485
5/9/2018 1:00,8.230999947,8.230999947,13.157718113586485
5/9/2018 2:00,8.159999847,8.159999847,13.157718113586485
5/9/2018 3:00,7.809000015,7.809000015,13.157718113586485
5/9/2018 4:00,7.175000191,7.175000191,13.157718113586485
5/9/2018 5:00,7.034999847,7.034999847,13.157718113586485
5/9/2018 6:00,7.034999847,7.034999847,13.157718113586485
5/9/2018 7:00,7.879000187,7.879000187,13.157718113586485
5/9/2018 8:00,8.230999947,8.230999947,13.157718113586485
5/9/2018 9:00,8.230999947,8.230999947,13.157718113586485
5/9/2018 10:00,8.581999779,8.581999779,13.157718113586485
5/9/2018 11:00,9.074999809,9.074999809,13.157718113586485
5/9/2018 12:00,9.567000389,9.567000389,13.157718113586485
5/9/2018 13:00,10.3409996,10.3409996,13.157718113586485
5/9/2018 14:00,11.60700035,11.60700035,13.157718113586485
5/9/2018 15:00,12.38099957,12.38099957,13.157718113586485
5/9/2018 16:00,12.6619997,12.6619997,13.157718113586485
5/9/2018 17:00,12.8739996,12.8739996,13.157718113586485
5/9/2018 18:00,12.23999977,12.23999977,13.157718113586485
5/9/2018 19:00,11.60700035,11.60700035,13.157718113586485
5/9/2018 20:00,10.76299953,10.76299953,13.157718113586485
5/9/2018 21:00,9.708000183,9.708000183,13.157718113586485
5/9/2018 22:00,9.425999641,9.425999641,13.157718113586485
5/9/2018 23:00,8.722999573,8.722999573,13.157718113586485
5/10/2018 0:00,7.948999882,7.948999882,13.157718113586485
5/10/2018 1:00,7.668000221,7.668000221,13.157718113586485
5/10/2018 2:00,7.315999985,7.315999985,13.157718113586485
5/10/2018 3:00,6.752999783,6.752999783,13.157718113586485
5/10/2018 4:00,6.330999851,6.330999851,13.157718113586485
5/10/2018 5:00,6.119999886,6.119999886,13.157718113586485
5/10/2018 6:00,6.050000191,6.050000191,13.157718113586485
5/10/2018 7:00,6.40199995,6.40199995,13.157718113586485
5/10/2018 8:00,6.612999916,6.612999916,13.157718113586485
5/10/2018 9:00,6.683000088,6.683000088,13.157718113586485
5/10/2018 10:00,7.456999779,7.456999779,13.157718113586485
5/10/2018 11:00,7.105000019,7.105000019,13.157718113586485
5/10/2018 12:00,8.159999847,8.159999847,13.157718113586485
5/10/2018 13:00,8.512000084,8.512000084,13.157718113586485
5/10/2018 14:00,9.637999535,9.637999535,13.157718113586485
5/10/2018 15:00,10.13000011,10.13000011,13.157718113586485
5/10/2018 16:00,10.06000042,10.06000042,10.140509991565995
5/10/2018 17:00,9.918999672,9.918999672,10.213896215506358
5/10/2018 18:00,9.567000389,9.567000389,10.221966529498019
5/10/2018 19:00,9.286000252,9.286000252,10.22111712280635
5/10/2018 20:00,8.581999779,8.581999779,10.226050404598311
5/10/2018 21:00,8.230999947,8.230999947,10.225017522254351
5/10/2018 22:00,8.37100029,8.37100029,10.225350097951704
5/10/2018 23:00,7.948999882,7.948999882,10.225540188694632
5/11/2018 0:00,7.809000015,7.809000015,10.22542176759069
5/11/2018 1:00,7.597000122,7.597000122,10.225481567278903
5/11/2018 2:00,7.809000015,7.809000015,10.22547332588084
5/11/2018 3:00,7.737999916,7.737999916,10.225469314248489
5/11/2018 4:00,7.809000015,7.809000015,10.225474159409517
5/11/2018 5:00,8.300999641,8.300999641,10.225472097054967
5/11/2018 6:00,8.652999878,8.652999878,10.225472549703602
5/11/2018 7:00,8.793000221,8.793000221,10.225472683370736
5/11/2018 8:00,8.722999573,8.722999573,10.225472519988257
5/11/2018 9:00,9.496999741,9.496999741,10.225472600374125
5/11/2018 10:00,10.48200035,10.48200035,10.225472581663116
5/11/2018 11:00,11.04399967,11.04399967,10.22547257836623
5/11/2018 12:00,11.60700035,11.60700035,10.22547258412943
5/11/2018 13:00,12.10000038,12.10000038,10.225472581142387
5/11/2018 14:00,11.25599957,11.25599957,10.225472581937339
5/11/2018 15:00,10.97399998,10.97399998,10.225472582009932
5/11/2018 16:00,11.39599991,11.39599991,10.225472581812532
5/11/2018 17:00,11.11499977,11.11499977,10.225472581923878
5/11/2018 18:00,10.69299984,10.69299984,10.225472581891353
5/11/2018 19:00,10.76299953,10.76299953,10.225472581890623
5/11/2018 20:00,11.46700001,11.46700001,10.225472581897332
5/11/2018 21:00,11.39599991,11.39599991,10.225472581893229
5/11/2018 22:00,11.88899994,11.88899994,10.225472581894541
5/11/2018 23:00,11.88899994,11.88899994,10.225472581894499
5/12/2018 0:00,11.81799984,11.81799984,10.225472581894275
5/12/2018 1:00,11.46700001,11.46700001,10.225472581894426
5/12/2018 2:00,11.60700035,11.60700035,10.225472581894374
5/12/2018 3:00,9.848999977,9.848999977,10.225472581894378
5/12/2018 4:00,8.37100029,8.37100029,10.225472581894385
5/12/2018 5:00,10.13000011,10.13000011,10.22547258189438
5/12/2018 6:00,10.76299953,10.76299953,10.225472581894381
5/12/2018 7:00,8.442000389,8.442000389,10.225472581894381
5/12/2018 8:00,8.300999641,8.300999641,10.225472581894381
5/12/2018 9:00,9.777999878,9.777999878,10.225472581894381
5/12/2018 10:00,10.55200005,10.55200005,10.225472581894381
5/12/2018 11:00,10.90400028,10.90400028,10.225472581894381
5/12/2018 12:00,11.04399967,11.04399967,10.225472581894381
5/12/2018 13:00,10.62199974,10.62199974,10.225472581894381
5/12/2018 14:00,10.83300018,10.83300018,10.225472581894381
5/12/2018 15:00,10.69299984,10.69299984,10.225472581894381
5/12/2018 16:00,10.90400028,10.90400028,10.225472581894381
5/12/2018 17:00,10.55200005,10.55200005,10.225472581894381
5/12/2018 18:00,11.11499977,11.11499977,10.225472581894381
5/12/2018 19:00,11.04399967,11.04399967,10.225472581894381
5/12/2018 20:00,10.69299984,10.69299984,10.225472581894381
5/12/2018 21:00,10.27099991,10.27099991,10.225472581894381
5/12/2018 22:00,10.13000011,10.13000011,10.225472581894381
5/12/2018 23:00,10.3409996,10.3409996,10.225472581894381
5/13/2018 0:00,10.48200035,10.48200035,10.225472581894381
5/13/2018 1:00,10.3409996,10.3409996,10.225472581894381
5/13/2018 2:00,9.918999672,9.918999672,10.225472581894381
5/13/2018 3:00,9.98900032,9.98900032,10.225472581894381
5/13/2018 4:00,10.19999981,10.19999981,10.225472581894381
5/13/2018 5:00,9.98900032,9.98900032,10.225472581894381
5/13/2018 6:00,10.27099991,10.27099991,10.225472581894381
5/13/2018 7:00,10.83300018,10.83300018,10.225472581894381
5/13/2018 8:00,10.55200005,10.55200005,10.225472581894381
5/13/2018 9:00,11.32600021,11.32600021,10.225472581894381
5/13/2018 10:00,11.5369997,11.5369997,10.225472581894381
5/13/2018 11:00,12.38099957,12.38099957,10.225472581894381
5/13/2018 12:00,12.45100021,12.45100021,10.225472581894381
5/13/2018 13:00,13.08500004,13.08500004,10.225472581894381
5/13/2018 14:00,13.36600018,13.36600018,10.225472581894381
5/13/2018 15:00,14.49100018,14.49100018,10.225472581894381
5/13/2018 16:00,15.26500034,15.26500034,10.225472581894381
5/13/2018 17:00,15.54699993,15.54699993,10.225472581894381
5/13/2018 18:00,14.42099953,14.42099953,10.225472581894381
5/13/2018 19:00,13.43599987,13.43599987,10.225472581894381
5/13/2018 20:00,13.29599953,13.29599953,10.225472581894381
5/13/2018 21:00,12.94400024,12.94400024,10.225472581894381
5/13/2018 22:00,12.6619997,12.6619997,10.225472581894381
5/13/2018 23:00,12.52200031,12.52200031,10.225472581894381
5/14/2018 0:00,12.45100021,12.45100021,10.225472581894381
5/14/2018 1:00,12.52200031,12.52200031,10.225472581894381
5/14/2018 2:00,12.7329998,12.7329998,10.225472581894381
5/14/2018 3:00,12.7329998,12.7329998,10.225472581894381
5/14/2018 4:00,12.59200001,12.59200001,10.225472581894381
5/14/2018 5:00,12.45100021,12.45100021,10.225472581894381
5/14/2018 6:00,12.7329998,12.7329998,10.225472581894381
5/14/2018 7:00,12.45100021,12.45100021,10.225472581894381
5/14/2018 8:00,13.22500038,13.22500038,10.225472581894381
5/14/2018 9:00,13.36600018,13.36600018,10.225472581894381
5/14/2018 10:00,13.71800041,13.71800041,10.225472581894381
5/14/2018 11:00,14.70300007,14.70300007,10.225472581894381
5/14/2018 12:00,13.9989996,13.9989996,10.225472581894381
5/14/2018 13:00,14.70300007,14.70300007,10.225472581894381
5/14/2018 14:00,15.0539999,15.0539999,10.225472581894381
5/14/2018 15:00,16.81299973,16.81299973,10.225472581894381
5/14/2018 16:00,16.32099915,16.32099915,10.225472581894381
5/14/2018 17:00,16.60199928,16.60199928,10.225472581894381
5/14/2018 18:00,16.18000031,16.18000031,10.225472581894381
5/14/2018 19:00,15.75800037,15.75800037,10.225472581894381
5/14/2018 20:00,15.33600044,15.33600044,10.225472581894381
5/14/2018 21:00,15.33600044,15.33600044,10.225472581894381
5/14/2018 22:00,14.98400021,14.98400021,10.225472581894381
5/14/2018 23:00,14.70300007,14.70300007,10.225472581894381
5/15/2018 0:00,14.56200027,14.56200027,10.225472581894381
5/15/2018 1:00,14.14000034,14.14000034,10.225472581894381
5/15/2018 2:00,14.49100018,14.49100018,10.225472581894381
5/15/2018 3:00,14.56200027,14.56200027,10.225472581894381
5/15/2018 4:00,14.27999973,14.27999973,10.225472581894381
5/15/2018 5:00,14.14000034,14.14000034,10.225472581894381
5/15/2018 6:00,14.35099983,14.35099983,10.225472581894381
5/15/2018 7:00,14.56200027,14.56200027,10.225472581894381
5/15/2018 8:00,16.03899956,16.03899956,10.225472581894381
5/15/2018 9:00,16.46100044,16.46100044,10.225472581894381
5/15/2018 10:00,15.19499969,15.19499969,10.225472581894381
5/15/2018 11:00,14.14000034,14.14000034,10.225472581894381
5/15/2018 12:00,15.40600014,15.40600014,10.225472581894381
5/15/2018 13:00,14.42099953,14.42099953,10.225472581894381
5/15/2018 14:00,15.75800037,15.75800037,10.225472581894381
5/15/2018 15:00,16.18000031,16.18000031,10.225472581894381
5/15/2018 16:00,16.88299942,16.88299942,10.225472581894381
5/15/2018 17:00,16.25,16.25,10.225472581894381
5/15/2018 18:00,17.16500092,17.16500092,10.225472581894381
5/15/2018 19:00,16.88299942,16.88299942,10.225472581894381
5/15/2018 20:00,16.32099915,16.32099915,10.225472581894381
5/15/2018 21:00,15.96899986,15.96899986,10.225472581894381
5/15/2018 22:00,15.89799976,15.89799976,10.225472581894381
5/15/2018 23:00,15.68700027,15.68700027,10.225472581894381
5/16/2018 0:00,15.96899986,15.96899986,10.225472581894381
5/16/2018 1:00,16.25,16.25,10.225472581894381
5/16/2018 2:00,16.10899925,16.10899925,10.225472581894381
5/16/2018 3:00,16.10899925,16.10899925,10.225472581894381
5/16/2018 4:00,16.25,16.25,10.225472581894381
5/16/2018 5:00,16.46100044,16.46100044,10.225472581894381
5/16/2018 6:00,16.88299942,16.88299942,10.225472581894381
5/16/2018 7:00,16.67200089,16.67200089,10.225472581894381
5/16/2018 8:00,15.68700027,15.68700027,10.225472581894381
5/16/2018 9:00,14.84300041,14.84300041,10.225472581894381
5/16/2018 10:00,15.33600044,15.33600044,10.225472581894381
5/16/2018 11:00,14.98400021,14.98400021,10.225472581894381
5/16/2018 12:00,14.70300007,14.70300007,10.225472581894381
5/16/2018 13:00,14.98400021,14.98400021,10.225472581894381
5/16/2018 14:00,15.68700027,15.68700027,10.225472581894381
5/16/2018 15:00,16.74300003,16.74300003,10.225472581894381
5/16/2018 16:00,16.10899925,16.10899925,10.225472581894381
5/16/2018 17:00,16.32099915,16.32099915,10.225472581894381
5/16/2018 18:00,15.82800007,15.82800007,10.225472581894381
5/16/2018 19:00,15.54699993,15.54699993,10.225472581894381
5/16/2018 20:00,16.32099915,16.32099915,10.225472581894381
5/16/2018 21:00,16.03899956,16.03899956,10.225472581894381
5/16/2018 22:00,16.67200089,16.67200089,10.225472581894381
5/16/2018 23:00,15.0539999,15.0539999,10.225472581894381
5/17/2018 0:00,16.10899925,16.10899925,10.225472581894381
5/17/2018 1:00,16.60199928,16.60199928,10.225472581894381
5/17/2018 2:00,14.63199997,14.63199997,10.225472581894381
5/17/2018 3:00,12.23999977,12.23999977,10.225472581894381
5/17/2018 4:00,9.708000183,9.708000183,10.225472581894381
5/17/2018 5:00,8.652999878,8.652999878,10.225472581894381
5/17/2018 6:00,9.98900032,9.98900032,10.225472581894381
5/17/2018 7:00,10.97399998,10.97399998,10.225472581894381
5/17/2018 8:00,8.090000153,8.090000153,10.225472581894381
5/17/2018 9:00,11.32600021,11.32600021,10.225472581894381
5/17/2018 10:00,12.38099957,12.38099957,10.225472581894381
5/17/2018 11:00,13.15499973,13.15499973,10.225472581894381
5/17/2018 12:00,12.52200031,12.52200031,10.225472581894381
5/17/2018 13:00,13.01399994,13.01399994,10.225472581894381
5/17/2018 14:00,13.50699997,13.50699997,10.225472581894381
5/17/2018 15:00,13.50699997,13.50699997,10.225472581894381
5/17/2018 16:00,13.9989996,13.9989996,13.522762607379986
5/17/2018 17:00,13.78800011,13.78800011,13.560027718111053
5/17/2018 18:00,14.14000034,14.14000034,13.587498340982124
5/17/2018 19:00,13.78800011,13.78800011,13.585974690566452
5/17/2018 20:00,13.50699997,13.50699997,13.560980525431706
5/17/2018 21:00,13.15499973,13.15499973,13.534873026163652
5/17/2018 22:00,13.43599987,13.43599987,13.52747249100475
5/17/2018 23:00,13.36600018,13.36600018,13.541525703301675
5/18/2018 0:00,12.94400024,12.94400024,13.5632156488027
5/18/2018 1:00,12.94400024,12.94400024,13.575062569269917
5/18/2018 2:00,13.36600018,13.36600018,13.56963463713324
5/18/2018 3:00,13.08500004,13.08500004,13.553625421662991
5/18/2018 4:00,13.08500004,13.08500004,13.54068304763758
5/18/2018 5:00,12.80300045,12.80300045,13.540086838875418
5/18/2018 6:00,13.01399994,13.01399994,13.550421867211385
5/18/2018 7:00,12.94400024,12.94400024,13.562258384488656
5/18/2018 8:00,12.8739996,12.8739996,13.566459878643366
5/18/2018 9:00,12.52200031,12.52200031,13.561016252639526
5/18/2018 10:00,12.52200031,12.52200031,13.551481140031779
5/18/2018 11:00,12.7329998,12.7329998,13.545649660962688
5/18/2018 12:00,12.80300045,12.80300045,13.547352336433919
5/18/2018 13:00,12.59200001,12.59200001,13.55417016842591
5/18/2018 14:00,12.8739996,12.8739996,13.56019892197977
5/18/2018 15:00,12.7329998,12.7329998,13.561019611354425
5/18/2018 16:00,9.425999641,9.425999641,13.556800653766345
5/18/2018 17:00,8.090000153,8.090000153,13.551478601369306
5/18/2018 18:00,6.330999851,6.330999851,13.549226109364861
5/18/2018 19:00,5.346000195,5.346000195,13.551275358439144
5/18/2018 20:00,6.40199995,6.40199995,13.555434419960104
5/18/2018 21:00,8.300999641,8.300999641,13.55825410239615
5/18/2018 22:00,8.652999878,8.652999878,13.557814096318923
5/18/2018 23:00,8.512000084,8.512000084,13.55493768069394
5/19/2018 0:00,8.512000084,8.512000084,13.552157846063041
5/19/2018 1:00,8.512000084,8.512000084,13.551552513760953
5/19/2018 2:00,8.230999947,8.230999947,13.55324909054858
5/19/2018 3:00,8.512000084,8.512000084,13.555623004748727
5/19/2018 4:00,7.809000015,7.809000015,13.556785061597697
5/19/2018 5:00,7.737999916,7.737999916,13.556043467451248
5/19/2018 6:00,7.737999916,7.737999916,13.554243818390725
5/19/2018 7:00,7.948999882,7.948999882,13.552900506533884
5/19/2018 8:00,7.879000187,7.879000187,13.55295581377469
5/19/2018 9:00,7.105000019,7.105000019,13.554156978903094
5/19/2018 10:00,7.597000122,7.597000122,13.55542685999512
5/19/2018 11:00,7.456999779,7.456999779,13.555799190042434
5/19/2018 12:00,7.809000015,7.809000015,13.555129190408232
5/19/2018 13:00,7.879000187,7.879000187,13.554078543827291
5/19/2018 14:00,8.020000458,8.020000458,13.553495577748524
5/19/2018 15:00,7.668000221,7.668000221,13.553748516855126
5/19/2018 16:00,7.456999779,7.456999779,13.55452077864773
5/19/2018 17:00,7.034999847,7.034999847,13.555152653998734
5/19/2018 18:00,7.175000191,7.175000191,13.55518969531861
5/19/2018 19:00,7.034999847,7.034999847,13.554693813414527
5/19/2018 20:00,6.894000053,6.894000053,13.55411872749228
5/19/2018 21:00,7.386000156,7.386000156,13.553909285663996
5/19/2018 22:00,7.315999985,7.315999985,13.554167947833662
5/19/2018 23:00,7.105000019,7.105000019,13.554629345074982
5/20/2018 0:00,7.105000019,7.105000019,13.554915559944984
5/20/2018 1:00,7.105000019,7.105000019,13.554837590956572
5/20/2018 2:00,6.964000225,6.964000225,13.554509104224293
5/20/2018 3:00,6.752999783,6.752999783,13.55421518280181
5/20/2018 4:00,6.823999882,6.823999882,13.554171856130806
5/20/2018 5:00,6.823999882,6.823999882,13.554373909428849
5/20/2018 6:00,6.752999783,6.752999783,13.55463220708578
5/20/2018 7:00,6.823999882,6.823999882,13.554743826988107
5/20/2018 8:00,7.105000019,7.105000019,13.554646889844127
5/20/2018 9:00,7.245999813,7.245999813,13.554445847208038
5/20/2018 10:00,7.386000156,7.386000156,13.55430774777901
5/20/2018 11:00,7.175000191,7.175000191,13.55432704330468
5/20/2018 12:00,6.964000225,6.964000225,13.554465449600041
5/20/2018 13:00,6.823999882,6.823999882,13.554600801898717
5/20/2018 14:00,6.683000088,6.683000088,13.554631675737385
5/20/2018 15:00,6.330999851,6.330999851,13.554550602639143
5/20/2018 16:00,6.541999817,6.541999817,13.554435508794741
5/20/2018 17:00,4.361999989,4.361999989,13.554378165891977
5/20/2018 18:00,5.55700016,5.55700016,13.554413020577876
5/20/2018 19:00,5.627999783,5.627999783,13.554499918513368
5/20/2018 20:00,5.979000092,5.979000092,13.554565591686773
5/20/2018 21:00,5.697999954,5.697999954,13.554563809075738
5/20/2018 22:00,5.90899992,5.90899992,13.554506095341639
5/20/2018 23:00,5.768000126,5.768000126,13.554444337191459
5/21/2018 0:00,5.697999954,5.697999954,13.554425633160049
5/21/2018 1:00,5.416999817,5.416999817,13.554457563323206
5/21/2018 2:00,5.768000126,5.768000126,13.554508448973525
5/21/2018 3:00,5.627999783,5.627999783,13.554537124866721
5/21/2018 4:00,5.697999954,5.697999954,13.554525358110393
5/21/2018 5:00,6.050000191,6.050000191,13.554488111082248
5/21/2018 6:00,5.90899992,5.90899992,13.554457267602041
5/21/2018 7:00,5.979000092,5.979000092,13.554455078230204
5/21/2018 8:00,6.050000191,6.050000191,13.554478865508996
5/21/2018 9:00,6.472000122,6.472000122,13.554506802418247
5/21/2018 10:00,6.40199995,6.40199995,13.554517233239089
5/21/2018 11:00,6.40199995,6.40199995,13.554504948883523
5/21/2018 12:00,6.752999783,6.752999783,13.554482625290959
5/21/2018 13:00,7.105000019,7.105000019,13.55446858186383
5/21/2018 14:00,7.175000191,7.175000191,13.554472139756545
5/21/2018 15:00,7.315999985,7.315999985,13.554487963776726
5/21/2018 16:00,5.627999783,5.627999783,13.554502290867745
5/21/2018 17:00,4.43200016,4.43200016,13.554504562383206
5/21/2018 18:00,6.472000122,6.472000122,13.554494888309987
5/21/2018 19:00,6.472000122,6.472000122,13.554482353988808
5/21/2018 20:00,6.894000053,6.894000053,13.554476826310644
5/21/2018 21:00,6.612999916,6.612999916,13.554481408505474
5/21/2018 22:00,6.894000053,6.894000053,13.554491125218993
5/21/2018 23:00,6.683000088,6.683000088,13.55449788718096
5/22/2018 0:00,6.964000225,6.964000225,13.554497050408221
5/22/2018 1:00,7.315999985,7.315999985,13.554490391845395
5/22/2018 2:00,7.456999779,7.456999779,13.554483802508845
5/22/2018 3:00,7.879000187,7.879000187,13.554482232024736
5/22/2018 4:00,8.300999641,8.300999641,13.554486104941036
5/22/2018 5:00,9.00399971,9.00399971,13.554491684236956
5/22/2018 6:00,9.145000458,9.145000458,13.554494512549972
5/22/2018 7:00,7.456999779,7.456999779,13.554492876163241
5/22/2018 8:00,6.823999882,6.823999882,13.554488680825688
5/22/2018 9:00,6.683000088,6.683000088,13.554485470835225
5/22/2018 10:00,6.40199995,6.40199995,13.554485513745906
5/22/2018 11:00,3.727999926,3.727999926,13.554488286214093
5/22/2018 12:00,4.150000095,4.150000095,13.554491289242678
5/22/2018 13:00,6.541999817,6.541999817,13.55449222751891
5/22/2018 14:00,6.964000225,6.964000225,13.554490706447503
5/22/2018 15:00,6.261000156,6.261000156,13.554488242255902
5/22/2018 16:00,6.119999886,6.119999886,13.554486832215883
5/22/2018 17:00,6.894000053,6.894000053,13.554487378595192
5/22/2018 18:00,6.261000156,6.261000156,13.554489174778666
5/22/2018 19:00,7.034999847,7.034999847,13.5544906800373
5/22/2018 20:00,7.52699995,7.52699995,13.55449080521503
5/22/2018 21:00,7.737999916,7.737999916,13.554489664415847
5/22/2018 22:00,7.809000015,7.809000015,13.554488307474251
5/22/2018 23:00,6.752999783,6.752999783,13.554487788446243
5/23/2018 0:00,7.105000019,7.105000019,13.554488371538902
5/23/2018 1:00,6.612999916,6.612999916,13.554489451462329
5/23/2018 2:00,6.823999882,6.823999882,13.554490140312565
5/23/2018 3:00,6.472000122,6.472000122,13.554489978597095
5/23/2018 4:00,7.597000122,7.597000122,13.554489216443558
5/23/2018 5:00,6.894000053,6.894000053,13.554488518196969
5/23/2018 6:00,7.668000221,7.668000221,13.554488399810385
5/23/2018 7:00,9.215000153,9.215000153,13.554488862865478
5/23/2018 8:00,9.848999977,9.848999977,13.55448947102907
5/23/2018 9:00,9.00399971,9.00399971,13.554489744605432
5/23/2018 10:00,9.286000252,9.286000252,13.554489528169645
5/23/2018 11:00,9.567000389,9.567000389,13.554489058612178
5/23/2018 12:00,9.215000153,9.215000153,13.554488727599157
5/23/2018 13:00,9.215000153,9.215000153,13.55448876338425
5/23/2018 14:00,10.48200035,10.48200035,13.554489083660332
5/23/2018 15:00,11.95899963,11.95899963,13.554489404396415
5/23/2018 16:00,11.67800045,11.67800045,13.554489484091253
5/23/2018 17:00,11.67800045,11.67800045,13.554489299141595
5/23/2018 18:00,11.46700001,11.46700001,13.554489028716493
5/23/2018 19:00,9.918999672,9.918999672,13.554488889279497
5/23/2018 20:00,9.496999741,9.496999741,13.554488966017455
5/23/2018 21:00,9.425999641,9.425999641,13.554489168533644
5/23/2018 22:00,9.286000252,9.286000252,13.55448932539854
5/23/2018 23:00,8.793000221,8.793000221,13.554489325424518
5/24/2018 0:00,8.442000389,8.442000389,13.5544891922677
5/24/2018 1:00,8.722999573,8.722999573,13.554489046265596
5/24/2018 2:00,8.37100029,8.37100029,13.554488999259316
5/24/2018 3:00,8.300999641,8.300999641,13.55448907168855
5/24/2018 4:00,8.230999947,8.230999947,13.554489191003276
5/24/2018 5:00,8.159999847,8.159999847,13.554489260312563
5/24/2018 6:00,8.512000084,8.512000084,13.554489234992928
5/24/2018 7:00,9.145000458,9.145000458,13.554489148388292
5/24/2018 8:00,9.286000252,9.286000252,13.554489074940978
5/24/2018 9:00,9.637999535,9.637999535,13.554489067951762
5/24/2018 10:00,8.86400032,8.86400032,13.554489122649517
5/24/2018 11:00,9.567000389,9.567000389,13.554489188548919
5/24/2018 12:00,9.496999741,9.496999741,13.55448921435371
5/24/2018 13:00,9.074999809,9.074999809,13.554489186692017
5/24/2018 14:00,9.777999878,9.777999878,13.554489134457034
5/24/2018 15:00,11.18500042,11.18500042,13.554489100677745
5/24/2018 16:00,10.76299953,10.76299953,11.19338542937156
5/24/2018 17:00,9.918999672,9.918999672,11.215811793088504
5/24/2018 18:00,10.3409996,10.3409996,11.233830978499627
5/24/2018 19:00,9.918999672,9.918999672,11.234412972504664
5/24/2018 20:00,9.918999672,9.918999672,11.219113488039087
5/24/2018 21:00,9.425999641,9.425999641,11.201238564191401
5/24/2018 22:00,9.355999947,9.355999947,11.194507880818922
5/24/2018 23:00,9.215000153,9.215000153,11.202703027176891
5/25/2018 0:00,8.722999573,8.722999573,11.21796304624492
5/25/2018 1:00,8.512000084,8.512000084,11.22801915743541
5/25/2018 2:00,8.652999878,8.652999878,11.225913239489852
5/25/2018 3:00,7.737999916,7.737999916,11.214616940158173
5/25/2018 4:00,8.512000084,8.512000084,11.203664920362831
5/25/2018 5:00,9.00399971,9.00399971,11.201243581510017
5/25/2018 6:00,9.145000458,9.145000458,11.208196581853914
5/25/2018 7:00,9.425999641,9.425999641,11.21823036386977
5/25/2018 8:00,9.145000458,9.145000458,11.223456750659327
5/25/2018 9:00,9.777999878,9.777999878,11.220499772428877
5/25/2018 10:00,9.918999672,9.918999672,11.212515577124407
5/25/2018 11:00,9.425999641,9.425999641,11.206075406754252
5/25/2018 12:00,9.215000153,9.215000153,11.205839827621544
5/25/2018 13:00,9.215000153,9.215000153,11.21127667673293
5/25/2018 14:00,8.86400032,8.86400032,11.217654211926662
5/25/2018 15:00,8.652999878,8.652999878,11.220074941976778
5/25/2018 16:00,8.512000084,8.512000084,11.217172934581976
5/25/2018 17:00,8.86400032,8.86400032,11.211736120154796
5/25/2018 18:00,5.979000092,5.979000092,11.208137627715274
5/25/2018 19:00,6.823999882,6.823999882,11.208870086686343
5/25/2018 20:00,5.768000126,5.768000126,11.212888399776258
5/25/2018 21:00,6.261000156,6.261000156,11.216798999234348
5/25/2018 22:00,5.697999954,5.697999954,11.21767705620041
5/25/2018 23:00,6.261000156,6.261000156,11.215209665314324
5/26/2018 0:00,7.52699995,7.52699995,11.211632351904631
5/26/2018 1:00,8.090000153,8.090000153,11.209758782363291
5/26/2018 2:00,7.456999779,7.456999779,11.210801426449306
5/26/2018 3:00,7.52699995,7.52699995,11.21364390086503
5/26/2018 4:00,8.230999947,8.230999947,11.215945608698766
5/26/2018 5:00,8.512000084,8.512000084,11.216039605443278
5/26/2018 6:00,8.512000084,8.512000084,11.214107603953053
5/26/2018 7:00,8.37100029,8.37100029,11.211832218939401
5/26/2018 8:00,7.597000122,7.597000122,11.210961670831027
5/26/2018 9:00,8.442000389,8.442000389,11.211989249735119
5/26/2018 10:00,8.159999847,8.159999847,11.21392624072324
5/26/2018 11:00,8.300999641,8.300999641,11.215213892105309
5/26/2018 12:00,8.722999573,8.722999573,11.2149592964883
5/26/2018 13:00,9.425999641,9.425999641,11.213529931024995
5/26/2018 14:00,9.215000153,9.215000153,11.21213361119285
5/26/2018 15:00,9.355999947,9.355999947,11.211815296092542
5/26/2018 16:00,9.425999641,9.425999641,11.212690861900276
5/26/2018 17:00,9.074999809,9.074999809,11.213966252038144
5/26/2018 18:00,8.86400032,8.86400032,11.21463786312674
5/26/2018 19:00,8.934000015,8.934000015,11.214270271015232
5/26/2018 20:00,8.37100029,8.37100029,11.213258330271296
5/26/2018 21:00,9.425999641,9.425999641,11.212435720768946
5/26/2018 22:00,8.86400032,8.86400032,11.212398642938027
5/26/2018 23:00,9.00399971,9.00399971,11.21308516937219
5/27/2018 0:00,8.37100029,8.37100029,11.21389697171653
5/27/2018 1:00,8.86400032,8.86400032,11.214210011202956
5/27/2018 2:00,9.425999641,9.425999641,11.21384617461202
5/27/2018 3:00,9.215000153,9.215000153,11.213156086824592
5/27/2018 4:00,9.425999641,9.425999641,11.21269533901734
5/27/2018 5:00,9.355999947,9.355999947,11.212783775232957
5/27/2018 6:00,9.918999672,9.918999672,11.213292209362118
5/27/2018 7:00,9.777999878,9.777999878,11.21379077111435
5/27/2018 8:00,9.286000252,9.286000252,11.213906133339421
5/27/2018 9:00,9.567000389,9.567000389,11.213595445232743
5/27/2018 10:00,9.567000389,9.567000389,11.21314074742938
5/27/2018 11:00,9.215000153,9.215000153,11.212900008737567
5/27/2018 12:00,10.13000011,10.13000011,11.213029588488228
5/27/2018 13:00,10.76299953,10.76299953,11.213389840727146
5/27/2018 14:00,10.62199974,10.62199974,11.213683827630716
5/27/2018 15:00,11.5369997,11.5369997,11.213698317290024
5/27/2018 16:00,11.60700035,11.60700035,11.213454369641138
5/27/2018 17:00,11.32600021,11.32600021,11.213164742605345
5/27/2018 18:00,11.46700001,11.46700001,11.213052187267087
5/27/2018 19:00,10.48200035,10.48200035,11.213181003843953
5/27/2018 20:00,10.13000011,10.13000011,11.213426856400039
5/27/2018 21:00,9.918999672,9.918999672,11.213591716526366
5/27/2018 22:00,9.848999977,9.848999977,11.21356101883656
5/27/2018 23:00,10.19999981,10.19999981,11.213380169062184
5/28/2018 0:00,10.06000042,10.06000042,11.213202158604764
5/28/2018 1:00,10.13000011,10.13000011,11.213160361516463
5/28/2018 2:00,10.13000011,10.13000011,11.213270603070313
5/28/2018 3:00,9.918999672,9.918999672,11.213432708065696
5/28/2018 4:00,9.708000183,9.708000183,11.213518996811247
5/28/2018 5:00,9.918999672,9.918999672,11.213473325063948
5/28/2018 6:00,10.19999981,10.19999981,11.21334507683811
5/28/2018 7:00,10.97399998,10.97399998,11.213240013055986
5/28/2018 8:00,10.48200035,10.48200035,11.213234394445799
5/28/2018 9:00,10.41100025,10.41100025,11.213321075764577
5/28/2018 10:00,10.27099991,10.27099991,11.213424404544254
5/28/2018 11:00,10.69299984,10.69299984,11.213464870926515
5/28/2018 12:00,10.55200005,10.55200005,11.213419266082944
5/28/2018 13:00,10.69299984,10.69299984,11.21333167926425
5/28/2018 14:00,11.32600021,11.32600021,11.213272692381183
5/28/2018 15:00,11.95899963,11.95899963,11.213283340208617
5/28/2018 16:00,11.5369997,11.5369997,11.21334766717607
5/28/2018 17:00,11.46700001,11.46700001,11.213411224354104
5/28/2018 18:00,11.25599957,11.25599957,11.213426363746231
5/28/2018 19:00,11.11499977,11.11499977,11.213387248078577
5/28/2018 20:00,10.76299953,10.76299953,11.213329456616385
5/28/2018 21:00,10.69299984,10.69299984,11.213298529256074
5/28/2018 22:00,10.76299953,10.76299953,11.213314624452046
5/28/2018 23:00,10.55200005,10.55200005,11.213360279530846
5/29/2018 0:00,10.62199974,10.62199974,11.213397825983327
5/29/2018 1:00,10.48200035,10.48200035,11.213399990451126
5/29/2018 2:00,10.48200035,10.48200035,11.213369190940385
5/29/2018 3:00,10.69299984,10.69299984,11.213332327410786
5/29/2018 4:00,10.83300018,10.83300018,11.213317780035961
5/29/2018 5:00,10.69299984,10.69299984,11.213333924501192
5/29/2018 6:00,10.76299953,10.76299953,11.213365127505286
5/29/2018 7:00,10.69299984,10.69299984,11.213386232382573
5/29/2018 8:00,11.67800045,11.67800045,11.213382541942716
5/29/2018 9:00,11.74800014,11.74800014,11.213359661734042
5/29/2018 10:00,11.81799984,11.81799984,11.213336969552323
5/29/2018 11:00,11.88899994,11.88899994,11.213331487355271
5/29/2018 12:00,12.02900028,12.02900028,11.21334536579848
5/29/2018 13:00,11.81799984,11.81799984,11.213365968525679
5/29/2018 14:00,12.38099957,12.38099957,11.213377052926116
5/29/2018 15:00,11.60700035,11.60700035,11.213371381638916
5/29/2018 16:00,11.32600021,11.32600021,11.213355129150573
5/29/2018 17:00,11.60700035,11.60700035,11.213341711525006
5/29/2018 18:00,10.90400028,10.90400028,11.213340882369852
5/29/2018 19:00,10.76299953,10.76299953,11.213351825750165
5/29/2018 20:00,10.3409996,10.3409996,11.213364976967556
5/29/2018 21:00,9.637999535,9.637999535,11.213370206194462
5/29/2018 22:00,10.41100025,10.41100025,11.2133644912835
5/29/2018 23:00,10.13000011,10.13000011,11.21335337530525
5/30/2018 0:00,9.918999672,9.918999672,11.21334582441999
5/30/2018 1:00,10.13000011,10.13000011,11.213347102439737
5/30/2018 2:00,9.777999878,9.777999878,11.213355240457718
5/30/2018 3:00,10.19999981,10.19999981,11.213363342238365
5/30/2018 4:00,9.777999878,9.777999878,11.213365326908118
5/30/2018 5:00,9.145000458,9.145000458,11.213360402940385
5/30/2018 6:00,9.98900032,9.98900032,11.21335305814861
5/30/2018 7:00,10.55200005,10.55200005,11.213349085662161
5/30/2018 8:00,10.90400028,10.90400028,11.213351083693366
5/30/2018 9:00,11.46700001,11.46700001,11.213356869229994
5/30/2018 10:00,11.5369997,11.5369997,11.213361664061532
5/30/2018 11:00,11.60700035,11.60700035,11.213361980151593
5/30/2018 12:00,11.67800045,11.67800045,11.213358091952754
5/30/2018 13:00,11.5369997,11.5369997,11.21335340027219
5/30/2018 14:00,11.67800045,11.67800045,11.213351520723506
5/30/2018 15:00,12.02900028,12.02900028,11.21335354359367
5/30/2018 16:00,11.32600021,11.32600021,11.213357503569963
5/30/2018 17:00,11.25599957,11.25599957,11.213360205043134
5/30/2018 18:00,10.55200005,10.55200005,11.213359762843849
5/30/2018 19:00,10.62199974,10.62199974,11.21335686837397
5/30/2018 20:00,10.97399998,10.97399998,11.213353975847685
5/30/2018 21:00,10.3409996,10.3409996,11.213353257536372
5/30/2018 22:00,10.13000011,10.13000011,11.213355004460082
5/30/2018 23:00,9.918999672,9.918999672,11.213357622811971
5/31/2018 0:00,10.41100025,10.41100025,11.213359046430766
5/31/2018 1:00,10.41100025,10.41100025,11.213358342618848
5/31/2018 2:00,10.41100025,10.41100025,11.213356283125323
5/31/2018 3:00,10.41100025,10.41100025,11.213354569712509
5/31/2018 4:00,10.41100025,10.41100025,11.21335444972333
5/31/2018 5:00,10.41100025,10.41100025,11.213355831171738
5/31/2018 6:00,10.41100025,10.41100025,11.213357504897736
5/31/2018 7:00,10.41100025,10.41100025,11.213358180410427
5/31/2018 8:00,10.41100025,10.41100025,11.213357464433708
5/31/2018 9:00,10.41100025,10.41100025,11.213356053745313
5/31/2018 10:00,10.41100025,10.41100025,11.213355087268843
5/31/2018 11:00,10.41100025,10.41100025,11.21335524012971
5/31/2018 12:00,10.41100025,10.41100025,11.213356269593591
5/31/2018 13:00,10.41100025,10.41100025,11.213357302275995
5/31/2018 14:00,10.41100025,10.41100025,11.213357562190964
5/31/2018 15:00,10.41100025,10.41100025,11.213356942440546
5/31/2018 16:00,10.41100025,10.41100025,10.41100025
5/31/2018 17:00,10.41100025,10.41100025,10.41100025
5/31/2018 18:00,10.41100025,10.41100025,10.41100025
5/31/2018 19:00,10.41100025,10.41100025,10.41100025
5/31/2018 20:00,10.41100025,10.41100025,10.41100025
5/31/2018 21:00,10.41100025,10.41100025,10.41100025
5/31/2018 22:00,10.41100025,10.41100025,10.41100025
5/31/2018 23:00,10.41100025,10.41100025,10.41100025
6/1/2018 0:00,8.512000084,8.512000084,10.41100025
6/1/2018 1:00,8.512000084,8.512000084,10.41100025
6/1/2018 2:00,8.230999947,8.230999947,10.41100025
6/1/2018 3:00,8.300999641,8.300999641,10.41100025
6/1/2018 4:00,8.37100029,8.37100029,10.41100025
6/1/2018 5:00,8.230999947,8.230999947,10.41100025
6/1/2018 6:00,8.581999779,8.581999779,10.41100025
6/1/2018 7:00,9.425999641,9.425999641,10.41100025
6/1/2018 8:00,10.83300018,10.83300018,10.41100025
6/1/2018 9:00,10.48200035,10.48200035,10.41100025
6/1/2018 10:00,9.777999878,9.777999878,10.41100025
6/1/2018 11:00,9.848999977,9.848999977,10.41100025
6/1/2018 12:00,9.918999672,9.918999672,10.41100025
6/1/2018 13:00,10.41100025,10.41100025,10.41100025
6/1/2018 14:00,10.90400028,10.90400028,10.41100025
6/1/2018 15:00,11.67800045,11.67800045,10.41100025
6/1/2018 16:00,12.02900028,12.02900028,10.41100025
6/1/2018 17:00,11.88899994,11.88899994,10.41100025
6/1/2018 18:00,11.32600021,11.32600021,10.41100025
6/1/2018 19:00,10.90400028,10.90400028,10.41100025
6/1/2018 20:00,10.83300018,10.83300018,10.41100025
6/1/2018 21:00,10.48200035,10.48200035,10.41100025
6/1/2018 22:00,10.41100025,10.41100025,10.41100025
6/1/2018 23:00,10.27099991,10.27099991,10.41100025
6/2/2018 0:00,9.98900032,9.98900032,10.41100025
6/2/2018 1:00,9.567000389,9.567000389,10.41100025
6/2/2018 2:00,9.215000153,9.215000153,10.41100025
6/2/2018 3:00,9.215000153,9.215000153,10.41100025
6/2/2018 4:00,8.512000084,8.512000084,10.41100025
6/2/2018 5:00,8.934000015,8.934000015,10.41100025
6/2/2018 6:00,8.934000015,8.934000015,10.41100025
6/2/2018 7:00,8.652999878,8.652999878,10.41100025
6/2/2018 8:00,8.722999573,8.722999573,10.41100025
6/2/2018 9:00,8.722999573,8.722999573,10.41100025
6/2/2018 10:00,9.215000153,9.215000153,10.41100025
6/2/2018 11:00,9.637999535,9.637999535,10.41100025
6/2/2018 12:00,10.48200035,10.48200035,10.41100025
6/2/2018 13:00,10.19999981,10.19999981,10.41100025
6/2/2018 14:00,10.3409996,10.3409996,10.41100025
6/2/2018 15:00,10.19999981,10.19999981,10.41100025
6/2/2018 16:00,11.11499977,11.11499977,10.41100025
6/2/2018 17:00,10.48200035,10.48200035,10.41100025
6/2/2018 18:00,10.06000042,10.06000042,10.41100025
6/2/2018 19:00,9.567000389,9.567000389,10.41100025
6/2/2018 20:00,9.425999641,9.425999641,10.41100025
6/2/2018 21:00,9.567000389,9.567000389,10.41100025
6/2/2018 22:00,9.848999977,9.848999977,10.41100025
6/2/2018 23:00,9.637999535,9.637999535,10.41100025
6/3/2018 0:00,9.286000252,9.286000252,10.41100025
6/3/2018 1:00,9.496999741,9.496999741,10.41100025
6/3/2018 2:00,9.496999741,9.496999741,10.41100025
6/3/2018 3:00,9.637999535,9.637999535,10.41100025
6/3/2018 4:00,9.567000389,9.567000389,10.41100025
6/3/2018 5:00,9.848999977,9.848999977,10.41100025
6/3/2018 6:00,9.567000389,9.567000389,10.41100025
6/3/2018 7:00,9.355999947,9.355999947,10.41100025
6/3/2018 8:00,9.425999641,9.425999641,10.41100025
6/3/2018 9:00,9.637999535,9.637999535,10.41100025
6/3/2018 10:00,9.918999672,9.918999672,10.41100025
6/3/2018 11:00,10.62199974,10.62199974,10.41100025
6/3/2018 12:00,10.69299984,10.69299984,10.41100025
6/3/2018 13:00,10.97399998,10.97399998,10.41100025
6/3/2018 14:00,12.23999977,12.23999977,10.41100025
6/3/2018 15:00,12.6619997,12.6619997,10.41100025
6/3/2018 16:00,13.43599987,13.43599987,10.41100025
6/3/2018 17:00,13.08500004,13.08500004,10.41100025
6/3/2018 18:00,11.67800045,11.67800045,10.41100025
6/3/2018 19:00,11.04399967,11.04399967,10.41100025
6/3/2018 20:00,10.55200005,10.55200005,10.41100025
6/3/2018 21:00,9.567000389,9.567000389,10.41100025
6/3/2018 22:00,9.425999641,9.425999641,10.41100025
6/3/2018 23:00,8.722999573,8.722999573,10.41100025
6/4/2018 0:00,8.442000389,8.442000389,10.41100025
6/4/2018 1:00,9.215000153,9.215000153,10.41100025
6/4/2018 2:00,9.425999641,9.425999641,10.41100025
6/4/2018 3:00,9.637999535,9.637999535,10.41100025
6/4/2018 4:00,9.708000183,9.708000183,10.41100025
6/4/2018 5:00,9.425999641,9.425999641,10.41100025
6/4/2018 6:00,9.567000389,9.567000389,10.41100025
6/4/2018 7:00,9.777999878,9.777999878,10.41100025
6/4/2018 8:00,10.76299953,10.76299953,10.41100025
6/4/2018 9:00,11.18500042,11.18500042,10.41100025
6/4/2018 10:00,11.18500042,11.18500042,10.41100025
6/4/2018 11:00,11.18500042,11.18500042,10.41100025
6/4/2018 12:00,11.81799984,11.81799984,10.41100025
6/4/2018 13:00,11.67800045,11.67800045,10.41100025
6/4/2018 14:00,12.23999977,12.23999977,10.41100025
6/4/2018 15:00,12.38099957,12.38099957,10.41100025
6/4/2018 16:00,11.60700035,11.60700035,10.41100025
6/4/2018 17:00,10.76299953,10.76299953,10.41100025
6/4/2018 18:00,10.06000042,10.06000042,10.41100025
6/4/2018 19:00,9.637999535,9.637999535,10.41100025
6/4/2018 20:00,9.708000183,9.708000183,10.41100025
6/4/2018 21:00,9.848999977,9.848999977,10.41100025
6/4/2018 22:00,10.27099991,10.27099991,10.41100025
6/4/2018 23:00,10.13000011,10.13000011,10.41100025
6/5/2018 0:00,9.918999672,9.918999672,10.41100025
6/5/2018 1:00,9.637999535,9.637999535,10.41100025
6/5/2018 2:00,9.425999641,9.425999641,10.41100025
6/5/2018 3:00,9.708000183,9.708000183,10.41100025
6/5/2018 4:00,9.918999672,9.918999672,10.41100025
6/5/2018 5:00,9.848999977,9.848999977,10.41100025
6/5/2018 6:00,9.848999977,9.848999977,10.41100025
6/5/2018 7:00,10.06000042,10.06000042,10.41100025
6/5/2018 8:00,9.918999672,9.918999672,10.41100025
6/5/2018 9:00,10.13000011,10.13000011,10.41100025
6/5/2018 10:00,9.848999977,9.848999977,10.41100025
6/5/2018 11:00,9.918999672,9.918999672,10.41100025
6/5/2018 12:00,9.777999878,9.777999878,10.41100025
6/5/2018 13:00,10.13000011,10.13000011,10.41100025
6/5/2018 14:00,10.76299953,10.76299953,10.41100025
6/5/2018 15:00,10.90400028,10.90400028,10.41100025
6/5/2018 16:00,10.97399998,10.97399998,10.41100025
6/5/2018 17:00,10.83300018,10.83300018,10.41100025
6/5/2018 18:00,10.27099991,10.27099991,10.41100025
6/5/2018 19:00,9.567000389,9.567000389,10.41100025
6/5/2018 20:00,9.286000252,9.286000252,10.41100025
6/5/2018 21:00,9.215000153,9.215000153,10.41100025
6/5/2018 22:00,8.934000015,8.934000015,10.41100025
6/5/2018 23:00,8.934000015,8.934000015,10.41100025
6/6/2018 0:00,8.581999779,8.581999779,10.41100025
6/6/2018 1:00,8.581999779,8.581999779,10.41100025
6/6/2018 2:00,8.581999779,8.581999779,10.41100025
6/6/2018 3:00,8.512000084,8.512000084,10.41100025
6/6/2018 4:00,8.37100029,8.37100029,10.41100025
6/6/2018 5:00,8.159999847,8.159999847,10.41100025
6/6/2018 6:00,8.512000084,8.512000084,10.41100025
6/6/2018 7:00,9.496999741,9.496999741,10.41100025
6/6/2018 8:00,10.19999981,10.19999981,10.41100025
6/6/2018 9:00,10.27099991,10.27099991,10.41100025
6/6/2018 10:00,9.98900032,9.98900032,10.41100025
6/6/2018 11:00,10.13000011,10.13000011,10.41100025
6/6/2018 12:00,10.06000042,10.06000042,10.41100025
6/6/2018 13:00,10.55200005,10.55200005,10.41100025
6/6/2018 14:00,12.02900028,12.02900028,10.41100025
6/6/2018 15:00,13.15499973,13.15499973,10.41100025
6/6/2018 16:00,13.29599953,13.29599953,10.41100025
6/6/2018 17:00,12.94400024,12.94400024,10.41100025
6/6/2018 18:00,13.22500038,13.22500038,10.41100025
6/6/2018 19:00,11.39599991,11.39599991,10.41100025
6/6/2018 20:00,10.90400028,10.90400028,10.41100025
6/6/2018 21:00,11.04399967,11.04399967,10.41100025
6/6/2018 22:00,10.55200005,10.55200005,10.41100025
6/6/2018 23:00,10.27099991,10.27099991,10.41100025
6/7/2018 0:00,9.777999878,9.777999878,10.41100025
6/7/2018 1:00,10.13000011,10.13000011,10.41100025
6/7/2018 2:00,10.13000011,10.13000011,10.41100025
6/7/2018 3:00,9.848999977,9.848999977,10.41100025
6/7/2018 4:00,9.98900032,9.98900032,10.41100025
6/7/2018 5:00,9.918999672,9.918999672,10.41100025
6/7/2018 6:00,10.13000011,10.13000011,10.41100025
6/7/2018 7:00,10.48200035,10.48200035,10.41100025
6/7/2018 8:00,10.69299984,10.69299984,10.41100025
6/7/2018 9:00,10.83300018,10.83300018,10.41100025
6/7/2018 10:00,11.11499977,11.11499977,10.41100025
6/7/2018 11:00,11.5369997,11.5369997,10.41100025
6/7/2018 12:00,11.95899963,11.95899963,10.41100025
6/7/2018 13:00,12.02900028,12.02900028,10.41100025
6/7/2018 14:00,12.80300045,12.80300045,10.41100025
6/7/2018 15:00,12.7329998,12.7329998,10.41100025
6/7/2018 16:00,12.6619997,12.6619997,12.735094222692751
6/7/2018 17:00,12.6619997,12.6619997,12.735031557468702
6/7/2018 18:00,12.02900028,12.02900028,12.73503343241511
6/7/2018 19:00,11.67800045,11.67800045,12.735033376316625
6/7/2018 20:00,11.39599991,11.39599991,12.735033377995094
6/7/2018 21:00,10.83300018,10.83300018,12.735033377944875
6/7/2018 22:00,10.83300018,10.83300018,12.735033377946378
6/7/2018 23:00,10.3409996,10.3409996,12.735033377946333
6/8/2018 0:00,10.48200035,10.48200035,12.735033377946335
6/8/2018 1:00,10.41100025,10.41100025,12.735033377946335
6/8/2018 2:00,10.13000011,10.13000011,12.735033377946335
6/8/2018 3:00,10.06000042,10.06000042,12.735033377946335
6/8/2018 4:00,9.98900032,9.98900032,12.735033377946335
6/8/2018 5:00,9.708000183,9.708000183,12.735033377946335
6/8/2018 6:00,9.425999641,9.425999641,12.735033377946335
6/8/2018 7:00,9.777999878,9.777999878,12.735033377946335
6/8/2018 8:00,10.13000011,10.13000011,12.735033377946335
6/8/2018 9:00,10.19999981,10.19999981,12.735033377946335
6/8/2018 10:00,10.06000042,10.06000042,12.735033377946335
6/8/2018 11:00,10.3409996,10.3409996,12.735033377946335
6/8/2018 12:00,10.13000011,10.13000011,12.735033377946335
6/8/2018 13:00,9.918999672,9.918999672,12.735033377946335
6/8/2018 14:00,10.19999981,10.19999981,12.735033377946335
6/8/2018 15:00,10.3409996,10.3409996,12.735033377946335
6/8/2018 16:00,10.13000011,10.13000011,12.735033377946335
6/8/2018 17:00,9.918999672,9.918999672,12.735033377946335
6/8/2018 18:00,8.934000015,8.934000015,12.735033377946335
6/8/2018 19:00,9.00399971,9.00399971,12.735033377946335
6/8/2018 20:00,9.355999947,9.355999947,12.735033377946335
6/8/2018 21:00,8.86400032,8.86400032,12.735033377946335
6/8/2018 22:00,9.074999809,9.074999809,12.735033377946335
6/8/2018 23:00,8.722999573,8.722999573,12.735033377946335
6/9/2018 0:00,8.86400032,8.86400032,12.735033377946335
6/9/2018 1:00,8.86400032,8.86400032,12.735033377946335
6/9/2018 2:00,8.300999641,8.300999641,12.735033377946335
6/9/2018 3:00,8.020000458,8.020000458,12.735033377946335
6/9/2018 4:00,8.020000458,8.020000458,12.735033377946335
6/9/2018 5:00,8.159999847,8.159999847,12.735033377946335
6/9/2018 6:00,8.159999847,8.159999847,12.735033377946335
6/9/2018 7:00,8.159999847,8.159999847,12.735033377946335
6/9/2018 8:00,8.512000084,8.512000084,12.735033377946335
6/9/2018 9:00,8.442000389,8.442000389,12.735033377946335
6/9/2018 10:00,6.823999882,6.823999882,12.735033377946335
6/9/2018 11:00,3.025000095,3.025000095,12.735033377946335
6/9/2018 12:00,4.150000095,4.150000095,12.735033377946335
6/9/2018 13:00,3.938999891,3.938999891,12.735033377946335
6/9/2018 14:00,4.78399992,4.78399992,12.735033377946335
6/9/2018 15:00,5.768000126,5.768000126,12.735033377946335
6/9/2018 16:00,6.683000088,6.683000088,12.735033377946335
6/9/2018 17:00,6.894000053,6.894000053,12.735033377946335
6/9/2018 18:00,7.034999847,7.034999847,12.735033377946335
6/9/2018 19:00,6.40199995,6.40199995,12.735033377946335
6/9/2018 20:00,6.330999851,6.330999851,12.735033377946335
6/9/2018 21:00,6.050000191,6.050000191,12.735033377946335
6/9/2018 22:00,6.894000053,6.894000053,12.735033377946335
6/9/2018 23:00,7.245999813,7.245999813,12.735033377946335
6/10/2018 0:00,6.261000156,6.261000156,12.735033377946335
6/10/2018 1:00,6.823999882,6.823999882,12.735033377946335
6/10/2018 2:00,7.315999985,7.315999985,12.735033377946335
6/10/2018 3:00,7.668000221,7.668000221,12.735033377946335
6/10/2018 4:00,7.737999916,7.737999916,12.735033377946335
6/10/2018 5:00,7.456999779,7.456999779,12.735033377946335
6/10/2018 6:00,7.668000221,7.668000221,12.735033377946335
6/10/2018 7:00,8.020000458,8.020000458,12.735033377946335
6/10/2018 8:00,8.300999641,8.300999641,12.735033377946335
6/10/2018 9:00,8.159999847,8.159999847,12.735033377946335
6/10/2018 10:00,8.090000153,8.090000153,12.735033377946335
6/10/2018 11:00,8.090000153,8.090000153,12.735033377946335
6/10/2018 12:00,8.37100029,8.37100029,12.735033377946335
6/10/2018 13:00,8.934000015,8.934000015,12.735033377946335
6/10/2018 14:00,9.425999641,9.425999641,12.735033377946335
6/10/2018 15:00,9.567000389,9.567000389,12.735033377946335
6/10/2018 16:00,9.98900032,9.98900032,12.735033377946335
6/10/2018 17:00,9.286000252,9.286000252,12.735033377946335
6/10/2018 18:00,9.286000252,9.286000252,12.735033377946335
6/10/2018 19:00,9.145000458,9.145000458,12.735033377946335
6/10/2018 20:00,8.442000389,8.442000389,12.735033377946335
6/10/2018 21:00,8.722999573,8.722999573,12.735033377946335
6/10/2018 22:00,8.442000389,8.442000389,12.735033377946335
6/10/2018 23:00,8.230999947,8.230999947,12.735033377946335
6/11/2018 0:00,8.300999641,8.300999641,12.735033377946335
6/11/2018 1:00,7.879000187,7.879000187,12.735033377946335
6/11/2018 2:00,7.809000015,7.809000015,12.735033377946335
6/11/2018 3:00,7.809000015,7.809000015,12.735033377946335
6/11/2018 4:00,7.948999882,7.948999882,12.735033377946335
6/11/2018 5:00,7.948999882,7.948999882,12.735033377946335
6/11/2018 6:00,8.159999847,8.159999847,12.735033377946335
6/11/2018 7:00,8.512000084,8.512000084,12.735033377946335
6/11/2018 8:00,9.074999809,9.074999809,12.735033377946335
6/11/2018 9:00,9.074999809,9.074999809,12.735033377946335
6/11/2018 10:00,9.00399971,9.00399971,12.735033377946335
6/11/2018 11:00,9.074999809,9.074999809,12.735033377946335
6/11/2018 12:00,9.567000389,9.567000389,12.735033377946335
6/11/2018 13:00,10.19999981,10.19999981,12.735033377946335
6/11/2018 14:00,11.04399967,11.04399967,12.735033377946335
6/11/2018 15:00,12.02900028,12.02900028,12.735033377946335
6/11/2018 16:00,12.17000008,12.17000008,12.735033377946335
6/11/2018 17:00,12.31099987,12.31099987,12.735033377946335
6/11/2018 18:00,10.55200005,10.55200005,12.735033377946335
6/11/2018 19:00,10.90400028,10.90400028,12.735033377946335
6/11/2018 20:00,10.27099991,10.27099991,12.735033377946335
6/11/2018 21:00,10.27099991,10.27099991,12.735033377946335
6/11/2018 22:00,9.777999878,9.777999878,12.735033377946335
6/11/2018 23:00,9.848999977,9.848999977,12.735033377946335
6/12/2018 0:00,10.06000042,10.06000042,12.735033377946335
6/12/2018 1:00,9.777999878,9.777999878,12.735033377946335
6/12/2018 2:00,9.496999741,9.496999741,12.735033377946335
6/12/2018 3:00,9.848999977,9.848999977,12.735033377946335
6/12/2018 4:00,9.708000183,9.708000183,12.735033377946335
6/12/2018 5:00,9.496999741,9.496999741,12.735033377946335
6/12/2018 6:00,9.567000389,9.567000389,12.735033377946335
6/12/2018 7:00,10.3409996,10.3409996,12.735033377946335
6/12/2018 8:00,10.41100025,10.41100025,12.735033377946335
6/12/2018 9:00,10.62199974,10.62199974,12.735033377946335
6/12/2018 10:00,10.27099991,10.27099991,12.735033377946335
6/12/2018 11:00,10.3409996,10.3409996,12.735033377946335
6/12/2018 12:00,10.83300018,10.83300018,12.735033377946335
6/12/2018 13:00,11.5369997,11.5369997,12.735033377946335
6/12/2018 14:00,12.10000038,12.10000038,12.735033377946335
6/12/2018 15:00,13.57699966,13.57699966,12.735033377946335
6/12/2018 16:00,14.27999973,14.27999973,12.735033377946335
6/12/2018 17:00,13.50699997,13.50699997,12.735033377946335
6/12/2018 18:00,13.9289999,13.9289999,12.735033377946335
6/12/2018 19:00,12.02900028,12.02900028,12.735033377946335
6/12/2018 20:00,11.67800045,11.67800045,12.735033377946335
6/12/2018 21:00,11.04399967,11.04399967,12.735033377946335
6/12/2018 22:00,10.90400028,10.90400028,12.735033377946335
6/12/2018 23:00,11.18500042,11.18500042,12.735033377946335
6/13/2018 0:00,11.18500042,11.18500042,12.735033377946335
6/13/2018 1:00,10.76299953,10.76299953,12.735033377946335
6/13/2018 2:00,10.90400028,10.90400028,12.735033377946335
6/13/2018 3:00,10.83300018,10.83300018,12.735033377946335
6/13/2018 4:00,10.83300018,10.83300018,12.735033377946335
6/13/2018 5:00,10.62199974,10.62199974,12.735033377946335
6/13/2018 6:00,10.97399998,10.97399998,12.735033377946335
6/13/2018 7:00,11.46700001,11.46700001,12.735033377946335
6/13/2018 8:00,11.81799984,11.81799984,12.735033377946335
6/13/2018 9:00,11.18500042,11.18500042,12.735033377946335
6/13/2018 10:00,11.18500042,11.18500042,12.735033377946335
6/13/2018 11:00,11.5369997,11.5369997,12.735033377946335
6/13/2018 12:00,11.32600021,11.32600021,12.735033377946335
6/13/2018 13:00,12.31099987,12.31099987,12.735033377946335
6/13/2018 14:00,13.29599953,13.29599953,12.735033377946335
6/13/2018 15:00,14.14000034,14.14000034,12.735033377946335
6/13/2018 16:00,14.35099983,14.35099983,12.735033377946335
6/13/2018 17:00,13.64700031,13.64700031,12.735033377946335
6/13/2018 18:00,12.59200001,12.59200001,12.735033377946335
6/13/2018 19:00,11.67800045,11.67800045,12.735033377946335
6/13/2018 20:00,10.90400028,10.90400028,12.735033377946335
6/13/2018 21:00,10.69299984,10.69299984,12.735033377946335
6/13/2018 22:00,10.55200005,10.55200005,12.735033377946335
6/13/2018 23:00,10.55200005,10.55200005,12.735033377946335
6/14/2018 0:00,10.90400028,10.90400028,12.735033377946335
6/14/2018 1:00,10.90400028,10.90400028,12.735033377946335
6/14/2018 2:00,10.69299984,10.69299984,12.735033377946335
6/14/2018 3:00,10.97399998,10.97399998,12.735033377946335
6/14/2018 4:00,11.11499977,11.11499977,12.735033377946335
6/14/2018 5:00,10.83300018,10.83300018,12.735033377946335
6/14/2018 6:00,10.97399998,10.97399998,12.735033377946335
6/14/2018 7:00,10.90400028,10.90400028,12.735033377946335
6/14/2018 8:00,11.11499977,11.11499977,12.735033377946335
6/14/2018 9:00,11.11499977,11.11499977,12.735033377946335
6/14/2018 10:00,11.18500042,11.18500042,12.735033377946335
6/14/2018 11:00,11.25599957,11.25599957,12.735033377946335
6/14/2018 12:00,11.18500042,11.18500042,12.735033377946335
6/14/2018 13:00,11.81799984,11.81799984,12.735033377946335
6/14/2018 14:00,13.29599953,13.29599953,12.735033377946335
6/14/2018 15:00,13.57699966,13.57699966,12.735033377946335
6/14/2018 16:00,13.22500038,13.22500038,13.600092587115547
6/14/2018 17:00,13.08500004,13.08500004,13.625663366186046
6/14/2018 18:00,11.46700001,11.46700001,13.634606753750504
6/14/2018 19:00,11.32600021,11.32600021,13.622044566951704
6/14/2018 20:00,11.32600021,11.32600021,13.599454670437284
6/14/2018 21:00,11.18500042,11.18500042,13.584523419311143
6/14/2018 22:00,11.32600021,11.32600021,13.587467811664593
6/14/2018 23:00,10.62199974,10.62199974,13.604274128405674
6/15/2018 0:00,10.19999981,10.19999981,13.62112407307217
6/15/2018 1:00,10.19999981,10.19999981,13.625592050838552
6/15/2018 2:00,9.848999977,9.848999977,13.615661206035263
6/15/2018 3:00,10.13000011,10.13000011,13.600136877739038
6/15/2018 4:00,10.97399998,10.97399998,13.591039738955812
6/15/2018 5:00,10.19999981,10.19999981,13.594413097221835
6/15/2018 6:00,10.83300018,10.83300018,13.606484364431036
6/15/2018 7:00,11.11499977,11.11499977,13.617458213935736
6/15/2018 8:00,11.5369997,11.5369997,13.619358328056302
6/15/2018 9:00,10.55200005,10.55200005,13.611719650514404
6/15/2018 10:00,10.48200035,10.48200035,13.601156689473488
6/15/2018 11:00,10.3409996,10.3409996,13.595757566734768
6/15/2018 12:00,10.90400028,10.90400028,13.59896983174192
6/15/2018 13:00,11.11499977,11.11499977,13.60753757671893
6/15/2018 14:00,11.25599957,11.25599957,13.614592781425353
6/15/2018 15:00,11.81799984,11.81799984,13.615090599303041
6/15/2018 16:00,12.38099957,12.38099957,13.609340218789582
6/15/2018 17:00,11.95899963,11.95899963,13.6022248651817
6/15/2018 18:00,11.74800014,11.74800014,13.599130436814297
6/15/2018 19:00,10.48200035,10.48200035,13.601923406413773
6/15/2018 20:00,9.848999977,9.848999977,13.60793783576723
6/15/2018 21:00,9.425999641,9.425999641,13.612407953163872
6/15/2018 22:00,9.496999741,9.496999741,13.612197809731025
6/15/2018 23:00,9.425999641,9.425999641,13.607944915968869
6/16/2018 0:00,9.215000153,9.215000153,13.603201197665213
6/16/2018 1:00,9.286000252,9.286000252,13.601514142631459
6/16/2018 2:00,9.00399971,9.00399971,13.603812194109675
6/16/2018 3:00,8.86400032,8.86400032,13.607990400696217
6/16/2018 4:00,8.512000084,8.512000084,13.61077488720479
6/16/2018 5:00,8.512000084,8.512000084,13.610256755364729
6/16/2018 6:00,8.581999779,8.581999779,13.607158497763852
6/16/2018 7:00,8.793000221,8.793000221,13.604030071876954
6/16/2018 8:00,9.425999641,9.425999641,13.603180737230122
6/16/2018 9:00,8.722999573,8.722999573,13.605001582260543
6/16/2018 10:00,9.145000458,9.145000458,13.607875020422137
6/16/2018 11:00,9.00399971,9.00399971,13.60957433229915
6/16/2018 12:00,9.215000153,9.215000153,13.608967923134953
6/16/2018 13:00,9.425999641,9.425999641,13.606740565729083
6/16/2018 14:00,10.13000011,10.13000011,13.604701320428019
6/16/2018 15:00,10.76299953,10.76299953,13.604334039177164
6/16/2018 16:00,10.55200005,10.55200005,13.60573706361627
6/16/2018 17:00,9.918999672,9.918999672,13.607693597374727
6/16/2018 18:00,9.355999947,9.355999947,13.60870428841492
6/16/2018 19:00,9.215000153,9.215000153,13.608121626072888
6/16/2018 20:00,9.215000153,9.215000153,13.606539422743067
6/16/2018 21:00,8.442000389,8.442000389,13.605227081437064
6/16/2018 22:00,8.512000084,8.512000084,13.605124180365134
6/16/2018 23:00,8.300999641,8.300999641,13.60618186358246
6/17/2018 0:00,8.159999847,8.159999847,13.607500777193321
6/17/2018 1:00,8.512000084,8.512000084,13.608081734989083
6/17/2018 2:00,8.020000458,8.020000458,13.60757257214508
6/17/2018 3:00,8.020000458,8.020000458,13.606461029771232
6/17/2018 4:00,8.020000458,8.020000458,13.605628605721465
6/17/2018 5:00,7.948999882,7.948999882,13.605660148203128
6/17/2018 6:00,7.668000221,7.668000221,13.606443318172799
6/17/2018 7:00,7.948999882,7.948999882,13.60732329102025
6/17/2018 8:00,8.230999947,8.230999947,13.60764140468368
6/17/2018 9:00,8.37100029,8.37100029,13.607221094317396
6/17/2018 10:00,8.442000389,8.442000389,13.606448337677291
6/17/2018 11:00,8.652999878,8.652999878,13.605929121843676
6/17/2018 12:00,9.286000252,9.286000252,13.606020048028244
6/17/2018 13:00,10.27099991,10.27099991,13.606591174836769
6/17/2018 14:00,11.32600021,11.32600021,13.607171975241712
6/17/2018 15:00,12.45100021,12.45100021,13.607333309243252
6/17/2018 16:00,12.38099957,12.38099957,13.606999500891627
6/17/2018 17:00,11.5369997,11.5369997,13.606467676372274
6/17/2018 18:00,11.32600021,11.32600021,13.606150293438176
6/17/2018 19:00,10.83300018,10.83300018,13.606259201953458
6/17/2018 20:00,10.27099991,10.27099991,13.60667016228016
6/17/2018 21:00,10.19999981,10.19999981,13.607049085298103
6/17/2018 22:00,9.637999535,9.637999535,13.60711994781971
6/17/2018 23:00,9.567000389,9.567000389,13.606862278273526
6/18/2018 0:00,9.286000252,9.286000252,13.60649989652028
6/18/2018 1:00,9.215000153,9.215000153,13.606310733012583
6/18/2018 2:00,9.215000153,9.215000153,13.606416370162073
6/18/2018 3:00,8.86400032,8.86400032,13.606708538414885
6/18/2018 4:00,9.074999809,9.074999809,13.606952629175916
6/18/2018 5:00,9.00399971,9.00399971,13.606973666102132
6/18/2018 6:00,9.215000153,9.215000153,13.606779141638631
6/18/2018 7:00,9.286000252,9.286000252,13.606534678771505
6/18/2018 8:00,9.145000458,9.145000458,13.606425634974467
6/18/2018 9:00,9.777999878,9.777999878,13.606518429287407
6/18/2018 10:00,9.98900032,9.98900032,13.606723845132228
6/18/2018 11:00,10.06000042,10.06000042,13.606878845397553
6/18/2018 12:00,10.83300018,10.83300018,13.606874368732358
6/18/2018 13:00,11.18500042,11.18500042,13.606730159486437
6/18/2018 14:00,11.95899963,11.95899963,13.606566931281272
6/18/2018 15:00,13.08500004,13.08500004,13.606506970457458
6/18/2018 16:00,11.95899963,11.95899963,13.606583829371859
6/18/2018 17:00,12.02900028,12.02900028,13.606726742692613
6/18/2018 18:00,12.02900028,12.02900028,13.606823549366629
6/18/2018 19:00,11.81799984,11.81799984,13.606807641687332
6/18/2018 20:00,10.62199974,10.62199974,13.606702368599713
6/18/2018 21:00,10.19999981,10.19999981,13.60659454799777
6/18/2018 22:00,10.13000011,10.13000011,13.606563923543431
6/18/2018 23:00,10.27099991,10.27099991,13.606625110325194
6/19/2018 0:00,9.777999878,9.777999878,13.606723536887086
6/19/2018 1:00,9.215000153,9.215000153,13.606782807207995
6/19/2018 2:00,9.215000153,9.215000153,13.606763267173838
6/19/2018 3:00,9.074999809,9.074999809,13.60668744737122
6/19/2018 4:00,9.00399971,9.00399971,13.606617042327596
6/19/2018 5:00,9.145000458,9.145000458,13.606603393448678
6/19/2018 6:00,9.637999535,9.637999535,13.60665070976907
6/19/2018 7:00,9.496999741,9.496999741,13.606717825238599
6/19/2018 8:00,9.074999809,9.074999809,13.606753223480641
6/19/2018 9:00,9.355999947,9.355999947,13.606734080842147
6/19/2018 10:00,9.777999878,9.777999878,13.606680132438669
6/19/2018 11:00,9.848999977,9.848999977,13.606634735814445
6/19/2018 12:00,10.13000011,10.13000011,13.60663047371088
6/19/2018 13:00,9.777999878,9.777999878,13.606666246425386
6/19/2018 14:00,5.55700016,5.55700016,13.606711555605308
6/19/2018 15:00,5.627999783,5.627999783,13.606732017815034
6/19/2018 16:00,4.643000126,4.643000126,13.606715111218099
6/19/2018 17:00,5.276000023,5.276000023,13.606677151926462
6/19/2018 18:00,6.683000088,6.683000088,13.606648292822626
6/19/2018 19:00,6.752999783,6.752999783,13.606648869309641
6/19/2018 20:00,7.105000019,7.105000019,13.606675421197693
6/19/2018 21:00,4.572999954,4.572999954,13.606705697078933
6/19/2018 22:00,5.135000229,5.135000229,13.606716994804472
6/19/2018 23:00,5.90899992,5.90899992,13.606702943066068
6/20/2018 0:00,6.541999817,6.541999817,13.606676514124972
6/20/2018 1:00,7.315999985,7.315999985,13.606658466590384
6/20/2018 2:00,6.964000225,6.964000225,13.606661240131315
6/20/2018 3:00,7.105000019,7.105000019,13.606680643257594
6/20/2018 4:00,7.105000019,7.105000019,13.606700658024929
6/20/2018 5:00,7.105000019,7.105000019,13.606706467289303
6/20/2018 6:00,7.315999985,7.315999985,13.606695253485366
6/20/2018 7:00,7.456999779,7.456999779,13.60667703829462
6/20/2018 8:00,7.105000019,7.105000019,13.606665971159593
6/20/2018 9:00,7.456999779,7.456999779,13.606669473257664
6/20/2018 10:00,8.090000153,8.090000153,13.606683460689505
6/20/2018 11:00,8.090000153,8.090000153,13.606696541300721
6/20/2018 12:00,8.512000084,8.512000084,13.60669916610104
6/20/2018 13:00,8.37100029,8.37100029,13.606690478336482
6/20/2018 14:00,8.934000015,8.934000015,13.606678048760813
6/20/2018 15:00,8.722999573,8.722999573,13.606671425787164
6/20/2018 16:00,8.86400032,8.86400032,13.606674892860203
6/20/2018 17:00,9.286000252,9.286000252,13.606684853767291
6/20/2018 18:00,9.145000458,9.145000458,13.6066932961251
6/20/2018 19:00,9.286000252,9.286000252,13.606694153153649
6/20/2018 20:00,9.215000153,9.215000153,13.606687575241278
6/20/2018 21:00,8.652999878,8.652999878,13.60667917800621
6/20/2018 22:00,8.722999573,8.722999573,13.606675339147719
6/20/2018 23:00,9.00399971,9.00399971,13.606678418483385
6/21/2018 0:00,9.00399971,9.00399971,13.606685432687831
6/21/2018 1:00,8.934000015,8.934000015,13.606690805433084
6/21/2018 2:00,8.581999779,8.581999779,13.606690745406864
6/21/2018 3:00,8.37100029,8.37100029,13.606685857053868
6/21/2018 4:00,8.512000084,8.512000084,13.606680241738747
6/21/2018 5:00,8.512000084,8.512000084,13.606678113804287
6/21/2018 6:00,8.86400032,8.86400032,13.606680682279102
6/21/2018 7:00,8.300999641,8.300999641,13.60668556952126
6/21/2018 8:00,8.86400032,8.86400032,13.60668893375615
6/21/2018 9:00,8.512000084,8.512000084,13.606688452049841
6/21/2018 10:00,8.37100029,8.37100029,13.606684876067789
6/21/2018 11:00,8.512000084,8.512000084,13.606681160942724
6/21/2018 12:00,8.442000389,8.442000389,13.606680059661864
6/21/2018 13:00,8.86400032,8.86400032,13.606682114520403
6/21/2018 14:00,9.567000389,9.567000389,13.606685485317183
6/21/2018 15:00,9.918999672,9.918999672,13.606687551545559
6/21/2018 16:00,10.06000042,10.06000042,9.944974836660275
6/21/2018 17:00,9.848999977,9.848999977,9.975440167483761
6/21/2018 18:00,9.637999535,9.637999535,9.982743099904566
6/21/2018 19:00,9.00399971,9.00399971,9.9707933314431
6/21/2018 20:00,8.652999878,8.652999878,9.958042180570175
6/21/2018 21:00,8.37100029,8.37100029,9.955594856545597
6/21/2018 22:00,8.159999847,8.159999847,9.961036072039342
6/21/2018 23:00,8.090000153,8.090000153,9.966345922041903
6/22/2018 0:00,8.230999947,8.230999947,9.967102165394431
6/22/2018 1:00,8.37100029,8.37100029,9.964646629024266
6/22/2018 2:00,8.159999847,8.159999847,9.962447185427653
6/22/2018 3:00,8.020000458,8.020000458,9.962247928693978
6/22/2018 4:00,7.809000015,7.809000015,9.963347321637029
6/22/2018 5:00,7.668000221,7.668000221,9.96425330452997
6/22/2018 6:00,5.627999783,5.627999783,9.964285685636982
6/22/2018 7:00,7.034999847,7.034999847,9.96379696765227
6/22/2018 8:00,4.854000092,4.854000092,9.963425990180415
6/22/2018 9:00,6.683000088,6.683000088,9.963434516946444
6/22/2018 10:00,6.40199995,6.40199995,9.963650356316684
6/22/2018 11:00,6.752999783,6.752999783,9.96380129348797
6/22/2018 12:00,3.657999992,3.657999992,9.963788216607021
6/22/2018 13:00,3.657999992,3.657999992,9.963693466263386
6/22/2018 14:00,4.150000095,4.150000095,9.963632482723419
6/22/2018 15:00,4.643000126,4.643000126,9.963642030388309
6/22/2018 16:00,5.979000092,5.979000092,9.963683389787535
6/22/2018 17:00,4.361999989,4.361999989,9.963707839487583
6/22/2018 18:00,4.643000126,4.643000126,9.963702105772734
6/22/2018 19:00,5.839000225,5.839000225,9.96368414852679
6/22/2018 20:00,5.90899992,5.90899992,9.963674430838704
6/22/2018 21:00,5.979000092,5.979000092,9.963677568143801
6/22/2018 22:00,5.839000225,5.839000225,9.96368532481707
6/22/2018 23:00,5.839000225,5.839000225,9.963689148998284
6/23/2018 0:00,5.346000195,5.346000195,9.963687524377285
6/23/2018 1:00,5.416999817,5.416999817,9.963684190470506
6/23/2018 2:00,5.416999817,5.416999817,9.963682702893056
6/23/2018 3:00,5.768000126,5.768000126,9.963683513820078
6/23/2018 4:00,5.90899992,5.90899992,9.963684939829154
6/23/2018 5:00,6.261000156,6.261000156,9.96368551052659
6/23/2018 6:00,6.683000088,6.683000088,9.963685116342798
6/23/2018 7:00,6.472000122,6.472000122,9.963684509313799
6/23/2018 8:00,6.40199995,6.40199995,9.96368429406489
6/23/2018 9:00,6.964000225,6.964000225,9.963684481842945
6/23/2018 10:00,7.52699995,7.52699995,9.963684739014024
6/23/2018 11:00,7.737999916,7.737999916,9.963684818459983
6/23/2018 12:00,7.809000015,7.809000015,9.96368473043095
6/23/2018 13:00,7.668000221,7.668000221,9.963684622001395
6/23/2018 14:00,8.159999847,8.159999847,9.96368459351141
6/23/2018 15:00,7.809000015,7.809000015,9.96368463423933
6/23/2018 16:00,8.159999847,8.159999847,9.96368467973321
6/23/2018 17:00,7.809000015,7.809000015,9.96368468954259
6/23/2018 18:00,8.300999641,8.300999641,9.963684670907027
6/23/2018 19:00,8.020000458,8.020000458,9.963684651914479
6/23/2018 20:00,7.668000221,7.668000221,9.963684648742145
6/23/2018 21:00,7.386000156,7.386000156,9.963684657187972
6/23/2018 22:00,7.315999985,7.315999985,9.963684665075842
6/23/2018 23:00,7.175000191,7.175000191,9.963684665994183
6/24/2018 0:00,6.894000053,6.894000053,9.963684662198458
6/24/2018 1:00,6.612999916,6.612999916,9.963684658940268
6/24/2018 2:00,6.40199995,6.40199995,9.963684658734495
6/24/2018 3:00,6.541999817,6.541999817,9.963684660427617
6/24/2018 4:00,6.964000225,6.964000225,9.963684661765738
6/24/2018 5:00,6.894000053,6.894000053,9.963684661774373
6/24/2018 6:00,7.456999779,7.456999779,9.963684661024264
6/24/2018 7:00,7.456999779,7.456999779,9.96368466047808
6/24/2018 8:00,8.442000389,8.442000389,9.963684660507917
6/24/2018 9:00,7.948999882,7.948999882,9.963684660838167
6/24/2018 10:00,8.512000084,8.512000084,9.96368466105962
6/24/2018 11:00,9.00399971,9.00399971,9.963684661032763
6/24/2018 12:00,9.286000252,9.286000252,9.96368466088821
6/24/2018 13:00,9.215000153,9.215000153,9.963684660799077
6/24/2018 14:00,9.286000252,9.286000252,9.96368466081646
6/24/2018 15:00,9.355999947,9.355999947,9.963684660879386
6/24/2018 16:00,9.496999741,9.496999741,9.96368466091497
6/24/2018 17:00,9.215000153,9.215000153,9.96368466090508
6/24/2018 18:00,9.145000458,9.145000458,9.963684660877831
6/24/2018 19:00,9.074999809,9.074999809,9.963684660863757
6/24/2018 20:00,8.86400032,8.86400032,9.963684660869003
6/24/2018 21:00,8.37100029,8.37100029,9.963684660880743
6/24/2018 22:00,8.37100029,8.37100029,9.96368466088625
6/24/2018 23:00,8.512000084,8.512000084,9.963684660883589
6/25/2018 0:00,8.722999573,8.722999573,9.963684660878554
6/25/2018 1:00,9.00399971,9.00399971,9.963684660876426
6/25/2018 2:00,9.567000389,9.567000389,9.963684660877735
6/25/2018 3:00,9.567000389,9.567000389,9.963684660879883
6/25/2018 4:00,8.512000084,8.512000084,9.963684660880693
6/25/2018 5:00,8.652999878,8.652999878,9.963684660880064
6/25/2018 6:00,8.934000015,8.934000015,9.963684660879153
6/25/2018 7:00,9.567000389,9.567000389,9.963684660878851
6/25/2018 8:00,10.97399998,10.97399998,9.963684660879148
6/25/2018 9:00,11.46700001,11.46700001,9.963684660879533
6/25/2018 10:00,11.18500042,11.18500042,9.963684660879643
6/25/2018 11:00,10.69299984,10.69299984,9.963684660879505
6/25/2018 12:00,10.27099991,10.27099991,9.963684660879343
6/25/2018 13:00,10.62199974,10.62199974,9.963684660879304
6/25/2018 14:00,11.25599957,11.25599957,9.963684660879368
6/25/2018 15:00,11.60700035,11.60700035,9.963684660879435
6/25/2018 16:00,12.38099957,12.38099957,9.963684660879448
6/25/2018 17:00,11.46700001,11.46700001,9.96368466087942
6/25/2018 18:00,11.18500042,11.18500042,9.963684660879391
6/25/2018 19:00,10.55200005,10.55200005,9.963684660879387
6/25/2018 20:00,9.98900032,9.98900032,9.9636846608794
6/25/2018 21:00,9.98900032,9.98900032,9.963684660879412
6/25/2018 22:00,9.567000389,9.567000389,9.963684660879414
6/25/2018 23:00,9.425999641,9.425999641,9.963684660879409
6/26/2018 0:00,9.708000183,9.708000183,9.963684660879403
6/26/2018 1:00,9.637999535,9.637999535,9.963684660879403
6/26/2018 2:00,9.777999878,9.777999878,9.963684660879405
6/26/2018 3:00,9.567000389,9.567000389,9.963684660879407
6/26/2018 4:00,9.425999641,9.425999641,9.963684660879407
6/26/2018 5:00,9.286000252,9.286000252,9.963684660879405
6/26/2018 6:00,9.286000252,9.286000252,9.963684660879405
6/26/2018 7:00,9.637999535,9.637999535,9.963684660879405
6/26/2018 8:00,9.425999641,9.425999641,9.963684660879405
6/26/2018 9:00,9.074999809,9.074999809,9.963684660879405
6/26/2018 10:00,8.934000015,8.934000015,9.963684660879405
6/26/2018 11:00,9.215000153,9.215000153,9.963684660879405
6/26/2018 12:00,9.215000153,9.215000153,9.963684660879405
6/26/2018 13:00,9.425999641,9.425999641,9.963684660879405
6/26/2018 14:00,10.19999981,10.19999981,9.963684660879405
6/26/2018 15:00,10.90400028,10.90400028,9.963684660879405
6/26/2018 16:00,11.04399967,11.04399967,9.963684660879405
6/26/2018 17:00,10.27099991,10.27099991,9.963684660879405
6/26/2018 18:00,9.777999878,9.777999878,9.963684660879405
6/26/2018 19:00,9.567000389,9.567000389,9.963684660879405
