date,OT,actual,forecast
2/1/2018 16:00,3.799000025,3.799000025,3.938999891
2/1/2018 17:00,3.588000059,3.588000059,3.799000025
2/1/2018 18:00,3.799000025,3.799000025,3.588000059
2/1/2018 19:00,3.588000059,3.588000059,3.799000025
2/1/2018 20:00,3.305999994,3.305999994,3.588000059
2/1/2018 21:00,3.657999992,3.657999992,3.305999994
2/1/2018 22:00,4.290999889,4.290999889,3.657999992
2/1/2018 23:00,3.938999891,3.938999891,4.290999889
2/2/2018 0:00,3.799000025,3.799000025,3.938999891
2/2/2018 1:00,4.361999989,4.361999989,3.799000025
2/2/2018 2:00,4.643000126,4.643000126,4.361999989
2/2/2018 3:00,4.221000195,4.221000195,4.643000126
2/2/2018 4:00,4.079999924,4.079999924,4.221000195
2/2/2018 5:00,3.868999958,3.868999958,4.079999924
2/2/2018 6:00,3.938999891,3.938999891,3.868999958
2/2/2018 7:00,3.727999926,3.727999926,3.938999891
2/2/2018 8:00,3.868999958,3.868999958,3.727999926
2/2/2018 9:00,4.43200016,4.43200016,3.868999958
2/2/2018 10:00,3.377000093,3.377000093,4.43200016
2/2/2018 11:00,4.079999924,4.079999924,3.377000093
2/2/2018 12:00,3.588000059,3.588000059,4.079999924
2/2/2018 13:00,3.447000027,3.447000027,3.588000059
2/2/2018 14:00,3.305999994,3.305999994,3.447000027
2/2/2018 15:00,3.868999958,3.868999958,3.305999994
2/2/2018 16:00,3.305999994,3.305999994,3.868999958
2/2/2018 17:00,3.51699996,3.51699996,3.305999994
2/2/2018 18:00,2.321000099,2.321000099,3.51699996
2/2/2018 19:00,2.039999962,2.039999962,2.321000099
2/2/2018 20:00,1.899000049,1.899000049,2.039999962
2/2/2018 21:00,2.461999893,2.461999893,1.899000049
2/2/2018 22:00,2.532000065,2.532000065,2.461999893
2/2/2018 23:00,2.039999962,2.039999962,2.532000065
2/3/2018 0:00,2.039999962,2.039999962,2.039999962
2/3/2018 1:00,0.843999982,0.843999982,2.039999962
2/3/2018 2:00,0.703000009,0.703000009,0.843999982
2/3/2018 3:00,0.703000009,0.703000009,0.703000009
2/3/2018 4:00,1.337000012,1.337000012,0.703000009
2/3/2018 5:00,0.773999989,0.773999989,1.337000012
2/3/2018 6:00,0.0,0.0,0.773999989
2/3/2018 7:00,0.0,0.0,0.0
2/3/2018 8:00,0.0,0.0,0.0
2/3/2018 9:00,0.773999989,0.773999989,0.0
2/3/2018 10:00,1.406999946,1.406999946,0.773999989
2/3/2018 11:00,2.039999962,2.039999962,1.406999946
2/3/2018 12:00,1.266000032,1.266000032,2.039999962
2/3/2018 13:00,1.970000029,1.970000029,1.266000032
2/3/2018 14:00,3.447000027,3.447000027,1.970000029
2/3/2018 15:00,3.447000027,3.447000027,3.447000027
2/3/2018 16:00,3.657999992,3.657999992,3.447000027
2/3/2018 17:00,3.236000061,3.236000061,3.657999992
2/3/2018 18:00,2.461999893,2.461999893,3.236000061
2/3/2018 19:00,2.39199996,2.39199996,2.461999893
2/3/2018 20:00,1.687999964,1.687999964,2.39199996
2/3/2018 21:00,1.266000032,1.266000032,1.687999964
2/3/2018 22:00,2.180999994,2.180999994,1.266000032
2/3/2018 23:00,0.773999989,0.773999989,2.180999994
2/4/2018 0:00,1.899000049,1.899000049,0.773999989
2/4/2018 1:00,1.828999996,1.828999996,1.899000049
2/4/2018 2:00,2.250999928,2.250999928,1.828999996
2/4/2018 3:00,2.039999962,2.039999962,2.250999928
2/4/2018 4:00,2.180999994,2.180999994,2.039999962
2/4/2018 5:00,2.39199996,2.39199996,2.180999994
2/4/2018 6:00,1.687999964,1.687999964,2.39199996
2/4/2018 7:00,1.547999978,1.547999978,1.687999964
2/4/2018 8:00,1.899000049,1.899000049,1.547999978
2/4/2018 9:00,2.673000097,2.673000097,1.899000049
2/4/2018 10:00,2.884000063,2.884000063,2.673000097
2/4/2018 11:00,3.799000025,3.799000025,2.884000063
2/4/2018 12:00,2.954999924,2.954999924,3.799000025
2/4/2018 13:00,3.377000093,3.377000093,2.954999924
2/4/2018 14:00,4.43200016,4.43200016,3.377000093
2/4/2018 15:00,3.868999958,3.868999958,4.43200016
2/4/2018 16:00,4.150000095,4.150000095,3.868999958
2/4/2018 17:00,4.150000095,4.150000095,4.150000095
2/4/2018 18:00,3.236000061,3.236000061,4.150000095
2/4/2018 19:00,2.884000063,2.884000063,3.236000061
2/4/2018 20:00,2.461999893,2.461999893,2.884000063
2/4/2018 21:00,3.447000027,3.447000027,2.461999893
2/4/2018 22:00,4.079999924,4.079999924,3.447000027
2/4/2018 23:00,3.588000059,3.588000059,4.079999924
2/5/2018 0:00,4.290999889,4.290999889,3.588000059
2/5/2018 1:00,3.799000025,3.799000025,4.290999889
2/5/2018 2:00,3.165999889,3.165999889,3.799000025
2/5/2018 3:00,4.079999924,4.079999924,3.165999889
2/5/2018 4:00,3.095000029,3.095000029,4.079999924
2/5/2018 5:00,3.588000059,3.588000059,3.095000029
2/5/2018 6:00,2.884000063,2.884000063,3.588000059
2/5/2018 7:00,3.025000095,3.025000095,2.884000063
2/5/2018 8:00,3.588000059,3.588000059,3.025000095
2/5/2018 9:00,3.447000027,3.447000027,3.588000059
2/5/2018 10:00,2.884000063,2.884000063,3.447000027
2/5/2018 11:00,3.868999958,3.868999958,2.884000063
2/5/2018 12:00,2.884000063,2.884000063,3.868999958
2/5/2018 13:00,3.305999994,3.305999994,2.884000063
2/5/2018 14:00,4.501999855,4.501999855,3.305999994
2/5/2018 15:00,4.010000229,4.010000229,4.501999855
2/5/2018 16:00,4.079999924,4.079999924,4.010000229
2/5/2018 17:00,5.205999851,5.205999851,4.079999924
2/5/2018 18:00,4.290999889,4.290999889,5.205999851
2/5/2018 19:00,4.290999889,4.290999889,4.290999889
2/5/2018 20:00,3.938999891,3.938999891,4.290999889
2/5/2018 21:00,4.221000195,4.221000195,3.938999891
2/5/2018 22:00,4.290999889,4.290999889,4.221000195
2/5/2018 23:00,3.799000025,3.799000025,4.290999889
2/6/2018 0:00,3.938999891,3.938999891,3.799000025
2/6/2018 1:00,4.221000195,4.221000195,3.938999891
2/6/2018 2:00,3.799000025,3.799000025,4.221000195
2/6/2018 3:00,3.51699996,3.51699996,3.799000025
2/6/2018 4:00,4.290999889,4.290999889,3.51699996
2/6/2018 5:00,4.010000229,4.010000229,4.290999889
2/6/2018 6:00,4.010000229,4.010000229,4.010000229
2/6/2018 7:00,1.547999978,1.547999978,4.010000229
2/6/2018 8:00,1.19599998,1.19599998,1.547999978
2/6/2018 9:00,1.126000047,1.126000047,1.19599998
2/6/2018 10:00,1.476999998,1.476999998,1.126000047
2/6/2018 11:00,1.687999964,1.687999964,1.476999998
2/6/2018 12:00,1.758999944,1.758999944,1.687999964
2/6/2018 13:00,2.461999893,2.461999893,1.758999944
2/6/2018 14:00,4.501999855,4.501999855,2.461999893
2/6/2018 15:00,3.799000025,3.799000025,4.501999855
2/6/2018 16:00,2.673000097,2.673000097,3.799000025
2/6/2018 17:00,2.673000097,2.673000097,2.673000097
2/6/2018 18:00,2.602999926,2.602999926,2.673000097
2/6/2018 19:00,2.250999928,2.250999928,2.602999926
2/6/2018 20:00,2.180999994,2.180999994,2.250999928
2/6/2018 21:00,2.532000065,2.532000065,2.180999994
2/6/2018 22:00,2.602999926,2.602999926,2.532000065
2/6/2018 23:00,2.250999928,2.250999928,2.602999926
2/7/2018 0:00,1.828999996,1.828999996,2.250999928
2/7/2018 1:00,2.039999962,2.039999962,1.828999996
2/7/2018 2:00,1.970000029,1.970000029,2.039999962
2/7/2018 3:00,2.461999893,2.461999893,1.970000029
2/7/2018 4:00,2.250999928,2.250999928,2.461999893
2/7/2018 5:00,2.321000099,2.321000099,2.250999928
2/7/2018 6:00,2.461999893,2.461999893,2.321000099
2/7/2018 7:00,2.602999926,2.602999926,2.461999893
2/7/2018 8:00,2.884000063,2.884000063,2.602999926
2/7/2018 9:00,3.588000059,3.588000059,2.884000063
2/7/2018 10:00,4.150000095,4.150000095,3.588000059
2/7/2018 11:00,4.501999855,4.501999855,4.150000095
2/7/2018 12:00,4.010000229,4.010000229,4.501999855
2/7/2018 13:00,4.290999889,4.290999889,4.010000229
2/7/2018 14:00,4.572999954,4.572999954,4.290999889
2/7/2018 15:00,4.923999786,4.923999786,4.572999954
2/7/2018 16:00,4.643000126,4.643000126,4.923999786
2/7/2018 17:00,5.065000057,5.065000057,4.643000126
2/7/2018 18:00,4.994999886,4.994999886,5.065000057
2/7/2018 19:00,5.135000229,5.135000229,4.994999886
2/7/2018 20:00,5.135000229,5.135000229,5.135000229
2/7/2018 21:00,4.643000126,4.643000126,5.135000229
2/7/2018 22:00,4.643000126,4.643000126,4.643000126
2/7/2018 23:00,3.588000059,3.588000059,4.643000126
2/8/2018 0:00,1.899000049,1.899000049,3.588000059
2/8/2018 1:00,2.109999895,2.109999895,1.899000049
2/8/2018 2:00,4.150000095,4.150000095,2.109999895
2/8/2018 3:00,4.221000195,4.221000195,4.150000095
2/8/2018 4:00,3.727999926,3.727999926,4.221000195
2/8/2018 5:00,3.588000059,3.588000059,3.727999926
2/8/2018 6:00,3.727999926,3.727999926,3.588000059
2/8/2018 7:00,3.165999889,3.165999889,3.727999926
2/8/2018 8:00,3.025000095,3.025000095,3.165999889
2/8/2018 9:00,2.180999994,2.180999994,3.025000095
2/8/2018 10:00,2.532000065,2.532000065,2.180999994
2/8/2018 11:00,2.884000063,2.884000063,2.532000065
2/8/2018 12:00,3.025000095,3.025000095,2.884000063
2/8/2018 13:00,2.884000063,2.884000063,3.025000095
2/8/2018 14:00,3.938999891,3.938999891,2.884000063
2/8/2018 15:00,3.588000059,3.588000059,3.938999891
2/8/2018 16:00,3.447000027,3.447000027,3.588000059
2/8/2018 17:00,3.868999958,3.868999958,3.447000027
2/8/2018 18:00,3.377000093,3.377000093,3.868999958
2/8/2018 19:00,2.813999891,2.813999891,3.377000093
2/8/2018 20:00,2.743999958,2.743999958,2.813999891
2/8/2018 21:00,2.884000063,2.884000063,2.743999958
2/8/2018 22:00,2.813999891,2.813999891,2.884000063
2/8/2018 23:00,2.602999926,2.602999926,2.813999891
2/9/2018 0:00,2.813999891,2.813999891,2.602999926
2/9/2018 1:00,2.602999926,2.602999926,2.813999891
2/9/2018 2:00,2.954999924,2.954999924,2.602999926
2/9/2018 3:00,2.884000063,2.884000063,2.954999924
2/9/2018 4:00,3.377000093,3.377000093,2.884000063
2/9/2018 5:00,3.305999994,3.305999994,3.377000093
2/9/2018 6:00,3.305999994,3.305999994,3.305999994
2/9/2018 7:00,3.305999994,3.305999994,3.305999994
2/9/2018 8:00,3.377000093,3.377000093,3.305999994
2/9/2018 9:00,3.588000059,3.588000059,3.377000093
2/9/2018 10:00,3.727999926,3.727999926,3.588000059
2/9/2018 11:00,4.643000126,4.643000126,3.727999926
2/9/2018 12:00,5.697999954,5.697999954,4.643000126
2/9/2018 13:00,5.486999989,5.486999989,5.697999954
2/9/2018 14:00,5.768000126,5.768000126,5.486999989
2/9/2018 15:00,5.768000126,5.768000126,5.768000126
2/9/2018 16:00,5.768000126,5.768000126,5.768000126
2/9/2018 17:00,5.768000126,5.768000126,5.768000126
2/9/2018 18:00,5.627999783,5.627999783,5.768000126
2/9/2018 19:00,5.346000195,5.346000195,5.627999783
2/9/2018 20:00,5.839000225,5.839000225,5.346000195
2/9/2018 21:00,5.697999954,5.697999954,5.839000225
2/9/2018 22:00,5.416999817,5.416999817,5.697999954
2/9/2018 23:00,5.768000126,5.768000126,5.416999817
2/10/2018 0:00,5.839000225,5.839000225,5.768000126
2/10/2018 1:00,5.90899992,5.90899992,5.839000225
2/10/2018 2:00,6.190999985,6.190999985,5.90899992
2/10/2018 3:00,5.697999954,5.697999954,6.190999985
2/10/2018 4:00,4.712999821,4.712999821,5.697999954
2/10/2018 5:00,4.643000126,4.643000126,4.712999821
2/10/2018 6:00,3.095000029,3.095000029,4.643000126
2/10/2018 7:00,2.813999891,2.813999891,3.095000029
2/10/2018 8:00,3.447000027,3.447000027,2.813999891
2/10/2018 9:00,2.321000099,2.321000099,3.447000027
2/10/2018 10:00,1.899000049,1.899000049,2.321000099
2/10/2018 11:00,2.250999928,2.250999928,1.899000049
2/10/2018 12:00,3.025000095,3.025000095,2.250999928
2/10/2018 13:00,3.025000095,3.025000095,3.025000095
2/10/2018 14:00,3.938999891,3.938999891,3.025000095
2/10/2018 15:00,3.236000061,3.236000061,3.938999891
2/10/2018 16:00,3.727999926,3.727999926,3.236000061
2/10/2018 17:00,4.150000095,4.150000095,3.727999926
2/10/2018 18:00,4.221000195,4.221000195,4.150000095
2/10/2018 19:00,3.727999926,3.727999926,4.221000195
2/10/2018 20:00,3.799000025,3.799000025,3.727999926
2/10/2018 21:00,3.868999958,3.868999958,3.799000025
2/10/2018 22:00,3.095000029,3.095000029,3.868999958
2/10/2018 23:00,1.337000012,1.337000012,3.095000029
2/11/2018 0:00,2.532000065,2.532000065,1.337000012
2/11/2018 1:00,3.095000029,3.095000029,2.532000065
2/11/2018 2:00,4.290999889,4.290999889,3.095000029
2/11/2018 3:00,3.938999891,3.938999891,4.290999889
2/11/2018 4:00,3.868999958,3.868999958,3.938999891
2/11/2018 5:00,3.657999992,3.657999992,3.868999958
2/11/2018 6:00,2.673000097,2.673000097,3.657999992
2/11/2018 7:00,3.095000029,3.095000029,2.673000097
2/11/2018 8:00,4.079999924,4.079999924,3.095000029
2/11/2018 9:00,3.377000093,3.377000093,4.079999924
2/11/2018 10:00,2.813999891,2.813999891,3.377000093
2/11/2018 11:00,3.377000093,3.377000093,2.813999891
2/11/2018 12:00,2.954999924,2.954999924,3.377000093
2/11/2018 13:00,2.743999958,2.743999958,2.954999924
2/11/2018 14:00,3.447000027,3.447000027,2.743999958
2/11/2018 15:00,3.095000029,3.095000029,3.447000027
2/11/2018 16:00,3.095000029,3.095000029,3.095000029
2/11/2018 17:00,2.461999893,2.461999893,3.095000029
2/11/2018 18:00,1.970000029,1.970000029,2.461999893
2/11/2018 19:00,3.095000029,3.095000029,1.970000029
2/11/2018 20:00,1.899000049,1.899000049,3.095000029
2/11/2018 21:00,2.743999958,2.743999958,1.899000049
2/11/2018 22:00,3.657999992,3.657999992,2.743999958
2/11/2018 23:00,3.165999889,3.165999889,3.657999992
2/12/2018 0:00,3.095000029,3.095000029,3.165999889
2/12/2018 1:00,3.095000029,3.095000029,3.095000029
2/12/2018 2:00,2.743999958,2.743999958,3.095000029
2/12/2018 3:00,2.743999958,2.743999958,2.743999958
2/12/2018 4:00,2.884000063,2.884000063,2.743999958
2/12/2018 5:00,2.884000063,2.884000063,2.884000063
2/12/2018 6:00,2.673000097,2.673000097,2.884000063
2/12/2018 7:00,2.532000065,2.532000065,2.673000097
2/12/2018 8:00,1.618000031,1.618000031,2.532000065
2/12/2018 9:00,1.758999944,1.758999944,1.618000031
2/12/2018 10:00,1.054999948,1.054999948,1.758999944
2/12/2018 11:00,1.618000031,1.618000031,1.054999948
2/12/2018 12:00,1.337000012,1.337000012,1.618000031
2/12/2018 13:00,1.899000049,1.899000049,1.337000012
2/12/2018 14:00,3.236000061,3.236000061,1.899000049
2/12/2018 15:00,2.602999926,2.602999926,3.236000061
2/12/2018 16:00,2.532000065,2.532000065,2.602999926
2/12/2018 17:00,2.180999994,2.180999994,2.532000065
2/12/2018 18:00,2.532000065,2.532000065,2.180999994
2/12/2018 19:00,3.095000029,3.095000029,2.532000065
2/12/2018 20:00,3.51699996,3.51699996,3.095000029
2/12/2018 21:00,3.799000025,3.799000025,3.51699996
2/12/2018 22:00,3.799000025,3.799000025,3.799000025
2/12/2018 23:00,4.150000095,4.150000095,3.799000025
2/13/2018 0:00,4.290999889,4.290999889,4.150000095
2/13/2018 1:00,4.290999889,4.290999889,4.290999889
2/13/2018 2:00,4.079999924,4.079999924,4.290999889
2/13/2018 3:00,3.305999994,3.305999994,4.079999924
2/13/2018 4:00,3.799000025,3.799000025,3.305999994
2/13/2018 5:00,3.447000027,3.447000027,3.799000025
2/13/2018 6:00,3.588000059,3.588000059,3.447000027
2/13/2018 7:00,3.305999994,3.305999994,3.588000059
2/13/2018 8:00,3.588000059,3.588000059,3.305999994
2/13/2018 9:00,4.079999924,4.079999924,3.588000059
2/13/2018 10:00,4.923999786,4.923999786,4.079999924
2/13/2018 11:00,5.697999954,5.697999954,4.923999786
2/13/2018 12:00,4.994999886,4.994999886,5.697999954
2/13/2018 13:00,4.994999886,4.994999886,4.994999886
2/13/2018 14:00,5.768000126,5.768000126,4.994999886
2/13/2018 15:00,6.190999985,6.190999985,5.768000126
2/13/2018 16:00,6.330999851,6.330999851,6.190999985
2/13/2018 17:00,6.050000191,6.050000191,6.330999851
2/13/2018 18:00,6.612999916,6.612999916,6.050000191
2/13/2018 19:00,6.050000191,6.050000191,6.612999916
2/13/2018 20:00,5.697999954,5.697999954,6.050000191
2/13/2018 21:00,6.119999886,6.119999886,5.697999954
2/13/2018 22:00,6.050000191,6.050000191,6.119999886
2/13/2018 23:00,6.472000122,6.472000122,6.050000191
2/14/2018 0:00,6.40199995,6.40199995,6.472000122
2/14/2018 1:00,6.472000122,6.472000122,6.40199995
2/14/2018 2:00,5.55700016,5.55700016,6.472000122
2/14/2018 3:00,6.40199995,6.40199995,5.55700016
2/14/2018 4:00,6.261000156,6.261000156,6.40199995
2/14/2018 5:00,5.55700016,5.55700016,6.261000156
2/14/2018 6:00,5.627999783,5.627999783,5.55700016
2/14/2018 7:00,4.923999786,4.923999786,5.627999783
2/14/2018 8:00,5.90899992,5.90899992,4.923999786
2/14/2018 9:00,6.472000122,6.472000122,5.90899992
2/14/2018 10:00,6.752999783,6.752999783,6.472000122
2/14/2018 11:00,6.964000225,6.964000225,6.752999783
2/14/2018 12:00,6.752999783,6.752999783,6.964000225
2/14/2018 13:00,7.668000221,7.668000221,6.752999783
2/14/2018 14:00,7.386000156,7.386000156,7.668000221
2/14/2018 15:00,7.456999779,7.456999779,7.386000156
2/14/2018 16:00,7.456999779,7.456999779,7.456999779
2/14/2018 17:00,7.456999779,7.456999779,7.456999779
2/14/2018 18:00,6.40199995,6.40199995,7.456999779
2/14/2018 19:00,7.105000019,7.105000019,6.40199995
2/14/2018 20:00,7.315999985,7.315999985,7.105000019
2/14/2018 21:00,7.315999985,7.315999985,7.315999985
2/14/2018 22:00,7.175000191,7.175000191,7.315999985
2/14/2018 23:00,6.683000088,6.683000088,7.175000191
2/15/2018 0:00,7.386000156,7.386000156,6.683000088
2/15/2018 1:00,5.90899992,5.90899992,7.386000156
2/15/2018 2:00,3.799000025,3.799000025,5.90899992
2/15/2018 3:00,3.727999926,3.727999926,3.799000025
2/15/2018 4:00,3.236000061,3.236000061,3.727999926
2/15/2018 5:00,3.588000059,3.588000059,3.236000061
2/15/2018 6:00,3.447000027,3.447000027,3.588000059
2/15/2018 7:00,3.236000061,3.236000061,3.447000027
2/15/2018 8:00,2.884000063,2.884000063,3.236000061
2/15/2018 9:00,2.884000063,2.884000063,2.884000063
2/15/2018 10:00,2.884000063,2.884000063,2.884000063
2/15/2018 11:00,2.813999891,2.813999891,2.884000063
2/15/2018 12:00,2.813999891,2.813999891,2.813999891
2/15/2018 13:00,3.095000029,3.095000029,2.813999891
2/15/2018 14:00,3.095000029,3.095000029,3.095000029
2/15/2018 15:00,3.165999889,3.165999889,3.095000029
2/15/2018 16:00,3.657999992,3.657999992,3.165999889
2/15/2018 17:00,3.236000061,3.236000061,3.657999992
2/15/2018 18:00,2.602999926,2.602999926,3.236000061
2/15/2018 19:00,2.532000065,2.532000065,2.602999926
2/15/2018 20:00,3.025000095,3.025000095,2.532000065
2/15/2018 21:00,3.236000061,3.236000061,3.025000095
2/15/2018 22:00,3.447000027,3.447000027,3.236000061
2/15/2018 23:00,3.305999994,3.305999994,3.447000027
2/16/2018 0:00,3.025000095,3.025000095,3.305999994
2/16/2018 1:00,3.447000027,3.447000027,3.025000095
2/16/2018 2:00,3.305999994,3.305999994,3.447000027
2/16/2018 3:00,3.657999992,3.657999992,3.305999994
2/16/2018 4:00,3.447000027,3.447000027,3.657999992
2/16/2018 5:00,3.305999994,3.305999994,3.447000027
2/16/2018 6:00,3.799000025,3.799000025,3.305999994
2/16/2018 7:00,4.150000095,4.150000095,3.799000025
2/16/2018 8:00,3.095000029,3.095000029,4.150000095
2/16/2018 9:00,3.51699996,3.51699996,3.095000029
2/16/2018 10:00,3.377000093,3.377000093,3.51699996
2/16/2018 11:00,4.43200016,4.43200016,3.377000093
2/16/2018 12:00,5.135000229,5.135000229,4.43200016
2/16/2018 13:00,5.416999817,5.416999817,5.135000229
2/16/2018 14:00,5.697999954,5.697999954,5.416999817
2/16/2018 15:00,5.697999954,5.697999954,5.697999954
2/16/2018 16:00,5.55700016,5.55700016,5.697999954
2/16/2018 17:00,5.205999851,5.205999851,5.55700016
2/16/2018 18:00,5.416999817,5.416999817,5.205999851
2/16/2018 19:00,5.135000229,5.135000229,5.416999817
2/16/2018 20:00,4.923999786,4.923999786,5.135000229
2/16/2018 21:00,4.994999886,4.994999886,4.923999786
2/16/2018 22:00,4.923999786,4.923999786,4.994999886
2/16/2018 23:00,5.135000229,5.135000229,4.923999786
2/17/2018 0:00,4.572999954,4.572999954,5.135000229
2/17/2018 1:00,4.010000229,4.010000229,4.572999954
2/17/2018 2:00,4.150000095,4.150000095,4.010000229
2/17/2018 3:00,4.994999886,4.994999886,4.150000095
2/17/2018 4:00,4.361999989,4.361999989,4.994999886
2/17/2018 5:00,4.221000195,4.221000195,4.361999989
2/17/2018 6:00,3.377000093,3.377000093,4.221000195
2/17/2018 7:00,2.039999962,2.039999962,3.377000093
2/17/2018 8:00,2.250999928,2.250999928,2.039999962
2/17/2018 9:00,1.828999996,1.828999996,2.250999928
2/17/2018 10:00,2.180999994,2.180999994,1.828999996
2/17/2018 11:00,2.954999924,2.954999924,2.180999994
2/17/2018 12:00,2.884000063,2.884000063,2.954999924
2/17/2018 13:00,3.377000093,3.377000093,2.884000063
2/17/2018 14:00,4.290999889,4.290999889,3.377000093
2/17/2018 15:00,4.221000195,4.221000195,4.290999889
2/17/2018 16:00,4.150000095,4.150000095,4.221000195
2/17/2018 17:00,3.236000061,3.236000061,4.150000095
2/17/2018 18:00,2.743999958,2.743999958,3.236000061
2/17/2018 19:00,2.602999926,2.602999926,2.743999958
2/17/2018 20:00,2.602999926,2.602999926,2.602999926
2/17/2018 21:00,2.532000065,2.532000065,2.602999926
2/17/2018 22:00,2.461999893,2.461999893,2.532000065
2/17/2018 23:00,2.39199996,2.39199996,2.461999893
2/18/2018 0:00,2.109999895,2.109999895,2.39199996
2/18/2018 1:00,2.180999994,2.180999994,2.109999895
2/18/2018 2:00,2.250999928,2.250999928,2.180999994
2/18/2018 3:00,2.532000065,2.532000065,2.250999928
2/18/2018 4:00,3.095000029,3.095000029,2.532000065
2/18/2018 5:00,3.799000025,3.799000025,3.095000029
2/18/2018 6:00,2.250999928,2.250999928,3.799000025
2/18/2018 7:00,4.150000095,4.150000095,2.250999928
2/18/2018 8:00,4.290999889,4.290999889,4.150000095
2/18/2018 9:00,4.854000092,4.854000092,4.290999889
2/18/2018 10:00,5.065000057,5.065000057,4.854000092
2/18/2018 11:00,4.994999886,4.994999886,5.065000057
2/18/2018 12:00,4.643000126,4.643000126,4.994999886
2/18/2018 13:00,4.501999855,4.501999855,4.643000126
2/18/2018 14:00,2.743999958,2.743999958,4.501999855
2/18/2018 15:00,2.39199996,2.39199996,2.743999958
2/18/2018 16:00,3.025000095,3.025000095,2.39199996
2/18/2018 17:00,1.547999978,1.547999978,3.025000095
2/18/2018 18:00,2.039999962,2.039999962,1.547999978
2/18/2018 19:00,2.673000097,2.673000097,2.039999962
2/18/2018 20:00,2.602999926,2.602999926,2.673000097
2/18/2018 21:00,2.250999928,2.250999928,2.602999926
2/18/2018 22:00,2.039999962,2.039999962,2.250999928
2/18/2018 23:00,1.337000012,1.337000012,2.039999962
2/19/2018 0:00,2.039999962,2.039999962,1.337000012
2/19/2018 1:00,2.321000099,2.321000099,2.039999962
2/19/2018 2:00,2.954999924,2.954999924,2.321000099
2/19/2018 3:00,3.727999926,3.727999926,2.954999924
2/19/2018 4:00,3.236000061,3.236000061,3.727999926
2/19/2018 5:00,2.954999924,2.954999924,3.236000061
2/19/2018 6:00,3.095000029,3.095000029,2.954999924
2/19/2018 7:00,2.39199996,2.39199996,3.095000029
2/19/2018 8:00,2.39199996,2.39199996,2.39199996
2/19/2018 9:00,1.547999978,1.547999978,2.39199996
2/19/2018 10:00,0.563000023,0.563000023,1.547999978
2/19/2018 11:00,0.773999989,0.773999989,0.563000023
2/19/2018 12:00,2.39199996,2.39199996,0.773999989
2/19/2018 13:00,2.109999895,2.109999895,2.39199996
2/19/2018 14:00,2.954999924,2.954999924,2.109999895
2/19/2018 15:00,2.954999924,2.954999924,2.954999924
2/19/2018 16:00,2.884000063,2.884000063,2.954999924
2/19/2018 17:00,3.025000095,3.025000095,2.884000063
2/19/2018 18:00,3.025000095,3.025000095,3.025000095
2/19/2018 19:00,3.51699996,3.51699996,3.025000095
2/19/2018 20:00,3.305999994,3.305999994,3.51699996
2/19/2018 21:00,3.657999992,3.657999992,3.305999994
2/19/2018 22:00,3.447000027,3.447000027,3.657999992
2/19/2018 23:00,3.727999926,3.727999926,3.447000027
2/20/2018 0:00,3.799000025,3.799000025,3.727999926
2/20/2018 1:00,4.079999924,4.079999924,3.799000025
2/20/2018 2:00,3.447000027,3.447000027,4.079999924
2/20/2018 3:00,3.657999992,3.657999992,3.447000027
2/20/2018 4:00,3.236000061,3.236000061,3.657999992
2/20/2018 5:00,3.51699996,3.51699996,3.236000061
2/20/2018 6:00,2.813999891,2.813999891,3.51699996
2/20/2018 7:00,2.461999893,2.461999893,2.813999891
2/20/2018 8:00,2.673000097,2.673000097,2.461999893
2/20/2018 9:00,2.673000097,2.673000097,2.673000097
2/20/2018 10:00,1.970000029,1.970000029,2.673000097
2/20/2018 11:00,0.703000009,0.703000009,1.970000029
2/20/2018 12:00,0.0,0.0,0.703000009
2/20/2018 13:00,0.0,0.0,0.0
2/20/2018 14:00,0.0,0.0,0.0
2/20/2018 15:00,0.633000016,0.633000016,0.0
2/20/2018 16:00,0.0,0.0,0.633000016
2/20/2018 17:00,0.0,0.0,0.0
2/20/2018 18:00,0.0,0.0,0.0
2/20/2018 19:00,0.0,0.0,0.0
2/20/2018 20:00,0.0,0.0,0.0
2/20/2018 21:00,1.899000049,1.899000049,0.0
2/20/2018 22:00,2.180999994,2.180999994,1.899000049
2/20/2018 23:00,2.321000099,2.321000099,2.180999994
2/21/2018 0:00,2.532000065,2.532000065,2.321000099
2/21/2018 1:00,2.461999893,2.461999893,2.532000065
2/21/2018 2:00,2.813999891,2.813999891,2.461999893
2/21/2018 3:00,2.461999893,2.461999893,2.813999891
2/21/2018 4:00,2.602999926,2.602999926,2.461999893
2/21/2018 5:00,2.532000065,2.532000065,2.602999926
2/21/2018 6:00,2.461999893,2.461999893,2.532000065
2/21/2018 7:00,2.673000097,2.673000097,2.461999893
2/21/2018 8:00,2.813999891,2.813999891,2.673000097
2/21/2018 9:00,2.743999958,2.743999958,2.813999891
2/21/2018 10:00,2.743999958,2.743999958,2.743999958
2/21/2018 11:00,2.884000063,2.884000063,2.743999958
2/21/2018 12:00,2.602999926,2.602999926,2.884000063
2/21/2018 13:00,2.743999958,2.743999958,2.602999926
2/21/2018 14:00,2.532000065,2.532000065,2.743999958
2/21/2018 15:00,2.954999924,2.954999924,2.532000065
2/21/2018 16:00,2.884000063,2.884000063,2.954999924
2/21/2018 17:00,3.165999889,3.165999889,2.884000063
2/21/2018 18:00,3.236000061,3.236000061,3.165999889
2/21/2018 19:00,3.868999958,3.868999958,3.236000061
2/21/2018 20:00,4.221000195,4.221000195,3.868999958
2/21/2018 21:00,5.346000195,5.346000195,4.221000195
2/21/2018 22:00,5.346000195,5.346000195,5.346000195
2/21/2018 23:00,5.205999851,5.205999851,5.346000195
2/22/2018 0:00,5.205999851,5.205999851,5.205999851
2/22/2018 1:00,5.486999989,5.486999989,5.205999851
2/22/2018 2:00,5.205999851,5.205999851,5.486999989
2/22/2018 3:00,4.854000092,4.854000092,5.205999851
2/22/2018 4:00,4.923999786,4.923999786,4.854000092
2/22/2018 5:00,4.994999886,4.994999886,4.923999786
2/22/2018 6:00,4.78399992,4.78399992,4.994999886
2/22/2018 7:00,4.78399992,4.78399992,4.78399992
2/22/2018 8:00,5.205999851,5.205999851,4.78399992
2/22/2018 9:00,5.276000023,5.276000023,5.205999851
2/22/2018 10:00,4.643000126,4.643000126,5.276000023
2/22/2018 11:00,5.346000195,5.346000195,4.643000126
2/22/2018 12:00,4.923999786,4.923999786,5.346000195
2/22/2018 13:00,4.361999989,4.361999989,4.923999786
2/22/2018 14:00,5.55700016,5.55700016,4.361999989
2/22/2018 15:00,4.78399992,4.78399992,5.55700016
2/22/2018 16:00,4.43200016,4.43200016,4.78399992
2/22/2018 17:00,4.43200016,4.43200016,4.43200016
2/22/2018 18:00,5.55700016,5.55700016,4.43200016
2/22/2018 19:00,4.643000126,4.643000126,5.55700016
2/22/2018 20:00,4.854000092,4.854000092,4.643000126
2/22/2018 21:00,5.416999817,5.416999817,4.854000092
2/22/2018 22:00,5.276000023,5.276000023,5.416999817
2/22/2018 23:00,5.697999954,5.697999954,5.276000023
2/23/2018 0:00,5.697999954,5.697999954,5.697999954
2/23/2018 1:00,4.994999886,4.994999886,5.697999954
2/23/2018 2:00,4.994999886,4.994999886,4.994999886
2/23/2018 3:00,5.276000023,5.276000023,4.994999886
2/23/2018 4:00,4.501999855,4.501999855,5.276000023
2/23/2018 5:00,4.501999855,4.501999855,4.501999855
2/23/2018 6:00,4.221000195,4.221000195,4.501999855
2/23/2018 7:00,3.938999891,3.938999891,4.221000195
2/23/2018 8:00,4.854000092,4.854000092,3.938999891
2/23/2018 9:00,4.643000126,4.643000126,4.854000092
2/23/2018 10:00,5.839000225,5.839000225,4.643000126
2/23/2018 11:00,5.768000126,5.768000126,5.839000225
2/23/2018 12:00,5.627999783,5.627999783,5.768000126
2/23/2018 13:00,4.854000092,4.854000092,5.627999783
2/23/2018 14:00,8.37100029,8.37100029,4.854000092
2/23/2018 15:00,6.894000053,6.894000053,8.37100029
2/23/2018 16:00,7.386000156,7.386000156,6.894000053
2/23/2018 17:00,7.105000019,7.105000019,7.386000156
2/23/2018 18:00,7.737999916,7.737999916,7.105000019
2/23/2018 19:00,6.894000053,6.894000053,7.737999916
2/23/2018 20:00,6.119999886,6.119999886,6.894000053
2/23/2018 21:00,5.768000126,5.768000126,6.119999886
2/23/2018 22:00,5.346000195,5.346000195,5.768000126
2/23/2018 23:00,5.135000229,5.135000229,5.346000195
2/24/2018 0:00,5.486999989,5.486999989,5.135000229
2/24/2018 1:00,4.994999886,4.994999886,5.486999989
2/24/2018 2:00,5.065000057,5.065000057,4.994999886
2/24/2018 3:00,4.923999786,4.923999786,5.065000057
2/24/2018 4:00,4.854000092,4.854000092,4.923999786
2/24/2018 5:00,4.854000092,4.854000092,4.854000092
2/24/2018 6:00,5.416999817,5.416999817,4.854000092
2/24/2018 7:00,4.361999989,4.361999989,5.416999817
2/24/2018 8:00,5.135000229,5.135000229,4.361999989
2/24/2018 9:00,5.346000195,5.346000195,5.135000229
2/24/2018 10:00,6.330999851,6.330999851,5.346000195
2/24/2018 11:00,5.205999851,5.205999851,6.330999851
2/24/2018 12:00,4.572999954,4.572999954,5.205999851
2/24/2018 13:00,4.361999989,4.361999989,4.572999954
2/24/2018 14:00,4.994999886,4.994999886,4.361999989
2/24/2018 15:00,4.994999886,4.994999886,4.994999886
2/24/2018 16:00,4.43200016,4.43200016,4.994999886
2/24/2018 17:00,4.78399992,4.78399992,4.43200016
2/24/2018 18:00,5.979000092,5.979000092,4.78399992
2/24/2018 19:00,5.768000126,5.768000126,5.979000092
2/24/2018 20:00,5.627999783,5.627999783,5.768000126
2/24/2018 21:00,5.486999989,5.486999989,5.627999783
2/24/2018 22:00,4.361999989,4.361999989,5.486999989
2/24/2018 23:00,4.643000126,4.643000126,4.361999989
2/25/2018 0:00,3.868999958,3.868999958,4.643000126
2/25/2018 1:00,3.868999958,3.868999958,3.868999958
2/25/2018 2:00,3.305999994,3.305999994,3.868999958
2/25/2018 3:00,3.447000027,3.447000027,3.305999994
2/25/2018 4:00,3.305999994,3.305999994,3.447000027
2/25/2018 5:00,2.743999958,2.743999958,3.305999994
2/25/2018 6:00,3.165999889,3.165999889,2.743999958
2/25/2018 7:00,4.079999924,4.079999924,3.165999889
2/25/2018 8:00,3.657999992,3.657999992,4.079999924
2/25/2018 9:00,2.813999891,2.813999891,3.657999992
2/25/2018 10:00,3.305999994,3.305999994,2.813999891
2/25/2018 11:00,4.43200016,4.43200016,3.305999994
2/25/2018 12:00,5.205999851,5.205999851,4.43200016
2/25/2018 13:00,4.994999886,4.994999886,5.205999851
2/25/2018 14:00,5.276000023,5.276000023,4.994999886
2/25/2018 15:00,5.205999851,5.205999851,5.276000023
2/25/2018 16:00,4.854000092,4.854000092,5.205999851
2/25/2018 17:00,5.55700016,5.55700016,4.854000092
2/25/2018 18:00,5.979000092,5.979000092,5.55700016
2/25/2018 19:00,4.994999886,4.994999886,5.979000092
2/25/2018 20:00,5.346000195,5.346000195,4.994999886
2/25/2018 21:00,5.205999851,5.205999851,5.346000195
2/25/2018 22:00,5.135000229,5.135000229,5.205999851
2/25/2018 23:00,4.923999786,4.923999786,5.135000229
2/26/2018 0:00,5.135000229,5.135000229,4.923999786
2/26/2018 1:00,4.643000126,4.643000126,5.135000229
2/26/2018 2:00,4.501999855,4.501999855,4.643000126
2/26/2018 3:00,4.572999954,4.572999954,4.501999855
2/26/2018 4:00,4.643000126,4.643000126,4.572999954
2/26/2018 5:00,4.501999855,4.501999855,4.643000126
2/26/2018 6:00,4.150000095,4.150000095,4.501999855
2/26/2018 7:00,4.572999954,4.572999954,4.150000095
2/26/2018 8:00,4.712999821,4.712999821,4.572999954
2/26/2018 9:00,5.346000195,5.346000195,4.712999821
2/26/2018 10:00,6.190999985,6.190999985,5.346000195
2/26/2018 11:00,6.330999851,6.330999851,6.190999985
2/26/2018 12:00,5.979000092,5.979000092,6.330999851
2/26/2018 13:00,6.752999783,6.752999783,5.979000092
2/26/2018 14:00,7.809000015,7.809000015,6.752999783
2/26/2018 15:00,8.159999847,8.159999847,7.809000015
2/26/2018 16:00,8.230999947,8.230999947,8.159999847
2/26/2018 17:00,8.37100029,8.37100029,8.230999947
2/26/2018 18:00,8.159999847,8.159999847,8.37100029
2/26/2018 19:00,7.315999985,7.315999985,8.159999847
2/26/2018 20:00,6.40199995,6.40199995,7.315999985
2/26/2018 21:00,6.119999886,6.119999886,6.40199995
2/26/2018 22:00,5.768000126,5.768000126,6.119999886
2/26/2018 23:00,5.839000225,5.839000225,5.768000126
2/27/2018 0:00,5.697999954,5.697999954,5.839000225
2/27/2018 1:00,5.416999817,5.416999817,5.697999954
2/27/2018 2:00,5.768000126,5.768000126,5.416999817
2/27/2018 3:00,5.346000195,5.346000195,5.768000126
2/27/2018 4:00,5.627999783,5.627999783,5.346000195
2/27/2018 5:00,4.994999886,4.994999886,5.627999783
2/27/2018 6:00,5.205999851,5.205999851,4.994999886
2/27/2018 7:00,5.135000229,5.135000229,5.205999851
2/27/2018 8:00,5.55700016,5.55700016,5.135000229
2/27/2018 9:00,5.135000229,5.135000229,5.55700016
2/27/2018 10:00,5.346000195,5.346000195,5.135000229
2/27/2018 11:00,5.346000195,5.346000195,5.346000195
2/27/2018 12:00,6.330999851,6.330999851,5.346000195
2/27/2018 13:00,7.456999779,7.456999779,6.330999851
2/27/2018 14:00,7.245999813,7.245999813,7.456999779
2/27/2018 15:00,7.315999985,7.315999985,7.245999813
2/27/2018 16:00,7.668000221,7.668000221,7.315999985
2/27/2018 17:00,7.315999985,7.315999985,7.668000221
2/27/2018 18:00,5.697999954,5.697999954,7.315999985
2/27/2018 19:00,4.854000092,4.854000092,5.697999954
2/27/2018 20:00,3.165999889,3.165999889,4.854000092
2/27/2018 21:00,1.828999996,1.828999996,3.165999889
2/27/2018 22:00,1.476999998,1.476999998,1.828999996
2/27/2018 23:00,2.39199996,2.39199996,1.476999998
2/28/2018 0:00,2.39199996,2.39199996,2.39199996
2/28/2018 1:00,2.884000063,2.884000063,2.39199996
2/28/2018 2:00,3.588000059,3.588000059,2.884000063
2/28/2018 3:00,3.377000093,3.377000093,3.588000059
2/28/2018 4:00,2.743999958,2.743999958,3.377000093
2/28/2018 5:00,3.165999889,3.165999889,2.743999958
2/28/2018 6:00,3.095000029,3.095000029,3.165999889
2/28/2018 7:00,3.025000095,3.025000095,3.095000029
2/28/2018 8:00,2.109999895,2.109999895,3.025000095
2/28/2018 9:00,1.266000032,1.266000032,2.109999895
2/28/2018 10:00,2.039999962,2.039999962,1.266000032
2/28/2018 11:00,1.970000029,1.970000029,2.039999962
2/28/2018 12:00,2.743999958,2.743999958,1.970000029
2/28/2018 13:00,3.025000095,3.025000095,2.743999958
2/28/2018 14:00,3.025000095,3.025000095,3.025000095
2/28/2018 15:00,3.868999958,3.868999958,3.025000095
2/28/2018 16:00,4.501999855,4.501999855,3.868999958
2/28/2018 17:00,5.205999851,5.205999851,4.501999855
2/28/2018 18:00,5.839000225,5.839000225,5.205999851
2/28/2018 19:00,5.768000126,5.768000126,5.839000225
2/28/2018 20:00,5.276000023,5.276000023,5.768000126
2/28/2018 21:00,4.994999886,4.994999886,5.276000023
2/28/2018 22:00,5.697999954,5.697999954,4.994999886
2/28/2018 23:00,5.979000092,5.979000092,5.697999954
3/1/2018 0:00,5.486999989,5.486999989,5.979000092
3/1/2018 1:00,5.346000195,5.346000195,5.486999989
3/1/2018 2:00,5.627999783,5.627999783,5.346000195
3/1/2018 3:00,5.768000126,5.768000126,5.627999783
3/1/2018 4:00,4.923999786,4.923999786,5.768000126
3/1/2018 5:00,5.697999954,5.697999954,4.923999786
3/1/2018 6:00,5.839000225,5.839000225,5.697999954
3/1/2018 7:00,4.150000095,4.150000095,5.839000225
3/1/2018 8:00,4.361999989,4.361999989,4.150000095
3/1/2018 9:00,4.572999954,4.572999954,4.361999989
3/1/2018 10:00,4.43200016,4.43200016,4.572999954
3/1/2018 11:00,4.572999954,4.572999954,4.43200016
3/1/2018 12:00,4.221000195,4.221000195,4.572999954
3/1/2018 13:00,3.51699996,3.51699996,4.221000195
3/1/2018 14:00,3.236000061,3.236000061,3.51699996
3/1/2018 15:00,3.095000029,3.095000029,3.236000061
3/1/2018 16:00,2.884000063,2.884000063,3.095000029
3/1/2018 17:00,2.602999926,2.602999926,2.884000063
3/1/2018 18:00,2.954999924,2.954999924,2.602999926
3/1/2018 19:00,2.461999893,2.461999893,2.954999924
3/1/2018 20:00,2.743999958,2.743999958,2.461999893
3/1/2018 21:00,2.109999895,2.109999895,2.743999958
3/1/2018 22:00,2.321000099,2.321000099,2.109999895
3/1/2018 23:00,2.673000097,2.673000097,2.321000099
3/2/2018 0:00,2.180999994,2.180999994,2.673000097
3/2/2018 1:00,0.0,0.0,2.180999994
3/2/2018 2:00,0.843999982,0.843999982,0.0
3/2/2018 3:00,-0.492000014,-0.492000014,0.843999982
3/2/2018 4:00,0.985000014,0.985000014,-0.492000014
3/2/2018 5:00,2.039999962,2.039999962,0.985000014
3/2/2018 6:00,2.039999962,2.039999962,2.039999962
3/2/2018 7:00,1.687999964,1.687999964,2.039999962
3/2/2018 8:00,1.758999944,1.758999944,1.687999964
3/2/2018 9:00,1.899000049,1.899000049,1.758999944
3/2/2018 10:00,2.321000099,2.321000099,1.899000049
3/2/2018 11:00,2.321000099,2.321000099,2.321000099
3/2/2018 12:00,2.884000063,2.884000063,2.321000099
3/2/2018 13:00,3.165999889,3.165999889,2.884000063
3/2/2018 14:00,3.165999889,3.165999889,3.165999889
3/2/2018 15:00,3.236000061,3.236000061,3.165999889
3/2/2018 16:00,3.727999926,3.727999926,3.236000061
3/2/2018 17:00,3.657999992,3.657999992,3.727999926
3/2/2018 18:00,4.150000095,4.150000095,3.657999992
3/2/2018 19:00,4.361999989,4.361999989,4.150000095
3/2/2018 20:00,4.150000095,4.150000095,4.361999989
3/2/2018 21:00,4.150000095,4.150000095,4.150000095
3/2/2018 22:00,4.501999855,4.501999855,4.150000095
3/2/2018 23:00,4.079999924,4.079999924,4.501999855
3/3/2018 0:00,1.19599998,1.19599998,4.079999924
3/3/2018 1:00,1.476999998,1.476999998,1.19599998
3/3/2018 2:00,3.51699996,3.51699996,1.476999998
3/3/2018 3:00,4.923999786,4.923999786,3.51699996
3/3/2018 4:00,5.065000057,5.065000057,4.923999786
3/3/2018 5:00,4.994999886,4.994999886,5.065000057
3/3/2018 6:00,4.221000195,4.221000195,4.994999886
3/3/2018 7:00,4.43200016,4.43200016,4.221000195
3/3/2018 8:00,4.643000126,4.643000126,4.43200016
3/3/2018 9:00,5.205999851,5.205999851,4.643000126
3/3/2018 10:00,5.697999954,5.697999954,5.205999851
3/3/2018 11:00,6.823999882,6.823999882,5.697999954
3/3/2018 12:00,6.964000225,6.964000225,6.823999882
3/3/2018 13:00,7.597000122,7.597000122,6.964000225
3/3/2018 14:00,8.020000458,8.020000458,7.597000122
3/3/2018 15:00,7.668000221,7.668000221,8.020000458
3/3/2018 16:00,7.52699995,7.52699995,7.668000221
3/3/2018 17:00,7.456999779,7.456999779,7.52699995
3/3/2018 18:00,6.964000225,6.964000225,7.456999779
3/3/2018 19:00,6.330999851,6.330999851,6.964000225
3/3/2018 20:00,6.330999851,6.330999851,6.330999851
3/3/2018 21:00,6.190999985,6.190999985,6.330999851
3/3/2018 22:00,5.768000126,5.768000126,6.190999985
3/3/2018 23:00,5.486999989,5.486999989,5.768000126
3/4/2018 0:00,5.90899992,5.90899992,5.486999989
3/4/2018 1:00,5.768000126,5.768000126,5.90899992
3/4/2018 2:00,5.065000057,5.065000057,5.768000126
3/4/2018 3:00,5.135000229,5.135000229,5.065000057
3/4/2018 4:00,5.135000229,5.135000229,5.135000229
3/4/2018 5:00,5.065000057,5.065000057,5.135000229
3/4/2018 6:00,4.78399992,4.78399992,5.065000057
3/4/2018 7:00,5.065000057,5.065000057,4.78399992
3/4/2018 8:00,5.627999783,5.627999783,5.065000057
3/4/2018 9:00,6.472000122,6.472000122,5.627999783
3/4/2018 10:00,8.090000153,8.090000153,6.472000122
3/4/2018 11:00,9.145000458,9.145000458,8.090000153
3/4/2018 12:00,9.708000183,9.708000183,9.145000458
3/4/2018 13:00,9.496999741,9.496999741,9.708000183
3/4/2018 14:00,8.722999573,8.722999573,9.496999741
3/4/2018 15:00,7.879000187,7.879000187,8.722999573
3/4/2018 16:00,7.456999779,7.456999779,7.879000187
3/4/2018 17:00,6.612999916,6.612999916,7.456999779
3/4/2018 18:00,5.205999851,5.205999851,6.612999916
3/4/2018 19:00,4.501999855,4.501999855,5.205999851
3/4/2018 20:00,1.547999978,1.547999978,4.501999855
3/4/2018 21:00,0.0,0.0,1.547999978
3/4/2018 22:00,3.588000059,3.588000059,0.0
3/4/2018 23:00,1.337000012,1.337000012,3.588000059
3/5/2018 0:00,0.773999989,0.773999989,1.337000012
3/5/2018 1:00,0.0,0.0,0.773999989
3/5/2018 2:00,1.970000029,1.970000029,0.0
3/5/2018 3:00,2.250999928,2.250999928,1.970000029
3/5/2018 4:00,1.406999946,1.406999946,2.250999928
3/5/2018 5:00,1.337000012,1.337000012,1.406999946
3/5/2018 6:00,2.321000099,2.321000099,1.337000012
3/5/2018 7:00,2.532000065,2.532000065,2.321000099
3/5/2018 8:00,1.899000049,1.899000049,2.532000065
3/5/2018 9:00,1.970000029,1.970000029,1.899000049
3/5/2018 10:00,2.884000063,2.884000063,1.970000029
3/5/2018 11:00,3.588000059,3.588000059,2.884000063
3/5/2018 12:00,3.727999926,3.727999926,3.588000059
3/5/2018 13:00,3.938999891,3.938999891,3.727999926
3/5/2018 14:00,5.205999851,5.205999851,3.938999891
3/5/2018 15:00,4.854000092,4.854000092,5.205999851
3/5/2018 16:00,4.501999855,4.501999855,4.854000092
3/5/2018 17:00,4.290999889,4.290999889,4.501999855
3/5/2018 18:00,4.923999786,4.923999786,4.290999889
3/5/2018 19:00,4.712999821,4.712999821,4.923999786
3/5/2018 20:00,3.588000059,3.588000059,4.712999821
3/5/2018 21:00,3.377000093,3.377000093,3.588000059
3/5/2018 22:00,3.305999994,3.305999994,3.377000093
3/5/2018 23:00,3.025000095,3.025000095,3.305999994
3/6/2018 0:00,3.025000095,3.025000095,3.025000095
3/6/2018 1:00,2.673000097,2.673000097,3.025000095
3/6/2018 2:00,2.39199996,2.39199996,2.673000097
3/6/2018 3:00,1.899000049,1.899000049,2.39199996
3/6/2018 4:00,2.109999895,2.109999895,1.899000049
3/6/2018 5:00,1.970000029,1.970000029,2.109999895
3/6/2018 6:00,2.461999893,2.461999893,1.970000029
3/6/2018 7:00,1.970000029,1.970000029,2.461999893
3/6/2018 8:00,1.406999946,1.406999946,1.970000029
3/6/2018 9:00,1.406999946,1.406999946,1.406999946
3/6/2018 10:00,2.180999994,2.180999994,1.406999946
3/6/2018 11:00,1.828999996,1.828999996,2.180999994
3/6/2018 12:00,2.250999928,2.250999928,1.828999996
3/6/2018 13:00,2.321000099,2.321000099,2.250999928
3/6/2018 14:00,2.532000065,2.532000065,2.321000099
3/6/2018 15:00,3.025000095,3.025000095,2.532000065
3/6/2018 16:00,2.954999924,2.954999924,3.025000095
3/6/2018 17:00,2.884000063,2.884000063,2.954999924
3/6/2018 18:00,2.813999891,2.813999891,2.884000063
3/6/2018 19:00,2.109999895,2.109999895,2.813999891
3/6/2018 20:00,1.828999996,1.828999996,2.109999895
3/6/2018 21:00,1.476999998,1.476999998,1.828999996
3/6/2018 22:00,1.758999944,1.758999944,1.476999998
3/6/2018 23:00,1.828999996,1.828999996,1.758999944
3/7/2018 0:00,1.970000029,1.970000029,1.828999996
3/7/2018 1:00,1.899000049,1.899000049,1.970000029
3/7/2018 2:00,0.773999989,0.773999989,1.899000049
3/7/2018 3:00,-0.843999982,-0.843999982,0.773999989
3/7/2018 4:00,-0.633000016,-0.633000016,-0.843999982
3/7/2018 5:00,-0.915000021,-0.915000021,-0.633000016
3/7/2018 6:00,0.0,0.0,-0.915000021
3/7/2018 7:00,-0.492000014,-0.492000014,0.0
3/7/2018 8:00,-0.773999989,-0.773999989,-0.492000014
3/7/2018 9:00,-0.563000023,-0.563000023,-0.773999989
3/7/2018 10:00,0.0,0.0,-0.563000023
3/7/2018 11:00,1.19599998,1.19599998,0.0
3/7/2018 12:00,0.0,0.0,1.19599998
3/7/2018 13:00,0.633000016,0.633000016,0.0
3/7/2018 14:00,1.828999996,1.828999996,0.633000016
3/7/2018 15:00,1.547999978,1.547999978,1.828999996
3/7/2018 16:00,1.828999996,1.828999996,1.547999978
3/7/2018 17:00,1.687999964,1.687999964,1.828999996
3/7/2018 18:00,2.109999895,2.109999895,1.687999964
3/7/2018 19:00,1.828999996,1.828999996,2.109999895
3/7/2018 20:00,2.180999994,2.180999994,1.828999996
3/7/2018 21:00,2.180999994,2.180999994,2.180999994
3/7/2018 22:00,2.039999962,2.039999962,2.180999994
3/7/2018 23:00,2.743999958,2.743999958,2.039999962
3/8/2018 0:00,2.673000097,2.673000097,2.743999958
3/8/2018 1:00,2.532000065,2.532000065,2.673000097
3/8/2018 2:00,2.743999958,2.743999958,2.532000065
3/8/2018 3:00,4.221000195,4.221000195,2.743999958
3/8/2018 4:00,3.799000025,3.799000025,4.221000195
3/8/2018 5:00,4.150000095,4.150000095,3.799000025
3/8/2018 6:00,2.884000063,2.884000063,4.150000095
3/8/2018 7:00,4.010000229,4.010000229,2.884000063
3/8/2018 8:00,3.377000093,3.377000093,4.010000229
3/8/2018 9:00,3.377000093,3.377000093,3.377000093
3/8/2018 10:00,3.657999992,3.657999992,3.377000093
3/8/2018 11:00,4.150000095,4.150000095,3.657999992
3/8/2018 12:00,4.501999855,4.501999855,4.150000095
3/8/2018 13:00,4.854000092,4.854000092,4.501999855
3/8/2018 14:00,5.416999817,5.416999817,4.854000092
3/8/2018 15:00,4.572999954,4.572999954,5.416999817
3/8/2018 16:00,4.572999954,4.572999954,4.572999954
3/8/2018 17:00,4.501999855,4.501999855,4.572999954
3/8/2018 18:00,4.712999821,4.712999821,4.501999855
3/8/2018 19:00,4.712999821,4.712999821,4.712999821
3/8/2018 20:00,4.712999821,4.712999821,4.712999821
3/8/2018 21:00,5.065000057,5.065000057,4.712999821
3/8/2018 22:00,4.712999821,4.712999821,5.065000057
3/8/2018 23:00,4.643000126,4.643000126,4.712999821
3/9/2018 0:00,4.501999855,4.501999855,4.643000126
3/9/2018 1:00,5.205999851,5.205999851,4.501999855
3/9/2018 2:00,4.923999786,4.923999786,5.205999851
3/9/2018 3:00,5.276000023,5.276000023,4.923999786
3/9/2018 4:00,4.150000095,4.150000095,5.276000023
3/9/2018 5:00,4.150000095,4.150000095,4.150000095
3/9/2018 6:00,3.799000025,3.799000025,4.150000095
3/9/2018 7:00,4.010000229,4.010000229,3.799000025
3/9/2018 8:00,4.643000126,4.643000126,4.010000229
3/9/2018 9:00,4.079999924,4.079999924,4.643000126
3/9/2018 10:00,5.697999954,5.697999954,4.079999924
3/9/2018 11:00,5.697999954,5.697999954,5.697999954
3/9/2018 12:00,5.205999851,5.205999851,5.697999954
3/9/2018 13:00,5.486999989,5.486999989,5.205999851
3/9/2018 14:00,6.612999916,6.612999916,5.486999989
3/9/2018 15:00,6.964000225,6.964000225,6.612999916
3/9/2018 16:00,6.964000225,6.964000225,6.964000225
3/9/2018 17:00,7.034999847,7.034999847,6.964000225
3/9/2018 18:00,6.612999916,6.612999916,7.034999847
3/9/2018 19:00,5.697999954,5.697999954,6.612999916
3/9/2018 20:00,5.486999989,5.486999989,5.697999954
3/9/2018 21:00,5.135000229,5.135000229,5.486999989
3/9/2018 22:00,5.346000195,5.346000195,5.135000229
3/9/2018 23:00,4.78399992,4.78399992,5.346000195
3/10/2018 0:00,4.854000092,4.854000092,4.78399992
3/10/2018 1:00,5.065000057,5.065000057,4.854000092
3/10/2018 2:00,4.643000126,4.643000126,5.065000057
3/10/2018 3:00,4.78399992,4.78399992,4.643000126
3/10/2018 4:00,4.643000126,4.643000126,4.78399992
3/10/2018 5:00,4.501999855,4.501999855,4.643000126
3/10/2018 6:00,4.43200016,4.43200016,4.501999855
3/10/2018 7:00,4.572999954,4.572999954,4.43200016
3/10/2018 8:00,5.276000023,5.276000023,4.572999954
3/10/2018 9:00,5.55700016,5.55700016,5.276000023
3/10/2018 10:00,6.964000225,6.964000225,5.55700016
3/10/2018 11:00,6.472000122,6.472000122,6.964000225
3/10/2018 12:00,6.541999817,6.541999817,6.472000122
3/10/2018 13:00,7.245999813,7.245999813,6.541999817
3/10/2018 14:00,9.355999947,9.355999947,7.245999813
3/10/2018 15:00,8.512000084,8.512000084,9.355999947
3/10/2018 16:00,9.355999947,9.355999947,8.512000084
3/10/2018 17:00,9.708000183,9.708000183,9.355999947
3/10/2018 18:00,8.86400032,8.86400032,9.708000183
3/10/2018 19:00,8.020000458,8.020000458,8.86400032
3/10/2018 20:00,7.034999847,7.034999847,8.020000458
3/10/2018 21:00,6.823999882,6.823999882,7.034999847
3/10/2018 22:00,6.612999916,6.612999916,6.823999882
3/10/2018 23:00,6.40199995,6.40199995,6.612999916
3/11/2018 0:00,6.683000088,6.683000088,6.40199995
3/11/2018 1:00,6.823999882,6.823999882,6.683000088
3/11/2018 2:00,6.894000053,6.894000053,6.823999882
3/11/2018 3:00,6.894000053,6.894000053,6.894000053
3/11/2018 4:00,6.330999851,6.330999851,6.894000053
3/11/2018 5:00,6.330999851,6.330999851,6.330999851
3/11/2018 6:00,6.612999916,6.612999916,6.330999851
3/11/2018 7:00,5.627999783,5.627999783,6.612999916
3/11/2018 8:00,5.839000225,5.839000225,5.627999783
3/11/2018 9:00,5.697999954,5.697999954,5.839000225
3/11/2018 10:00,7.034999847,7.034999847,5.697999954
3/11/2018 11:00,6.683000088,6.683000088,7.034999847
3/11/2018 12:00,7.737999916,7.737999916,6.683000088
3/11/2018 13:00,8.300999641,8.300999641,7.737999916
3/11/2018 14:00,10.3409996,10.3409996,8.300999641
3/11/2018 15:00,9.918999672,9.918999672,10.3409996
3/11/2018 16:00,9.708000183,9.708000183,9.918999672
3/11/2018 17:00,9.708000183,9.708000183,9.708000183
3/11/2018 18:00,8.934000015,8.934000015,9.708000183
3/11/2018 19:00,8.512000084,8.512000084,8.934000015
3/11/2018 20:00,8.37100029,8.37100029,8.512000084
3/11/2018 21:00,7.879000187,7.879000187,8.37100029
3/11/2018 22:00,7.52699995,7.52699995,7.879000187
3/11/2018 23:00,7.668000221,7.668000221,7.52699995
3/12/2018 0:00,8.020000458,8.020000458,7.668000221
3/12/2018 1:00,7.948999882,7.948999882,8.020000458
3/12/2018 2:00,7.597000122,7.597000122,7.948999882
3/12/2018 3:00,7.668000221,7.668000221,7.597000122
3/12/2018 4:00,7.948999882,7.948999882,7.668000221
3/12/2018 5:00,8.159999847,8.159999847,7.948999882
3/12/2018 6:00,7.668000221,7.668000221,8.159999847
3/12/2018 7:00,7.456999779,7.456999779,7.668000221
3/12/2018 8:00,8.020000458,8.020000458,7.456999779
3/12/2018 9:00,8.300999641,8.300999641,8.020000458
3/12/2018 10:00,8.86400032,8.86400032,8.300999641
3/12/2018 11:00,8.722999573,8.722999573,8.86400032
3/12/2018 12:00,9.00399971,9.00399971,8.722999573
3/12/2018 13:00,9.355999947,9.355999947,9.00399971
3/12/2018 14:00,10.55200005,10.55200005,9.355999947
3/12/2018 15:00,10.13000011,10.13000011,10.55200005
3/12/2018 16:00,10.48200035,10.48200035,10.13000011
3/12/2018 17:00,11.18500042,11.18500042,10.48200035
3/12/2018 18:00,10.97399998,10.97399998,11.18500042
3/12/2018 19:00,9.918999672,9.918999672,10.97399998
3/12/2018 20:00,9.848999977,9.848999977,9.918999672
3/12/2018 21:00,9.425999641,9.425999641,9.848999977
3/12/2018 22:00,9.286000252,9.286000252,9.425999641
3/12/2018 23:00,9.215000153,9.215000153,9.286000252
3/13/2018 0:00,9.00399971,9.00399971,9.215000153
3/13/2018 1:00,8.722999573,8.722999573,9.00399971
3/13/2018 2:00,8.86400032,8.86400032,8.722999573
3/13/2018 3:00,8.793000221,8.793000221,8.86400032
3/13/2018 4:00,8.722999573,8.722999573,8.793000221
3/13/2018 5:00,8.722999573,8.722999573,8.722999573
3/13/2018 6:00,8.581999779,8.581999779,8.722999573
3/13/2018 7:00,8.230999947,8.230999947,8.581999779
3/13/2018 8:00,8.159999847,8.159999847,8.230999947
3/13/2018 9:00,9.286000252,9.286000252,8.159999847
3/13/2018 10:00,10.97399998,10.97399998,9.286000252
3/13/2018 11:00,10.83300018,10.83300018,10.97399998
3/13/2018 12:00,10.90400028,10.90400028,10.83300018
3/13/2018 13:00,11.60700035,11.60700035,10.90400028
3/13/2018 14:00,12.6619997,12.6619997,11.60700035
3/13/2018 15:00,11.74800014,11.74800014,12.6619997
3/13/2018 16:00,11.32600021,11.32600021,11.74800014
3/13/2018 17:00,11.5369997,11.5369997,11.32600021
3/13/2018 18:00,12.31099987,12.31099987,11.5369997
3/13/2018 19:00,11.88899994,11.88899994,12.31099987
3/13/2018 20:00,11.32600021,11.32600021,11.88899994
3/13/2018 21:00,11.04399967,11.04399967,11.32600021
3/13/2018 22:00,10.90400028,10.90400028,11.04399967
3/13/2018 23:00,10.62199974,10.62199974,10.90400028
3/14/2018 0:00,10.62199974,10.62199974,10.62199974
3/14/2018 1:00,10.48200035,10.48200035,10.62199974
3/14/2018 2:00,10.69299984,10.69299984,10.48200035
3/14/2018 3:00,10.76299953,10.76299953,10.69299984
3/14/2018 4:00,10.76299953,10.76299953,10.76299953
3/14/2018 5:00,9.98900032,9.98900032,10.76299953
3/14/2018 6:00,10.62199974,10.62199974,9.98900032
3/14/2018 7:00,10.19999981,10.19999981,10.62199974
3/14/2018 8:00,10.48200035,10.48200035,10.19999981
3/14/2018 9:00,10.83300018,10.83300018,10.48200035
3/14/2018 10:00,10.76299953,10.76299953,10.83300018
3/14/2018 11:00,10.76299953,10.76299953,10.76299953
3/14/2018 12:00,10.83300018,10.83300018,10.76299953
3/14/2018 13:00,9.496999741,9.496999741,10.83300018
3/14/2018 14:00,10.62199974,10.62199974,9.496999741
3/14/2018 15:00,10.69299984,10.69299984,10.62199974
3/14/2018 16:00,10.76299953,10.76299953,10.69299984
3/14/2018 17:00,10.19999981,10.19999981,10.76299953
3/14/2018 18:00,10.48200035,10.48200035,10.19999981
3/14/2018 19:00,9.777999878,9.777999878,10.48200035
3/14/2018 20:00,9.637999535,9.637999535,9.777999878
3/14/2018 21:00,9.496999741,9.496999741,9.637999535
3/14/2018 22:00,9.567000389,9.567000389,9.496999741
3/14/2018 23:00,9.425999641,9.425999641,9.567000389
3/15/2018 0:00,9.708000183,9.708000183,9.425999641
3/15/2018 1:00,9.708000183,9.708000183,9.708000183
3/15/2018 2:00,9.567000389,9.567000389,9.708000183
3/15/2018 3:00,9.496999741,9.496999741,9.567000389
3/15/2018 4:00,9.637999535,9.637999535,9.496999741
3/15/2018 5:00,9.777999878,9.777999878,9.637999535
3/15/2018 6:00,9.918999672,9.918999672,9.777999878
3/15/2018 7:00,9.637999535,9.637999535,9.918999672
3/15/2018 8:00,10.13000011,10.13000011,9.637999535
3/15/2018 9:00,10.13000011,10.13000011,10.13000011
3/15/2018 10:00,9.918999672,9.918999672,10.13000011
3/15/2018 11:00,9.708000183,9.708000183,9.918999672
3/15/2018 12:00,10.62199974,10.62199974,9.708000183
3/15/2018 13:00,10.83300018,10.83300018,10.62199974
3/15/2018 14:00,10.90400028,10.90400028,10.83300018
3/15/2018 15:00,10.83300018,10.83300018,10.90400028
3/15/2018 16:00,11.67800045,11.67800045,10.83300018
3/15/2018 17:00,11.88899994,11.88899994,11.67800045
3/15/2018 18:00,11.60700035,11.60700035,11.88899994
3/15/2018 19:00,7.668000221,7.668000221,11.60700035
3/15/2018 20:00,2.321000099,2.321000099,7.668000221
3/15/2018 21:00,0.985000014,0.985000014,2.321000099
3/15/2018 22:00,2.884000063,2.884000063,0.985000014
3/15/2018 23:00,1.687999964,1.687999964,2.884000063
3/16/2018 0:00,2.743999958,2.743999958,1.687999964
3/16/2018 1:00,2.250999928,2.250999928,2.743999958
3/16/2018 2:00,1.828999996,1.828999996,2.250999928
3/16/2018 3:00,2.602999926,2.602999926,1.828999996
3/16/2018 4:00,3.377000093,3.377000093,2.602999926
3/16/2018 5:00,3.165999889,3.165999889,3.377000093
3/16/2018 6:00,3.305999994,3.305999994,3.165999889
3/16/2018 7:00,2.743999958,2.743999958,3.305999994
3/16/2018 8:00,1.899000049,1.899000049,2.743999958
3/16/2018 9:00,2.109999895,2.109999895,1.899000049
3/16/2018 10:00,2.109999895,2.109999895,2.109999895
3/16/2018 11:00,3.025000095,3.025000095,2.109999895
3/16/2018 12:00,3.657999992,3.657999992,3.025000095
3/16/2018 13:00,4.010000229,4.010000229,3.657999992
3/16/2018 14:00,3.799000025,3.799000025,4.010000229
3/16/2018 15:00,3.868999958,3.868999958,3.799000025
3/16/2018 16:00,4.290999889,4.290999889,3.868999958
3/16/2018 17:00,4.501999855,4.501999855,4.290999889
3/16/2018 18:00,4.78399992,4.78399992,4.501999855
3/16/2018 19:00,4.994999886,4.994999886,4.78399992
3/16/2018 20:00,5.205999851,5.205999851,4.994999886
3/16/2018 21:00,5.346000195,5.346000195,5.205999851
3/16/2018 22:00,4.923999786,4.923999786,5.346000195
3/16/2018 23:00,4.150000095,4.150000095,4.923999786
3/17/2018 0:00,3.377000093,3.377000093,4.150000095
3/17/2018 1:00,3.165999889,3.165999889,3.377000093
3/17/2018 2:00,2.743999958,2.743999958,3.165999889
3/17/2018 3:00,3.025000095,3.025000095,2.743999958
3/17/2018 4:00,2.813999891,2.813999891,3.025000095
3/17/2018 5:00,2.743999958,2.743999958,2.813999891
3/17/2018 6:00,2.743999958,2.743999958,2.743999958
3/17/2018 7:00,2.321000099,2.321000099,2.743999958
3/17/2018 8:00,2.813999891,2.813999891,2.321000099
3/17/2018 9:00,3.095000029,3.095000029,2.813999891
3/17/2018 10:00,3.868999958,3.868999958,3.095000029
3/17/2018 11:00,4.43200016,4.43200016,3.868999958
3/17/2018 12:00,5.135000229,5.135000229,4.43200016
3/17/2018 13:00,5.276000023,5.276000023,5.135000229
3/17/2018 14:00,6.119999886,6.119999886,5.276000023
3/17/2018 15:00,6.472000122,6.472000122,6.119999886
3/17/2018 16:00,6.050000191,6.050000191,6.472000122
3/17/2018 17:00,5.839000225,5.839000225,6.050000191
3/17/2018 18:00,5.768000126,5.768000126,5.839000225
3/17/2018 19:00,5.627999783,5.627999783,5.768000126
3/17/2018 20:00,5.486999989,5.486999989,5.627999783
3/17/2018 21:00,5.486999989,5.486999989,5.486999989
3/17/2018 22:00,5.276000023,5.276000023,5.486999989
3/17/2018 23:00,3.51699996,3.51699996,5.276000023
3/18/2018 0:00,4.712999821,4.712999821,3.51699996
3/18/2018 1:00,4.854000092,4.854000092,4.712999821
3/18/2018 2:00,5.55700016,5.55700016,4.854000092
3/18/2018 3:00,5.90899992,5.90899992,5.55700016
3/18/2018 4:00,4.923999786,4.923999786,5.90899992
3/18/2018 5:00,3.799000025,3.799000025,4.923999786
3/18/2018 6:00,5.839000225,5.839000225,3.799000025
3/18/2018 7:00,7.737999916,7.737999916,5.839000225
3/18/2018 8:00,8.090000153,8.090000153,7.737999916
3/18/2018 9:00,7.105000019,7.105000019,8.090000153
3/18/2018 10:00,7.597000122,7.597000122,7.105000019
3/18/2018 11:00,7.948999882,7.948999882,7.597000122
3/18/2018 12:00,6.964000225,6.964000225,7.948999882
3/18/2018 13:00,7.809000015,7.809000015,6.964000225
3/18/2018 14:00,6.261000156,6.261000156,7.809000015
3/18/2018 15:00,5.697999954,5.697999954,6.261000156
3/18/2018 16:00,5.486999989,5.486999989,5.697999954
3/18/2018 17:00,5.416999817,5.416999817,5.486999989
3/18/2018 18:00,5.979000092,5.979000092,5.416999817
3/18/2018 19:00,5.486999989,5.486999989,5.979000092
3/18/2018 20:00,4.43200016,4.43200016,5.486999989
3/18/2018 21:00,5.979000092,5.979000092,4.43200016
3/18/2018 22:00,5.979000092,5.979000092,5.979000092
3/18/2018 23:00,5.768000126,5.768000126,5.979000092
3/19/2018 0:00,5.90899992,5.90899992,5.768000126
3/19/2018 1:00,6.119999886,6.119999886,5.90899992
3/19/2018 2:00,6.752999783,6.752999783,6.119999886
3/19/2018 3:00,4.854000092,4.854000092,6.752999783
3/19/2018 4:00,4.78399992,4.78399992,4.854000092
3/19/2018 5:00,4.361999989,4.361999989,4.78399992
3/19/2018 6:00,5.839000225,5.839000225,4.361999989
3/19/2018 7:00,4.854000092,4.854000092,5.839000225
3/19/2018 8:00,4.854000092,4.854000092,4.854000092
3/19/2018 9:00,5.276000023,5.276000023,4.854000092
3/19/2018 10:00,5.55700016,5.55700016,5.276000023
3/19/2018 11:00,5.135000229,5.135000229,5.55700016
3/19/2018 12:00,6.261000156,6.261000156,5.135000229
3/19/2018 13:00,5.205999851,5.205999851,6.261000156
3/19/2018 14:00,5.346000195,5.346000195,5.205999851
3/19/2018 15:00,5.416999817,5.416999817,5.346000195
3/19/2018 16:00,5.065000057,5.065000057,5.416999817
3/19/2018 17:00,6.050000191,6.050000191,5.065000057
3/19/2018 18:00,3.165999889,3.165999889,6.050000191
3/19/2018 19:00,3.868999958,3.868999958,3.165999889
3/19/2018 20:00,4.643000126,4.643000126,3.868999958
3/19/2018 21:00,4.572999954,4.572999954,4.643000126
3/19/2018 22:00,4.643000126,4.643000126,4.572999954
3/19/2018 23:00,4.079999924,4.079999924,4.643000126
3/20/2018 0:00,3.095000029,3.095000029,4.079999924
3/20/2018 1:00,3.236000061,3.236000061,3.095000029
3/20/2018 2:00,4.010000229,4.010000229,3.236000061
3/20/2018 3:00,3.727999926,3.727999926,4.010000229
3/20/2018 4:00,4.290999889,4.290999889,3.727999926
3/20/2018 5:00,4.643000126,4.643000126,4.290999889
3/20/2018 6:00,4.43200016,4.43200016,4.643000126
3/20/2018 7:00,3.165999889,3.165999889,4.43200016
3/20/2018 8:00,2.954999924,2.954999924,3.165999889
3/20/2018 9:00,3.727999926,3.727999926,2.954999924
3/20/2018 10:00,4.150000095,4.150000095,3.727999926
3/20/2018 11:00,3.588000059,3.588000059,4.150000095
3/20/2018 12:00,3.868999958,3.868999958,3.588000059
3/20/2018 13:00,3.447000027,3.447000027,3.868999958
3/20/2018 14:00,3.51699996,3.51699996,3.447000027
3/20/2018 15:00,3.51699996,3.51699996,3.51699996
3/20/2018 16:00,3.095000029,3.095000029,3.51699996
3/20/2018 17:00,2.461999893,2.461999893,3.095000029
3/20/2018 18:00,2.532000065,2.532000065,2.461999893
3/20/2018 19:00,2.884000063,2.884000063,2.532000065
3/20/2018 20:00,2.532000065,2.532000065,2.884000063
3/20/2018 21:00,2.602999926,2.602999926,2.532000065
3/20/2018 22:00,3.377000093,3.377000093,2.602999926
3/20/2018 23:00,3.377000093,3.377000093,3.377000093
3/21/2018 0:00,3.447000027,3.447000027,3.377000093
3/21/2018 1:00,2.743999958,2.743999958,3.447000027
3/21/2018 2:00,3.447000027,3.447000027,2.743999958
3/21/2018 3:00,3.799000025,3.799000025,3.447000027
3/21/2018 4:00,3.868999958,3.868999958,3.799000025
3/21/2018 5:00,4.079999924,4.079999924,3.868999958
3/21/2018 6:00,3.938999891,3.938999891,4.079999924
3/21/2018 7:00,4.010000229,4.010000229,3.938999891
3/21/2018 8:00,4.290999889,4.290999889,4.010000229
3/21/2018 9:00,3.165999889,3.165999889,4.290999889
3/21/2018 10:00,5.416999817,5.416999817,3.165999889
3/21/2018 11:00,5.205999851,5.205999851,5.416999817
3/21/2018 12:00,5.065000057,5.065000057,5.205999851
3/21/2018 13:00,6.190999985,6.190999985,5.065000057
3/21/2018 14:00,5.90899992,5.90899992,6.190999985
3/21/2018 15:00,6.683000088,6.683000088,5.90899992
3/21/2018 16:00,6.683000088,6.683000088,6.683000088
3/21/2018 17:00,6.40199995,6.40199995,6.683000088
3/21/2018 18:00,6.894000053,6.894000053,6.40199995
3/21/2018 19:00,7.034999847,7.034999847,6.894000053
3/21/2018 20:00,6.752999783,6.752999783,7.034999847
3/21/2018 21:00,6.752999783,6.752999783,6.752999783
3/21/2018 22:00,6.683000088,6.683000088,6.752999783
3/21/2018 23:00,6.683000088,6.683000088,6.683000088
3/22/2018 0:00,6.612999916,6.612999916,6.683000088
3/22/2018 1:00,6.330999851,6.330999851,6.612999916
3/22/2018 2:00,6.752999783,6.752999783,6.330999851
3/22/2018 3:00,6.261000156,6.261000156,6.752999783
3/22/2018 4:00,6.261000156,6.261000156,6.261000156
3/22/2018 5:00,6.472000122,6.472000122,6.261000156
3/22/2018 6:00,6.472000122,6.472000122,6.472000122
3/22/2018 7:00,6.119999886,6.119999886,6.472000122
3/22/2018 8:00,6.964000225,6.964000225,6.119999886
3/22/2018 9:00,7.948999882,7.948999882,6.964000225
3/22/2018 10:00,8.512000084,8.512000084,7.948999882
3/22/2018 11:00,7.456999779,7.456999779,8.512000084
3/22/2018 12:00,8.159999847,8.159999847,7.456999779
3/22/2018 13:00,9.425999641,9.425999641,8.159999847
3/22/2018 14:00,9.00399971,9.00399971,9.425999641
3/22/2018 15:00,8.512000084,8.512000084,9.00399971
3/22/2018 16:00,8.793000221,8.793000221,8.512000084
3/22/2018 17:00,8.581999779,8.581999779,8.793000221
3/22/2018 18:00,9.708000183,9.708000183,8.581999779
3/22/2018 19:00,9.215000153,9.215000153,9.708000183
3/22/2018 20:00,8.512000084,8.512000084,9.215000153
3/22/2018 21:00,8.37100029,8.37100029,8.512000084
3/22/2018 22:00,8.512000084,8.512000084,8.37100029
3/22/2018 23:00,8.37100029,8.37100029,8.512000084
3/23/2018 0:00,8.442000389,8.442000389,8.37100029
3/23/2018 1:00,8.159999847,8.159999847,8.442000389
3/23/2018 2:00,8.300999641,8.300999641,8.159999847
3/23/2018 3:00,8.722999573,8.722999573,8.300999641
3/23/2018 4:00,8.300999641,8.300999641,8.722999573
3/23/2018 5:00,8.020000458,8.020000458,8.300999641
3/23/2018 6:00,8.159999847,8.159999847,8.020000458
3/23/2018 7:00,8.230999947,8.230999947,8.159999847
3/23/2018 8:00,8.581999779,8.581999779,8.230999947
3/23/2018 9:00,8.230999947,8.230999947,8.581999779
3/23/2018 10:00,9.918999672,9.918999672,8.230999947
3/23/2018 11:00,9.98900032,9.98900032,9.918999672
3/23/2018 12:00,9.708000183,9.708000183,9.98900032
3/23/2018 13:00,10.27099991,10.27099991,9.708000183
3/23/2018 14:00,11.60700035,11.60700035,10.27099991
3/23/2018 15:00,12.52200031,12.52200031,11.60700035
3/23/2018 16:00,12.38099957,12.38099957,12.52200031
3/23/2018 17:00,12.7329998,12.7329998,12.38099957
3/23/2018 18:00,12.02900028,12.02900028,12.7329998
3/23/2018 19:00,10.83300018,10.83300018,12.02900028
3/23/2018 20:00,10.62199974,10.62199974,10.83300018
3/23/2018 21:00,9.425999641,9.425999641,10.62199974
3/23/2018 22:00,9.00399971,9.00399971,9.425999641
3/23/2018 23:00,9.286000252,9.286000252,9.00399971
3/24/2018 0:00,9.145000458,9.145000458,9.286000252
3/24/2018 1:00,9.496999741,9.496999741,9.145000458
3/24/2018 2:00,9.848999977,9.848999977,9.496999741
3/24/2018 3:00,9.286000252,9.286000252,9.848999977
3/24/2018 4:00,9.355999947,9.355999947,9.286000252
3/24/2018 5:00,9.074999809,9.074999809,9.355999947
3/24/2018 6:00,9.00399971,9.00399971,9.074999809
3/24/2018 7:00,10.62199974,10.62199974,9.00399971
3/24/2018 8:00,9.496999741,9.496999741,10.62199974
3/24/2018 9:00,9.848999977,9.848999977,9.496999741
3/24/2018 10:00,9.918999672,9.918999672,9.848999977
3/24/2018 11:00,10.27099991,10.27099991,9.918999672
3/24/2018 12:00,10.69299984,10.69299984,10.27099991
3/24/2018 13:00,10.69299984,10.69299984,10.69299984
3/24/2018 14:00,11.67800045,11.67800045,10.69299984
3/24/2018 15:00,12.7329998,12.7329998,11.67800045
3/24/2018 16:00,12.94400024,12.94400024,12.7329998
3/24/2018 17:00,13.29599953,13.29599953,12.94400024
3/24/2018 18:00,12.6619997,12.6619997,13.29599953
3/24/2018 19:00,12.02900028,12.02900028,12.6619997
3/24/2018 20:00,11.46700001,11.46700001,12.02900028
3/24/2018 21:00,11.11499977,11.11499977,11.46700001
3/24/2018 22:00,10.97399998,10.97399998,11.11499977
3/24/2018 23:00,10.62199974,10.62199974,10.97399998
3/25/2018 0:00,10.69299984,10.69299984,10.62199974
3/25/2018 1:00,9.777999878,9.777999878,10.69299984
3/25/2018 2:00,9.286000252,9.286000252,9.777999878
3/25/2018 3:00,10.55200005,10.55200005,9.286000252
3/25/2018 4:00,10.3409996,10.3409996,10.55200005
3/25/2018 5:00,10.69299984,10.69299984,10.3409996
3/25/2018 6:00,10.41100025,10.41100025,10.69299984
3/25/2018 7:00,9.98900032,9.98900032,10.41100025
3/25/2018 8:00,10.62199974,10.62199974,9.98900032
3/25/2018 9:00,10.97399998,10.97399998,10.62199974
3/25/2018 10:00,10.27099991,10.27099991,10.97399998
3/25/2018 11:00,9.98900032,9.98900032,10.27099991
3/25/2018 12:00,10.62199974,10.62199974,9.98900032
3/25/2018 13:00,10.3409996,10.3409996,10.62199974
3/25/2018 14:00,10.76299953,10.76299953,10.3409996
3/25/2018 15:00,10.90400028,10.90400028,10.76299953
3/25/2018 16:00,10.83300018,10.83300018,10.90400028
3/25/2018 17:00,10.97399998,10.97399998,10.83300018
3/25/2018 18:00,11.46700001,11.46700001,10.97399998
3/25/2018 19:00,10.3409996,10.3409996,11.46700001
3/25/2018 20:00,10.62199974,10.62199974,10.3409996
3/25/2018 21:00,10.55200005,10.55200005,10.62199974
3/25/2018 22:00,10.48200035,10.48200035,10.55200005
3/25/2018 23:00,10.48200035,10.48200035,10.48200035
3/26/2018 0:00,10.13000011,10.13000011,10.48200035
3/26/2018 1:00,9.918999672,9.918999672,10.13000011
3/26/2018 2:00,10.83300018,10.83300018,9.918999672
3/26/2018 3:00,10.3409996,10.3409996,10.83300018
3/26/2018 4:00,10.06000042,10.06000042,10.3409996
3/26/2018 5:00,10.76299953,10.76299953,10.06000042
3/26/2018 6:00,10.76299953,10.76299953,10.76299953
3/26/2018 7:00,10.76299953,10.76299953,10.76299953
3/26/2018 8:00,11.04399967,11.04399967,10.76299953
3/26/2018 9:00,10.62199974,10.62199974,11.04399967
3/26/2018 10:00,11.60700035,11.60700035,10.62199974
3/26/2018 11:00,10.19999981,10.19999981,11.60700035
3/26/2018 12:00,11.11499977,11.11499977,10.19999981
3/26/2018 13:00,12.23999977,12.23999977,11.11499977
3/26/2018 14:00,13.50699997,13.50699997,12.23999977
3/26/2018 15:00,13.36600018,13.36600018,13.50699997
3/26/2018 16:00,13.78800011,13.78800011,13.36600018
3/26/2018 17:00,13.71800041,13.71800041,13.78800011
3/26/2018 18:00,13.64700031,13.64700031,13.71800041
3/26/2018 19:00,12.45100021,12.45100021,13.64700031
3/26/2018 20:00,11.74800014,11.74800014,12.45100021
3/26/2018 21:00,11.60700035,11.60700035,11.74800014
3/26/2018 22:00,11.04399967,11.04399967,11.60700035
3/26/2018 23:00,10.83300018,10.83300018,11.04399967
3/27/2018 0:00,10.62199974,10.62199974,10.83300018
3/27/2018 1:00,10.69299984,10.69299984,10.62199974
3/27/2018 2:00,10.3409996,10.3409996,10.69299984
3/27/2018 3:00,10.62199974,10.62199974,10.3409996
3/27/2018 4:00,10.48200035,10.48200035,10.62199974
3/27/2018 5:00,10.27099991,10.27099991,10.48200035
3/27/2018 6:00,10.48200035,10.48200035,10.27099991
3/27/2018 7:00,10.3409996,10.3409996,10.48200035
3/27/2018 8:00,11.32600021,11.32600021,10.3409996
3/27/2018 9:00,11.04399967,11.04399967,11.32600021
3/27/2018 10:00,11.88899994,11.88899994,11.04399967
3/27/2018 11:00,12.02900028,12.02900028,11.88899994
3/27/2018 12:00,11.5369997,11.5369997,12.02900028
3/27/2018 13:00,11.5369997,11.5369997,11.5369997
3/27/2018 14:00,13.01399994,13.01399994,11.5369997
3/27/2018 15:00,13.08500004,13.08500004,13.01399994
3/27/2018 16:00,13.57699966,13.57699966,13.08500004
3/27/2018 17:00,13.64700031,13.64700031,13.57699966
3/27/2018 18:00,12.8739996,12.8739996,13.64700031
3/27/2018 19:00,11.5369997,11.5369997,12.8739996
3/27/2018 20:00,10.83300018,10.83300018,11.5369997
3/27/2018 21:00,10.48200035,10.48200035,10.83300018
3/27/2018 22:00,10.19999981,10.19999981,10.48200035
3/27/2018 23:00,9.708000183,9.708000183,10.19999981
3/28/2018 0:00,9.496999741,9.496999741,9.708000183
3/28/2018 1:00,8.86400032,8.86400032,9.496999741
3/28/2018 2:00,8.86400032,8.86400032,8.86400032
3/28/2018 3:00,8.934000015,8.934000015,8.86400032
3/28/2018 4:00,8.442000389,8.442000389,8.934000015
3/28/2018 5:00,8.581999779,8.581999779,8.442000389
3/28/2018 6:00,8.159999847,8.159999847,8.581999779
3/28/2018 7:00,8.934000015,8.934000015,8.159999847
3/28/2018 8:00,9.848999977,9.848999977,8.934000015
3/28/2018 9:00,9.98900032,9.98900032,9.848999977
3/28/2018 10:00,11.11499977,11.11499977,9.98900032
3/28/2018 11:00,10.3409996,10.3409996,11.11499977
3/28/2018 12:00,9.918999672,9.918999672,10.3409996
3/28/2018 13:00,10.83300018,10.83300018,9.918999672
3/28/2018 14:00,12.10000038,12.10000038,10.83300018
3/28/2018 15:00,12.59200001,12.59200001,12.10000038
3/28/2018 16:00,13.08500004,13.08500004,12.59200001
3/28/2018 17:00,13.08500004,13.08500004,13.08500004
3/28/2018 18:00,12.23999977,12.23999977,13.08500004
3/28/2018 19:00,11.32600021,11.32600021,12.23999977
3/28/2018 20:00,10.90400028,10.90400028,11.32600021
3/28/2018 21:00,9.848999977,9.848999977,10.90400028
3/28/2018 22:00,9.496999741,9.496999741,9.848999977
3/28/2018 23:00,9.567000389,9.567000389,9.496999741
3/29/2018 0:00,9.496999741,9.496999741,9.567000389
3/29/2018 1:00,9.074999809,9.074999809,9.496999741
3/29/2018 2:00,9.286000252,9.286000252,9.074999809
3/29/2018 3:00,9.567000389,9.567000389,9.286000252
3/29/2018 4:00,9.074999809,9.074999809,9.567000389
3/29/2018 5:00,8.581999779,8.581999779,9.074999809
3/29/2018 6:00,8.159999847,8.159999847,8.581999779
3/29/2018 7:00,8.020000458,8.020000458,8.159999847
3/29/2018 8:00,8.652999878,8.652999878,8.020000458
3/29/2018 9:00,8.512000084,8.512000084,8.652999878
3/29/2018 10:00,9.145000458,9.145000458,8.512000084
3/29/2018 11:00,8.86400032,8.86400032,9.145000458
3/29/2018 12:00,9.145000458,9.145000458,8.86400032
3/29/2018 13:00,9.637999535,9.637999535,9.145000458
3/29/2018 14:00,10.13000011,10.13000011,9.637999535
3/29/2018 15:00,10.69299984,10.69299984,10.13000011
3/29/2018 16:00,10.48200035,10.48200035,10.69299984
3/29/2018 17:00,10.3409996,10.3409996,10.48200035
3/29/2018 18:00,9.637999535,9.637999535,10.3409996
3/29/2018 19:00,9.355999947,9.355999947,9.637999535
3/29/2018 20:00,9.425999641,9.425999641,9.355999947
3/29/2018 21:00,8.230999947,8.230999947,9.425999641
3/29/2018 22:00,7.809000015,7.809000015,8.230999947
3/29/2018 23:00,7.315999985,7.315999985,7.809000015
3/30/2018 0:00,6.612999916,6.612999916,7.315999985
3/30/2018 1:00,6.823999882,6.823999882,6.612999916
3/30/2018 2:00,6.472000122,6.472000122,6.823999882
3/30/2018 3:00,6.119999886,6.119999886,6.472000122
3/30/2018 4:00,6.119999886,6.119999886,6.119999886
3/30/2018 5:00,5.839000225,5.839000225,6.119999886
3/30/2018 6:00,5.276000023,5.276000023,5.839000225
3/30/2018 7:00,5.205999851,5.205999851,5.276000023
3/30/2018 8:00,5.55700016,5.55700016,5.205999851
3/30/2018 9:00,5.768000126,5.768000126,5.55700016
3/30/2018 10:00,6.261000156,6.261000156,5.768000126
3/30/2018 11:00,6.261000156,6.261000156,6.261000156
3/30/2018 12:00,6.330999851,6.330999851,6.261000156
3/30/2018 13:00,7.034999847,7.034999847,6.330999851
3/30/2018 14:00,7.034999847,7.034999847,7.034999847
3/30/2018 15:00,7.386000156,7.386000156,7.034999847
3/30/2018 16:00,7.315999985,7.315999985,7.386000156
3/30/2018 17:00,7.809000015,7.809000015,7.315999985
3/30/2018 18:00,6.683000088,6.683000088,7.809000015
3/30/2018 19:00,5.768000126,5.768000126,6.683000088
3/30/2018 20:00,6.330999851,6.330999851,5.768000126
3/30/2018 21:00,6.40199995,6.40199995,6.330999851
3/30/2018 22:00,6.261000156,6.261000156,6.40199995
3/30/2018 23:00,5.979000092,5.979000092,6.261000156
3/31/2018 0:00,5.768000126,5.768000126,5.979000092
3/31/2018 1:00,5.768000126,5.768000126,5.768000126
3/31/2018 2:00,5.768000126,5.768000126,5.768000126
3/31/2018 3:00,5.768000126,5.768000126,5.768000126
3/31/2018 4:00,5.768000126,5.768000126,5.768000126
3/31/2018 5:00,5.768000126,5.768000126,5.768000126
3/31/2018 6:00,5.768000126,5.768000126,5.768000126
3/31/2018 7:00,5.768000126,5.768000126,5.768000126
3/31/2018 8:00,5.768000126,5.768000126,5.768000126
3/31/2018 9:00,5.768000126,5.768000126,5.768000126
3/31/2018 10:00,5.768000126,5.768000126,5.768000126
3/31/2018 11:00,5.768000126,5.768000126,5.768000126
3/31/2018 12:00,5.768000126,5.768000126,5.768000126
3/31/2018 13:00,5.768000126,5.768000126,5.768000126
3/31/2018 14:00,5.768000126,5.768000126,5.768000126
3/31/2018 15:00,5.768000126,5.768000126,5.768000126
3/31/2018 16:00,5.768000126,5.768000126,5.768000126
3/31/2018 17:00,5.768000126,5.768000126,5.768000126
3/31/2018 18:00,5.768000126,5.768000126,5.768000126
3/31/2018 19:00,5.768000126,5.768000126,5.768000126
3/31/2018 20:00,5.768000126,5.768000126,5.768000126
3/31/2018 21:00,5.768000126,5.768000126,5.768000126
3/31/2018 22:00,5.768000126,5.768000126,5.768000126
3/31/2018 23:00,5.768000126,5.768000126,5.768000126
4/1/2018 0:00,9.00399971,9.00399971,5.768000126
4/1/2018 1:00,9.215000153,9.215000153,9.00399971
4/1/2018 2:00,9.00399971,9.00399971,9.215000153
4/1/2018 3:00,8.652999878,8.652999878,9.00399971
4/1/2018 4:00,9.215000153,9.215000153,8.652999878
4/1/2018 5:00,9.215000153,9.215000153,9.215000153
4/1/2018 6:00,9.425999641,9.425999641,9.215000153
4/1/2018 7:00,9.567000389,9.567000389,9.425999641
4/1/2018 8:00,10.19999981,10.19999981,9.567000389
4/1/2018 9:00,10.69299984,10.69299984,10.19999981
4/1/2018 10:00,11.11499977,11.11499977,10.69299984
4/1/2018 11:00,10.97399998,10.97399998,11.11499977
4/1/2018 12:00,10.76299953,10.76299953,10.97399998
4/1/2018 13:00,11.60700035,11.60700035,10.76299953
4/1/2018 14:00,11.25599957,11.25599957,11.60700035
4/1/2018 15:00,12.94400024,12.94400024,11.25599957
4/1/2018 16:00,12.7329998,12.7329998,12.94400024
4/1/2018 17:00,11.81799984,11.81799984,12.7329998
4/1/2018 18:00,11.74800014,11.74800014,11.81799984
4/1/2018 19:00,10.76299953,10.76299953,11.74800014
4/1/2018 20:00,10.69299984,10.69299984,10.76299953
4/1/2018 21:00,10.55200005,10.55200005,10.69299984
4/1/2018 22:00,10.48200035,10.48200035,10.55200005
4/1/2018 23:00,10.13000011,10.13000011,10.48200035
4/2/2018 0:00,9.708000183,9.708000183,10.13000011
4/2/2018 1:00,10.19999981,10.19999981,9.708000183
4/2/2018 2:00,10.48200035,10.48200035,10.19999981
4/2/2018 3:00,10.83300018,10.83300018,10.48200035
4/2/2018 4:00,10.3409996,10.3409996,10.83300018
4/2/2018 5:00,10.3409996,10.3409996,10.3409996
4/2/2018 6:00,10.06000042,10.06000042,10.3409996
4/2/2018 7:00,10.48200035,10.48200035,10.06000042
4/2/2018 8:00,9.637999535,9.637999535,10.48200035
4/2/2018 9:00,10.55200005,10.55200005,9.637999535
4/2/2018 10:00,10.48200035,10.48200035,10.55200005
4/2/2018 11:00,10.13000011,10.13000011,10.48200035
4/2/2018 12:00,10.19999981,10.19999981,10.13000011
4/2/2018 13:00,11.67800045,11.67800045,10.19999981
4/2/2018 14:00,12.02900028,12.02900028,11.67800045
4/2/2018 15:00,12.10000038,12.10000038,12.02900028
4/2/2018 16:00,12.17000008,12.17000008,12.10000038
4/2/2018 17:00,12.02900028,12.02900028,12.17000008
4/2/2018 18:00,11.25599957,11.25599957,12.02900028
4/2/2018 19:00,10.97399998,10.97399998,11.25599957
4/2/2018 20:00,10.55200005,10.55200005,10.97399998
4/2/2018 21:00,10.19999981,10.19999981,10.55200005
4/2/2018 22:00,10.3409996,10.3409996,10.19999981
4/2/2018 23:00,9.848999977,9.848999977,10.3409996
4/3/2018 0:00,9.425999641,9.425999641,9.848999977
4/3/2018 1:00,9.355999947,9.355999947,9.425999641
4/3/2018 2:00,9.215000153,9.215000153,9.355999947
4/3/2018 3:00,9.145000458,9.145000458,9.215000153
4/3/2018 4:00,9.145000458,9.145000458,9.145000458
4/3/2018 5:00,9.425999641,9.425999641,9.145000458
4/3/2018 6:00,9.286000252,9.286000252,9.425999641
4/3/2018 7:00,9.496999741,9.496999741,9.286000252
4/3/2018 8:00,9.848999977,9.848999977,9.496999741
4/3/2018 9:00,10.69299984,10.69299984,9.848999977
4/3/2018 10:00,11.39599991,11.39599991,10.69299984
4/3/2018 11:00,11.32600021,11.32600021,11.39599991
4/3/2018 12:00,11.39599991,11.39599991,11.32600021
4/3/2018 13:00,11.32600021,11.32600021,11.39599991
4/3/2018 14:00,12.7329998,12.7329998,11.32600021
4/3/2018 15:00,12.94400024,12.94400024,12.7329998
4/3/2018 16:00,13.43599987,13.43599987,12.94400024
4/3/2018 17:00,13.71800041,13.71800041,13.43599987
4/3/2018 18:00,12.23999977,12.23999977,13.71800041
4/3/2018 19:00,12.17000008,12.17000008,12.23999977
4/3/2018 20:00,11.60700035,11.60700035,12.17000008
4/3/2018 21:00,11.32600021,11.32600021,11.60700035
4/3/2018 22:00,10.97399998,10.97399998,11.32600021
4/3/2018 23:00,10.90400028,10.90400028,10.97399998
4/4/2018 0:00,9.918999672,9.918999672,10.90400028
4/4/2018 1:00,8.86400032,8.86400032,9.918999672
4/4/2018 2:00,8.934000015,8.934000015,8.86400032
4/4/2018 3:00,7.809000015,7.809000015,8.934000015
4/4/2018 4:00,6.823999882,6.823999882,7.809000015
4/4/2018 5:00,7.105000019,7.105000019,6.823999882
4/4/2018 6:00,6.612999916,6.612999916,7.105000019
4/4/2018 7:00,5.135000229,5.135000229,6.612999916
4/4/2018 8:00,5.346000195,5.346000195,5.135000229
4/4/2018 9:00,5.065000057,5.065000057,5.346000195
4/4/2018 10:00,5.276000023,5.276000023,5.065000057
4/4/2018 11:00,5.276000023,5.276000023,5.276000023
4/4/2018 12:00,5.065000057,5.065000057,5.276000023
4/4/2018 13:00,4.572999954,4.572999954,5.065000057
4/4/2018 14:00,4.290999889,4.290999889,4.572999954
4/4/2018 15:00,4.43200016,4.43200016,4.290999889
4/4/2018 16:00,4.221000195,4.221000195,4.43200016
4/4/2018 17:00,4.079999924,4.079999924,4.221000195
4/4/2018 18:00,3.799000025,3.799000025,4.079999924
4/4/2018 19:00,3.657999992,3.657999992,3.799000025
4/4/2018 20:00,3.799000025,3.799000025,3.657999992
4/4/2018 21:00,3.799000025,3.799000025,3.799000025
4/4/2018 22:00,3.868999958,3.868999958,3.799000025
4/4/2018 23:00,3.938999891,3.938999891,3.868999958
4/5/2018 0:00,3.657999992,3.657999992,3.938999891
4/5/2018 1:00,3.799000025,3.799000025,3.657999992
4/5/2018 2:00,3.868999958,3.868999958,3.799000025
4/5/2018 3:00,3.799000025,3.799000025,3.868999958
4/5/2018 4:00,4.361999989,4.361999989,3.799000025
4/5/2018 5:00,3.657999992,3.657999992,4.361999989
4/5/2018 6:00,4.221000195,4.221000195,3.657999992
4/5/2018 7:00,3.51699996,3.51699996,4.221000195
4/5/2018 8:00,3.095000029,3.095000029,3.51699996
4/5/2018 9:00,0.421999991,0.421999991,3.095000029
4/5/2018 10:00,0.0,0.0,0.421999991
4/5/2018 11:00,-0.633000016,-0.633000016,0.0
4/5/2018 12:00,-0.703000009,-0.703000009,-0.633000016
4/5/2018 13:00,0.0,0.0,-0.703000009
4/5/2018 14:00,-0.633000016,-0.633000016,0.0
4/5/2018 15:00,-0.915000021,-0.915000021,-0.633000016
4/5/2018 16:00,0.0,0.0,-0.915000021
4/5/2018 17:00,0.563000023,0.563000023,0.0
4/5/2018 18:00,1.758999944,1.758999944,0.563000023
4/5/2018 19:00,0.563000023,0.563000023,1.758999944
4/5/2018 20:00,0.0,0.0,0.563000023
4/5/2018 21:00,2.039999962,2.039999962,0.0
4/5/2018 22:00,0.492000014,0.492000014,2.039999962
4/5/2018 23:00,1.126000047,1.126000047,0.492000014
4/6/2018 0:00,0.985000014,0.985000014,1.126000047
4/6/2018 1:00,0.0,0.0,0.985000014
4/6/2018 2:00,0.563000023,0.563000023,0.0
4/6/2018 3:00,1.970000029,1.970000029,0.563000023
4/6/2018 4:00,2.39199996,2.39199996,1.970000029
4/6/2018 5:00,1.476999998,1.476999998,2.39199996
4/6/2018 6:00,1.337000012,1.337000012,1.476999998
4/6/2018 7:00,1.054999948,1.054999948,1.337000012
4/6/2018 8:00,1.054999948,1.054999948,1.054999948
4/6/2018 9:00,1.337000012,1.337000012,1.054999948
4/6/2018 10:00,1.828999996,1.828999996,1.337000012
4/6/2018 11:00,3.095000029,3.095000029,1.828999996
4/6/2018 12:00,4.010000229,4.010000229,3.095000029
4/6/2018 13:00,4.643000126,4.643000126,4.010000229
4/6/2018 14:00,4.994999886,4.994999886,4.643000126
4/6/2018 15:00,4.994999886,4.994999886,4.994999886
4/6/2018 16:00,5.346000195,5.346000195,4.994999886
4/6/2018 17:00,5.486999989,5.486999989,5.346000195
4/6/2018 18:00,5.346000195,5.346000195,5.486999989
4/6/2018 19:00,5.346000195,5.346000195,5.346000195
4/6/2018 20:00,5.346000195,5.346000195,5.346000195
4/6/2018 21:00,4.221000195,4.221000195,5.346000195
4/6/2018 22:00,5.276000023,5.276000023,4.221000195
4/6/2018 23:00,4.854000092,4.854000092,5.276000023
4/7/2018 0:00,4.501999855,4.501999855,4.854000092
4/7/2018 1:00,4.221000195,4.221000195,4.501999855
4/7/2018 2:00,4.150000095,4.150000095,4.221000195
4/7/2018 3:00,4.221000195,4.221000195,4.150000095
4/7/2018 4:00,4.221000195,4.221000195,4.221000195
4/7/2018 5:00,4.150000095,4.150000095,4.221000195
4/7/2018 6:00,3.727999926,3.727999926,4.150000095
4/7/2018 7:00,4.994999886,4.994999886,3.727999926
4/7/2018 8:00,4.221000195,4.221000195,4.994999886
4/7/2018 9:00,3.727999926,3.727999926,4.221000195
4/7/2018 10:00,5.346000195,5.346000195,3.727999926
4/7/2018 11:00,3.305999994,3.305999994,5.346000195
4/7/2018 12:00,3.236000061,3.236000061,3.305999994
4/7/2018 13:00,3.51699996,3.51699996,3.236000061
4/7/2018 14:00,4.501999855,4.501999855,3.51699996
4/7/2018 15:00,4.994999886,4.994999886,4.501999855
4/7/2018 16:00,5.276000023,5.276000023,4.994999886
4/7/2018 17:00,5.768000126,5.768000126,5.276000023
4/7/2018 18:00,6.050000191,6.050000191,5.768000126
4/7/2018 19:00,5.697999954,5.697999954,6.050000191
4/7/2018 20:00,5.346000195,5.346000195,5.697999954
4/7/2018 21:00,4.923999786,4.923999786,5.346000195
4/7/2018 22:00,4.854000092,4.854000092,4.923999786
4/7/2018 23:00,5.065000057,5.065000057,4.854000092
4/8/2018 0:00,4.572999954,4.572999954,5.065000057
4/8/2018 1:00,4.712999821,4.712999821,4.572999954
4/8/2018 2:00,4.501999855,4.501999855,4.712999821
4/8/2018 3:00,4.501999855,4.501999855,4.501999855
4/8/2018 4:00,4.501999855,4.501999855,4.501999855
4/8/2018 5:00,4.643000126,4.643000126,4.501999855
4/8/2018 6:00,4.572999954,4.572999954,4.643000126
4/8/2018 7:00,5.697999954,5.697999954,4.572999954
4/8/2018 8:00,5.768000126,5.768000126,5.697999954
4/8/2018 9:00,5.627999783,5.627999783,5.768000126
4/8/2018 10:00,5.416999817,5.416999817,5.627999783
4/8/2018 11:00,5.697999954,5.697999954,5.416999817
4/8/2018 12:00,5.627999783,5.627999783,5.697999954
4/8/2018 13:00,6.261000156,6.261000156,5.627999783
4/8/2018 14:00,7.105000019,7.105000019,6.261000156
4/8/2018 15:00,7.668000221,7.668000221,7.105000019
4/8/2018 16:00,7.809000015,7.809000015,7.668000221
4/8/2018 17:00,7.879000187,7.879000187,7.809000015
4/8/2018 18:00,7.597000122,7.597000122,7.879000187
4/8/2018 19:00,8.230999947,8.230999947,7.597000122
4/8/2018 20:00,8.300999641,8.300999641,8.230999947
4/8/2018 21:00,7.879000187,7.879000187,8.300999641
4/8/2018 22:00,7.737999916,7.737999916,7.879000187
4/8/2018 23:00,7.245999813,7.245999813,7.737999916
4/9/2018 0:00,7.386000156,7.386000156,7.245999813
4/9/2018 1:00,7.668000221,7.668000221,7.386000156
4/9/2018 2:00,7.737999916,7.737999916,7.668000221
4/9/2018 3:00,7.456999779,7.456999779,7.737999916
4/9/2018 4:00,7.456999779,7.456999779,7.456999779
4/9/2018 5:00,7.245999813,7.245999813,7.456999779
4/9/2018 6:00,6.894000053,6.894000053,7.245999813
4/9/2018 7:00,8.020000458,8.020000458,6.894000053
4/9/2018 8:00,8.652999878,8.652999878,8.020000458
4/9/2018 9:00,9.425999641,9.425999641,8.652999878
4/9/2018 10:00,10.55200005,10.55200005,9.425999641
4/9/2018 11:00,9.777999878,9.777999878,10.55200005
4/9/2018 12:00,9.286000252,9.286000252,9.777999878
4/9/2018 13:00,9.98900032,9.98900032,9.286000252
4/9/2018 14:00,11.32600021,11.32600021,9.98900032
4/9/2018 15:00,10.90400028,10.90400028,11.32600021
4/9/2018 16:00,12.10000038,12.10000038,10.90400028
4/9/2018 17:00,12.45100021,12.45100021,12.10000038
4/9/2018 18:00,12.02900028,12.02900028,12.45100021
4/9/2018 19:00,10.48200035,10.48200035,12.02900028
4/9/2018 20:00,9.918999672,9.918999672,10.48200035
4/9/2018 21:00,9.708000183,9.708000183,9.918999672
4/9/2018 22:00,9.496999741,9.496999741,9.708000183
4/9/2018 23:00,9.215000153,9.215000153,9.496999741
4/10/2018 0:00,8.86400032,8.86400032,9.215000153
4/10/2018 1:00,8.722999573,8.722999573,8.86400032
4/10/2018 2:00,8.652999878,8.652999878,8.722999573
4/10/2018 3:00,8.722999573,8.722999573,8.652999878
4/10/2018 4:00,8.442000389,8.442000389,8.722999573
4/10/2018 5:00,8.581999779,8.581999779,8.442000389
4/10/2018 6:00,8.652999878,8.652999878,8.581999779
4/10/2018 7:00,9.215000153,9.215000153,8.652999878
4/10/2018 8:00,9.918999672,9.918999672,9.215000153
4/10/2018 9:00,10.48200035,10.48200035,9.918999672
4/10/2018 10:00,9.215000153,9.215000153,10.48200035
4/10/2018 11:00,9.567000389,9.567000389,9.215000153
4/10/2018 12:00,8.934000015,8.934000015,9.567000389
4/10/2018 13:00,9.425999641,9.425999641,8.934000015
4/10/2018 14:00,10.55200005,10.55200005,9.425999641
4/10/2018 15:00,10.62199974,10.62199974,10.55200005
4/10/2018 16:00,11.18500042,11.18500042,10.62199974
4/10/2018 17:00,10.90400028,10.90400028,11.18500042
4/10/2018 18:00,12.02900028,12.02900028,10.90400028
4/10/2018 19:00,11.60700035,11.60700035,12.02900028
4/10/2018 20:00,11.18500042,11.18500042,11.60700035
4/10/2018 21:00,11.04399967,11.04399967,11.18500042
4/10/2018 22:00,10.55200005,10.55200005,11.04399967
4/10/2018 23:00,11.04399967,11.04399967,10.55200005
4/11/2018 0:00,10.3409996,10.3409996,11.04399967
4/11/2018 1:00,10.48200035,10.48200035,10.3409996
4/11/2018 2:00,10.55200005,10.55200005,10.48200035
4/11/2018 3:00,10.41100025,10.41100025,10.55200005
4/11/2018 4:00,10.55200005,10.55200005,10.41100025
4/11/2018 5:00,10.55200005,10.55200005,10.55200005
4/11/2018 6:00,9.777999878,9.777999878,10.55200005
4/11/2018 7:00,9.918999672,9.918999672,9.777999878
4/11/2018 8:00,9.918999672,9.918999672,9.918999672
4/11/2018 9:00,9.708000183,9.708000183,9.918999672
4/11/2018 10:00,10.3409996,10.3409996,9.708000183
4/11/2018 11:00,10.13000011,10.13000011,10.3409996
4/11/2018 12:00,10.27099991,10.27099991,10.13000011
4/11/2018 13:00,10.3409996,10.3409996,10.27099991
4/11/2018 14:00,10.97399998,10.97399998,10.3409996
4/11/2018 15:00,10.97399998,10.97399998,10.97399998
4/11/2018 16:00,10.76299953,10.76299953,10.97399998
4/11/2018 17:00,9.777999878,9.777999878,10.76299953
4/11/2018 18:00,9.425999641,9.425999641,9.777999878
4/11/2018 19:00,8.722999573,8.722999573,9.425999641
4/11/2018 20:00,7.879000187,7.879000187,8.722999573
4/11/2018 21:00,7.668000221,7.668000221,7.879000187
4/11/2018 22:00,7.386000156,7.386000156,7.668000221
4/11/2018 23:00,6.964000225,6.964000225,7.386000156
4/12/2018 0:00,6.964000225,6.964000225,6.964000225
4/12/2018 1:00,6.612999916,6.612999916,6.964000225
4/12/2018 2:00,6.612999916,6.612999916,6.612999916
4/12/2018 3:00,6.050000191,6.050000191,6.612999916
4/12/2018 4:00,6.40199995,6.40199995,6.050000191
4/12/2018 5:00,5.90899992,5.90899992,6.40199995
4/12/2018 6:00,5.768000126,5.768000126,5.90899992
4/12/2018 7:00,5.627999783,5.627999783,5.768000126
4/12/2018 8:00,5.90899992,5.90899992,5.627999783
4/12/2018 9:00,5.90899992,5.90899992,5.90899992
4/12/2018 10:00,5.979000092,5.979000092,5.90899992
4/12/2018 11:00,6.330999851,6.330999851,5.979000092
4/12/2018 12:00,6.472000122,6.472000122,6.330999851
4/12/2018 13:00,6.050000191,6.050000191,6.472000122
4/12/2018 14:00,6.541999817,6.541999817,6.050000191
4/12/2018 15:00,6.472000122,6.472000122,6.541999817
4/12/2018 16:00,6.330999851,6.330999851,6.472000122
4/12/2018 17:00,5.768000126,5.768000126,6.330999851
4/12/2018 18:00,5.627999783,5.627999783,5.768000126
4/12/2018 19:00,5.346000195,5.346000195,5.627999783
4/12/2018 20:00,4.854000092,4.854000092,5.346000195
4/12/2018 21:00,5.135000229,5.135000229,4.854000092
4/12/2018 22:00,4.994999886,4.994999886,5.135000229
4/12/2018 23:00,4.643000126,4.643000126,4.994999886
4/13/2018 0:00,4.994999886,4.994999886,4.643000126
4/13/2018 1:00,4.923999786,4.923999786,4.994999886
4/13/2018 2:00,4.78399992,4.78399992,4.923999786
4/13/2018 3:00,4.854000092,4.854000092,4.78399992
4/13/2018 4:00,4.854000092,4.854000092,4.854000092
4/13/2018 5:00,4.78399992,4.78399992,4.854000092
4/13/2018 6:00,4.712999821,4.712999821,4.78399992
4/13/2018 7:00,4.572999954,4.572999954,4.712999821
4/13/2018 8:00,4.290999889,4.290999889,4.572999954
4/13/2018 9:00,4.290999889,4.290999889,4.290999889
4/13/2018 10:00,4.361999989,4.361999989,4.290999889
4/13/2018 11:00,4.572999954,4.572999954,4.361999989
4/13/2018 12:00,5.065000057,5.065000057,4.572999954
4/13/2018 13:00,4.643000126,4.643000126,5.065000057
4/13/2018 14:00,4.854000092,4.854000092,4.643000126
4/13/2018 15:00,5.276000023,5.276000023,4.854000092
4/13/2018 16:00,4.854000092,4.854000092,5.276000023
4/13/2018 17:00,5.839000225,5.839000225,4.854000092
4/13/2018 18:00,4.572999954,4.572999954,5.839000225
4/13/2018 19:00,3.095000029,3.095000029,4.572999954
4/13/2018 20:00,3.799000025,3.799000025,3.095000029
4/13/2018 21:00,4.854000092,4.854000092,3.799000025
4/13/2018 22:00,3.095000029,3.095000029,4.854000092
4/13/2018 23:00,3.588000059,3.588000059,3.095000029
4/14/2018 0:00,4.290999889,4.290999889,3.588000059
4/14/2018 1:00,4.361999989,4.361999989,4.290999889
4/14/2018 2:00,4.150000095,4.150000095,4.361999989
4/14/2018 3:00,4.643000126,4.643000126,4.150000095
4/14/2018 4:00,5.205999851,5.205999851,4.643000126
4/14/2018 5:00,4.854000092,4.854000092,5.205999851
4/14/2018 6:00,5.205999851,5.205999851,4.854000092
4/14/2018 7:00,4.854000092,4.854000092,5.205999851
4/14/2018 8:00,4.923999786,4.923999786,4.854000092
4/14/2018 9:00,3.447000027,3.447000027,4.923999786
4/14/2018 10:00,4.361999989,4.361999989,3.447000027
4/14/2018 11:00,3.799000025,3.799000025,4.361999989
4/14/2018 12:00,3.799000025,3.799000025,3.799000025
4/14/2018 13:00,3.938999891,3.938999891,3.799000025
4/14/2018 14:00,4.010000229,4.010000229,3.938999891
4/14/2018 15:00,4.43200016,4.43200016,4.010000229
4/14/2018 16:00,5.346000195,5.346000195,4.43200016
4/14/2018 17:00,5.205999851,5.205999851,5.346000195
4/14/2018 18:00,5.416999817,5.416999817,5.205999851
4/14/2018 19:00,5.065000057,5.065000057,5.416999817
4/14/2018 20:00,4.923999786,4.923999786,5.065000057
4/14/2018 21:00,3.868999958,3.868999958,4.923999786
4/14/2018 22:00,4.361999989,4.361999989,3.868999958
4/14/2018 23:00,4.501999855,4.501999855,4.361999989
4/15/2018 0:00,4.854000092,4.854000092,4.501999855
4/15/2018 1:00,5.346000195,5.346000195,4.854000092
4/15/2018 2:00,4.643000126,4.643000126,5.346000195
4/15/2018 3:00,4.854000092,4.854000092,4.643000126
4/15/2018 4:00,5.135000229,5.135000229,4.854000092
4/15/2018 5:00,5.276000023,5.276000023,5.135000229
4/15/2018 6:00,5.135000229,5.135000229,5.276000023
4/15/2018 7:00,5.768000126,5.768000126,5.135000229
4/15/2018 8:00,4.854000092,4.854000092,5.768000126
4/15/2018 9:00,5.979000092,5.979000092,4.854000092
4/15/2018 10:00,6.261000156,6.261000156,5.979000092
4/15/2018 11:00,6.190999985,6.190999985,6.261000156
4/15/2018 12:00,6.612999916,6.612999916,6.190999985
4/15/2018 13:00,6.823999882,6.823999882,6.612999916
4/15/2018 14:00,8.300999641,8.300999641,6.823999882
4/15/2018 15:00,8.722999573,8.722999573,8.300999641
4/15/2018 16:00,9.425999641,9.425999641,8.722999573
4/15/2018 17:00,9.355999947,9.355999947,9.425999641
4/15/2018 18:00,8.722999573,8.722999573,9.355999947
4/15/2018 19:00,7.809000015,7.809000015,8.722999573
4/15/2018 20:00,6.964000225,6.964000225,7.809000015
4/15/2018 21:00,6.261000156,6.261000156,6.964000225
4/15/2018 22:00,6.050000191,6.050000191,6.261000156
4/15/2018 23:00,6.050000191,6.050000191,6.050000191
4/16/2018 0:00,6.823999882,6.823999882,6.050000191
4/16/2018 1:00,6.472000122,6.472000122,6.823999882
4/16/2018 2:00,6.612999916,6.612999916,6.472000122
4/16/2018 3:00,6.541999817,6.541999817,6.612999916
4/16/2018 4:00,6.40199995,6.40199995,6.541999817
4/16/2018 5:00,5.90899992,5.90899992,6.40199995
4/16/2018 6:00,6.190999985,6.190999985,5.90899992
4/16/2018 7:00,6.330999851,6.330999851,6.190999985
4/16/2018 8:00,6.541999817,6.541999817,6.330999851
4/16/2018 9:00,6.683000088,6.683000088,6.541999817
4/16/2018 10:00,6.964000225,6.964000225,6.683000088
4/16/2018 11:00,7.315999985,7.315999985,6.964000225
4/16/2018 12:00,6.964000225,6.964000225,7.315999985
4/16/2018 13:00,7.245999813,7.245999813,6.964000225
4/16/2018 14:00,8.020000458,8.020000458,7.245999813
4/16/2018 15:00,8.652999878,8.652999878,8.020000458
4/16/2018 16:00,9.00399971,9.00399971,8.652999878
4/16/2018 17:00,8.512000084,8.512000084,9.00399971
4/16/2018 18:00,7.737999916,7.737999916,8.512000084
4/16/2018 19:00,7.668000221,7.668000221,7.737999916
4/16/2018 20:00,6.894000053,6.894000053,7.668000221
4/16/2018 21:00,6.823999882,6.823999882,6.894000053
4/16/2018 22:00,6.894000053,6.894000053,6.823999882
4/16/2018 23:00,6.190999985,6.190999985,6.894000053
4/17/2018 0:00,5.90899992,5.90899992,6.190999985
4/17/2018 1:00,6.261000156,6.261000156,5.90899992
4/17/2018 2:00,6.261000156,6.261000156,6.261000156
4/17/2018 3:00,5.90899992,5.90899992,6.261000156
4/17/2018 4:00,6.261000156,6.261000156,5.90899992
4/17/2018 5:00,5.768000126,5.768000126,6.261000156
4/17/2018 6:00,5.768000126,5.768000126,5.768000126
4/17/2018 7:00,6.683000088,6.683000088,5.768000126
4/17/2018 8:00,7.245999813,7.245999813,6.683000088
4/17/2018 9:00,8.159999847,8.159999847,7.245999813
4/17/2018 10:00,8.86400032,8.86400032,8.159999847
4/17/2018 11:00,7.879000187,7.879000187,8.86400032
4/17/2018 12:00,8.090000153,8.090000153,7.879000187
4/17/2018 13:00,8.934000015,8.934000015,8.090000153
4/17/2018 14:00,9.567000389,9.567000389,8.934000015
4/17/2018 15:00,10.27099991,10.27099991,9.567000389
4/17/2018 16:00,10.90400028,10.90400028,10.27099991
4/17/2018 17:00,10.90400028,10.90400028,10.90400028
4/17/2018 18:00,10.62199974,10.62199974,10.90400028
4/17/2018 19:00,8.934000015,8.934000015,10.62199974
4/17/2018 20:00,8.090000153,8.090000153,8.934000015
4/17/2018 21:00,8.159999847,8.159999847,8.090000153
4/17/2018 22:00,7.948999882,7.948999882,8.159999847
4/17/2018 23:00,7.668000221,7.668000221,7.948999882
4/18/2018 0:00,7.456999779,7.456999779,7.668000221
4/18/2018 1:00,7.245999813,7.245999813,7.456999779
4/18/2018 2:00,7.386000156,7.386000156,7.245999813
4/18/2018 3:00,7.245999813,7.245999813,7.386000156
4/18/2018 4:00,7.245999813,7.245999813,7.245999813
4/18/2018 5:00,7.245999813,7.245999813,7.245999813
4/18/2018 6:00,6.964000225,6.964000225,7.245999813
4/18/2018 7:00,7.737999916,7.737999916,6.964000225
4/18/2018 8:00,9.145000458,9.145000458,7.737999916
4/18/2018 9:00,8.722999573,8.722999573,9.145000458
4/18/2018 10:00,9.637999535,9.637999535,8.722999573
4/18/2018 11:00,9.215000153,9.215000153,9.637999535
4/18/2018 12:00,9.286000252,9.286000252,9.215000153
4/18/2018 13:00,9.98900032,9.98900032,9.286000252
4/18/2018 14:00,11.18500042,11.18500042,9.98900032
4/18/2018 15:00,11.5369997,11.5369997,11.18500042
4/18/2018 16:00,12.31099987,12.31099987,11.5369997
4/18/2018 17:00,12.6619997,12.6619997,12.31099987
4/18/2018 18:00,11.81799984,11.81799984,12.6619997
4/18/2018 19:00,10.13000011,10.13000011,11.81799984
4/18/2018 20:00,9.98900032,9.98900032,10.13000011
4/18/2018 21:00,9.355999947,9.355999947,9.98900032
4/18/2018 22:00,9.00399971,9.00399971,9.355999947
4/18/2018 23:00,8.934000015,8.934000015,9.00399971
4/19/2018 0:00,8.512000084,8.512000084,8.934000015
4/19/2018 1:00,8.442000389,8.442000389,8.512000084
4/19/2018 2:00,8.37100029,8.37100029,8.442000389
4/19/2018 3:00,8.230999947,8.230999947,8.37100029
4/19/2018 4:00,8.020000458,8.020000458,8.230999947
4/19/2018 5:00,8.020000458,8.020000458,8.020000458
4/19/2018 6:00,7.52699995,7.52699995,8.020000458
4/19/2018 7:00,8.090000153,8.090000153,7.52699995
4/19/2018 8:00,9.074999809,9.074999809,8.090000153
4/19/2018 9:00,9.286000252,9.286000252,9.074999809
4/19/2018 10:00,9.918999672,9.918999672,9.286000252
4/19/2018 11:00,9.777999878,9.777999878,9.918999672
4/19/2018 12:00,10.27099991,10.27099991,9.777999878
4/19/2018 13:00,11.04399967,11.04399967,10.27099991
4/19/2018 14:00,11.88899994,11.88899994,11.04399967
4/19/2018 15:00,12.59200001,12.59200001,11.88899994
4/19/2018 16:00,12.52200031,12.52200031,12.59200001
4/19/2018 17:00,12.17000008,12.17000008,12.52200031
4/19/2018 18:00,11.60700035,11.60700035,12.17000008
4/19/2018 19:00,10.41100025,10.41100025,11.60700035
4/19/2018 20:00,9.848999977,9.848999977,10.41100025
4/19/2018 21:00,9.355999947,9.355999947,9.848999977
4/19/2018 22:00,8.934000015,8.934000015,9.355999947
4/19/2018 23:00,8.512000084,8.512000084,8.934000015
4/20/2018 0:00,8.512000084,8.512000084,8.512000084
4/20/2018 1:00,8.652999878,8.652999878,8.512000084
4/20/2018 2:00,8.793000221,8.793000221,8.652999878
4/20/2018 3:00,8.37100029,8.37100029,8.793000221
4/20/2018 4:00,8.300999641,8.300999641,8.37100029
4/20/2018 5:00,8.090000153,8.090000153,8.300999641
4/20/2018 6:00,8.37100029,8.37100029,8.090000153
4/20/2018 7:00,9.145000458,9.145000458,8.37100029
4/20/2018 8:00,9.00399971,9.00399971,9.145000458
4/20/2018 9:00,8.86400032,8.86400032,9.00399971
4/20/2018 10:00,9.496999741,9.496999741,8.86400032
4/20/2018 11:00,9.98900032,9.98900032,9.496999741
4/20/2018 12:00,10.3409996,10.3409996,9.98900032
4/20/2018 13:00,11.74800014,11.74800014,10.3409996
4/20/2018 14:00,12.38099957,12.38099957,11.74800014
4/20/2018 15:00,12.94400024,12.94400024,12.38099957
4/20/2018 16:00,13.43599987,13.43599987,12.94400024
4/20/2018 17:00,12.8739996,12.8739996,13.43599987
4/20/2018 18:00,12.23999977,12.23999977,12.8739996
4/20/2018 19:00,11.74800014,11.74800014,12.23999977
4/20/2018 20:00,11.25599957,11.25599957,11.74800014
4/20/2018 21:00,11.88899994,11.88899994,11.25599957
4/20/2018 22:00,11.04399967,11.04399967,11.88899994
4/20/2018 23:00,10.90400028,10.90400028,11.04399967
4/21/2018 0:00,10.97399998,10.97399998,10.90400028
4/21/2018 1:00,10.90400028,10.90400028,10.97399998
4/21/2018 2:00,11.32600021,11.32600021,10.90400028
4/21/2018 3:00,10.3409996,10.3409996,11.32600021
4/21/2018 4:00,9.567000389,9.567000389,10.3409996
4/21/2018 5:00,10.27099991,10.27099991,9.567000389
4/21/2018 6:00,10.3409996,10.3409996,10.27099991
4/21/2018 7:00,10.3409996,10.3409996,10.3409996
4/21/2018 8:00,10.06000042,10.06000042,10.3409996
4/21/2018 9:00,10.62199974,10.62199974,10.06000042
4/21/2018 10:00,10.76299953,10.76299953,10.62199974
4/21/2018 11:00,10.48200035,10.48200035,10.76299953
4/21/2018 12:00,11.25599957,11.25599957,10.48200035
4/21/2018 13:00,11.25599957,11.25599957,11.25599957
4/21/2018 14:00,9.777999878,9.777999878,11.25599957
4/21/2018 15:00,10.27099991,10.27099991,9.777999878
4/21/2018 16:00,9.848999977,9.848999977,10.27099991
4/21/2018 17:00,9.567000389,9.567000389,9.848999977
4/21/2018 18:00,9.425999641,9.425999641,9.567000389
4/21/2018 19:00,9.355999947,9.355999947,9.425999641
4/21/2018 20:00,9.496999741,9.496999741,9.355999947
4/21/2018 21:00,9.00399971,9.00399971,9.496999741
4/21/2018 22:00,9.215000153,9.215000153,9.00399971
4/21/2018 23:00,9.145000458,9.145000458,9.215000153
4/22/2018 0:00,9.567000389,9.567000389,9.145000458
4/22/2018 1:00,9.708000183,9.708000183,9.567000389
4/22/2018 2:00,9.637999535,9.637999535,9.708000183
4/22/2018 3:00,9.708000183,9.708000183,9.637999535
4/22/2018 4:00,7.034999847,7.034999847,9.708000183
4/22/2018 5:00,8.652999878,8.652999878,7.034999847
4/22/2018 6:00,9.355999947,9.355999947,8.652999878
4/22/2018 7:00,8.512000084,8.512000084,9.355999947
4/22/2018 8:00,9.98900032,9.98900032,8.512000084
4/22/2018 9:00,10.3409996,10.3409996,9.98900032
4/22/2018 10:00,9.918999672,9.918999672,10.3409996
4/22/2018 11:00,9.425999641,9.425999641,9.918999672
4/22/2018 12:00,9.637999535,9.637999535,9.425999641
4/22/2018 13:00,9.496999741,9.496999741,9.637999535
4/22/2018 14:00,9.355999947,9.355999947,9.496999741
4/22/2018 15:00,9.918999672,9.918999672,9.355999947
4/22/2018 16:00,10.06000042,10.06000042,9.918999672
4/22/2018 17:00,10.27099991,10.27099991,10.06000042
4/22/2018 18:00,10.06000042,10.06000042,10.27099991
4/22/2018 19:00,9.98900032,9.98900032,10.06000042
4/22/2018 20:00,8.37100029,8.37100029,9.98900032
4/22/2018 21:00,8.442000389,8.442000389,8.37100029
4/22/2018 22:00,7.737999916,7.737999916,8.442000389
4/22/2018 23:00,7.105000019,7.105000019,7.737999916
4/23/2018 0:00,6.752999783,6.752999783,7.105000019
4/23/2018 1:00,6.40199995,6.40199995,6.752999783
4/23/2018 2:00,5.839000225,5.839000225,6.40199995
4/23/2018 3:00,5.90899992,5.90899992,5.839000225
4/23/2018 4:00,5.416999817,5.416999817,5.90899992
4/23/2018 5:00,4.994999886,4.994999886,5.416999817
4/23/2018 6:00,5.135000229,5.135000229,4.994999886
4/23/2018 7:00,4.643000126,4.643000126,5.135000229
4/23/2018 8:00,4.361999989,4.361999989,4.643000126
4/23/2018 9:00,4.290999889,4.290999889,4.361999989
4/23/2018 10:00,3.657999992,3.657999992,4.290999889
4/23/2018 11:00,3.165999889,3.165999889,3.657999992
4/23/2018 12:00,3.51699996,3.51699996,3.165999889
4/23/2018 13:00,3.236000061,3.236000061,3.51699996
4/23/2018 14:00,3.236000061,3.236000061,3.236000061
4/23/2018 15:00,3.727999926,3.727999926,3.236000061
4/23/2018 16:00,5.205999851,5.205999851,3.727999926
4/23/2018 17:00,5.697999954,5.697999954,5.205999851
4/23/2018 18:00,5.205999851,5.205999851,5.697999954
4/23/2018 19:00,5.55700016,5.55700016,5.205999851
4/23/2018 20:00,4.643000126,4.643000126,5.55700016
4/23/2018 21:00,5.486999989,5.486999989,4.643000126
4/23/2018 22:00,6.050000191,6.050000191,5.486999989
4/23/2018 23:00,5.135000229,5.135000229,6.050000191
4/24/2018 0:00,6.261000156,6.261000156,5.135000229
4/24/2018 1:00,6.40199995,6.40199995,6.261000156
4/24/2018 2:00,6.612999916,6.612999916,6.40199995
4/24/2018 3:00,6.261000156,6.261000156,6.612999916
4/24/2018 4:00,6.683000088,6.683000088,6.261000156
4/24/2018 5:00,6.330999851,6.330999851,6.683000088
4/24/2018 6:00,6.752999783,6.752999783,6.330999851
4/24/2018 7:00,6.541999817,6.541999817,6.752999783
4/24/2018 8:00,6.261000156,6.261000156,6.541999817
4/24/2018 9:00,6.964000225,6.964000225,6.261000156
4/24/2018 10:00,6.472000122,6.472000122,6.964000225
4/24/2018 11:00,7.105000019,7.105000019,6.472000122
4/24/2018 12:00,7.175000191,7.175000191,7.105000019
4/24/2018 13:00,8.020000458,8.020000458,7.175000191
4/24/2018 14:00,8.159999847,8.159999847,8.020000458
4/24/2018 15:00,8.652999878,8.652999878,8.159999847
4/24/2018 16:00,8.230999947,8.230999947,8.652999878
4/24/2018 17:00,7.668000221,7.668000221,8.230999947
4/24/2018 18:00,8.442000389,8.442000389,7.668000221
4/24/2018 19:00,7.948999882,7.948999882,8.442000389
4/24/2018 20:00,7.809000015,7.809000015,7.948999882
4/24/2018 21:00,7.737999916,7.737999916,7.809000015
4/24/2018 22:00,7.386000156,7.386000156,7.737999916
4/24/2018 23:00,7.668000221,7.668000221,7.386000156
4/25/2018 0:00,7.456999779,7.456999779,7.668000221
4/25/2018 1:00,7.315999985,7.315999985,7.456999779
4/25/2018 2:00,7.809000015,7.809000015,7.315999985
4/25/2018 3:00,7.52699995,7.52699995,7.809000015
4/25/2018 4:00,6.541999817,6.541999817,7.52699995
4/25/2018 5:00,7.034999847,7.034999847,6.541999817
4/25/2018 6:00,7.879000187,7.879000187,7.034999847
4/25/2018 7:00,9.074999809,9.074999809,7.879000187
4/25/2018 8:00,8.020000458,8.020000458,9.074999809
4/25/2018 9:00,8.512000084,8.512000084,8.020000458
4/25/2018 10:00,9.496999741,9.496999741,8.512000084
4/25/2018 11:00,9.145000458,9.145000458,9.496999741
4/25/2018 12:00,9.567000389,9.567000389,9.145000458
4/25/2018 13:00,8.86400032,8.86400032,9.567000389
4/25/2018 14:00,9.848999977,9.848999977,8.86400032
4/25/2018 15:00,10.19999981,10.19999981,9.848999977
4/25/2018 16:00,9.98900032,9.98900032,10.19999981
4/25/2018 17:00,10.55200005,10.55200005,9.98900032
4/25/2018 18:00,10.27099991,10.27099991,10.55200005
4/25/2018 19:00,9.425999641,9.425999641,10.27099991
4/25/2018 20:00,8.512000084,8.512000084,9.425999641
4/25/2018 21:00,9.074999809,9.074999809,8.512000084
4/25/2018 22:00,8.934000015,8.934000015,9.074999809
4/25/2018 23:00,8.512000084,8.512000084,8.934000015
4/26/2018 0:00,8.722999573,8.722999573,8.512000084
4/26/2018 1:00,8.512000084,8.512000084,8.722999573
4/26/2018 2:00,9.215000153,9.215000153,8.512000084
4/26/2018 3:00,9.425999641,9.425999641,9.215000153
4/26/2018 4:00,9.355999947,9.355999947,9.425999641
4/26/2018 5:00,9.567000389,9.567000389,9.355999947
4/26/2018 6:00,9.074999809,9.074999809,9.567000389
4/26/2018 7:00,9.848999977,9.848999977,9.074999809
4/26/2018 8:00,10.27099991,10.27099991,9.848999977
4/26/2018 9:00,9.848999977,9.848999977,10.27099991
4/26/2018 10:00,9.98900032,9.98900032,9.848999977
4/26/2018 11:00,10.69299984,10.69299984,9.98900032
4/26/2018 12:00,10.83300018,10.83300018,10.69299984
4/26/2018 13:00,10.62199974,10.62199974,10.83300018
4/26/2018 14:00,11.11499977,11.11499977,10.62199974
4/26/2018 15:00,10.48200035,10.48200035,11.11499977
4/26/2018 16:00,11.60700035,11.60700035,10.48200035
4/26/2018 17:00,11.32600021,11.32600021,11.60700035
4/26/2018 18:00,10.06000042,10.06000042,11.32600021
4/26/2018 19:00,10.3409996,10.3409996,10.06000042
4/26/2018 20:00,9.777999878,9.777999878,10.3409996
4/26/2018 21:00,10.13000011,10.13000011,9.777999878
4/26/2018 22:00,10.48200035,10.48200035,10.13000011
4/26/2018 23:00,9.848999977,9.848999977,10.48200035
4/27/2018 0:00,9.777999878,9.777999878,9.848999977
4/27/2018 1:00,9.918999672,9.918999672,9.777999878
4/27/2018 2:00,9.918999672,9.918999672,9.918999672
4/27/2018 3:00,9.425999641,9.425999641,9.918999672
4/27/2018 4:00,9.496999741,9.496999741,9.425999641
4/27/2018 5:00,9.637999535,9.637999535,9.496999741
4/27/2018 6:00,9.777999878,9.777999878,9.637999535
4/27/2018 7:00,10.3409996,10.3409996,9.777999878
4/27/2018 8:00,11.18500042,11.18500042,10.3409996
4/27/2018 9:00,11.25599957,11.25599957,11.18500042
4/27/2018 10:00,11.67800045,11.67800045,11.25599957
4/27/2018 11:00,11.32600021,11.32600021,11.67800045
4/27/2018 12:00,11.60700035,11.60700035,11.32600021
4/27/2018 13:00,12.7329998,12.7329998,11.60700035
4/27/2018 14:00,13.08500004,13.08500004,12.7329998
4/27/2018 15:00,13.9989996,13.9989996,13.08500004
4/27/2018 16:00,14.21000004,14.21000004,13.9989996
4/27/2018 17:00,13.9989996,13.9989996,14.21000004
4/27/2018 18:00,13.71800041,13.71800041,13.9989996
4/27/2018 19:00,12.45100021,12.45100021,13.71800041
4/27/2018 20:00,11.67800045,11.67800045,12.45100021
4/27/2018 21:00,11.32600021,11.32600021,11.67800045
4/27/2018 22:00,11.04399967,11.04399967,11.32600021
4/27/2018 23:00,10.97399998,10.97399998,11.04399967
4/28/2018 0:00,10.83300018,10.83300018,10.97399998
4/28/2018 1:00,10.69299984,10.69299984,10.83300018
4/28/2018 2:00,10.97399998,10.97399998,10.69299984
4/28/2018 3:00,9.567000389,9.567000389,10.97399998
4/28/2018 4:00,9.567000389,9.567000389,9.567000389
4/28/2018 5:00,9.496999741,9.496999741,9.567000389
4/28/2018 6:00,9.496999741,9.496999741,9.496999741
4/28/2018 7:00,9.637999535,9.637999535,9.496999741
4/28/2018 8:00,10.19999981,10.19999981,9.637999535
4/28/2018 9:00,10.06000042,10.06000042,10.19999981
4/28/2018 10:00,10.83300018,10.83300018,10.06000042
4/28/2018 11:00,10.83300018,10.83300018,10.83300018
4/28/2018 12:00,11.32600021,11.32600021,10.83300018
4/28/2018 13:00,11.81799984,11.81799984,11.32600021
4/28/2018 14:00,12.80300045,12.80300045,11.81799984
4/28/2018 15:00,13.22500038,13.22500038,12.80300045
4/28/2018 16:00,13.9289999,13.9289999,13.22500038
4/28/2018 17:00,13.08500004,13.08500004,13.9289999
4/28/2018 18:00,12.59200001,12.59200001,13.08500004
4/28/2018 19:00,11.81799984,11.81799984,12.59200001
4/28/2018 20:00,11.5369997,11.5369997,11.81799984
4/28/2018 21:00,11.11499977,11.11499977,11.5369997
4/28/2018 22:00,10.83300018,10.83300018,11.11499977
4/28/2018 23:00,10.69299984,10.69299984,10.83300018
4/29/2018 0:00,10.90400028,10.90400028,10.69299984
4/29/2018 1:00,11.60700035,11.60700035,10.90400028
4/29/2018 2:00,11.60700035,11.60700035,11.60700035
4/29/2018 3:00,11.18500042,11.18500042,11.60700035
4/29/2018 4:00,11.74800014,11.74800014,11.18500042
4/29/2018 5:00,11.60700035,11.60700035,11.74800014
4/29/2018 6:00,11.32600021,11.32600021,11.60700035
4/29/2018 7:00,11.95899963,11.95899963,11.32600021
4/29/2018 8:00,12.59200001,12.59200001,11.95899963
4/29/2018 9:00,12.6619997,12.6619997,12.59200001
4/29/2018 10:00,12.59200001,12.59200001,12.6619997
4/29/2018 11:00,12.02900028,12.02900028,12.59200001
4/29/2018 12:00,12.52200031,12.52200031,12.02900028
4/29/2018 13:00,11.95899963,11.95899963,12.52200031
4/29/2018 14:00,12.80300045,12.80300045,11.95899963
4/29/2018 15:00,12.6619997,12.6619997,12.80300045
4/29/2018 16:00,12.45100021,12.45100021,12.6619997
4/29/2018 17:00,13.29599953,13.29599953,12.45100021
4/29/2018 18:00,12.94400024,12.94400024,13.29599953
4/29/2018 19:00,12.7329998,12.7329998,12.94400024
4/29/2018 20:00,12.6619997,12.6619997,12.7329998
4/29/2018 21:00,12.45100021,12.45100021,12.6619997
4/29/2018 22:00,12.52200031,12.52200031,12.45100021
4/29/2018 23:00,12.38099957,12.38099957,12.52200031
4/30/2018 0:00,12.7329998,12.7329998,12.38099957
4/30/2018 1:00,12.52200031,12.52200031,12.7329998
4/30/2018 2:00,12.10000038,12.10000038,12.52200031
4/30/2018 3:00,11.67800045,11.67800045,12.10000038
4/30/2018 4:00,11.88899994,11.88899994,11.67800045
4/30/2018 5:00,12.59200001,12.59200001,11.88899994
4/30/2018 6:00,12.7329998,12.7329998,12.59200001
4/30/2018 7:00,12.94400024,12.94400024,12.7329998
4/30/2018 8:00,12.8739996,12.8739996,12.94400024
4/30/2018 9:00,12.52200031,12.52200031,12.8739996
4/30/2018 10:00,13.71800041,13.71800041,12.52200031
4/30/2018 11:00,13.64700031,13.64700031,13.71800041
4/30/2018 12:00,14.56200027,14.56200027,13.64700031
4/30/2018 13:00,14.84300041,14.84300041,14.56200027
4/30/2018 14:00,15.0539999,15.0539999,14.84300041
4/30/2018 15:00,15.89799976,15.89799976,15.0539999
4/30/2018 16:00,16.81299973,16.81299973,15.89799976
4/30/2018 17:00,15.82800007,15.82800007,16.81299973
4/30/2018 18:00,14.77299976,14.77299976,15.82800007
4/30/2018 19:00,14.49100018,14.49100018,14.77299976
4/30/2018 20:00,13.57699966,13.57699966,14.49100018
4/30/2018 21:00,13.22500038,13.22500038,13.57699966
4/30/2018 22:00,13.50699997,13.50699997,13.22500038
4/30/2018 23:00,13.36600018,13.36600018,13.50699997
5/1/2018 0:00,13.43599987,13.43599987,13.36600018
5/1/2018 1:00,13.43599987,13.43599987,13.43599987
5/1/2018 2:00,13.57699966,13.57699966,13.43599987
5/1/2018 3:00,13.43599987,13.43599987,13.57699966
5/1/2018 4:00,13.08500004,13.08500004,13.43599987
5/1/2018 5:00,13.64700031,13.64700031,13.08500004
5/1/2018 6:00,13.78800011,13.78800011,13.64700031
5/1/2018 7:00,13.9989996,13.9989996,13.78800011
5/1/2018 8:00,14.06900024,14.06900024,13.9989996
5/1/2018 9:00,13.43599987,13.43599987,14.06900024
5/1/2018 10:00,13.57699966,13.57699966,13.43599987
5/1/2018 11:00,12.8739996,12.8739996,13.57699966
5/1/2018 12:00,12.8739996,12.8739996,12.8739996
5/1/2018 13:00,12.38099957,12.38099957,12.8739996
5/1/2018 14:00,12.7329998,12.7329998,12.38099957
5/1/2018 15:00,13.50699997,13.50699997,12.7329998
5/1/2018 16:00,13.43599987,13.43599987,13.50699997
5/1/2018 17:00,13.64700031,13.64700031,13.43599987
5/1/2018 18:00,7.52699995,7.52699995,13.64700031
5/1/2018 19:00,5.768000126,5.768000126,7.52699995
5/1/2018 20:00,8.020000458,8.020000458,5.768000126
5/1/2018 21:00,9.777999878,9.777999878,8.020000458
5/1/2018 22:00,10.83300018,10.83300018,9.777999878
5/1/2018 23:00,10.48200035,10.48200035,10.83300018
5/2/2018 0:00,10.48200035,10.48200035,10.48200035
5/2/2018 1:00,10.3409996,10.3409996,10.48200035
5/2/2018 2:00,10.19999981,10.19999981,10.3409996
5/2/2018 3:00,10.06000042,10.06000042,10.19999981
5/2/2018 4:00,9.567000389,9.567000389,10.06000042
5/2/2018 5:00,9.637999535,9.637999535,9.567000389
5/2/2018 6:00,10.13000011,10.13000011,9.637999535
5/2/2018 7:00,9.215000153,9.215000153,10.13000011
5/2/2018 8:00,9.215000153,9.215000153,9.215000153
5/2/2018 9:00,9.708000183,9.708000183,9.215000153
5/2/2018 10:00,9.286000252,9.286000252,9.708000183
5/2/2018 11:00,9.425999641,9.425999641,9.286000252
5/2/2018 12:00,9.918999672,9.918999672,9.425999641
5/2/2018 13:00,9.918999672,9.918999672,9.918999672
5/2/2018 14:00,9.918999672,9.918999672,9.918999672
5/2/2018 15:00,10.27099991,10.27099991,9.918999672
5/2/2018 16:00,10.48200035,10.48200035,10.27099991
5/2/2018 17:00,10.62199974,10.62199974,10.48200035
5/2/2018 18:00,10.83300018,10.83300018,10.62199974
5/2/2018 19:00,10.06000042,10.06000042,10.83300018
5/2/2018 20:00,10.13000011,10.13000011,10.06000042
5/2/2018 21:00,9.074999809,9.074999809,10.13000011
5/2/2018 22:00,8.020000458,8.020000458,9.074999809
5/2/2018 23:00,7.737999916,7.737999916,8.020000458
5/3/2018 0:00,8.230999947,8.230999947,7.737999916
5/3/2018 1:00,7.809000015,7.809000015,8.230999947
5/3/2018 2:00,8.230999947,8.230999947,7.809000015
5/3/2018 3:00,8.722999573,8.722999573,8.230999947
5/3/2018 4:00,8.581999779,8.581999779,8.722999573
5/3/2018 5:00,8.37100029,8.37100029,8.581999779
5/3/2018 6:00,8.652999878,8.652999878,8.37100029
5/3/2018 7:00,9.637999535,9.637999535,8.652999878
5/3/2018 8:00,9.918999672,9.918999672,9.637999535
5/3/2018 9:00,9.708000183,9.708000183,9.918999672
5/3/2018 10:00,9.496999741,9.496999741,9.708000183
5/3/2018 11:00,9.215000153,9.215000153,9.496999741
5/3/2018 12:00,9.777999878,9.777999878,9.215000153
5/3/2018 13:00,10.62199974,10.62199974,9.777999878
5/3/2018 14:00,12.02900028,12.02900028,10.62199974
5/3/2018 15:00,12.94400024,12.94400024,12.02900028
5/3/2018 16:00,13.8579998,13.8579998,12.94400024
5/3/2018 17:00,12.94400024,12.94400024,13.8579998
5/3/2018 18:00,13.29599953,13.29599953,12.94400024
5/3/2018 19:00,11.5369997,11.5369997,13.29599953
5/3/2018 20:00,11.39599991,11.39599991,11.5369997
5/3/2018 21:00,11.32600021,11.32600021,11.39599991
5/3/2018 22:00,10.97399998,10.97399998,11.32600021
5/3/2018 23:00,10.90400028,10.90400028,10.97399998
5/4/2018 0:00,10.41100025,10.41100025,10.90400028
5/4/2018 1:00,10.3409996,10.3409996,10.41100025
5/4/2018 2:00,10.13000011,10.13000011,10.3409996
5/4/2018 3:00,10.06000042,10.06000042,10.13000011
5/4/2018 4:00,10.19999981,10.19999981,10.06000042
5/4/2018 5:00,10.27099991,10.27099991,10.19999981
5/4/2018 6:00,10.19999981,10.19999981,10.27099991
5/4/2018 7:00,11.04399967,11.04399967,10.19999981
5/4/2018 8:00,11.5369997,11.5369997,11.04399967
5/4/2018 9:00,10.97399998,10.97399998,11.5369997
5/4/2018 10:00,11.32600021,11.32600021,10.97399998
5/4/2018 11:00,12.02900028,12.02900028,11.32600021
5/4/2018 12:00,12.31099987,12.31099987,12.02900028
5/4/2018 13:00,13.15499973,13.15499973,12.31099987
5/4/2018 14:00,14.21000004,14.21000004,13.15499973
5/4/2018 15:00,14.49100018,14.49100018,14.21000004
5/4/2018 16:00,15.54699993,15.54699993,14.49100018
5/4/2018 17:00,13.78800011,13.78800011,15.54699993
5/4/2018 18:00,13.50699997,13.50699997,13.78800011
5/4/2018 19:00,12.6619997,12.6619997,13.50699997
5/4/2018 20:00,12.6619997,12.6619997,12.6619997
5/4/2018 21:00,12.6619997,12.6619997,12.6619997
5/4/2018 22:00,12.45100021,12.45100021,12.6619997
5/4/2018 23:00,12.52200031,12.52200031,12.45100021
5/5/2018 0:00,11.95899963,11.95899963,12.52200031
5/5/2018 1:00,12.23999977,12.23999977,11.95899963
5/5/2018 2:00,12.10000038,12.10000038,12.23999977
5/5/2018 3:00,11.88899994,11.88899994,12.10000038
5/5/2018 4:00,11.46700001,11.46700001,11.88899994
5/5/2018 5:00,8.722999573,8.722999573,11.46700001
5/5/2018 6:00,10.83300018,10.83300018,8.722999573
5/5/2018 7:00,7.315999985,7.315999985,10.83300018
5/5/2018 8:00,9.708000183,9.708000183,7.315999985
5/5/2018 9:00,6.683000088,6.683000088,9.708000183
5/5/2018 10:00,8.86400032,8.86400032,6.683000088
5/5/2018 11:00,10.13000011,10.13000011,8.86400032
5/5/2018 12:00,11.04399967,11.04399967,10.13000011
5/5/2018 13:00,11.18500042,11.18500042,11.04399967
5/5/2018 14:00,11.04399967,11.04399967,11.18500042
5/5/2018 15:00,11.32600021,11.32600021,11.04399967
5/5/2018 16:00,11.60700035,11.60700035,11.32600021
5/5/2018 17:00,11.60700035,11.60700035,11.60700035
5/5/2018 18:00,11.5369997,11.5369997,11.60700035
5/5/2018 19:00,11.5369997,11.5369997,11.5369997
5/5/2018 20:00,11.81799984,11.81799984,11.5369997
5/5/2018 21:00,11.5369997,11.5369997,11.81799984
5/5/2018 22:00,11.67800045,11.67800045,11.5369997
5/5/2018 23:00,11.74800014,11.74800014,11.67800045
5/6/2018 0:00,11.74800014,11.74800014,11.74800014
5/6/2018 1:00,12.02900028,12.02900028,11.74800014
5/6/2018 2:00,12.23999977,12.23999977,12.02900028
5/6/2018 3:00,12.23999977,12.23999977,12.23999977
5/6/2018 4:00,11.81799984,11.81799984,12.23999977
5/6/2018 5:00,12.45100021,12.45100021,11.81799984
5/6/2018 6:00,12.23999977,12.23999977,12.45100021
5/6/2018 7:00,12.38099957,12.38099957,12.23999977
5/6/2018 8:00,12.02900028,12.02900028,12.38099957
5/6/2018 9:00,10.69299984,10.69299984,12.02900028
5/6/2018 10:00,11.88899994,11.88899994,10.69299984
5/6/2018 11:00,10.90400028,10.90400028,11.88899994
5/6/2018 12:00,7.105000019,7.105000019,10.90400028
5/6/2018 13:00,8.934000015,8.934000015,7.105000019
5/6/2018 14:00,9.286000252,9.286000252,8.934000015
5/6/2018 15:00,9.074999809,9.074999809,9.286000252
5/6/2018 16:00,9.567000389,9.567000389,9.074999809
5/6/2018 17:00,7.668000221,7.668000221,9.567000389
5/6/2018 18:00,9.567000389,9.567000389,7.668000221
5/6/2018 19:00,8.934000015,8.934000015,9.567000389
5/6/2018 20:00,5.697999954,5.697999954,8.934000015
5/6/2018 21:00,8.020000458,8.020000458,5.697999954
5/6/2018 22:00,7.456999779,7.456999779,8.020000458
5/6/2018 23:00,7.597000122,7.597000122,7.456999779
5/7/2018 0:00,7.948999882,7.948999882,7.597000122
5/7/2018 1:00,7.456999779,7.456999779,7.948999882
5/7/2018 2:00,7.456999779,7.456999779,7.456999779
5/7/2018 3:00,7.668000221,7.668000221,7.456999779
5/7/2018 4:00,8.090000153,8.090000153,7.668000221
5/7/2018 5:00,8.442000389,8.442000389,8.090000153
5/7/2018 6:00,8.652999878,8.652999878,8.442000389
5/7/2018 7:00,8.512000084,8.512000084,8.652999878
5/7/2018 8:00,8.300999641,8.300999641,8.512000084
5/7/2018 9:00,7.948999882,7.948999882,8.300999641
5/7/2018 10:00,8.159999847,8.159999847,7.948999882
5/7/2018 11:00,8.230999947,8.230999947,8.159999847
5/7/2018 12:00,8.722999573,8.722999573,8.230999947
5/7/2018 13:00,8.230999947,8.230999947,8.722999573
5/7/2018 14:00,8.159999847,8.159999847,8.230999947
5/7/2018 15:00,7.737999916,7.737999916,8.159999847
5/7/2018 16:00,7.386000156,7.386000156,7.737999916
5/7/2018 17:00,7.315999985,7.315999985,7.386000156
5/7/2018 18:00,7.737999916,7.737999916,7.315999985
5/7/2018 19:00,8.722999573,8.722999573,7.737999916
5/7/2018 20:00,8.86400032,8.86400032,8.722999573
5/7/2018 21:00,9.074999809,9.074999809,8.86400032
5/7/2018 22:00,8.442000389,8.442000389,9.074999809
5/7/2018 23:00,8.300999641,8.300999641,8.442000389
5/8/2018 0:00,8.512000084,8.512000084,8.300999641
5/8/2018 1:00,8.020000458,8.020000458,8.512000084
5/8/2018 2:00,7.737999916,7.737999916,8.020000458
5/8/2018 3:00,7.245999813,7.245999813,7.737999916
5/8/2018 4:00,7.105000019,7.105000019,7.245999813
5/8/2018 5:00,7.597000122,7.597000122,7.105000019
5/8/2018 6:00,8.300999641,8.300999641,7.597000122
5/8/2018 7:00,6.964000225,6.964000225,8.300999641
5/8/2018 8:00,7.456999779,7.456999779,6.964000225
5/8/2018 9:00,7.809000015,7.809000015,7.456999779
5/8/2018 10:00,8.300999641,8.300999641,7.809000015
5/8/2018 11:00,8.581999779,8.581999779,8.300999641
5/8/2018 12:00,8.934000015,8.934000015,8.581999779
5/8/2018 13:00,10.13000011,10.13000011,8.934000015
5/8/2018 14:00,10.41100025,10.41100025,10.13000011
5/8/2018 15:00,11.88899994,11.88899994,10.41100025
5/8/2018 16:00,12.59200001,12.59200001,11.88899994
5/8/2018 17:00,12.31099987,12.31099987,12.59200001
5/8/2018 18:00,11.74800014,11.74800014,12.31099987
5/8/2018 19:00,10.62199974,10.62199974,11.74800014
5/8/2018 20:00,10.19999981,10.19999981,10.62199974
5/8/2018 21:00,9.496999741,9.496999741,10.19999981
5/8/2018 22:00,9.708000183,9.708000183,9.496999741
5/8/2018 23:00,9.074999809,9.074999809,9.708000183
5/9/2018 0:00,8.581999779,8.581999779,9.074999809
5/9/2018 1:00,8.230999947,8.230999947,8.581999779
5/9/2018 2:00,8.159999847,8.159999847,8.230999947
5/9/2018 3:00,7.809000015,7.809000015,8.159999847
5/9/2018 4:00,7.175000191,7.175000191,7.809000015
5/9/2018 5:00,7.034999847,7.034999847,7.175000191
5/9/2018 6:00,7.034999847,7.034999847,7.034999847
5/9/2018 7:00,7.879000187,7.879000187,7.034999847
5/9/2018 8:00,8.230999947,8.230999947,7.879000187
5/9/2018 9:00,8.230999947,8.230999947,8.230999947
5/9/2018 10:00,8.581999779,8.581999779,8.230999947
5/9/2018 11:00,9.074999809,9.074999809,8.581999779
5/9/2018 12:00,9.567000389,9.567000389,9.074999809
5/9/2018 13:00,10.3409996,10.3409996,9.567000389
5/9/2018 14:00,11.60700035,11.60700035,10.3409996
5/9/2018 15:00,12.38099957,12.38099957,11.60700035
5/9/2018 16:00,12.6619997,12.6619997,12.38099957
5/9/2018 17:00,12.8739996,12.8739996,12.6619997
5/9/2018 18:00,12.23999977,12.23999977,12.8739996
5/9/2018 19:00,11.60700035,11.60700035,12.23999977
5/9/2018 20:00,10.76299953,10.76299953,11.60700035
5/9/2018 21:00,9.708000183,9.708000183,10.76299953
5/9/2018 22:00,9.425999641,9.425999641,9.708000183
5/9/2018 23:00,8.722999573,8.722999573,9.425999641
5/10/2018 0:00,7.948999882,7.948999882,8.722999573
5/10/2018 1:00,7.668000221,7.668000221,7.948999882
5/10/2018 2:00,7.315999985,7.315999985,7.668000221
5/10/2018 3:00,6.752999783,6.752999783,7.315999985
5/10/2018 4:00,6.330999851,6.330999851,6.752999783
5/10/2018 5:00,6.119999886,6.119999886,6.330999851
5/10/2018 6:00,6.050000191,6.050000191,6.119999886
5/10/2018 7:00,6.40199995,6.40199995,6.050000191
5/10/2018 8:00,6.612999916,6.612999916,6.40199995
5/10/2018 9:00,6.683000088,6.683000088,6.612999916
5/10/2018 10:00,7.456999779,7.456999779,6.683000088
5/10/2018 11:00,7.105000019,7.105000019,7.456999779
5/10/2018 12:00,8.159999847,8.159999847,7.105000019
5/10/2018 13:00,8.512000084,8.512000084,8.159999847
5/10/2018 14:00,9.637999535,9.637999535,8.512000084
5/10/2018 15:00,10.13000011,10.13000011,9.637999535
5/10/2018 16:00,10.06000042,10.06000042,10.13000011
5/10/2018 17:00,9.918999672,9.918999672,10.06000042
5/10/2018 18:00,9.567000389,9.567000389,9.918999672
5/10/2018 19:00,9.286000252,9.286000252,9.567000389
5/10/2018 20:00,8.581999779,8.581999779,9.286000252
5/10/2018 21:00,8.230999947,8.230999947,8.581999779
5/10/2018 22:00,8.37100029,8.37100029,8.230999947
5/10/2018 23:00,7.948999882,7.948999882,8.37100029
5/11/2018 0:00,7.809000015,7.809000015,7.948999882
5/11/2018 1:00,7.597000122,7.597000122,7.809000015
5/11/2018 2:00,7.809000015,7.809000015,7.597000122
5/11/2018 3:00,7.737999916,7.737999916,7.809000015
5/11/2018 4:00,7.809000015,7.809000015,7.737999916
5/11/2018 5:00,8.300999641,8.300999641,7.809000015
5/11/2018 6:00,8.652999878,8.652999878,8.300999641
5/11/2018 7:00,8.793000221,8.793000221,8.652999878
5/11/2018 8:00,8.722999573,8.722999573,8.793000221
5/11/2018 9:00,9.496999741,9.496999741,8.722999573
5/11/2018 10:00,10.48200035,10.48200035,9.496999741
5/11/2018 11:00,11.04399967,11.04399967,10.48200035
5/11/2018 12:00,11.60700035,11.60700035,11.04399967
5/11/2018 13:00,12.10000038,12.10000038,11.60700035
5/11/2018 14:00,11.25599957,11.25599957,12.10000038
5/11/2018 15:00,10.97399998,10.97399998,11.25599957
5/11/2018 16:00,11.39599991,11.39599991,10.97399998
5/11/2018 17:00,11.11499977,11.11499977,11.39599991
5/11/2018 18:00,10.69299984,10.69299984,11.11499977
5/11/2018 19:00,10.76299953,10.76299953,10.69299984
5/11/2018 20:00,11.46700001,11.46700001,10.76299953
5/11/2018 21:00,11.39599991,11.39599991,11.46700001
5/11/2018 22:00,11.88899994,11.88899994,11.39599991
5/11/2018 23:00,11.88899994,11.88899994,11.88899994
5/12/2018 0:00,11.81799984,11.81799984,11.88899994
5/12/2018 1:00,11.46700001,11.46700001,11.81799984
5/12/2018 2:00,11.60700035,11.60700035,11.46700001
5/12/2018 3:00,9.848999977,9.848999977,11.60700035
5/12/2018 4:00,8.37100029,8.37100029,9.848999977
5/12/2018 5:00,10.13000011,10.13000011,8.37100029
5/12/2018 6:00,10.76299953,10.76299953,10.13000011
5/12/2018 7:00,8.442000389,8.442000389,10.76299953
5/12/2018 8:00,8.300999641,8.300999641,8.442000389
5/12/2018 9:00,9.777999878,9.777999878,8.300999641
5/12/2018 10:00,10.55200005,10.55200005,9.777999878
5/12/2018 11:00,10.90400028,10.90400028,10.55200005
5/12/2018 12:00,11.04399967,11.04399967,10.90400028
5/12/2018 13:00,10.62199974,10.62199974,11.04399967
5/12/2018 14:00,10.83300018,10.83300018,10.62199974
5/12/2018 15:00,10.69299984,10.69299984,10.83300018
5/12/2018 16:00,10.90400028,10.90400028,10.69299984
5/12/2018 17:00,10.55200005,10.55200005,10.90400028
5/12/2018 18:00,11.11499977,11.11499977,10.55200005
5/12/2018 19:00,11.04399967,11.04399967,11.11499977
5/12/2018 20:00,10.69299984,10.69299984,11.04399967
5/12/2018 21:00,10.27099991,10.27099991,10.69299984
5/12/2018 22:00,10.13000011,10.13000011,10.27099991
5/12/2018 23:00,10.3409996,10.3409996,10.13000011
5/13/2018 0:00,10.48200035,10.48200035,10.3409996
5/13/2018 1:00,10.3409996,10.3409996,10.48200035
5/13/2018 2:00,9.918999672,9.918999672,10.3409996
5/13/2018 3:00,9.98900032,9.98900032,9.918999672
5/13/2018 4:00,10.19999981,10.19999981,9.98900032
5/13/2018 5:00,9.98900032,9.98900032,10.19999981
5/13/2018 6:00,10.27099991,10.27099991,9.98900032
5/13/2018 7:00,10.83300018,10.83300018,10.27099991
5/13/2018 8:00,10.55200005,10.55200005,10.83300018
5/13/2018 9:00,11.32600021,11.32600021,10.55200005
5/13/2018 10:00,11.5369997,11.5369997,11.32600021
5/13/2018 11:00,12.38099957,12.38099957,11.5369997
5/13/2018 12:00,12.45100021,12.45100021,12.38099957
5/13/2018 13:00,13.08500004,13.08500004,12.45100021
5/13/2018 14:00,13.36600018,13.36600018,13.08500004
5/13/2018 15:00,14.49100018,14.49100018,13.36600018
5/13/2018 16:00,15.26500034,15.26500034,14.49100018
5/13/2018 17:00,15.54699993,15.54699993,15.26500034
5/13/2018 18:00,14.42099953,14.42099953,15.54699993
5/13/2018 19:00,13.43599987,13.43599987,14.42099953
5/13/2018 20:00,13.29599953,13.29599953,13.43599987
5/13/2018 21:00,12.94400024,12.94400024,13.29599953
5/13/2018 22:00,12.6619997,12.6619997,12.94400024
5/13/2018 23:00,12.52200031,12.52200031,12.6619997
5/14/2018 0:00,12.45100021,12.45100021,12.52200031
5/14/2018 1:00,12.52200031,12.52200031,12.45100021
5/14/2018 2:00,12.7329998,12.7329998,12.52200031
5/14/2018 3:00,12.7329998,12.7329998,12.7329998
5/14/2018 4:00,12.59200001,12.59200001,12.7329998
5/14/2018 5:00,12.45100021,12.45100021,12.59200001
5/14/2018 6:00,12.7329998,12.7329998,12.45100021
5/14/2018 7:00,12.45100021,12.45100021,12.7329998
5/14/2018 8:00,13.22500038,13.22500038,12.45100021
5/14/2018 9:00,13.36600018,13.36600018,13.22500038
5/14/2018 10:00,13.71800041,13.71800041,13.36600018
5/14/2018 11:00,14.70300007,14.70300007,13.71800041
5/14/2018 12:00,13.9989996,13.9989996,14.70300007
5/14/2018 13:00,14.70300007,14.70300007,13.9989996
5/14/2018 14:00,15.0539999,15.0539999,14.70300007
5/14/2018 15:00,16.81299973,16.81299973,15.0539999
5/14/2018 16:00,16.32099915,16.32099915,16.81299973
5/14/2018 17:00,16.60199928,16.60199928,16.32099915
5/14/2018 18:00,16.18000031,16.18000031,16.60199928
5/14/2018 19:00,15.75800037,15.75800037,16.18000031
5/14/2018 20:00,15.33600044,15.33600044,15.75800037
5/14/2018 21:00,15.33600044,15.33600044,15.33600044
5/14/2018 22:00,14.98400021,14.98400021,15.33600044
5/14/2018 23:00,14.70300007,14.70300007,14.98400021
5/15/2018 0:00,14.56200027,14.56200027,14.70300007
5/15/2018 1:00,14.14000034,14.14000034,14.56200027
5/15/2018 2:00,14.49100018,14.49100018,14.14000034
5/15/2018 3:00,14.56200027,14.56200027,14.49100018
5/15/2018 4:00,14.27999973,14.27999973,14.56200027
5/15/2018 5:00,14.14000034,14.14000034,14.27999973
5/15/2018 6:00,14.35099983,14.35099983,14.14000034
5/15/2018 7:00,14.56200027,14.56200027,14.35099983
5/15/2018 8:00,16.03899956,16.03899956,14.56200027
5/15/2018 9:00,16.46100044,16.46100044,16.03899956
5/15/2018 10:00,15.19499969,15.19499969,16.46100044
5/15/2018 11:00,14.14000034,14.14000034,15.19499969
5/15/2018 12:00,15.40600014,15.40600014,14.14000034
5/15/2018 13:00,14.42099953,14.42099953,15.40600014
5/15/2018 14:00,15.75800037,15.75800037,14.42099953
5/15/2018 15:00,16.18000031,16.18000031,15.75800037
5/15/2018 16:00,16.88299942,16.88299942,16.18000031
5/15/2018 17:00,16.25,16.25,16.88299942
5/15/2018 18:00,17.16500092,17.16500092,16.25
5/15/2018 19:00,16.88299942,16.88299942,17.16500092
5/15/2018 20:00,16.32099915,16.32099915,16.88299942
5/15/2018 21:00,15.96899986,15.96899986,16.32099915
5/15/2018 22:00,15.89799976,15.89799976,15.96899986
5/15/2018 23:00,15.68700027,15.68700027,15.89799976
5/16/2018 0:00,15.96899986,15.96899986,15.68700027
5/16/2018 1:00,16.25,16.25,15.96899986
5/16/2018 2:00,16.10899925,16.10899925,16.25
5/16/2018 3:00,16.10899925,16.10899925,16.10899925
5/16/2018 4:00,16.25,16.25,16.10899925
5/16/2018 5:00,16.46100044,16.46100044,16.25
5/16/2018 6:00,16.88299942,16.88299942,16.46100044
5/16/2018 7:00,16.67200089,16.67200089,16.88299942
5/16/2018 8:00,15.68700027,15.68700027,16.67200089
5/16/2018 9:00,14.84300041,14.84300041,15.68700027
5/16/2018 10:00,15.33600044,15.33600044,14.84300041
5/16/2018 11:00,14.98400021,14.98400021,15.33600044
5/16/2018 12:00,14.70300007,14.70300007,14.98400021
5/16/2018 13:00,14.98400021,14.98400021,14.70300007
5/16/2018 14:00,15.68700027,15.68700027,14.98400021
5/16/2018 15:00,16.74300003,16.74300003,15.68700027
5/16/2018 16:00,16.10899925,16.10899925,16.74300003
5/16/2018 17:00,16.32099915,16.32099915,16.10899925
5/16/2018 18:00,15.82800007,15.82800007,16.32099915
5/16/2018 19:00,15.54699993,15.54699993,15.82800007
5/16/2018 20:00,16.32099915,16.32099915,15.54699993
5/16/2018 21:00,16.03899956,16.03899956,16.32099915
5/16/2018 22:00,16.67200089,16.67200089,16.03899956
5/16/2018 23:00,15.0539999,15.0539999,16.67200089
5/17/2018 0:00,16.10899925,16.10899925,15.0539999
5/17/2018 1:00,16.60199928,16.60199928,16.10899925
5/17/2018 2:00,14.63199997,14.63199997,16.60199928
5/17/2018 3:00,12.23999977,12.23999977,14.63199997
5/17/2018 4:00,9.708000183,9.708000183,12.23999977
5/17/2018 5:00,8.652999878,8.652999878,9.708000183
5/17/2018 6:00,9.98900032,9.98900032,8.652999878
5/17/2018 7:00,10.97399998,10.97399998,9.98900032
5/17/2018 8:00,8.090000153,8.090000153,10.97399998
5/17/2018 9:00,11.32600021,11.32600021,8.090000153
5/17/2018 10:00,12.38099957,12.38099957,11.32600021
5/17/2018 11:00,13.15499973,13.15499973,12.38099957
5/17/2018 12:00,12.52200031,12.52200031,13.15499973
5/17/2018 13:00,13.01399994,13.01399994,12.52200031
5/17/2018 14:00,13.50699997,13.50699997,13.01399994
5/17/2018 15:00,13.50699997,13.50699997,13.50699997
5/17/2018 16:00,13.9989996,13.9989996,13.50699997
5/17/2018 17:00,13.78800011,13.78800011,13.9989996
5/17/2018 18:00,14.14000034,14.14000034,13.78800011
5/17/2018 19:00,13.78800011,13.78800011,14.14000034
5/17/2018 20:00,13.50699997,13.50699997,13.78800011
5/17/2018 21:00,13.15499973,13.15499973,13.50699997
5/17/2018 22:00,13.43599987,13.43599987,13.15499973
5/17/2018 23:00,13.36600018,13.36600018,13.43599987
5/18/2018 0:00,12.94400024,12.94400024,13.36600018
5/18/2018 1:00,12.94400024,12.94400024,12.94400024
5/18/2018 2:00,13.36600018,13.36600018,12.94400024
5/18/2018 3:00,13.08500004,13.08500004,13.36600018
5/18/2018 4:00,13.08500004,13.08500004,13.08500004
5/18/2018 5:00,12.80300045,12.80300045,13.08500004
5/18/2018 6:00,13.01399994,13.01399994,12.80300045
5/18/2018 7:00,12.94400024,12.94400024,13.01399994
5/18/2018 8:00,12.8739996,12.8739996,12.94400024
5/18/2018 9:00,12.52200031,12.52200031,12.8739996
5/18/2018 10:00,12.52200031,12.52200031,12.52200031
5/18/2018 11:00,12.7329998,12.7329998,12.52200031
5/18/2018 12:00,12.80300045,12.80300045,12.7329998
5/18/2018 13:00,12.59200001,12.59200001,12.80300045
5/18/2018 14:00,12.8739996,12.8739996,12.59200001
5/18/2018 15:00,12.7329998,12.7329998,12.8739996
5/18/2018 16:00,9.425999641,9.425999641,12.7329998
5/18/2018 17:00,8.090000153,8.090000153,9.425999641
5/18/2018 18:00,6.330999851,6.330999851,8.090000153
5/18/2018 19:00,5.346000195,5.346000195,6.330999851
5/18/2018 20:00,6.40199995,6.40199995,5.346000195
5/18/2018 21:00,8.300999641,8.300999641,6.40199995
5/18/2018 22:00,8.652999878,8.652999878,8.300999641
5/18/2018 23:00,8.512000084,8.512000084,8.652999878
5/19/2018 0:00,8.512000084,8.512000084,8.512000084
5/19/2018 1:00,8.512000084,8.512000084,8.512000084
5/19/2018 2:00,8.230999947,8.230999947,8.512000084
5/19/2018 3:00,8.512000084,8.512000084,8.230999947
5/19/2018 4:00,7.809000015,7.809000015,8.512000084
5/19/2018 5:00,7.737999916,7.737999916,7.809000015
5/19/2018 6:00,7.737999916,7.737999916,7.737999916
5/19/2018 7:00,7.948999882,7.948999882,7.737999916
5/19/2018 8:00,7.879000187,7.879000187,7.948999882
5/19/2018 9:00,7.105000019,7.105000019,7.879000187
5/19/2018 10:00,7.597000122,7.597000122,7.105000019
5/19/2018 11:00,7.456999779,7.456999779,7.597000122
5/19/2018 12:00,7.809000015,7.809000015,7.456999779
5/19/2018 13:00,7.879000187,7.879000187,7.809000015
5/19/2018 14:00,8.020000458,8.020000458,7.879000187
5/19/2018 15:00,7.668000221,7.668000221,8.020000458
5/19/2018 16:00,7.456999779,7.456999779,7.668000221
5/19/2018 17:00,7.034999847,7.034999847,7.456999779
5/19/2018 18:00,7.175000191,7.175000191,7.034999847
5/19/2018 19:00,7.034999847,7.034999847,7.175000191
5/19/2018 20:00,6.894000053,6.894000053,7.034999847
5/19/2018 21:00,7.386000156,7.386000156,6.894000053
5/19/2018 22:00,7.315999985,7.315999985,7.386000156
5/19/2018 23:00,7.105000019,7.105000019,7.315999985
5/20/2018 0:00,7.105000019,7.105000019,7.105000019
5/20/2018 1:00,7.105000019,7.105000019,7.105000019
5/20/2018 2:00,6.964000225,6.964000225,7.105000019
5/20/2018 3:00,6.752999783,6.752999783,6.964000225
5/20/2018 4:00,6.823999882,6.823999882,6.752999783
5/20/2018 5:00,6.823999882,6.823999882,6.823999882
5/20/2018 6:00,6.752999783,6.752999783,6.823999882
5/20/2018 7:00,6.823999882,6.823999882,6.752999783
5/20/2018 8:00,7.105000019,7.105000019,6.823999882
5/20/2018 9:00,7.245999813,7.245999813,7.105000019
5/20/2018 10:00,7.386000156,7.386000156,7.245999813
5/20/2018 11:00,7.175000191,7.175000191,7.386000156
5/20/2018 12:00,6.964000225,6.964000225,7.175000191
5/20/2018 13:00,6.823999882,6.823999882,6.964000225
5/20/2018 14:00,6.683000088,6.683000088,6.823999882
5/20/2018 15:00,6.330999851,6.330999851,6.683000088
5/20/2018 16:00,6.541999817,6.541999817,6.330999851
5/20/2018 17:00,4.361999989,4.361999989,6.541999817
5/20/2018 18:00,5.55700016,5.55700016,4.361999989
5/20/2018 19:00,5.627999783,5.627999783,5.55700016
5/20/2018 20:00,5.979000092,5.979000092,5.627999783
5/20/2018 21:00,5.697999954,5.697999954,5.979000092
5/20/2018 22:00,5.90899992,5.90899992,5.697999954
5/20/2018 23:00,5.768000126,5.768000126,5.90899992
5/21/2018 0:00,5.697999954,5.697999954,5.768000126
5/21/2018 1:00,5.416999817,5.416999817,5.697999954
5/21/2018 2:00,5.768000126,5.768000126,5.416999817
5/21/2018 3:00,5.627999783,5.627999783,5.768000126
5/21/2018 4:00,5.697999954,5.697999954,5.627999783
5/21/2018 5:00,6.050000191,6.050000191,5.697999954
5/21/2018 6:00,5.90899992,5.90899992,6.050000191
5/21/2018 7:00,5.979000092,5.979000092,5.90899992
5/21/2018 8:00,6.050000191,6.050000191,5.979000092
5/21/2018 9:00,6.472000122,6.472000122,6.050000191
5/21/2018 10:00,6.40199995,6.40199995,6.472000122
5/21/2018 11:00,6.40199995,6.40199995,6.40199995
5/21/2018 12:00,6.752999783,6.752999783,6.40199995
5/21/2018 13:00,7.105000019,7.105000019,6.752999783
5/21/2018 14:00,7.175000191,7.175000191,7.105000019
5/21/2018 15:00,7.315999985,7.315999985,7.175000191
5/21/2018 16:00,5.627999783,5.627999783,7.315999985
5/21/2018 17:00,4.43200016,4.43200016,5.627999783
5/21/2018 18:00,6.472000122,6.472000122,4.43200016
5/21/2018 19:00,6.472000122,6.472000122,6.472000122
5/21/2018 20:00,6.894000053,6.894000053,6.472000122
5/21/2018 21:00,6.612999916,6.612999916,6.894000053
5/21/2018 22:00,6.894000053,6.894000053,6.612999916
5/21/2018 23:00,6.683000088,6.683000088,6.894000053
5/22/2018 0:00,6.964000225,6.964000225,6.683000088
5/22/2018 1:00,7.315999985,7.315999985,6.964000225
5/22/2018 2:00,7.456999779,7.456999779,7.315999985
5/22/2018 3:00,7.879000187,7.879000187,7.456999779
5/22/2018 4:00,8.300999641,8.300999641,7.879000187
5/22/2018 5:00,9.00399971,9.00399971,8.300999641
5/22/2018 6:00,9.145000458,9.145000458,9.00399971
5/22/2018 7:00,7.456999779,7.456999779,9.145000458
5/22/2018 8:00,6.823999882,6.823999882,7.456999779
5/22/2018 9:00,6.683000088,6.683000088,6.823999882
5/22/2018 10:00,6.40199995,6.40199995,6.683000088
5/22/2018 11:00,3.727999926,3.727999926,6.40199995
5/22/2018 12:00,4.150000095,4.150000095,3.727999926
5/22/2018 13:00,6.541999817,6.541999817,4.150000095
5/22/2018 14:00,6.964000225,6.964000225,6.541999817
5/22/2018 15:00,6.261000156,6.261000156,6.964000225
5/22/2018 16:00,6.119999886,6.119999886,6.261000156
5/22/2018 17:00,6.894000053,6.894000053,6.119999886
5/22/2018 18:00,6.261000156,6.261000156,6.894000053
5/22/2018 19:00,7.034999847,7.034999847,6.261000156
5/22/2018 20:00,7.52699995,7.52699995,7.034999847
5/22/2018 21:00,7.737999916,7.737999916,7.52699995
5/22/2018 22:00,7.809000015,7.809000015,7.737999916
5/22/2018 23:00,6.752999783,6.752999783,7.809000015
5/23/2018 0:00,7.105000019,7.105000019,6.752999783
5/23/2018 1:00,6.612999916,6.612999916,7.105000019
5/23/2018 2:00,6.823999882,6.823999882,6.612999916
5/23/2018 3:00,6.472000122,6.472000122,6.823999882
5/23/2018 4:00,7.597000122,7.597000122,6.472000122
5/23/2018 5:00,6.894000053,6.894000053,7.597000122
5/23/2018 6:00,7.668000221,7.668000221,6.894000053
5/23/2018 7:00,9.215000153,9.215000153,7.668000221
5/23/2018 8:00,9.848999977,9.848999977,9.215000153
5/23/2018 9:00,9.00399971,9.00399971,9.848999977
5/23/2018 10:00,9.286000252,9.286000252,9.00399971
5/23/2018 11:00,9.567000389,9.567000389,9.286000252
5/23/2018 12:00,9.215000153,9.215000153,9.567000389
5/23/2018 13:00,9.215000153,9.215000153,9.215000153
5/23/2018 14:00,10.48200035,10.48200035,9.215000153
5/23/2018 15:00,11.95899963,11.95899963,10.48200035
5/23/2018 16:00,11.67800045,11.67800045,11.95899963
5/23/2018 17:00,11.67800045,11.67800045,11.67800045
5/23/2018 18:00,11.46700001,11.46700001,11.67800045
5/23/2018 19:00,9.918999672,9.918999672,11.46700001
5/23/2018 20:00,9.496999741,9.496999741,9.918999672
5/23/2018 21:00,9.425999641,9.425999641,9.496999741
5/23/2018 22:00,9.286000252,9.286000252,9.425999641
5/23/2018 23:00,8.793000221,8.793000221,9.286000252
5/24/2018 0:00,8.442000389,8.442000389,8.793000221
5/24/2018 1:00,8.722999573,8.722999573,8.442000389
5/24/2018 2:00,8.37100029,8.37100029,8.722999573
5/24/2018 3:00,8.300999641,8.300999641,8.37100029
5/24/2018 4:00,8.230999947,8.230999947,8.300999641
5/24/2018 5:00,8.159999847,8.159999847,8.230999947
5/24/2018 6:00,8.512000084,8.512000084,8.159999847
5/24/2018 7:00,9.145000458,9.145000458,8.512000084
5/24/2018 8:00,9.286000252,9.286000252,9.145000458
5/24/2018 9:00,9.637999535,9.637999535,9.286000252
5/24/2018 10:00,8.86400032,8.86400032,9.637999535
5/24/2018 11:00,9.567000389,9.567000389,8.86400032
5/24/2018 12:00,9.496999741,9.496999741,9.567000389
5/24/2018 13:00,9.074999809,9.074999809,9.496999741
5/24/2018 14:00,9.777999878,9.777999878,9.074999809
5/24/2018 15:00,11.18500042,11.18500042,9.777999878
5/24/2018 16:00,10.76299953,10.76299953,11.18500042
5/24/2018 17:00,9.918999672,9.918999672,10.76299953
5/24/2018 18:00,10.3409996,10.3409996,9.918999672
5/24/2018 19:00,9.918999672,9.918999672,10.3409996
5/24/2018 20:00,9.918999672,9.918999672,9.918999672
5/24/2018 21:00,9.425999641,9.425999641,9.918999672
5/24/2018 22:00,9.355999947,9.355999947,9.425999641
5/24/2018 23:00,9.215000153,9.215000153,9.355999947
5/25/2018 0:00,8.722999573,8.722999573,9.215000153
5/25/2018 1:00,8.512000084,8.512000084,8.722999573
5/25/2018 2:00,8.652999878,8.652999878,8.512000084
5/25/2018 3:00,7.737999916,7.737999916,8.652999878
5/25/2018 4:00,8.512000084,8.512000084,7.737999916
5/25/2018 5:00,9.00399971,9.00399971,8.512000084
5/25/2018 6:00,9.145000458,9.145000458,9.00399971
5/25/2018 7:00,9.425999641,9.425999641,9.145000458
5/25/2018 8:00,9.145000458,9.145000458,9.425999641
5/25/2018 9:00,9.777999878,9.777999878,9.145000458
5/25/2018 10:00,9.918999672,9.918999672,9.777999878
5/25/2018 11:00,9.425999641,9.425999641,9.918999672
5/25/2018 12:00,9.215000153,9.215000153,9.425999641
5/25/2018 13:00,9.215000153,9.215000153,9.215000153
5/25/2018 14:00,8.86400032,8.86400032,9.215000153
5/25/2018 15:00,8.652999878,8.652999878,8.86400032
5/25/2018 16:00,8.512000084,8.512000084,8.652999878
5/25/2018 17:00,8.86400032,8.86400032,8.512000084
5/25/2018 18:00,5.979000092,5.979000092,8.86400032
5/25/2018 19:00,6.823999882,6.823999882,5.979000092
5/25/2018 20:00,5.768000126,5.768000126,6.823999882
5/25/2018 21:00,6.261000156,6.261000156,5.768000126
5/25/2018 22:00,5.697999954,5.697999954,6.261000156
5/25/2018 23:00,6.261000156,6.261000156,5.697999954
5/26/2018 0:00,7.52699995,7.52699995,6.261000156
5/26/2018 1:00,8.090000153,8.090000153,7.52699995
5/26/2018 2:00,7.456999779,7.456999779,8.090000153
5/26/2018 3:00,7.52699995,7.52699995,7.456999779
5/26/2018 4:00,8.230999947,8.230999947,7.52699995
5/26/2018 5:00,8.512000084,8.512000084,8.230999947
5/26/2018 6:00,8.512000084,8.512000084,8.512000084
5/26/2018 7:00,8.37100029,8.37100029,8.512000084
5/26/2018 8:00,7.597000122,7.597000122,8.37100029
5/26/2018 9:00,8.442000389,8.442000389,7.597000122
5/26/2018 10:00,8.159999847,8.159999847,8.442000389
5/26/2018 11:00,8.300999641,8.300999641,8.159999847
5/26/2018 12:00,8.722999573,8.722999573,8.300999641
5/26/2018 13:00,9.425999641,9.425999641,8.722999573
5/26/2018 14:00,9.215000153,9.215000153,9.425999641
5/26/2018 15:00,9.355999947,9.355999947,9.215000153
5/26/2018 16:00,9.425999641,9.425999641,9.355999947
5/26/2018 17:00,9.074999809,9.074999809,9.425999641
5/26/2018 18:00,8.86400032,8.86400032,9.074999809
5/26/2018 19:00,8.934000015,8.934000015,8.86400032
5/26/2018 20:00,8.37100029,8.37100029,8.934000015
5/26/2018 21:00,9.425999641,9.425999641,8.37100029
5/26/2018 22:00,8.86400032,8.86400032,9.425999641
5/26/2018 23:00,9.00399971,9.00399971,8.86400032
5/27/2018 0:00,8.37100029,8.37100029,9.00399971
5/27/2018 1:00,8.86400032,8.86400032,8.37100029
5/27/2018 2:00,9.425999641,9.425999641,8.86400032
5/27/2018 3:00,9.215000153,9.215000153,9.425999641
5/27/2018 4:00,9.425999641,9.425999641,9.215000153
5/27/2018 5:00,9.355999947,9.355999947,9.425999641
5/27/2018 6:00,9.918999672,9.918999672,9.355999947
5/27/2018 7:00,9.777999878,9.777999878,9.918999672
5/27/2018 8:00,9.286000252,9.286000252,9.777999878
5/27/2018 9:00,9.567000389,9.567000389,9.286000252
5/27/2018 10:00,9.567000389,9.567000389,9.567000389
5/27/2018 11:00,9.215000153,9.215000153,9.567000389
5/27/2018 12:00,10.13000011,10.13000011,9.215000153
5/27/2018 13:00,10.76299953,10.76299953,10.13000011
5/27/2018 14:00,10.62199974,10.62199974,10.76299953
5/27/2018 15:00,11.5369997,11.5369997,10.62199974
5/27/2018 16:00,11.60700035,11.60700035,11.5369997
5/27/2018 17:00,11.32600021,11.32600021,11.60700035
5/27/2018 18:00,11.46700001,11.46700001,11.32600021
5/27/2018 19:00,10.48200035,10.48200035,11.46700001
5/27/2018 20:00,10.13000011,10.13000011,10.48200035
5/27/2018 21:00,9.918999672,9.918999672,10.13000011
5/27/2018 22:00,9.848999977,9.848999977,9.918999672
5/27/2018 23:00,10.19999981,10.19999981,9.848999977
5/28/2018 0:00,10.06000042,10.06000042,10.19999981
5/28/2018 1:00,10.13000011,10.13000011,10.06000042
5/28/2018 2:00,10.13000011,10.13000011,10.13000011
5/28/2018 3:00,9.918999672,9.918999672,10.13000011
5/28/2018 4:00,9.708000183,9.708000183,9.918999672
5/28/2018 5:00,9.918999672,9.918999672,9.708000183
5/28/2018 6:00,10.19999981,10.19999981,9.918999672
5/28/2018 7:00,10.97399998,10.97399998,10.19999981
5/28/2018 8:00,10.48200035,10.48200035,10.97399998
5/28/2018 9:00,10.41100025,10.41100025,10.48200035
5/28/2018 10:00,10.27099991,10.27099991,10.41100025
5/28/2018 11:00,10.69299984,10.69299984,10.27099991
5/28/2018 12:00,10.55200005,10.55200005,10.69299984
5/28/2018 13:00,10.69299984,10.69299984,10.55200005
5/28/2018 14:00,11.32600021,11.32600021,10.69299984
5/28/2018 15:00,11.95899963,11.95899963,11.32600021
5/28/2018 16:00,11.5369997,11.5369997,11.95899963
5/28/2018 17:00,11.46700001,11.46700001,11.5369997
5/28/2018 18:00,11.25599957,11.25599957,11.46700001
5/28/2018 19:00,11.11499977,11.11499977,11.25599957
5/28/2018 20:00,10.76299953,10.76299953,11.11499977
5/28/2018 21:00,10.69299984,10.69299984,10.76299953
5/28/2018 22:00,10.76299953,10.76299953,10.69299984
5/28/2018 23:00,10.55200005,10.55200005,10.76299953
5/29/2018 0:00,10.62199974,10.62199974,10.55200005
5/29/2018 1:00,10.48200035,10.48200035,10.62199974
5/29/2018 2:00,10.48200035,10.48200035,10.48200035
5/29/2018 3:00,10.69299984,10.69299984,10.48200035
5/29/2018 4:00,10.83300018,10.83300018,10.69299984
5/29/2018 5:00,10.69299984,10.69299984,10.83300018
5/29/2018 6:00,10.76299953,10.76299953,10.69299984
5/29/2018 7:00,10.69299984,10.69299984,10.76299953
5/29/2018 8:00,11.67800045,11.67800045,10.69299984
5/29/2018 9:00,11.74800014,11.74800014,11.67800045
5/29/2018 10:00,11.81799984,11.81799984,11.74800014
5/29/2018 11:00,11.88899994,11.88899994,11.81799984
5/29/2018 12:00,12.02900028,12.02900028,11.88899994
5/29/2018 13:00,11.81799984,11.81799984,12.02900028
5/29/2018 14:00,12.38099957,12.38099957,11.81799984
5/29/2018 15:00,11.60700035,11.60700035,12.38099957
5/29/2018 16:00,11.32600021,11.32600021,11.60700035
5/29/2018 17:00,11.60700035,11.60700035,11.32600021
5/29/2018 18:00,10.90400028,10.90400028,11.60700035
5/29/2018 19:00,10.76299953,10.76299953,10.90400028
5/29/2018 20:00,10.3409996,10.3409996,10.76299953
5/29/2018 21:00,9.637999535,9.637999535,10.3409996
5/29/2018 22:00,10.41100025,10.41100025,9.637999535
5/29/2018 23:00,10.13000011,10.13000011,10.41100025
5/30/2018 0:00,9.918999672,9.918999672,10.13000011
5/30/2018 1:00,10.13000011,10.13000011,9.918999672
5/30/2018 2:00,9.777999878,9.777999878,10.13000011
5/30/2018 3:00,10.19999981,10.19999981,9.777999878
5/30/2018 4:00,9.777999878,9.777999878,10.19999981
5/30/2018 5:00,9.145000458,9.145000458,9.777999878
5/30/2018 6:00,9.98900032,9.98900032,9.145000458
5/30/2018 7:00,10.55200005,10.55200005,9.98900032
5/30/2018 8:00,10.90400028,10.90400028,10.55200005
5/30/2018 9:00,11.46700001,11.46700001,10.90400028
5/30/2018 10:00,11.5369997,11.5369997,11.46700001
5/30/2018 11:00,11.60700035,11.60700035,11.5369997
5/30/2018 12:00,11.67800045,11.67800045,11.60700035
5/30/2018 13:00,11.5369997,11.5369997,11.67800045
5/30/2018 14:00,11.67800045,11.67800045,11.5369997
5/30/2018 15:00,12.02900028,12.02900028,11.67800045
5/30/2018 16:00,11.32600021,11.32600021,12.02900028
5/30/2018 17:00,11.25599957,11.25599957,11.32600021
5/30/2018 18:00,10.55200005,10.55200005,11.25599957
5/30/2018 19:00,10.62199974,10.62199974,10.55200005
5/30/2018 20:00,10.97399998,10.97399998,10.62199974
5/30/2018 21:00,10.3409996,10.3409996,10.97399998
5/30/2018 22:00,10.13000011,10.13000011,10.3409996
5/30/2018 23:00,9.918999672,9.918999672,10.13000011
5/31/2018 0:00,10.41100025,10.41100025,9.918999672
5/31/2018 1:00,10.41100025,10.41100025,10.41100025
5/31/2018 2:00,10.41100025,10.41100025,10.41100025
5/31/2018 3:00,10.41100025,10.41100025,10.41100025
5/31/2018 4:00,10.41100025,10.41100025,10.41100025
5/31/2018 5:00,10.41100025,10.41100025,10.41100025
5/31/2018 6:00,10.41100025,10.41100025,10.41100025
5/31/2018 7:00,10.41100025,10.41100025,10.41100025
5/31/2018 8:00,10.41100025,10.41100025,10.41100025
5/31/2018 9:00,10.41100025,10.41100025,10.41100025
5/31/2018 10:00,10.41100025,10.41100025,10.41100025
5/31/2018 11:00,10.41100025,10.41100025,10.41100025
5/31/2018 12:00,10.41100025,10.41100025,10.41100025
5/31/2018 13:00,10.41100025,10.41100025,10.41100025
5/31/2018 14:00,10.41100025,10.41100025,10.41100025
5/31/2018 15:00,10.41100025,10.41100025,10.41100025
5/31/2018 16:00,10.41100025,10.41100025,10.41100025
5/31/2018 17:00,10.41100025,10.41100025,10.41100025
5/31/2018 18:00,10.41100025,10.41100025,10.41100025
5/31/2018 19:00,10.41100025,10.41100025,10.41100025
5/31/2018 20:00,10.41100025,10.41100025,10.41100025
5/31/2018 21:00,10.41100025,10.41100025,10.41100025
5/31/2018 22:00,10.41100025,10.41100025,10.41100025
5/31/2018 23:00,10.41100025,10.41100025,10.41100025
6/1/2018 0:00,8.512000084,8.512000084,10.41100025
6/1/2018 1:00,8.512000084,8.512000084,8.512000084
6/1/2018 2:00,8.230999947,8.230999947,8.512000084
6/1/2018 3:00,8.300999641,8.300999641,8.230999947
6/1/2018 4:00,8.37100029,8.37100029,8.300999641
6/1/2018 5:00,8.230999947,8.230999947,8.37100029
6/1/2018 6:00,8.581999779,8.581999779,8.230999947
6/1/2018 7:00,9.425999641,9.425999641,8.581999779
6/1/2018 8:00,10.83300018,10.83300018,9.425999641
6/1/2018 9:00,10.48200035,10.48200035,10.83300018
6/1/2018 10:00,9.777999878,9.777999878,10.48200035
6/1/2018 11:00,9.848999977,9.848999977,9.777999878
6/1/2018 12:00,9.918999672,9.918999672,9.848999977
6/1/2018 13:00,10.41100025,10.41100025,9.918999672
6/1/2018 14:00,10.90400028,10.90400028,10.41100025
6/1/2018 15:00,11.67800045,11.67800045,10.90400028
6/1/2018 16:00,12.02900028,12.02900028,11.67800045
6/1/2018 17:00,11.88899994,11.88899994,12.02900028
6/1/2018 18:00,11.32600021,11.32600021,11.88899994
6/1/2018 19:00,10.90400028,10.90400028,11.32600021
6/1/2018 20:00,10.83300018,10.83300018,10.90400028
6/1/2018 21:00,10.48200035,10.48200035,10.83300018
6/1/2018 22:00,10.41100025,10.41100025,10.48200035
6/1/2018 23:00,10.27099991,10.27099991,10.41100025
6/2/2018 0:00,9.98900032,9.98900032,10.27099991
6/2/2018 1:00,9.567000389,9.567000389,9.98900032
6/2/2018 2:00,9.215000153,9.215000153,9.567000389
6/2/2018 3:00,9.215000153,9.215000153,9.215000153
6/2/2018 4:00,8.512000084,8.512000084,9.215000153
6/2/2018 5:00,8.934000015,8.934000015,8.512000084
6/2/2018 6:00,8.934000015,8.934000015,8.934000015
6/2/2018 7:00,8.652999878,8.652999878,8.934000015
6/2/2018 8:00,8.722999573,8.722999573,8.652999878
6/2/2018 9:00,8.722999573,8.722999573,8.722999573
6/2/2018 10:00,9.215000153,9.215000153,8.722999573
6/2/2018 11:00,9.637999535,9.637999535,9.215000153
6/2/2018 12:00,10.48200035,10.48200035,9.637999535
6/2/2018 13:00,10.19999981,10.19999981,10.48200035
6/2/2018 14:00,10.3409996,10.3409996,10.19999981
6/2/2018 15:00,10.19999981,10.19999981,10.3409996
6/2/2018 16:00,11.11499977,11.11499977,10.19999981
6/2/2018 17:00,10.48200035,10.48200035,11.11499977
6/2/2018 18:00,10.06000042,10.06000042,10.48200035
6/2/2018 19:00,9.567000389,9.567000389,10.06000042
6/2/2018 20:00,9.425999641,9.425999641,9.567000389
6/2/2018 21:00,9.567000389,9.567000389,9.425999641
6/2/2018 22:00,9.848999977,9.848999977,9.567000389
6/2/2018 23:00,9.637999535,9.637999535,9.848999977
6/3/2018 0:00,9.286000252,9.286000252,9.637999535
6/3/2018 1:00,9.496999741,9.496999741,9.286000252
6/3/2018 2:00,9.496999741,9.496999741,9.496999741
6/3/2018 3:00,9.637999535,9.637999535,9.496999741
6/3/2018 4:00,9.567000389,9.567000389,9.637999535
6/3/2018 5:00,9.848999977,9.848999977,9.567000389
6/3/2018 6:00,9.567000389,9.567000389,9.848999977
6/3/2018 7:00,9.355999947,9.355999947,9.567000389
6/3/2018 8:00,9.425999641,9.425999641,9.355999947
6/3/2018 9:00,9.637999535,9.637999535,9.425999641
6/3/2018 10:00,9.918999672,9.918999672,9.637999535
6/3/2018 11:00,10.62199974,10.62199974,9.918999672
6/3/2018 12:00,10.69299984,10.69299984,10.62199974
6/3/2018 13:00,10.97399998,10.97399998,10.69299984
6/3/2018 14:00,12.23999977,12.23999977,10.97399998
6/3/2018 15:00,12.6619997,12.6619997,12.23999977
6/3/2018 16:00,13.43599987,13.43599987,12.6619997
6/3/2018 17:00,13.08500004,13.08500004,13.43599987
6/3/2018 18:00,11.67800045,11.67800045,13.08500004
6/3/2018 19:00,11.04399967,11.04399967,11.67800045
6/3/2018 20:00,10.55200005,10.55200005,11.04399967
6/3/2018 21:00,9.567000389,9.567000389,10.55200005
6/3/2018 22:00,9.425999641,9.425999641,9.567000389
6/3/2018 23:00,8.722999573,8.722999573,9.425999641
6/4/2018 0:00,8.442000389,8.442000389,8.722999573
6/4/2018 1:00,9.215000153,9.215000153,8.442000389
6/4/2018 2:00,9.425999641,9.425999641,9.215000153
6/4/2018 3:00,9.637999535,9.637999535,9.425999641
6/4/2018 4:00,9.708000183,9.708000183,9.637999535
6/4/2018 5:00,9.425999641,9.425999641,9.708000183
6/4/2018 6:00,9.567000389,9.567000389,9.425999641
6/4/2018 7:00,9.777999878,9.777999878,9.567000389
6/4/2018 8:00,10.76299953,10.76299953,9.777999878
6/4/2018 9:00,11.18500042,11.18500042,10.76299953
6/4/2018 10:00,11.18500042,11.18500042,11.18500042
6/4/2018 11:00,11.18500042,11.18500042,11.18500042
6/4/2018 12:00,11.81799984,11.81799984,11.18500042
6/4/2018 13:00,11.67800045,11.67800045,11.81799984
6/4/2018 14:00,12.23999977,12.23999977,11.67800045
6/4/2018 15:00,12.38099957,12.38099957,12.23999977
6/4/2018 16:00,11.60700035,11.60700035,12.38099957
6/4/2018 17:00,10.76299953,10.76299953,11.60700035
6/4/2018 18:00,10.06000042,10.06000042,10.76299953
6/4/2018 19:00,9.637999535,9.637999535,10.06000042
6/4/2018 20:00,9.708000183,9.708000183,9.637999535
6/4/2018 21:00,9.848999977,9.848999977,9.708000183
6/4/2018 22:00,10.27099991,10.27099991,9.848999977
6/4/2018 23:00,10.13000011,10.13000011,10.27099991
6/5/2018 0:00,9.918999672,9.918999672,10.13000011
6/5/2018 1:00,9.637999535,9.637999535,9.918999672
6/5/2018 2:00,9.425999641,9.425999641,9.637999535
6/5/2018 3:00,9.708000183,9.708000183,9.425999641
6/5/2018 4:00,9.918999672,9.918999672,9.708000183
6/5/2018 5:00,9.848999977,9.848999977,9.918999672
6/5/2018 6:00,9.848999977,9.848999977,9.848999977
6/5/2018 7:00,10.06000042,10.06000042,9.848999977
6/5/2018 8:00,9.918999672,9.918999672,10.06000042
6/5/2018 9:00,10.13000011,10.13000011,9.918999672
6/5/2018 10:00,9.848999977,9.848999977,10.13000011
6/5/2018 11:00,9.918999672,9.918999672,9.848999977
6/5/2018 12:00,9.777999878,9.777999878,9.918999672
6/5/2018 13:00,10.13000011,10.13000011,9.777999878
6/5/2018 14:00,10.76299953,10.76299953,10.13000011
6/5/2018 15:00,10.90400028,10.90400028,10.76299953
6/5/2018 16:00,10.97399998,10.97399998,10.90400028
6/5/2018 17:00,10.83300018,10.83300018,10.97399998
6/5/2018 18:00,10.27099991,10.27099991,10.83300018
6/5/2018 19:00,9.567000389,9.567000389,10.27099991
6/5/2018 20:00,9.286000252,9.286000252,9.567000389
6/5/2018 21:00,9.215000153,9.215000153,9.286000252
6/5/2018 22:00,8.934000015,8.934000015,9.215000153
6/5/2018 23:00,8.934000015,8.934000015,8.934000015
6/6/2018 0:00,8.581999779,8.581999779,8.934000015
6/6/2018 1:00,8.581999779,8.581999779,8.581999779
6/6/2018 2:00,8.581999779,8.581999779,8.581999779
6/6/2018 3:00,8.512000084,8.512000084,8.581999779
6/6/2018 4:00,8.37100029,8.37100029,8.512000084
6/6/2018 5:00,8.159999847,8.159999847,8.37100029
6/6/2018 6:00,8.512000084,8.512000084,8.159999847
6/6/2018 7:00,9.496999741,9.496999741,8.512000084
6/6/2018 8:00,10.19999981,10.19999981,9.496999741
6/6/2018 9:00,10.27099991,10.27099991,10.19999981
6/6/2018 10:00,9.98900032,9.98900032,10.27099991
6/6/2018 11:00,10.13000011,10.13000011,9.98900032
6/6/2018 12:00,10.06000042,10.06000042,10.13000011
6/6/2018 13:00,10.55200005,10.55200005,10.06000042
6/6/2018 14:00,12.02900028,12.02900028,10.55200005
6/6/2018 15:00,13.15499973,13.15499973,12.02900028
6/6/2018 16:00,13.29599953,13.29599953,13.15499973
6/6/2018 17:00,12.94400024,12.94400024,13.29599953
6/6/2018 18:00,13.22500038,13.22500038,12.94400024
6/6/2018 19:00,11.39599991,11.39599991,13.22500038
6/6/2018 20:00,10.90400028,10.90400028,11.39599991
6/6/2018 21:00,11.04399967,11.04399967,10.90400028
6/6/2018 22:00,10.55200005,10.55200005,11.04399967
6/6/2018 23:00,10.27099991,10.27099991,10.55200005
6/7/2018 0:00,9.777999878,9.777999878,10.27099991
6/7/2018 1:00,10.13000011,10.13000011,9.777999878
6/7/2018 2:00,10.13000011,10.13000011,10.13000011
6/7/2018 3:00,9.848999977,9.848999977,10.13000011
6/7/2018 4:00,9.98900032,9.98900032,9.848999977
6/7/2018 5:00,9.918999672,9.918999672,9.98900032
6/7/2018 6:00,10.13000011,10.13000011,9.918999672
6/7/2018 7:00,10.48200035,10.48200035,10.13000011
6/7/2018 8:00,10.69299984,10.69299984,10.48200035
6/7/2018 9:00,10.83300018,10.83300018,10.69299984
6/7/2018 10:00,11.11499977,11.11499977,10.83300018
6/7/2018 11:00,11.5369997,11.5369997,11.11499977
6/7/2018 12:00,11.95899963,11.95899963,11.5369997
6/7/2018 13:00,12.02900028,12.02900028,11.95899963
6/7/2018 14:00,12.80300045,12.80300045,12.02900028
6/7/2018 15:00,12.7329998,12.7329998,12.80300045
6/7/2018 16:00,12.6619997,12.6619997,12.7329998
6/7/2018 17:00,12.6619997,12.6619997,12.6619997
6/7/2018 18:00,12.02900028,12.02900028,12.6619997
6/7/2018 19:00,11.67800045,11.67800045,12.02900028
6/7/2018 20:00,11.39599991,11.39599991,11.67800045
6/7/2018 21:00,10.83300018,10.83300018,11.39599991
6/7/2018 22:00,10.83300018,10.83300018,10.83300018
6/7/2018 23:00,10.3409996,10.3409996,10.83300018
6/8/2018 0:00,10.48200035,10.48200035,10.3409996
6/8/2018 1:00,10.41100025,10.41100025,10.48200035
6/8/2018 2:00,10.13000011,10.13000011,10.41100025
6/8/2018 3:00,10.06000042,10.06000042,10.13000011
6/8/2018 4:00,9.98900032,9.98900032,10.06000042
6/8/2018 5:00,9.708000183,9.708000183,9.98900032
6/8/2018 6:00,9.425999641,9.425999641,9.708000183
6/8/2018 7:00,9.777999878,9.777999878,9.425999641
6/8/2018 8:00,10.13000011,10.13000011,9.777999878
6/8/2018 9:00,10.19999981,10.19999981,10.13000011
6/8/2018 10:00,10.06000042,10.06000042,10.19999981
6/8/2018 11:00,10.3409996,10.3409996,10.06000042
6/8/2018 12:00,10.13000011,10.13000011,10.3409996
6/8/2018 13:00,9.918999672,9.918999672,10.13000011
6/8/2018 14:00,10.19999981,10.19999981,9.918999672
6/8/2018 15:00,10.3409996,10.3409996,10.19999981
6/8/2018 16:00,10.13000011,10.13000011,10.3409996
6/8/2018 17:00,9.918999672,9.918999672,10.13000011
6/8/2018 18:00,8.934000015,8.934000015,9.918999672
6/8/2018 19:00,9.00399971,9.00399971,8.934000015
6/8/2018 20:00,9.355999947,9.355999947,9.00399971
6/8/2018 21:00,8.86400032,8.86400032,9.355999947
6/8/2018 22:00,9.074999809,9.074999809,8.86400032
6/8/2018 23:00,8.722999573,8.722999573,9.074999809
6/9/2018 0:00,8.86400032,8.86400032,8.722999573
6/9/2018 1:00,8.86400032,8.86400032,8.86400032
6/9/2018 2:00,8.300999641,8.300999641,8.86400032
6/9/2018 3:00,8.020000458,8.020000458,8.300999641
6/9/2018 4:00,8.020000458,8.020000458,8.020000458
6/9/2018 5:00,8.159999847,8.159999847,8.020000458
6/9/2018 6:00,8.159999847,8.159999847,8.159999847
6/9/2018 7:00,8.159999847,8.159999847,8.159999847
6/9/2018 8:00,8.512000084,8.512000084,8.159999847
6/9/2018 9:00,8.442000389,8.442000389,8.512000084
6/9/2018 10:00,6.823999882,6.823999882,8.442000389
6/9/2018 11:00,3.025000095,3.025000095,6.823999882
6/9/2018 12:00,4.150000095,4.150000095,3.025000095
6/9/2018 13:00,3.938999891,3.938999891,4.150000095
6/9/2018 14:00,4.78399992,4.78399992,3.938999891
6/9/2018 15:00,5.768000126,5.768000126,4.78399992
6/9/2018 16:00,6.683000088,6.683000088,5.768000126
6/9/2018 17:00,6.894000053,6.894000053,6.683000088
6/9/2018 18:00,7.034999847,7.034999847,6.894000053
6/9/2018 19:00,6.40199995,6.40199995,7.034999847
6/9/2018 20:00,6.330999851,6.330999851,6.40199995
6/9/2018 21:00,6.050000191,6.050000191,6.330999851
6/9/2018 22:00,6.894000053,6.894000053,6.050000191
6/9/2018 23:00,7.245999813,7.245999813,6.894000053
6/10/2018 0:00,6.261000156,6.261000156,7.245999813
6/10/2018 1:00,6.823999882,6.823999882,6.261000156
6/10/2018 2:00,7.315999985,7.315999985,6.823999882
6/10/2018 3:00,7.668000221,7.668000221,7.315999985
6/10/2018 4:00,7.737999916,7.737999916,7.668000221
6/10/2018 5:00,7.456999779,7.456999779,7.737999916
6/10/2018 6:00,7.668000221,7.668000221,7.456999779
6/10/2018 7:00,8.020000458,8.020000458,7.668000221
6/10/2018 8:00,8.300999641,8.300999641,8.020000458
6/10/2018 9:00,8.159999847,8.159999847,8.300999641
6/10/2018 10:00,8.090000153,8.090000153,8.159999847
6/10/2018 11:00,8.090000153,8.090000153,8.090000153
6/10/2018 12:00,8.37100029,8.37100029,8.090000153
6/10/2018 13:00,8.934000015,8.934000015,8.37100029
6/10/2018 14:00,9.425999641,9.425999641,8.934000015
6/10/2018 15:00,9.567000389,9.567000389,9.425999641
6/10/2018 16:00,9.98900032,9.98900032,9.567000389
6/10/2018 17:00,9.286000252,9.286000252,9.98900032
6/10/2018 18:00,9.286000252,9.286000252,9.286000252
6/10/2018 19:00,9.145000458,9.145000458,9.286000252
6/10/2018 20:00,8.442000389,8.442000389,9.145000458
6/10/2018 21:00,8.722999573,8.722999573,8.442000389
6/10/2018 22:00,8.442000389,8.442000389,8.722999573
6/10/2018 23:00,8.230999947,8.230999947,8.442000389
6/11/2018 0:00,8.300999641,8.300999641,8.230999947
6/11/2018 1:00,7.879000187,7.879000187,8.300999641
6/11/2018 2:00,7.809000015,7.809000015,7.879000187
6/11/2018 3:00,7.809000015,7.809000015,7.809000015
6/11/2018 4:00,7.948999882,7.948999882,7.809000015
6/11/2018 5:00,7.948999882,7.948999882,7.948999882
6/11/2018 6:00,8.159999847,8.159999847,7.948999882
6/11/2018 7:00,8.512000084,8.512000084,8.159999847
6/11/2018 8:00,9.074999809,9.074999809,8.512000084
6/11/2018 9:00,9.074999809,9.074999809,9.074999809
6/11/2018 10:00,9.00399971,9.00399971,9.074999809
6/11/2018 11:00,9.074999809,9.074999809,9.00399971
6/11/2018 12:00,9.567000389,9.567000389,9.074999809
6/11/2018 13:00,10.19999981,10.19999981,9.567000389
6/11/2018 14:00,11.04399967,11.04399967,10.19999981
6/11/2018 15:00,12.02900028,12.02900028,11.04399967
6/11/2018 16:00,12.17000008,12.17000008,12.02900028
6/11/2018 17:00,12.31099987,12.31099987,12.17000008
6/11/2018 18:00,10.55200005,10.55200005,12.31099987
6/11/2018 19:00,10.90400028,10.90400028,10.55200005
6/11/2018 20:00,10.27099991,10.27099991,10.90400028
6/11/2018 21:00,10.27099991,10.27099991,10.27099991
6/11/2018 22:00,9.777999878,9.777999878,10.27099991
6/11/2018 23:00,9.848999977,9.848999977,9.777999878
6/12/2018 0:00,10.06000042,10.06000042,9.848999977
6/12/2018 1:00,9.777999878,9.777999878,10.06000042
6/12/2018 2:00,9.496999741,9.496999741,9.777999878
6/12/2018 3:00,9.848999977,9.848999977,9.496999741
6/12/2018 4:00,9.708000183,9.708000183,9.848999977
6/12/2018 5:00,9.496999741,9.496999741,9.708000183
6/12/2018 6:00,9.567000389,9.567000389,9.496999741
6/12/2018 7:00,10.3409996,10.3409996,9.567000389
6/12/2018 8:00,10.41100025,10.41100025,10.3409996
6/12/2018 9:00,10.62199974,10.62199974,10.41100025
6/12/2018 10:00,10.27099991,10.27099991,10.62199974
6/12/2018 11:00,10.3409996,10.3409996,10.27099991
6/12/2018 12:00,10.83300018,10.83300018,10.3409996
6/12/2018 13:00,11.5369997,11.5369997,10.83300018
6/12/2018 14:00,12.10000038,12.10000038,11.5369997
6/12/2018 15:00,13.57699966,13.57699966,12.10000038
6/12/2018 16:00,14.27999973,14.27999973,13.57699966
6/12/2018 17:00,13.50699997,13.50699997,14.27999973
6/12/2018 18:00,13.9289999,13.9289999,13.50699997
6/12/2018 19:00,12.02900028,12.02900028,13.9289999
6/12/2018 20:00,11.67800045,11.67800045,12.02900028
6/12/2018 21:00,11.04399967,11.04399967,11.67800045
6/12/2018 22:00,10.90400028,10.90400028,11.04399967
6/12/2018 23:00,11.18500042,11.18500042,10.90400028
6/13/2018 0:00,11.18500042,11.18500042,11.18500042
6/13/2018 1:00,10.76299953,10.76299953,11.18500042
6/13/2018 2:00,10.90400028,10.90400028,10.76299953
6/13/2018 3:00,10.83300018,10.83300018,10.90400028
6/13/2018 4:00,10.83300018,10.83300018,10.83300018
6/13/2018 5:00,10.62199974,10.62199974,10.83300018
6/13/2018 6:00,10.97399998,10.97399998,10.62199974
6/13/2018 7:00,11.46700001,11.46700001,10.97399998
6/13/2018 8:00,11.81799984,11.81799984,11.46700001
6/13/2018 9:00,11.18500042,11.18500042,11.81799984
6/13/2018 10:00,11.18500042,11.18500042,11.18500042
6/13/2018 11:00,11.5369997,11.5369997,11.18500042
6/13/2018 12:00,11.32600021,11.32600021,11.5369997
6/13/2018 13:00,12.31099987,12.31099987,11.32600021
6/13/2018 14:00,13.29599953,13.29599953,12.31099987
6/13/2018 15:00,14.14000034,14.14000034,13.29599953
6/13/2018 16:00,14.35099983,14.35099983,14.14000034
6/13/2018 17:00,13.64700031,13.64700031,14.35099983
6/13/2018 18:00,12.59200001,12.59200001,13.64700031
6/13/2018 19:00,11.67800045,11.67800045,12.59200001
6/13/2018 20:00,10.90400028,10.90400028,11.67800045
6/13/2018 21:00,10.69299984,10.69299984,10.90400028
6/13/2018 22:00,10.55200005,10.55200005,10.69299984
6/13/2018 23:00,10.55200005,10.55200005,10.55200005
6/14/2018 0:00,10.90400028,10.90400028,10.55200005
6/14/2018 1:00,10.90400028,10.90400028,10.90400028
6/14/2018 2:00,10.69299984,10.69299984,10.90400028
6/14/2018 3:00,10.97399998,10.97399998,10.69299984
6/14/2018 4:00,11.11499977,11.11499977,10.97399998
6/14/2018 5:00,10.83300018,10.83300018,11.11499977
6/14/2018 6:00,10.97399998,10.97399998,10.83300018
6/14/2018 7:00,10.90400028,10.90400028,10.97399998
6/14/2018 8:00,11.11499977,11.11499977,10.90400028
6/14/2018 9:00,11.11499977,11.11499977,11.11499977
6/14/2018 10:00,11.18500042,11.18500042,11.11499977
6/14/2018 11:00,11.25599957,11.25599957,11.18500042
6/14/2018 12:00,11.18500042,11.18500042,11.25599957
6/14/2018 13:00,11.81799984,11.81799984,11.18500042
6/14/2018 14:00,13.29599953,13.29599953,11.81799984
6/14/2018 15:00,13.57699966,13.57699966,13.29599953
6/14/2018 16:00,13.22500038,13.22500038,13.57699966
6/14/2018 17:00,13.08500004,13.08500004,13.22500038
6/14/2018 18:00,11.46700001,11.46700001,13.08500004
6/14/2018 19:00,11.32600021,11.32600021,11.46700001
6/14/2018 20:00,11.32600021,11.32600021,11.32600021
6/14/2018 21:00,11.18500042,11.18500042,11.32600021
6/14/2018 22:00,11.32600021,11.32600021,11.18500042
6/14/2018 23:00,10.62199974,10.62199974,11.32600021
6/15/2018 0:00,10.19999981,10.19999981,10.62199974
6/15/2018 1:00,10.19999981,10.19999981,10.19999981
6/15/2018 2:00,9.848999977,9.848999977,10.19999981
6/15/2018 3:00,10.13000011,10.13000011,9.848999977
6/15/2018 4:00,10.97399998,10.97399998,10.13000011
6/15/2018 5:00,10.19999981,10.19999981,10.97399998
6/15/2018 6:00,10.83300018,10.83300018,10.19999981
6/15/2018 7:00,11.11499977,11.11499977,10.83300018
6/15/2018 8:00,11.5369997,11.5369997,11.11499977
6/15/2018 9:00,10.55200005,10.55200005,11.5369997
6/15/2018 10:00,10.48200035,10.48200035,10.55200005
6/15/2018 11:00,10.3409996,10.3409996,10.48200035
6/15/2018 12:00,10.90400028,10.90400028,10.3409996
6/15/2018 13:00,11.11499977,11.11499977,10.90400028
6/15/2018 14:00,11.25599957,11.25599957,11.11499977
6/15/2018 15:00,11.81799984,11.81799984,11.25599957
6/15/2018 16:00,12.38099957,12.38099957,11.81799984
6/15/2018 17:00,11.95899963,11.95899963,12.38099957
6/15/2018 18:00,11.74800014,11.74800014,11.95899963
6/15/2018 19:00,10.48200035,10.48200035,11.74800014
6/15/2018 20:00,9.848999977,9.848999977,10.48200035
6/15/2018 21:00,9.425999641,9.425999641,9.848999977
6/15/2018 22:00,9.496999741,9.496999741,9.425999641
6/15/2018 23:00,9.425999641,9.425999641,9.496999741
6/16/2018 0:00,9.215000153,9.215000153,9.425999641
6/16/2018 1:00,9.286000252,9.286000252,9.215000153
6/16/2018 2:00,9.00399971,9.00399971,9.286000252
6/16/2018 3:00,8.86400032,8.86400032,9.00399971
6/16/2018 4:00,8.512000084,8.512000084,8.86400032
6/16/2018 5:00,8.512000084,8.512000084,8.512000084
6/16/2018 6:00,8.581999779,8.581999779,8.512000084
6/16/2018 7:00,8.793000221,8.793000221,8.581999779
6/16/2018 8:00,9.425999641,9.425999641,8.793000221
6/16/2018 9:00,8.722999573,8.722999573,9.425999641
6/16/2018 10:00,9.145000458,9.145000458,8.722999573
6/16/2018 11:00,9.00399971,9.00399971,9.145000458
6/16/2018 12:00,9.215000153,9.215000153,9.00399971
6/16/2018 13:00,9.425999641,9.425999641,9.215000153
6/16/2018 14:00,10.13000011,10.13000011,9.425999641
6/16/2018 15:00,10.76299953,10.76299953,10.13000011
6/16/2018 16:00,10.55200005,10.55200005,10.76299953
6/16/2018 17:00,9.918999672,9.918999672,10.55200005
6/16/2018 18:00,9.355999947,9.355999947,9.918999672
6/16/2018 19:00,9.215000153,9.215000153,9.355999947
6/16/2018 20:00,9.215000153,9.215000153,9.215000153
6/16/2018 21:00,8.442000389,8.442000389,9.215000153
6/16/2018 22:00,8.512000084,8.512000084,8.442000389
6/16/2018 23:00,8.300999641,8.300999641,8.512000084
6/17/2018 0:00,8.159999847,8.159999847,8.300999641
6/17/2018 1:00,8.512000084,8.512000084,8.159999847
6/17/2018 2:00,8.020000458,8.020000458,8.512000084
6/17/2018 3:00,8.020000458,8.020000458,8.020000458
6/17/2018 4:00,8.020000458,8.020000458,8.020000458
6/17/2018 5:00,7.948999882,7.948999882,8.020000458
6/17/2018 6:00,7.668000221,7.668000221,7.948999882
6/17/2018 7:00,7.948999882,7.948999882,7.668000221
6/17/2018 8:00,8.230999947,8.230999947,7.948999882
6/17/2018 9:00,8.37100029,8.37100029,8.230999947
6/17/2018 10:00,8.442000389,8.442000389,8.37100029
6/17/2018 11:00,8.652999878,8.652999878,8.442000389
6/17/2018 12:00,9.286000252,9.286000252,8.652999878
6/17/2018 13:00,10.27099991,10.27099991,9.286000252
6/17/2018 14:00,11.32600021,11.32600021,10.27099991
6/17/2018 15:00,12.45100021,12.45100021,11.32600021
6/17/2018 16:00,12.38099957,12.38099957,12.45100021
6/17/2018 17:00,11.5369997,11.5369997,12.38099957
6/17/2018 18:00,11.32600021,11.32600021,11.5369997
6/17/2018 19:00,10.83300018,10.83300018,11.32600021
6/17/2018 20:00,10.27099991,10.27099991,10.83300018
6/17/2018 21:00,10.19999981,10.19999981,10.27099991
6/17/2018 22:00,9.637999535,9.637999535,10.19999981
6/17/2018 23:00,9.567000389,9.567000389,9.637999535
6/18/2018 0:00,9.286000252,9.286000252,9.567000389
6/18/2018 1:00,9.215000153,9.215000153,9.286000252
6/18/2018 2:00,9.215000153,9.215000153,9.215000153
6/18/2018 3:00,8.86400032,8.86400032,9.215000153
6/18/2018 4:00,9.074999809,9.074999809,8.86400032
6/18/2018 5:00,9.00399971,9.00399971,9.074999809
6/18/2018 6:00,9.215000153,9.215000153,9.00399971
6/18/2018 7:00,9.286000252,9.286000252,9.215000153
6/18/2018 8:00,9.145000458,9.145000458,9.286000252
6/18/2018 9:00,9.777999878,9.777999878,9.145000458
6/18/2018 10:00,9.98900032,9.98900032,9.777999878
6/18/2018 11:00,10.06000042,10.06000042,9.98900032
6/18/2018 12:00,10.83300018,10.83300018,10.06000042
6/18/2018 13:00,11.18500042,11.18500042,10.83300018
6/18/2018 14:00,11.95899963,11.95899963,11.18500042
6/18/2018 15:00,13.08500004,13.08500004,11.95899963
6/18/2018 16:00,11.95899963,11.95899963,13.08500004
6/18/2018 17:00,12.02900028,12.02900028,11.95899963
6/18/2018 18:00,12.02900028,12.02900028,12.02900028
6/18/2018 19:00,11.81799984,11.81799984,12.02900028
6/18/2018 20:00,10.62199974,10.62199974,11.81799984
6/18/2018 21:00,10.19999981,10.19999981,10.62199974
6/18/2018 22:00,10.13000011,10.13000011,10.19999981
6/18/2018 23:00,10.27099991,10.27099991,10.13000011
6/19/2018 0:00,9.777999878,9.777999878,10.27099991
6/19/2018 1:00,9.215000153,9.215000153,9.777999878
6/19/2018 2:00,9.215000153,9.215000153,9.215000153
6/19/2018 3:00,9.074999809,9.074999809,9.215000153
6/19/2018 4:00,9.00399971,9.00399971,9.074999809
6/19/2018 5:00,9.145000458,9.145000458,9.00399971
6/19/2018 6:00,9.637999535,9.637999535,9.145000458
6/19/2018 7:00,9.496999741,9.496999741,9.637999535
6/19/2018 8:00,9.074999809,9.074999809,9.496999741
6/19/2018 9:00,9.355999947,9.355999947,9.074999809
6/19/2018 10:00,9.777999878,9.777999878,9.355999947
6/19/2018 11:00,9.848999977,9.848999977,9.777999878
6/19/2018 12:00,10.13000011,10.13000011,9.848999977
6/19/2018 13:00,9.777999878,9.777999878,10.13000011
6/19/2018 14:00,5.55700016,5.55700016,9.777999878
6/19/2018 15:00,5.627999783,5.627999783,5.55700016
6/19/2018 16:00,4.643000126,4.643000126,5.627999783
6/19/2018 17:00,5.276000023,5.276000023,4.643000126
6/19/2018 18:00,6.683000088,6.683000088,5.276000023
6/19/2018 19:00,6.752999783,6.752999783,6.683000088
6/19/2018 20:00,7.105000019,7.105000019,6.752999783
6/19/2018 21:00,4.572999954,4.572999954,7.105000019
6/19/2018 22:00,5.135000229,5.135000229,4.572999954
6/19/2018 23:00,5.90899992,5.90899992,5.135000229
6/20/2018 0:00,6.541999817,6.541999817,5.90899992
6/20/2018 1:00,7.315999985,7.315999985,6.541999817
6/20/2018 2:00,6.964000225,6.964000225,7.315999985
6/20/2018 3:00,7.105000019,7.105000019,6.964000225
6/20/2018 4:00,7.105000019,7.105000019,7.105000019
6/20/2018 5:00,7.105000019,7.105000019,7.105000019
6/20/2018 6:00,7.315999985,7.315999985,7.105000019
6/20/2018 7:00,7.456999779,7.456999779,7.315999985
6/20/2018 8:00,7.105000019,7.105000019,7.456999779
6/20/2018 9:00,7.456999779,7.456999779,7.105000019
6/20/2018 10:00,8.090000153,8.090000153,7.456999779
6/20/2018 11:00,8.090000153,8.090000153,8.090000153
6/20/2018 12:00,8.512000084,8.512000084,8.090000153
6/20/2018 13:00,8.37100029,8.37100029,8.512000084
6/20/2018 14:00,8.934000015,8.934000015,8.37100029
6/20/2018 15:00,8.722999573,8.722999573,8.934000015
6/20/2018 16:00,8.86400032,8.86400032,8.722999573
6/20/2018 17:00,9.286000252,9.286000252,8.86400032
6/20/2018 18:00,9.145000458,9.145000458,9.286000252
6/20/2018 19:00,9.286000252,9.286000252,9.145000458
6/20/2018 20:00,9.215000153,9.215000153,9.286000252
6/20/2018 21:00,8.652999878,8.652999878,9.215000153
6/20/2018 22:00,8.722999573,8.722999573,8.652999878
6/20/2018 23:00,9.00399971,9.00399971,8.722999573
6/21/2018 0:00,9.00399971,9.00399971,9.00399971
6/21/2018 1:00,8.934000015,8.934000015,9.00399971
6/21/2018 2:00,8.581999779,8.581999779,8.934000015
6/21/2018 3:00,8.37100029,8.37100029,8.581999779
6/21/2018 4:00,8.512000084,8.512000084,8.37100029
6/21/2018 5:00,8.512000084,8.512000084,8.512000084
6/21/2018 6:00,8.86400032,8.86400032,8.512000084
6/21/2018 7:00,8.300999641,8.300999641,8.86400032
6/21/2018 8:00,8.86400032,8.86400032,8.300999641
6/21/2018 9:00,8.512000084,8.512000084,8.86400032
6/21/2018 10:00,8.37100029,8.37100029,8.512000084
6/21/2018 11:00,8.512000084,8.512000084,8.37100029
6/21/2018 12:00,8.442000389,8.442000389,8.512000084
6/21/2018 13:00,8.86400032,8.86400032,8.442000389
6/21/2018 14:00,9.567000389,9.567000389,8.86400032
6/21/2018 15:00,9.918999672,9.918999672,9.567000389
6/21/2018 16:00,10.06000042,10.06000042,9.918999672
6/21/2018 17:00,9.848999977,9.848999977,10.06000042
6/21/2018 18:00,9.637999535,9.637999535,9.848999977
6/21/2018 19:00,9.00399971,9.00399971,9.637999535
6/21/2018 20:00,8.652999878,8.652999878,9.00399971
6/21/2018 21:00,8.37100029,8.37100029,8.652999878
6/21/2018 22:00,8.159999847,8.159999847,8.37100029
6/21/2018 23:00,8.090000153,8.090000153,8.159999847
6/22/2018 0:00,8.230999947,8.230999947,8.090000153
6/22/2018 1:00,8.37100029,8.37100029,8.230999947
6/22/2018 2:00,8.159999847,8.159999847,8.37100029
6/22/2018 3:00,8.020000458,8.020000458,8.159999847
6/22/2018 4:00,7.809000015,7.809000015,8.020000458
6/22/2018 5:00,7.668000221,7.668000221,7.809000015
6/22/2018 6:00,5.627999783,5.627999783,7.668000221
6/22/2018 7:00,7.034999847,7.034999847,5.627999783
6/22/2018 8:00,4.854000092,4.854000092,7.034999847
6/22/2018 9:00,6.683000088,6.683000088,4.854000092
6/22/2018 10:00,6.40199995,6.40199995,6.683000088
6/22/2018 11:00,6.752999783,6.752999783,6.40199995
6/22/2018 12:00,3.657999992,3.657999992,6.752999783
6/22/2018 13:00,3.657999992,3.657999992,3.657999992
6/22/2018 14:00,4.150000095,4.150000095,3.657999992
6/22/2018 15:00,4.643000126,4.643000126,4.150000095
6/22/2018 16:00,5.979000092,5.979000092,4.643000126
6/22/2018 17:00,4.361999989,4.361999989,5.979000092
6/22/2018 18:00,4.643000126,4.643000126,4.361999989
6/22/2018 19:00,5.839000225,5.839000225,4.643000126
6/22/2018 20:00,5.90899992,5.90899992,5.839000225
6/22/2018 21:00,5.979000092,5.979000092,5.90899992
6/22/2018 22:00,5.839000225,5.839000225,5.979000092
6/22/2018 23:00,5.839000225,5.839000225,5.839000225
6/23/2018 0:00,5.346000195,5.346000195,5.839000225
6/23/2018 1:00,5.416999817,5.416999817,5.346000195
6/23/2018 2:00,5.416999817,5.416999817,5.416999817
6/23/2018 3:00,5.768000126,5.768000126,5.416999817
6/23/2018 4:00,5.90899992,5.90899992,5.768000126
6/23/2018 5:00,6.261000156,6.261000156,5.90899992
6/23/2018 6:00,6.683000088,6.683000088,6.261000156
6/23/2018 7:00,6.472000122,6.472000122,6.683000088
6/23/2018 8:00,6.40199995,6.40199995,6.472000122
6/23/2018 9:00,6.964000225,6.964000225,6.40199995
6/23/2018 10:00,7.52699995,7.52699995,6.964000225
6/23/2018 11:00,7.737999916,7.737999916,7.52699995
6/23/2018 12:00,7.809000015,7.809000015,7.737999916
6/23/2018 13:00,7.668000221,7.668000221,7.809000015
6/23/2018 14:00,8.159999847,8.159999847,7.668000221
6/23/2018 15:00,7.809000015,7.809000015,8.159999847
6/23/2018 16:00,8.159999847,8.159999847,7.809000015
6/23/2018 17:00,7.809000015,7.809000015,8.159999847
6/23/2018 18:00,8.300999641,8.300999641,7.809000015
6/23/2018 19:00,8.020000458,8.020000458,8.300999641
6/23/2018 20:00,7.668000221,7.668000221,8.020000458
6/23/2018 21:00,7.386000156,7.386000156,7.668000221
6/23/2018 22:00,7.315999985,7.315999985,7.386000156
6/23/2018 23:00,7.175000191,7.175000191,7.315999985
6/24/2018 0:00,6.894000053,6.894000053,7.175000191
6/24/2018 1:00,6.612999916,6.612999916,6.894000053
6/24/2018 2:00,6.40199995,6.40199995,6.612999916
6/24/2018 3:00,6.541999817,6.541999817,6.40199995
6/24/2018 4:00,6.964000225,6.964000225,6.541999817
6/24/2018 5:00,6.894000053,6.894000053,6.964000225
6/24/2018 6:00,7.456999779,7.456999779,6.894000053
6/24/2018 7:00,7.456999779,7.456999779,7.456999779
6/24/2018 8:00,8.442000389,8.442000389,7.456999779
6/24/2018 9:00,7.948999882,7.948999882,8.442000389
6/24/2018 10:00,8.512000084,8.512000084,7.948999882
6/24/2018 11:00,9.00399971,9.00399971,8.512000084
6/24/2018 12:00,9.286000252,9.286000252,9.00399971
6/24/2018 13:00,9.215000153,9.215000153,9.286000252
6/24/2018 14:00,9.286000252,9.286000252,9.215000153
6/24/2018 15:00,9.355999947,9.355999947,9.286000252
6/24/2018 16:00,9.496999741,9.496999741,9.355999947
6/24/2018 17:00,9.215000153,9.215000153,9.496999741
6/24/2018 18:00,9.145000458,9.145000458,9.215000153
6/24/2018 19:00,9.074999809,9.074999809,9.145000458
6/24/2018 20:00,8.86400032,8.86400032,9.074999809
6/24/2018 21:00,8.37100029,8.37100029,8.86400032
6/24/2018 22:00,8.37100029,8.37100029,8.37100029
6/24/2018 23:00,8.512000084,8.512000084,8.37100029
6/25/2018 0:00,8.722999573,8.722999573,8.512000084
6/25/2018 1:00,9.00399971,9.00399971,8.722999573
6/25/2018 2:00,9.567000389,9.567000389,9.00399971
6/25/2018 3:00,9.567000389,9.567000389,9.567000389
6/25/2018 4:00,8.512000084,8.512000084,9.567000389
6/25/2018 5:00,8.652999878,8.652999878,8.512000084
6/25/2018 6:00,8.934000015,8.934000015,8.652999878
6/25/2018 7:00,9.567000389,9.567000389,8.934000015
6/25/2018 8:00,10.97399998,10.97399998,9.567000389
6/25/2018 9:00,11.46700001,11.46700001,10.97399998
6/25/2018 10:00,11.18500042,11.18500042,11.46700001
6/25/2018 11:00,10.69299984,10.69299984,11.18500042
6/25/2018 12:00,10.27099991,10.27099991,10.69299984
6/25/2018 13:00,10.62199974,10.62199974,10.27099991
6/25/2018 14:00,11.25599957,11.25599957,10.62199974
6/25/2018 15:00,11.60700035,11.60700035,11.25599957
6/25/2018 16:00,12.38099957,12.38099957,11.60700035
6/25/2018 17:00,11.46700001,11.46700001,12.38099957
6/25/2018 18:00,11.18500042,11.18500042,11.46700001
6/25/2018 19:00,10.55200005,10.55200005,11.18500042
6/25/2018 20:00,9.98900032,9.98900032,10.55200005
6/25/2018 21:00,9.98900032,9.98900032,9.98900032
6/25/2018 22:00,9.567000389,9.567000389,9.98900032
6/25/2018 23:00,9.425999641,9.425999641,9.567000389
6/26/2018 0:00,9.708000183,9.708000183,9.425999641
6/26/2018 1:00,9.637999535,9.637999535,9.708000183
6/26/2018 2:00,9.777999878,9.777999878,9.637999535
6/26/2018 3:00,9.567000389,9.567000389,9.777999878
6/26/2018 4:00,9.425999641,9.425999641,9.567000389
6/26/2018 5:00,9.286000252,9.286000252,9.425999641
6/26/2018 6:00,9.286000252,9.286000252,9.286000252
6/26/2018 7:00,9.637999535,9.637999535,9.286000252
6/26/2018 8:00,9.425999641,9.425999641,9.637999535
6/26/2018 9:00,9.074999809,9.074999809,9.425999641
6/26/2018 10:00,8.934000015,8.934000015,9.074999809
6/26/2018 11:00,9.215000153,9.215000153,8.934000015
6/26/2018 12:00,9.215000153,9.215000153,9.215000153
6/26/2018 13:00,9.425999641,9.425999641,9.215000153
6/26/2018 14:00,10.19999981,10.19999981,9.425999641
6/26/2018 15:00,10.90400028,10.90400028,10.19999981
6/26/2018 16:00,11.04399967,11.04399967,10.90400028
6/26/2018 17:00,10.27099991,10.27099991,11.04399967
6/26/2018 18:00,9.777999878,9.777999878,10.27099991
6/26/2018 19:00,9.567000389,9.567000389,9.777999878
