date,OT,actual,forecast
2/1/2018 16:00,3.799000025,3.799000025,1.758999944
2/1/2018 17:00,3.588000059,3.588000059,1.758999944
2/1/2018 18:00,3.799000025,3.799000025,1.758999944
2/1/2018 19:00,3.588000059,3.588000059,1.758999944
2/1/2018 20:00,3.305999994,3.305999994,1.758999944
2/1/2018 21:00,3.657999992,3.657999992,1.758999944
2/1/2018 22:00,4.290999889,4.290999889,1.758999944
2/1/2018 23:00,3.938999891,3.938999891,1.758999944
2/2/2018 0:00,3.799000025,3.799000025,2.743999958
2/2/2018 1:00,4.361999989,4.361999989,3.025000095
2/2/2018 2:00,4.643000126,4.643000126,3.025000095
2/2/2018 3:00,4.221000195,4.221000195,3.236000061
2/2/2018 4:00,4.079999924,4.079999924,2.884000063
2/2/2018 5:00,3.868999958,3.868999958,2.743999958
2/2/2018 6:00,3.938999891,3.938999891,2.461999893
2/2/2018 7:00,3.727999926,3.727999926,2.039999962
2/2/2018 8:00,3.868999958,3.868999958,2.39199996
2/2/2018 9:00,4.43200016,4.43200016,3.165999889
2/2/2018 10:00,3.377000093,3.377000093,3.799000025
2/2/2018 11:00,4.079999924,4.079999924,4.712999821
2/2/2018 12:00,3.588000059,3.588000059,4.290999889
2/2/2018 13:00,3.447000027,3.447000027,4.290999889
2/2/2018 14:00,3.305999994,3.305999994,6.261000156
2/2/2018 15:00,3.868999958,3.868999958,3.938999891
2/2/2018 16:00,3.305999994,3.305999994,1.758999944
2/2/2018 17:00,3.51699996,3.51699996,1.758999944
2/2/2018 18:00,2.321000099,2.321000099,1.758999944
2/2/2018 19:00,2.039999962,2.039999962,1.758999944
2/2/2018 20:00,1.899000049,1.899000049,1.758999944
2/2/2018 21:00,2.461999893,2.461999893,1.758999944
2/2/2018 22:00,2.532000065,2.532000065,1.758999944
2/2/2018 23:00,2.039999962,2.039999962,1.758999944
2/3/2018 0:00,2.039999962,2.039999962,2.743999958
2/3/2018 1:00,0.843999982,0.843999982,3.025000095
2/3/2018 2:00,0.703000009,0.703000009,3.025000095
2/3/2018 3:00,0.703000009,0.703000009,3.236000061
2/3/2018 4:00,1.337000012,1.337000012,2.884000063
2/3/2018 5:00,0.773999989,0.773999989,2.743999958
2/3/2018 6:00,0.0,0.0,2.461999893
2/3/2018 7:00,0.0,0.0,2.039999962
2/3/2018 8:00,0.0,0.0,2.39199996
2/3/2018 9:00,0.773999989,0.773999989,3.165999889
2/3/2018 10:00,1.406999946,1.406999946,3.799000025
2/3/2018 11:00,2.039999962,2.039999962,4.712999821
2/3/2018 12:00,1.266000032,1.266000032,4.290999889
2/3/2018 13:00,1.970000029,1.970000029,4.290999889
2/3/2018 14:00,3.447000027,3.447000027,6.261000156
2/3/2018 15:00,3.447000027,3.447000027,3.938999891
2/3/2018 16:00,3.657999992,3.657999992,1.758999944
2/3/2018 17:00,3.236000061,3.236000061,1.758999944
2/3/2018 18:00,2.461999893,2.461999893,1.758999944
2/3/2018 19:00,2.39199996,2.39199996,1.758999944
2/3/2018 20:00,1.687999964,1.687999964,1.758999944
2/3/2018 21:00,1.266000032,1.266000032,1.758999944
2/3/2018 22:00,2.180999994,2.180999994,1.758999944
2/3/2018 23:00,0.773999989,0.773999989,1.758999944
2/4/2018 0:00,1.899000049,1.899000049,2.743999958
2/4/2018 1:00,1.828999996,1.828999996,3.025000095
2/4/2018 2:00,2.250999928,2.250999928,3.025000095
2/4/2018 3:00,2.039999962,2.039999962,3.236000061
2/4/2018 4:00,2.180999994,2.180999994,2.884000063
2/4/2018 5:00,2.39199996,2.39199996,2.743999958
2/4/2018 6:00,1.687999964,1.687999964,2.461999893
2/4/2018 7:00,1.547999978,1.547999978,2.039999962
2/4/2018 8:00,1.899000049,1.899000049,2.39199996
2/4/2018 9:00,2.673000097,2.673000097,3.165999889
2/4/2018 10:00,2.884000063,2.884000063,3.799000025
2/4/2018 11:00,3.799000025,3.799000025,4.712999821
2/4/2018 12:00,2.954999924,2.954999924,4.290999889
2/4/2018 13:00,3.377000093,3.377000093,4.290999889
2/4/2018 14:00,4.43200016,4.43200016,6.261000156
2/4/2018 15:00,3.868999958,3.868999958,3.938999891
2/4/2018 16:00,4.150000095,4.150000095,1.758999944
2/4/2018 17:00,4.150000095,4.150000095,1.758999944
2/4/2018 18:00,3.236000061,3.236000061,1.758999944
2/4/2018 19:00,2.884000063,2.884000063,1.758999944
2/4/2018 20:00,2.461999893,2.461999893,1.758999944
2/4/2018 21:00,3.447000027,3.447000027,1.758999944
2/4/2018 22:00,4.079999924,4.079999924,1.758999944
2/4/2018 23:00,3.588000059,3.588000059,1.758999944
2/5/2018 0:00,4.290999889,4.290999889,2.743999958
2/5/2018 1:00,3.799000025,3.799000025,3.025000095
2/5/2018 2:00,3.165999889,3.165999889,3.025000095
2/5/2018 3:00,4.079999924,4.079999924,3.236000061
2/5/2018 4:00,3.095000029,3.095000029,2.884000063
2/5/2018 5:00,3.588000059,3.588000059,2.743999958
2/5/2018 6:00,2.884000063,2.884000063,2.461999893
2/5/2018 7:00,3.025000095,3.025000095,2.039999962
2/5/2018 8:00,3.588000059,3.588000059,2.39199996
2/5/2018 9:00,3.447000027,3.447000027,3.165999889
2/5/2018 10:00,2.884000063,2.884000063,3.799000025
2/5/2018 11:00,3.868999958,3.868999958,4.712999821
2/5/2018 12:00,2.884000063,2.884000063,4.290999889
2/5/2018 13:00,3.305999994,3.305999994,4.290999889
2/5/2018 14:00,4.501999855,4.501999855,6.261000156
2/5/2018 15:00,4.010000229,4.010000229,3.938999891
2/5/2018 16:00,4.079999924,4.079999924,1.758999944
2/5/2018 17:00,5.205999851,5.205999851,1.758999944
2/5/2018 18:00,4.290999889,4.290999889,1.758999944
2/5/2018 19:00,4.290999889,4.290999889,1.758999944
2/5/2018 20:00,3.938999891,3.938999891,1.758999944
2/5/2018 21:00,4.221000195,4.221000195,1.758999944
2/5/2018 22:00,4.290999889,4.290999889,1.758999944
2/5/2018 23:00,3.799000025,3.799000025,1.758999944
2/6/2018 0:00,3.938999891,3.938999891,2.743999958
2/6/2018 1:00,4.221000195,4.221000195,3.025000095
2/6/2018 2:00,3.799000025,3.799000025,3.025000095
2/6/2018 3:00,3.51699996,3.51699996,3.236000061
2/6/2018 4:00,4.290999889,4.290999889,2.884000063
2/6/2018 5:00,4.010000229,4.010000229,2.743999958
2/6/2018 6:00,4.010000229,4.010000229,2.461999893
2/6/2018 7:00,1.547999978,1.547999978,2.039999962
2/6/2018 8:00,1.19599998,1.19599998,2.39199996
2/6/2018 9:00,1.126000047,1.126000047,3.165999889
2/6/2018 10:00,1.476999998,1.476999998,3.799000025
2/6/2018 11:00,1.687999964,1.687999964,4.712999821
2/6/2018 12:00,1.758999944,1.758999944,4.290999889
2/6/2018 13:00,2.461999893,2.461999893,4.290999889
2/6/2018 14:00,4.501999855,4.501999855,6.261000156
2/6/2018 15:00,3.799000025,3.799000025,3.938999891
2/6/2018 16:00,2.673000097,2.673000097,1.758999944
2/6/2018 17:00,2.673000097,2.673000097,1.758999944
2/6/2018 18:00,2.602999926,2.602999926,1.758999944
2/6/2018 19:00,2.250999928,2.250999928,1.758999944
2/6/2018 20:00,2.180999994,2.180999994,1.758999944
2/6/2018 21:00,2.532000065,2.532000065,1.758999944
2/6/2018 22:00,2.602999926,2.602999926,1.758999944
2/6/2018 23:00,2.250999928,2.250999928,1.758999944
2/7/2018 0:00,1.828999996,1.828999996,2.743999958
2/7/2018 1:00,2.039999962,2.039999962,3.025000095
2/7/2018 2:00,1.970000029,1.970000029,3.025000095
2/7/2018 3:00,2.461999893,2.461999893,3.236000061
2/7/2018 4:00,2.250999928,2.250999928,2.884000063
2/7/2018 5:00,2.321000099,2.321000099,2.743999958
2/7/2018 6:00,2.461999893,2.461999893,2.461999893
2/7/2018 7:00,2.602999926,2.602999926,2.039999962
2/7/2018 8:00,2.884000063,2.884000063,2.39199996
2/7/2018 9:00,3.588000059,3.588000059,3.165999889
2/7/2018 10:00,4.150000095,4.150000095,3.799000025
2/7/2018 11:00,4.501999855,4.501999855,4.712999821
2/7/2018 12:00,4.010000229,4.010000229,4.290999889
2/7/2018 13:00,4.290999889,4.290999889,4.290999889
2/7/2018 14:00,4.572999954,4.572999954,6.261000156
2/7/2018 15:00,4.923999786,4.923999786,3.938999891
2/7/2018 16:00,4.643000126,4.643000126,1.758999944
2/7/2018 17:00,5.065000057,5.065000057,1.758999944
2/7/2018 18:00,4.994999886,4.994999886,1.758999944
2/7/2018 19:00,5.135000229,5.135000229,1.758999944
2/7/2018 20:00,5.135000229,5.135000229,1.758999944
2/7/2018 21:00,4.643000126,4.643000126,1.758999944
2/7/2018 22:00,4.643000126,4.643000126,1.758999944
2/7/2018 23:00,3.588000059,3.588000059,1.758999944
2/8/2018 0:00,1.899000049,1.899000049,2.743999958
2/8/2018 1:00,2.109999895,2.109999895,3.025000095
2/8/2018 2:00,4.150000095,4.150000095,3.025000095
2/8/2018 3:00,4.221000195,4.221000195,3.236000061
2/8/2018 4:00,3.727999926,3.727999926,2.884000063
2/8/2018 5:00,3.588000059,3.588000059,2.743999958
2/8/2018 6:00,3.727999926,3.727999926,2.461999893
2/8/2018 7:00,3.165999889,3.165999889,2.039999962
2/8/2018 8:00,3.025000095,3.025000095,2.39199996
2/8/2018 9:00,2.180999994,2.180999994,3.165999889
2/8/2018 10:00,2.532000065,2.532000065,3.799000025
2/8/2018 11:00,2.884000063,2.884000063,4.712999821
2/8/2018 12:00,3.025000095,3.025000095,4.290999889
2/8/2018 13:00,2.884000063,2.884000063,4.290999889
2/8/2018 14:00,3.938999891,3.938999891,6.261000156
2/8/2018 15:00,3.588000059,3.588000059,3.938999891
2/8/2018 16:00,3.447000027,3.447000027,4.643000126
2/8/2018 17:00,3.868999958,3.868999958,5.065000057
2/8/2018 18:00,3.377000093,3.377000093,4.994999886
2/8/2018 19:00,2.813999891,2.813999891,5.135000229
2/8/2018 20:00,2.743999958,2.743999958,5.135000229
2/8/2018 21:00,2.884000063,2.884000063,4.643000126
2/8/2018 22:00,2.813999891,2.813999891,4.643000126
2/8/2018 23:00,2.602999926,2.602999926,3.588000059
2/9/2018 0:00,2.813999891,2.813999891,1.899000049
2/9/2018 1:00,2.602999926,2.602999926,2.109999895
2/9/2018 2:00,2.954999924,2.954999924,4.150000095
2/9/2018 3:00,2.884000063,2.884000063,4.221000195
2/9/2018 4:00,3.377000093,3.377000093,3.727999926
2/9/2018 5:00,3.305999994,3.305999994,3.588000059
2/9/2018 6:00,3.305999994,3.305999994,3.727999926
2/9/2018 7:00,3.305999994,3.305999994,3.165999889
2/9/2018 8:00,3.377000093,3.377000093,3.025000095
2/9/2018 9:00,3.588000059,3.588000059,2.180999994
2/9/2018 10:00,3.727999926,3.727999926,2.532000065
2/9/2018 11:00,4.643000126,4.643000126,2.884000063
2/9/2018 12:00,5.697999954,5.697999954,3.025000095
2/9/2018 13:00,5.486999989,5.486999989,2.884000063
2/9/2018 14:00,5.768000126,5.768000126,3.938999891
2/9/2018 15:00,5.768000126,5.768000126,3.588000059
2/9/2018 16:00,5.768000126,5.768000126,4.643000126
2/9/2018 17:00,5.768000126,5.768000126,5.065000057
2/9/2018 18:00,5.627999783,5.627999783,4.994999886
2/9/2018 19:00,5.346000195,5.346000195,5.135000229
2/9/2018 20:00,5.839000225,5.839000225,5.135000229
2/9/2018 21:00,5.697999954,5.697999954,4.643000126
2/9/2018 22:00,5.416999817,5.416999817,4.643000126
2/9/2018 23:00,5.768000126,5.768000126,3.588000059
2/10/2018 0:00,5.839000225,5.839000225,1.899000049
2/10/2018 1:00,5.90899992,5.90899992,2.109999895
2/10/2018 2:00,6.190999985,6.190999985,4.150000095
2/10/2018 3:00,5.697999954,5.697999954,4.221000195
2/10/2018 4:00,4.712999821,4.712999821,3.727999926
2/10/2018 5:00,4.643000126,4.643000126,3.588000059
2/10/2018 6:00,3.095000029,3.095000029,3.727999926
2/10/2018 7:00,2.813999891,2.813999891,3.165999889
2/10/2018 8:00,3.447000027,3.447000027,3.025000095
2/10/2018 9:00,2.321000099,2.321000099,2.180999994
2/10/2018 10:00,1.899000049,1.899000049,2.532000065
2/10/2018 11:00,2.250999928,2.250999928,2.884000063
2/10/2018 12:00,3.025000095,3.025000095,3.025000095
2/10/2018 13:00,3.025000095,3.025000095,2.884000063
2/10/2018 14:00,3.938999891,3.938999891,3.938999891
2/10/2018 15:00,3.236000061,3.236000061,3.588000059
2/10/2018 16:00,3.727999926,3.727999926,4.643000126
2/10/2018 17:00,4.150000095,4.150000095,5.065000057
2/10/2018 18:00,4.221000195,4.221000195,4.994999886
2/10/2018 19:00,3.727999926,3.727999926,5.135000229
2/10/2018 20:00,3.799000025,3.799000025,5.135000229
2/10/2018 21:00,3.868999958,3.868999958,4.643000126
2/10/2018 22:00,3.095000029,3.095000029,4.643000126
2/10/2018 23:00,1.337000012,1.337000012,3.588000059
2/11/2018 0:00,2.532000065,2.532000065,1.899000049
2/11/2018 1:00,3.095000029,3.095000029,2.109999895
2/11/2018 2:00,4.290999889,4.290999889,4.150000095
2/11/2018 3:00,3.938999891,3.938999891,4.221000195
2/11/2018 4:00,3.868999958,3.868999958,3.727999926
2/11/2018 5:00,3.657999992,3.657999992,3.588000059
2/11/2018 6:00,2.673000097,2.673000097,3.727999926
2/11/2018 7:00,3.095000029,3.095000029,3.165999889
2/11/2018 8:00,4.079999924,4.079999924,3.025000095
2/11/2018 9:00,3.377000093,3.377000093,2.180999994
2/11/2018 10:00,2.813999891,2.813999891,2.532000065
2/11/2018 11:00,3.377000093,3.377000093,2.884000063
2/11/2018 12:00,2.954999924,2.954999924,3.025000095
2/11/2018 13:00,2.743999958,2.743999958,2.884000063
2/11/2018 14:00,3.447000027,3.447000027,3.938999891
2/11/2018 15:00,3.095000029,3.095000029,3.588000059
2/11/2018 16:00,3.095000029,3.095000029,4.643000126
2/11/2018 17:00,2.461999893,2.461999893,5.065000057
2/11/2018 18:00,1.970000029,1.970000029,4.994999886
2/11/2018 19:00,3.095000029,3.095000029,5.135000229
2/11/2018 20:00,1.899000049,1.899000049,5.135000229
2/11/2018 21:00,2.743999958,2.743999958,4.643000126
2/11/2018 22:00,3.657999992,3.657999992,4.643000126
2/11/2018 23:00,3.165999889,3.165999889,3.588000059
2/12/2018 0:00,3.095000029,3.095000029,1.899000049
2/12/2018 1:00,3.095000029,3.095000029,2.109999895
2/12/2018 2:00,2.743999958,2.743999958,4.150000095
2/12/2018 3:00,2.743999958,2.743999958,4.221000195
2/12/2018 4:00,2.884000063,2.884000063,3.727999926
2/12/2018 5:00,2.884000063,2.884000063,3.588000059
2/12/2018 6:00,2.673000097,2.673000097,3.727999926
2/12/2018 7:00,2.532000065,2.532000065,3.165999889
2/12/2018 8:00,1.618000031,1.618000031,3.025000095
2/12/2018 9:00,1.758999944,1.758999944,2.180999994
2/12/2018 10:00,1.054999948,1.054999948,2.532000065
2/12/2018 11:00,1.618000031,1.618000031,2.884000063
2/12/2018 12:00,1.337000012,1.337000012,3.025000095
2/12/2018 13:00,1.899000049,1.899000049,2.884000063
2/12/2018 14:00,3.236000061,3.236000061,3.938999891
2/12/2018 15:00,2.602999926,2.602999926,3.588000059
2/12/2018 16:00,2.532000065,2.532000065,4.643000126
2/12/2018 17:00,2.180999994,2.180999994,5.065000057
2/12/2018 18:00,2.532000065,2.532000065,4.994999886
2/12/2018 19:00,3.095000029,3.095000029,5.135000229
2/12/2018 20:00,3.51699996,3.51699996,5.135000229
2/12/2018 21:00,3.799000025,3.799000025,4.643000126
2/12/2018 22:00,3.799000025,3.799000025,4.643000126
2/12/2018 23:00,4.150000095,4.150000095,3.588000059
2/13/2018 0:00,4.290999889,4.290999889,1.899000049
2/13/2018 1:00,4.290999889,4.290999889,2.109999895
2/13/2018 2:00,4.079999924,4.079999924,4.150000095
2/13/2018 3:00,3.305999994,3.305999994,4.221000195
2/13/2018 4:00,3.799000025,3.799000025,3.727999926
2/13/2018 5:00,3.447000027,3.447000027,3.588000059
2/13/2018 6:00,3.588000059,3.588000059,3.727999926
2/13/2018 7:00,3.305999994,3.305999994,3.165999889
2/13/2018 8:00,3.588000059,3.588000059,3.025000095
2/13/2018 9:00,4.079999924,4.079999924,2.180999994
2/13/2018 10:00,4.923999786,4.923999786,2.532000065
2/13/2018 11:00,5.697999954,5.697999954,2.884000063
2/13/2018 12:00,4.994999886,4.994999886,3.025000095
2/13/2018 13:00,4.994999886,4.994999886,2.884000063
2/13/2018 14:00,5.768000126,5.768000126,3.938999891
2/13/2018 15:00,6.190999985,6.190999985,3.588000059
2/13/2018 16:00,6.330999851,6.330999851,4.643000126
2/13/2018 17:00,6.050000191,6.050000191,5.065000057
2/13/2018 18:00,6.612999916,6.612999916,4.994999886
2/13/2018 19:00,6.050000191,6.050000191,5.135000229
2/13/2018 20:00,5.697999954,5.697999954,5.135000229
2/13/2018 21:00,6.119999886,6.119999886,4.643000126
2/13/2018 22:00,6.050000191,6.050000191,4.643000126
2/13/2018 23:00,6.472000122,6.472000122,3.588000059
2/14/2018 0:00,6.40199995,6.40199995,1.899000049
2/14/2018 1:00,6.472000122,6.472000122,2.109999895
2/14/2018 2:00,5.55700016,5.55700016,4.150000095
2/14/2018 3:00,6.40199995,6.40199995,4.221000195
2/14/2018 4:00,6.261000156,6.261000156,3.727999926
2/14/2018 5:00,5.55700016,5.55700016,3.588000059
2/14/2018 6:00,5.627999783,5.627999783,3.727999926
2/14/2018 7:00,4.923999786,4.923999786,3.165999889
2/14/2018 8:00,5.90899992,5.90899992,3.025000095
2/14/2018 9:00,6.472000122,6.472000122,2.180999994
2/14/2018 10:00,6.752999783,6.752999783,2.532000065
2/14/2018 11:00,6.964000225,6.964000225,2.884000063
2/14/2018 12:00,6.752999783,6.752999783,3.025000095
2/14/2018 13:00,7.668000221,7.668000221,2.884000063
2/14/2018 14:00,7.386000156,7.386000156,3.938999891
2/14/2018 15:00,7.456999779,7.456999779,3.588000059
2/14/2018 16:00,7.456999779,7.456999779,4.643000126
2/14/2018 17:00,7.456999779,7.456999779,5.065000057
2/14/2018 18:00,6.40199995,6.40199995,4.994999886
2/14/2018 19:00,7.105000019,7.105000019,5.135000229
2/14/2018 20:00,7.315999985,7.315999985,5.135000229
2/14/2018 21:00,7.315999985,7.315999985,4.643000126
2/14/2018 22:00,7.175000191,7.175000191,4.643000126
2/14/2018 23:00,6.683000088,6.683000088,3.588000059
2/15/2018 0:00,7.386000156,7.386000156,1.899000049
2/15/2018 1:00,5.90899992,5.90899992,2.109999895
2/15/2018 2:00,3.799000025,3.799000025,4.150000095
2/15/2018 3:00,3.727999926,3.727999926,4.221000195
2/15/2018 4:00,3.236000061,3.236000061,3.727999926
2/15/2018 5:00,3.588000059,3.588000059,3.588000059
2/15/2018 6:00,3.447000027,3.447000027,3.727999926
2/15/2018 7:00,3.236000061,3.236000061,3.165999889
2/15/2018 8:00,2.884000063,2.884000063,3.025000095
2/15/2018 9:00,2.884000063,2.884000063,2.180999994
2/15/2018 10:00,2.884000063,2.884000063,2.532000065
2/15/2018 11:00,2.813999891,2.813999891,2.884000063
2/15/2018 12:00,2.813999891,2.813999891,3.025000095
2/15/2018 13:00,3.095000029,3.095000029,2.884000063
2/15/2018 14:00,3.095000029,3.095000029,3.938999891
2/15/2018 15:00,3.165999889,3.165999889,3.588000059
2/15/2018 16:00,3.657999992,3.657999992,7.456999779
2/15/2018 17:00,3.236000061,3.236000061,7.456999779
2/15/2018 18:00,2.602999926,2.602999926,6.40199995
2/15/2018 19:00,2.532000065,2.532000065,7.105000019
2/15/2018 20:00,3.025000095,3.025000095,7.315999985
2/15/2018 21:00,3.236000061,3.236000061,7.315999985
2/15/2018 22:00,3.447000027,3.447000027,7.175000191
2/15/2018 23:00,3.305999994,3.305999994,6.683000088
2/16/2018 0:00,3.025000095,3.025000095,7.386000156
2/16/2018 1:00,3.447000027,3.447000027,5.90899992
2/16/2018 2:00,3.305999994,3.305999994,3.799000025
2/16/2018 3:00,3.657999992,3.657999992,3.727999926
2/16/2018 4:00,3.447000027,3.447000027,3.236000061
2/16/2018 5:00,3.305999994,3.305999994,3.588000059
2/16/2018 6:00,3.799000025,3.799000025,3.447000027
2/16/2018 7:00,4.150000095,4.150000095,3.236000061
2/16/2018 8:00,3.095000029,3.095000029,2.884000063
2/16/2018 9:00,3.51699996,3.51699996,2.884000063
2/16/2018 10:00,3.377000093,3.377000093,2.884000063
2/16/2018 11:00,4.43200016,4.43200016,2.813999891
2/16/2018 12:00,5.135000229,5.135000229,2.813999891
2/16/2018 13:00,5.416999817,5.416999817,3.095000029
2/16/2018 14:00,5.697999954,5.697999954,3.095000029
2/16/2018 15:00,5.697999954,5.697999954,3.165999889
2/16/2018 16:00,5.55700016,5.55700016,7.456999779
2/16/2018 17:00,5.205999851,5.205999851,7.456999779
2/16/2018 18:00,5.416999817,5.416999817,6.40199995
2/16/2018 19:00,5.135000229,5.135000229,7.105000019
2/16/2018 20:00,4.923999786,4.923999786,7.315999985
2/16/2018 21:00,4.994999886,4.994999886,7.315999985
2/16/2018 22:00,4.923999786,4.923999786,7.175000191
2/16/2018 23:00,5.135000229,5.135000229,6.683000088
2/17/2018 0:00,4.572999954,4.572999954,7.386000156
2/17/2018 1:00,4.010000229,4.010000229,5.90899992
2/17/2018 2:00,4.150000095,4.150000095,3.799000025
2/17/2018 3:00,4.994999886,4.994999886,3.727999926
2/17/2018 4:00,4.361999989,4.361999989,3.236000061
2/17/2018 5:00,4.221000195,4.221000195,3.588000059
2/17/2018 6:00,3.377000093,3.377000093,3.447000027
2/17/2018 7:00,2.039999962,2.039999962,3.236000061
2/17/2018 8:00,2.250999928,2.250999928,2.884000063
2/17/2018 9:00,1.828999996,1.828999996,2.884000063
2/17/2018 10:00,2.180999994,2.180999994,2.884000063
2/17/2018 11:00,2.954999924,2.954999924,2.813999891
2/17/2018 12:00,2.884000063,2.884000063,2.813999891
2/17/2018 13:00,3.377000093,3.377000093,3.095000029
2/17/2018 14:00,4.290999889,4.290999889,3.095000029
2/17/2018 15:00,4.221000195,4.221000195,3.165999889
2/17/2018 16:00,4.150000095,4.150000095,7.456999779
2/17/2018 17:00,3.236000061,3.236000061,7.456999779
2/17/2018 18:00,2.743999958,2.743999958,6.40199995
2/17/2018 19:00,2.602999926,2.602999926,7.105000019
2/17/2018 20:00,2.602999926,2.602999926,7.315999985
2/17/2018 21:00,2.532000065,2.532000065,7.315999985
2/17/2018 22:00,2.461999893,2.461999893,7.175000191
2/17/2018 23:00,2.39199996,2.39199996,6.683000088
2/18/2018 0:00,2.109999895,2.109999895,7.386000156
2/18/2018 1:00,2.180999994,2.180999994,5.90899992
2/18/2018 2:00,2.250999928,2.250999928,3.799000025
2/18/2018 3:00,2.532000065,2.532000065,3.727999926
2/18/2018 4:00,3.095000029,3.095000029,3.236000061
2/18/2018 5:00,3.799000025,3.799000025,3.588000059
2/18/2018 6:00,2.250999928,2.250999928,3.447000027
2/18/2018 7:00,4.150000095,4.150000095,3.236000061
2/18/2018 8:00,4.290999889,4.290999889,2.884000063
2/18/2018 9:00,4.854000092,4.854000092,2.884000063
2/18/2018 10:00,5.065000057,5.065000057,2.884000063
2/18/2018 11:00,4.994999886,4.994999886,2.813999891
2/18/2018 12:00,4.643000126,4.643000126,2.813999891
2/18/2018 13:00,4.501999855,4.501999855,3.095000029
2/18/2018 14:00,2.743999958,2.743999958,3.095000029
2/18/2018 15:00,2.39199996,2.39199996,3.165999889
2/18/2018 16:00,3.025000095,3.025000095,7.456999779
2/18/2018 17:00,1.547999978,1.547999978,7.456999779
2/18/2018 18:00,2.039999962,2.039999962,6.40199995
2/18/2018 19:00,2.673000097,2.673000097,7.105000019
2/18/2018 20:00,2.602999926,2.602999926,7.315999985
2/18/2018 21:00,2.250999928,2.250999928,7.315999985
2/18/2018 22:00,2.039999962,2.039999962,7.175000191
2/18/2018 23:00,1.337000012,1.337000012,6.683000088
2/19/2018 0:00,2.039999962,2.039999962,7.386000156
2/19/2018 1:00,2.321000099,2.321000099,5.90899992
2/19/2018 2:00,2.954999924,2.954999924,3.799000025
2/19/2018 3:00,3.727999926,3.727999926,3.727999926
2/19/2018 4:00,3.236000061,3.236000061,3.236000061
2/19/2018 5:00,2.954999924,2.954999924,3.588000059
2/19/2018 6:00,3.095000029,3.095000029,3.447000027
2/19/2018 7:00,2.39199996,2.39199996,3.236000061
2/19/2018 8:00,2.39199996,2.39199996,2.884000063
2/19/2018 9:00,1.547999978,1.547999978,2.884000063
2/19/2018 10:00,0.563000023,0.563000023,2.884000063
2/19/2018 11:00,0.773999989,0.773999989,2.813999891
2/19/2018 12:00,2.39199996,2.39199996,2.813999891
2/19/2018 13:00,2.109999895,2.109999895,3.095000029
2/19/2018 14:00,2.954999924,2.954999924,3.095000029
2/19/2018 15:00,2.954999924,2.954999924,3.165999889
2/19/2018 16:00,2.884000063,2.884000063,7.456999779
2/19/2018 17:00,3.025000095,3.025000095,7.456999779
2/19/2018 18:00,3.025000095,3.025000095,6.40199995
2/19/2018 19:00,3.51699996,3.51699996,7.105000019
2/19/2018 20:00,3.305999994,3.305999994,7.315999985
2/19/2018 21:00,3.657999992,3.657999992,7.315999985
2/19/2018 22:00,3.447000027,3.447000027,7.175000191
2/19/2018 23:00,3.727999926,3.727999926,6.683000088
2/20/2018 0:00,3.799000025,3.799000025,7.386000156
2/20/2018 1:00,4.079999924,4.079999924,5.90899992
2/20/2018 2:00,3.447000027,3.447000027,3.799000025
2/20/2018 3:00,3.657999992,3.657999992,3.727999926
2/20/2018 4:00,3.236000061,3.236000061,3.236000061
2/20/2018 5:00,3.51699996,3.51699996,3.588000059
2/20/2018 6:00,2.813999891,2.813999891,3.447000027
2/20/2018 7:00,2.461999893,2.461999893,3.236000061
2/20/2018 8:00,2.673000097,2.673000097,2.884000063
2/20/2018 9:00,2.673000097,2.673000097,2.884000063
2/20/2018 10:00,1.970000029,1.970000029,2.884000063
2/20/2018 11:00,0.703000009,0.703000009,2.813999891
2/20/2018 12:00,0.0,0.0,2.813999891
2/20/2018 13:00,0.0,0.0,3.095000029
2/20/2018 14:00,0.0,0.0,3.095000029
2/20/2018 15:00,0.633000016,0.633000016,3.165999889
2/20/2018 16:00,0.0,0.0,7.456999779
2/20/2018 17:00,0.0,0.0,7.456999779
2/20/2018 18:00,0.0,0.0,6.40199995
2/20/2018 19:00,0.0,0.0,7.105000019
2/20/2018 20:00,0.0,0.0,7.315999985
2/20/2018 21:00,1.899000049,1.899000049,7.315999985
2/20/2018 22:00,2.180999994,2.180999994,7.175000191
2/20/2018 23:00,2.321000099,2.321000099,6.683000088
2/21/2018 0:00,2.532000065,2.532000065,7.386000156
2/21/2018 1:00,2.461999893,2.461999893,5.90899992
2/21/2018 2:00,2.813999891,2.813999891,3.799000025
2/21/2018 3:00,2.461999893,2.461999893,3.727999926
2/21/2018 4:00,2.602999926,2.602999926,3.236000061
2/21/2018 5:00,2.532000065,2.532000065,3.588000059
2/21/2018 6:00,2.461999893,2.461999893,3.447000027
2/21/2018 7:00,2.673000097,2.673000097,3.236000061
2/21/2018 8:00,2.813999891,2.813999891,2.884000063
2/21/2018 9:00,2.743999958,2.743999958,2.884000063
2/21/2018 10:00,2.743999958,2.743999958,2.884000063
2/21/2018 11:00,2.884000063,2.884000063,2.813999891
2/21/2018 12:00,2.602999926,2.602999926,2.813999891
2/21/2018 13:00,2.743999958,2.743999958,3.095000029
2/21/2018 14:00,2.532000065,2.532000065,3.095000029
2/21/2018 15:00,2.954999924,2.954999924,3.165999889
2/21/2018 16:00,2.884000063,2.884000063,7.456999779
2/21/2018 17:00,3.165999889,3.165999889,7.456999779
2/21/2018 18:00,3.236000061,3.236000061,6.40199995
2/21/2018 19:00,3.868999958,3.868999958,7.105000019
2/21/2018 20:00,4.221000195,4.221000195,7.315999985
2/21/2018 21:00,5.346000195,5.346000195,7.315999985
2/21/2018 22:00,5.346000195,5.346000195,7.175000191
2/21/2018 23:00,5.205999851,5.205999851,6.683000088
2/22/2018 0:00,5.205999851,5.205999851,7.386000156
2/22/2018 1:00,5.486999989,5.486999989,5.90899992
2/22/2018 2:00,5.205999851,5.205999851,3.799000025
2/22/2018 3:00,4.854000092,4.854000092,3.727999926
2/22/2018 4:00,4.923999786,4.923999786,3.236000061
2/22/2018 5:00,4.994999886,4.994999886,3.588000059
2/22/2018 6:00,4.78399992,4.78399992,3.447000027
2/22/2018 7:00,4.78399992,4.78399992,3.236000061
2/22/2018 8:00,5.205999851,5.205999851,2.884000063
2/22/2018 9:00,5.276000023,5.276000023,2.884000063
2/22/2018 10:00,4.643000126,4.643000126,2.884000063
2/22/2018 11:00,5.346000195,5.346000195,2.813999891
2/22/2018 12:00,4.923999786,4.923999786,2.813999891
2/22/2018 13:00,4.361999989,4.361999989,3.095000029
2/22/2018 14:00,5.55700016,5.55700016,3.095000029
2/22/2018 15:00,4.78399992,4.78399992,3.165999889
2/22/2018 16:00,4.43200016,4.43200016,2.884000063
2/22/2018 17:00,4.43200016,4.43200016,3.165999889
2/22/2018 18:00,5.55700016,5.55700016,3.236000061
2/22/2018 19:00,4.643000126,4.643000126,3.868999958
2/22/2018 20:00,4.854000092,4.854000092,4.221000195
2/22/2018 21:00,5.416999817,5.416999817,5.346000195
2/22/2018 22:00,5.276000023,5.276000023,5.346000195
2/22/2018 23:00,5.697999954,5.697999954,5.205999851
2/23/2018 0:00,5.697999954,5.697999954,5.205999851
2/23/2018 1:00,4.994999886,4.994999886,5.486999989
2/23/2018 2:00,4.994999886,4.994999886,5.205999851
2/23/2018 3:00,5.276000023,5.276000023,4.854000092
2/23/2018 4:00,4.501999855,4.501999855,4.923999786
2/23/2018 5:00,4.501999855,4.501999855,4.994999886
2/23/2018 6:00,4.221000195,4.221000195,4.78399992
2/23/2018 7:00,3.938999891,3.938999891,4.78399992
2/23/2018 8:00,4.854000092,4.854000092,5.205999851
2/23/2018 9:00,4.643000126,4.643000126,5.276000023
2/23/2018 10:00,5.839000225,5.839000225,4.643000126
2/23/2018 11:00,5.768000126,5.768000126,5.346000195
2/23/2018 12:00,5.627999783,5.627999783,4.923999786
2/23/2018 13:00,4.854000092,4.854000092,4.361999989
2/23/2018 14:00,8.37100029,8.37100029,5.55700016
2/23/2018 15:00,6.894000053,6.894000053,4.78399992
2/23/2018 16:00,7.386000156,7.386000156,2.884000063
2/23/2018 17:00,7.105000019,7.105000019,3.165999889
2/23/2018 18:00,7.737999916,7.737999916,3.236000061
2/23/2018 19:00,6.894000053,6.894000053,3.868999958
2/23/2018 20:00,6.119999886,6.119999886,4.221000195
2/23/2018 21:00,5.768000126,5.768000126,5.346000195
2/23/2018 22:00,5.346000195,5.346000195,5.346000195
2/23/2018 23:00,5.135000229,5.135000229,5.205999851
2/24/2018 0:00,5.486999989,5.486999989,5.205999851
2/24/2018 1:00,4.994999886,4.994999886,5.486999989
2/24/2018 2:00,5.065000057,5.065000057,5.205999851
2/24/2018 3:00,4.923999786,4.923999786,4.854000092
2/24/2018 4:00,4.854000092,4.854000092,4.923999786
2/24/2018 5:00,4.854000092,4.854000092,4.994999886
2/24/2018 6:00,5.416999817,5.416999817,4.78399992
2/24/2018 7:00,4.361999989,4.361999989,4.78399992
2/24/2018 8:00,5.135000229,5.135000229,5.205999851
2/24/2018 9:00,5.346000195,5.346000195,5.276000023
2/24/2018 10:00,6.330999851,6.330999851,4.643000126
2/24/2018 11:00,5.205999851,5.205999851,5.346000195
2/24/2018 12:00,4.572999954,4.572999954,4.923999786
2/24/2018 13:00,4.361999989,4.361999989,4.361999989
2/24/2018 14:00,4.994999886,4.994999886,5.55700016
2/24/2018 15:00,4.994999886,4.994999886,4.78399992
2/24/2018 16:00,4.43200016,4.43200016,2.884000063
2/24/2018 17:00,4.78399992,4.78399992,3.165999889
2/24/2018 18:00,5.979000092,5.979000092,3.236000061
2/24/2018 19:00,5.768000126,5.768000126,3.868999958
2/24/2018 20:00,5.627999783,5.627999783,4.221000195
2/24/2018 21:00,5.486999989,5.486999989,5.346000195
2/24/2018 22:00,4.361999989,4.361999989,5.346000195
2/24/2018 23:00,4.643000126,4.643000126,5.205999851
2/25/2018 0:00,3.868999958,3.868999958,5.205999851
2/25/2018 1:00,3.868999958,3.868999958,5.486999989
2/25/2018 2:00,3.305999994,3.305999994,5.205999851
2/25/2018 3:00,3.447000027,3.447000027,4.854000092
2/25/2018 4:00,3.305999994,3.305999994,4.923999786
2/25/2018 5:00,2.743999958,2.743999958,4.994999886
2/25/2018 6:00,3.165999889,3.165999889,4.78399992
2/25/2018 7:00,4.079999924,4.079999924,4.78399992
2/25/2018 8:00,3.657999992,3.657999992,5.205999851
2/25/2018 9:00,2.813999891,2.813999891,5.276000023
2/25/2018 10:00,3.305999994,3.305999994,4.643000126
2/25/2018 11:00,4.43200016,4.43200016,5.346000195
2/25/2018 12:00,5.205999851,5.205999851,4.923999786
2/25/2018 13:00,4.994999886,4.994999886,4.361999989
2/25/2018 14:00,5.276000023,5.276000023,5.55700016
2/25/2018 15:00,5.205999851,5.205999851,4.78399992
2/25/2018 16:00,4.854000092,4.854000092,2.884000063
2/25/2018 17:00,5.55700016,5.55700016,3.165999889
2/25/2018 18:00,5.979000092,5.979000092,3.236000061
2/25/2018 19:00,4.994999886,4.994999886,3.868999958
2/25/2018 20:00,5.346000195,5.346000195,4.221000195
2/25/2018 21:00,5.205999851,5.205999851,5.346000195
2/25/2018 22:00,5.135000229,5.135000229,5.346000195
2/25/2018 23:00,4.923999786,4.923999786,5.205999851
2/26/2018 0:00,5.135000229,5.135000229,5.205999851
2/26/2018 1:00,4.643000126,4.643000126,5.486999989
2/26/2018 2:00,4.501999855,4.501999855,5.205999851
2/26/2018 3:00,4.572999954,4.572999954,4.854000092
2/26/2018 4:00,4.643000126,4.643000126,4.923999786
2/26/2018 5:00,4.501999855,4.501999855,4.994999886
2/26/2018 6:00,4.150000095,4.150000095,4.78399992
2/26/2018 7:00,4.572999954,4.572999954,4.78399992
2/26/2018 8:00,4.712999821,4.712999821,5.205999851
2/26/2018 9:00,5.346000195,5.346000195,5.276000023
2/26/2018 10:00,6.190999985,6.190999985,4.643000126
2/26/2018 11:00,6.330999851,6.330999851,5.346000195
2/26/2018 12:00,5.979000092,5.979000092,4.923999786
2/26/2018 13:00,6.752999783,6.752999783,4.361999989
2/26/2018 14:00,7.809000015,7.809000015,5.55700016
2/26/2018 15:00,8.159999847,8.159999847,4.78399992
2/26/2018 16:00,8.230999947,8.230999947,2.884000063
2/26/2018 17:00,8.37100029,8.37100029,3.165999889
2/26/2018 18:00,8.159999847,8.159999847,3.236000061
2/26/2018 19:00,7.315999985,7.315999985,3.868999958
2/26/2018 20:00,6.40199995,6.40199995,4.221000195
2/26/2018 21:00,6.119999886,6.119999886,5.346000195
2/26/2018 22:00,5.768000126,5.768000126,5.346000195
2/26/2018 23:00,5.839000225,5.839000225,5.205999851
2/27/2018 0:00,5.697999954,5.697999954,5.205999851
2/27/2018 1:00,5.416999817,5.416999817,5.486999989
2/27/2018 2:00,5.768000126,5.768000126,5.205999851
2/27/2018 3:00,5.346000195,5.346000195,4.854000092
2/27/2018 4:00,5.627999783,5.627999783,4.923999786
2/27/2018 5:00,4.994999886,4.994999886,4.994999886
2/27/2018 6:00,5.205999851,5.205999851,4.78399992
2/27/2018 7:00,5.135000229,5.135000229,4.78399992
2/27/2018 8:00,5.55700016,5.55700016,5.205999851
2/27/2018 9:00,5.135000229,5.135000229,5.276000023
2/27/2018 10:00,5.346000195,5.346000195,4.643000126
2/27/2018 11:00,5.346000195,5.346000195,5.346000195
2/27/2018 12:00,6.330999851,6.330999851,4.923999786
2/27/2018 13:00,7.456999779,7.456999779,4.361999989
2/27/2018 14:00,7.245999813,7.245999813,5.55700016
2/27/2018 15:00,7.315999985,7.315999985,4.78399992
2/27/2018 16:00,7.668000221,7.668000221,2.884000063
2/27/2018 17:00,7.315999985,7.315999985,3.165999889
2/27/2018 18:00,5.697999954,5.697999954,3.236000061
2/27/2018 19:00,4.854000092,4.854000092,3.868999958
2/27/2018 20:00,3.165999889,3.165999889,4.221000195
2/27/2018 21:00,1.828999996,1.828999996,5.346000195
2/27/2018 22:00,1.476999998,1.476999998,5.346000195
2/27/2018 23:00,2.39199996,2.39199996,5.205999851
2/28/2018 0:00,2.39199996,2.39199996,5.205999851
2/28/2018 1:00,2.884000063,2.884000063,5.486999989
2/28/2018 2:00,3.588000059,3.588000059,5.205999851
2/28/2018 3:00,3.377000093,3.377000093,4.854000092
2/28/2018 4:00,2.743999958,2.743999958,4.923999786
2/28/2018 5:00,3.165999889,3.165999889,4.994999886
2/28/2018 6:00,3.095000029,3.095000029,4.78399992
2/28/2018 7:00,3.025000095,3.025000095,4.78399992
2/28/2018 8:00,2.109999895,2.109999895,5.205999851
2/28/2018 9:00,1.266000032,1.266000032,5.276000023
2/28/2018 10:00,2.039999962,2.039999962,4.643000126
2/28/2018 11:00,1.970000029,1.970000029,5.346000195
2/28/2018 12:00,2.743999958,2.743999958,4.923999786
2/28/2018 13:00,3.025000095,3.025000095,4.361999989
2/28/2018 14:00,3.025000095,3.025000095,5.55700016
2/28/2018 15:00,3.868999958,3.868999958,4.78399992
2/28/2018 16:00,4.501999855,4.501999855,2.884000063
2/28/2018 17:00,5.205999851,5.205999851,3.165999889
2/28/2018 18:00,5.839000225,5.839000225,3.236000061
2/28/2018 19:00,5.768000126,5.768000126,3.868999958
2/28/2018 20:00,5.276000023,5.276000023,4.221000195
2/28/2018 21:00,4.994999886,4.994999886,5.346000195
2/28/2018 22:00,5.697999954,5.697999954,5.346000195
2/28/2018 23:00,5.979000092,5.979000092,5.205999851
3/1/2018 0:00,5.486999989,5.486999989,5.205999851
3/1/2018 1:00,5.346000195,5.346000195,5.486999989
3/1/2018 2:00,5.627999783,5.627999783,5.205999851
3/1/2018 3:00,5.768000126,5.768000126,4.854000092
3/1/2018 4:00,4.923999786,4.923999786,4.923999786
3/1/2018 5:00,5.697999954,5.697999954,4.994999886
3/1/2018 6:00,5.839000225,5.839000225,4.78399992
3/1/2018 7:00,4.150000095,4.150000095,4.78399992
3/1/2018 8:00,4.361999989,4.361999989,5.205999851
3/1/2018 9:00,4.572999954,4.572999954,5.276000023
3/1/2018 10:00,4.43200016,4.43200016,4.643000126
3/1/2018 11:00,4.572999954,4.572999954,5.346000195
3/1/2018 12:00,4.221000195,4.221000195,4.923999786
3/1/2018 13:00,3.51699996,3.51699996,4.361999989
3/1/2018 14:00,3.236000061,3.236000061,5.55700016
3/1/2018 15:00,3.095000029,3.095000029,4.78399992
3/1/2018 16:00,2.884000063,2.884000063,4.501999855
3/1/2018 17:00,2.602999926,2.602999926,5.205999851
3/1/2018 18:00,2.954999924,2.954999924,5.839000225
3/1/2018 19:00,2.461999893,2.461999893,5.768000126
3/1/2018 20:00,2.743999958,2.743999958,5.276000023
3/1/2018 21:00,2.109999895,2.109999895,4.994999886
3/1/2018 22:00,2.321000099,2.321000099,5.697999954
3/1/2018 23:00,2.673000097,2.673000097,5.979000092
3/2/2018 0:00,2.180999994,2.180999994,5.486999989
3/2/2018 1:00,0.0,0.0,5.346000195
3/2/2018 2:00,0.843999982,0.843999982,5.627999783
3/2/2018 3:00,-0.492000014,-0.492000014,5.768000126
3/2/2018 4:00,0.985000014,0.985000014,4.923999786
3/2/2018 5:00,2.039999962,2.039999962,5.697999954
3/2/2018 6:00,2.039999962,2.039999962,5.839000225
3/2/2018 7:00,1.687999964,1.687999964,4.150000095
3/2/2018 8:00,1.758999944,1.758999944,4.361999989
3/2/2018 9:00,1.899000049,1.899000049,4.572999954
3/2/2018 10:00,2.321000099,2.321000099,4.43200016
3/2/2018 11:00,2.321000099,2.321000099,4.572999954
3/2/2018 12:00,2.884000063,2.884000063,4.221000195
3/2/2018 13:00,3.165999889,3.165999889,3.51699996
3/2/2018 14:00,3.165999889,3.165999889,3.236000061
3/2/2018 15:00,3.236000061,3.236000061,3.095000029
3/2/2018 16:00,3.727999926,3.727999926,4.501999855
3/2/2018 17:00,3.657999992,3.657999992,5.205999851
3/2/2018 18:00,4.150000095,4.150000095,5.839000225
3/2/2018 19:00,4.361999989,4.361999989,5.768000126
3/2/2018 20:00,4.150000095,4.150000095,5.276000023
3/2/2018 21:00,4.150000095,4.150000095,4.994999886
3/2/2018 22:00,4.501999855,4.501999855,5.697999954
3/2/2018 23:00,4.079999924,4.079999924,5.979000092
3/3/2018 0:00,1.19599998,1.19599998,5.486999989
3/3/2018 1:00,1.476999998,1.476999998,5.346000195
3/3/2018 2:00,3.51699996,3.51699996,5.627999783
3/3/2018 3:00,4.923999786,4.923999786,5.768000126
3/3/2018 4:00,5.065000057,5.065000057,4.923999786
3/3/2018 5:00,4.994999886,4.994999886,5.697999954
3/3/2018 6:00,4.221000195,4.221000195,5.839000225
3/3/2018 7:00,4.43200016,4.43200016,4.150000095
3/3/2018 8:00,4.643000126,4.643000126,4.361999989
3/3/2018 9:00,5.205999851,5.205999851,4.572999954
3/3/2018 10:00,5.697999954,5.697999954,4.43200016
3/3/2018 11:00,6.823999882,6.823999882,4.572999954
3/3/2018 12:00,6.964000225,6.964000225,4.221000195
3/3/2018 13:00,7.597000122,7.597000122,3.51699996
3/3/2018 14:00,8.020000458,8.020000458,3.236000061
3/3/2018 15:00,7.668000221,7.668000221,3.095000029
3/3/2018 16:00,7.52699995,7.52699995,4.501999855
3/3/2018 17:00,7.456999779,7.456999779,5.205999851
3/3/2018 18:00,6.964000225,6.964000225,5.839000225
3/3/2018 19:00,6.330999851,6.330999851,5.768000126
3/3/2018 20:00,6.330999851,6.330999851,5.276000023
3/3/2018 21:00,6.190999985,6.190999985,4.994999886
3/3/2018 22:00,5.768000126,5.768000126,5.697999954
3/3/2018 23:00,5.486999989,5.486999989,5.979000092
3/4/2018 0:00,5.90899992,5.90899992,5.486999989
3/4/2018 1:00,5.768000126,5.768000126,5.346000195
3/4/2018 2:00,5.065000057,5.065000057,5.627999783
3/4/2018 3:00,5.135000229,5.135000229,5.768000126
3/4/2018 4:00,5.135000229,5.135000229,4.923999786
3/4/2018 5:00,5.065000057,5.065000057,5.697999954
3/4/2018 6:00,4.78399992,4.78399992,5.839000225
3/4/2018 7:00,5.065000057,5.065000057,4.150000095
3/4/2018 8:00,5.627999783,5.627999783,4.361999989
3/4/2018 9:00,6.472000122,6.472000122,4.572999954
3/4/2018 10:00,8.090000153,8.090000153,4.43200016
3/4/2018 11:00,9.145000458,9.145000458,4.572999954
3/4/2018 12:00,9.708000183,9.708000183,4.221000195
3/4/2018 13:00,9.496999741,9.496999741,3.51699996
3/4/2018 14:00,8.722999573,8.722999573,3.236000061
3/4/2018 15:00,7.879000187,7.879000187,3.095000029
3/4/2018 16:00,7.456999779,7.456999779,4.501999855
3/4/2018 17:00,6.612999916,6.612999916,5.205999851
3/4/2018 18:00,5.205999851,5.205999851,5.839000225
3/4/2018 19:00,4.501999855,4.501999855,5.768000126
3/4/2018 20:00,1.547999978,1.547999978,5.276000023
3/4/2018 21:00,0.0,0.0,4.994999886
3/4/2018 22:00,3.588000059,3.588000059,5.697999954
3/4/2018 23:00,1.337000012,1.337000012,5.979000092
3/5/2018 0:00,0.773999989,0.773999989,5.486999989
3/5/2018 1:00,0.0,0.0,5.346000195
3/5/2018 2:00,1.970000029,1.970000029,5.627999783
3/5/2018 3:00,2.250999928,2.250999928,5.768000126
3/5/2018 4:00,1.406999946,1.406999946,4.923999786
3/5/2018 5:00,1.337000012,1.337000012,5.697999954
3/5/2018 6:00,2.321000099,2.321000099,5.839000225
3/5/2018 7:00,2.532000065,2.532000065,4.150000095
3/5/2018 8:00,1.899000049,1.899000049,4.361999989
3/5/2018 9:00,1.970000029,1.970000029,4.572999954
3/5/2018 10:00,2.884000063,2.884000063,4.43200016
3/5/2018 11:00,3.588000059,3.588000059,4.572999954
3/5/2018 12:00,3.727999926,3.727999926,4.221000195
3/5/2018 13:00,3.938999891,3.938999891,3.51699996
3/5/2018 14:00,5.205999851,5.205999851,3.236000061
3/5/2018 15:00,4.854000092,4.854000092,3.095000029
3/5/2018 16:00,4.501999855,4.501999855,4.501999855
3/5/2018 17:00,4.290999889,4.290999889,5.205999851
3/5/2018 18:00,4.923999786,4.923999786,5.839000225
3/5/2018 19:00,4.712999821,4.712999821,5.768000126
3/5/2018 20:00,3.588000059,3.588000059,5.276000023
3/5/2018 21:00,3.377000093,3.377000093,4.994999886
3/5/2018 22:00,3.305999994,3.305999994,5.697999954
3/5/2018 23:00,3.025000095,3.025000095,5.979000092
3/6/2018 0:00,3.025000095,3.025000095,5.486999989
3/6/2018 1:00,2.673000097,2.673000097,5.346000195
3/6/2018 2:00,2.39199996,2.39199996,5.627999783
3/6/2018 3:00,1.899000049,1.899000049,5.768000126
3/6/2018 4:00,2.109999895,2.109999895,4.923999786
3/6/2018 5:00,1.970000029,1.970000029,5.697999954
3/6/2018 6:00,2.461999893,2.461999893,5.839000225
3/6/2018 7:00,1.970000029,1.970000029,4.150000095
3/6/2018 8:00,1.406999946,1.406999946,4.361999989
3/6/2018 9:00,1.406999946,1.406999946,4.572999954
3/6/2018 10:00,2.180999994,2.180999994,4.43200016
3/6/2018 11:00,1.828999996,1.828999996,4.572999954
3/6/2018 12:00,2.250999928,2.250999928,4.221000195
3/6/2018 13:00,2.321000099,2.321000099,3.51699996
3/6/2018 14:00,2.532000065,2.532000065,3.236000061
3/6/2018 15:00,3.025000095,3.025000095,3.095000029
3/6/2018 16:00,2.954999924,2.954999924,4.501999855
3/6/2018 17:00,2.884000063,2.884000063,5.205999851
3/6/2018 18:00,2.813999891,2.813999891,5.839000225
3/6/2018 19:00,2.109999895,2.109999895,5.768000126
3/6/2018 20:00,1.828999996,1.828999996,5.276000023
3/6/2018 21:00,1.476999998,1.476999998,4.994999886
3/6/2018 22:00,1.758999944,1.758999944,5.697999954
3/6/2018 23:00,1.828999996,1.828999996,5.979000092
3/7/2018 0:00,1.970000029,1.970000029,5.486999989
3/7/2018 1:00,1.899000049,1.899000049,5.346000195
3/7/2018 2:00,0.773999989,0.773999989,5.627999783
3/7/2018 3:00,-0.843999982,-0.843999982,5.768000126
3/7/2018 4:00,-0.633000016,-0.633000016,4.923999786
3/7/2018 5:00,-0.915000021,-0.915000021,5.697999954
3/7/2018 6:00,0.0,0.0,5.839000225
3/7/2018 7:00,-0.492000014,-0.492000014,4.150000095
3/7/2018 8:00,-0.773999989,-0.773999989,4.361999989
3/7/2018 9:00,-0.563000023,-0.563000023,4.572999954
3/7/2018 10:00,0.0,0.0,4.43200016
3/7/2018 11:00,1.19599998,1.19599998,4.572999954
3/7/2018 12:00,0.0,0.0,4.221000195
3/7/2018 13:00,0.633000016,0.633000016,3.51699996
3/7/2018 14:00,1.828999996,1.828999996,3.236000061
3/7/2018 15:00,1.547999978,1.547999978,3.095000029
3/7/2018 16:00,1.828999996,1.828999996,4.501999855
3/7/2018 17:00,1.687999964,1.687999964,5.205999851
3/7/2018 18:00,2.109999895,2.109999895,5.839000225
3/7/2018 19:00,1.828999996,1.828999996,5.768000126
3/7/2018 20:00,2.180999994,2.180999994,5.276000023
3/7/2018 21:00,2.180999994,2.180999994,4.994999886
3/7/2018 22:00,2.039999962,2.039999962,5.697999954
3/7/2018 23:00,2.743999958,2.743999958,5.979000092
3/8/2018 0:00,2.673000097,2.673000097,5.486999989
3/8/2018 1:00,2.532000065,2.532000065,5.346000195
3/8/2018 2:00,2.743999958,2.743999958,5.627999783
3/8/2018 3:00,4.221000195,4.221000195,5.768000126
3/8/2018 4:00,3.799000025,3.799000025,4.923999786
3/8/2018 5:00,4.150000095,4.150000095,5.697999954
3/8/2018 6:00,2.884000063,2.884000063,5.839000225
3/8/2018 7:00,4.010000229,4.010000229,4.150000095
3/8/2018 8:00,3.377000093,3.377000093,4.361999989
3/8/2018 9:00,3.377000093,3.377000093,4.572999954
3/8/2018 10:00,3.657999992,3.657999992,4.43200016
3/8/2018 11:00,4.150000095,4.150000095,4.572999954
3/8/2018 12:00,4.501999855,4.501999855,4.221000195
3/8/2018 13:00,4.854000092,4.854000092,3.51699996
3/8/2018 14:00,5.416999817,5.416999817,3.236000061
3/8/2018 15:00,4.572999954,4.572999954,3.095000029
3/8/2018 16:00,4.572999954,4.572999954,1.828999996
3/8/2018 17:00,4.501999855,4.501999855,1.687999964
3/8/2018 18:00,4.712999821,4.712999821,2.109999895
3/8/2018 19:00,4.712999821,4.712999821,1.828999996
3/8/2018 20:00,4.712999821,4.712999821,2.180999994
3/8/2018 21:00,5.065000057,5.065000057,2.180999994
3/8/2018 22:00,4.712999821,4.712999821,2.039999962
3/8/2018 23:00,4.643000126,4.643000126,2.743999958
3/9/2018 0:00,4.501999855,4.501999855,2.673000097
3/9/2018 1:00,5.205999851,5.205999851,2.532000065
3/9/2018 2:00,4.923999786,4.923999786,2.743999958
3/9/2018 3:00,5.276000023,5.276000023,4.221000195
3/9/2018 4:00,4.150000095,4.150000095,3.799000025
3/9/2018 5:00,4.150000095,4.150000095,4.150000095
3/9/2018 6:00,3.799000025,3.799000025,2.884000063
3/9/2018 7:00,4.010000229,4.010000229,4.010000229
3/9/2018 8:00,4.643000126,4.643000126,3.377000093
3/9/2018 9:00,4.079999924,4.079999924,3.377000093
3/9/2018 10:00,5.697999954,5.697999954,3.657999992
3/9/2018 11:00,5.697999954,5.697999954,4.150000095
3/9/2018 12:00,5.205999851,5.205999851,4.501999855
3/9/2018 13:00,5.486999989,5.486999989,4.854000092
3/9/2018 14:00,6.612999916,6.612999916,5.416999817
3/9/2018 15:00,6.964000225,6.964000225,4.572999954
3/9/2018 16:00,6.964000225,6.964000225,1.828999996
3/9/2018 17:00,7.034999847,7.034999847,1.687999964
3/9/2018 18:00,6.612999916,6.612999916,2.109999895
3/9/2018 19:00,5.697999954,5.697999954,1.828999996
3/9/2018 20:00,5.486999989,5.486999989,2.180999994
3/9/2018 21:00,5.135000229,5.135000229,2.180999994
3/9/2018 22:00,5.346000195,5.346000195,2.039999962
3/9/2018 23:00,4.78399992,4.78399992,2.743999958
3/10/2018 0:00,4.854000092,4.854000092,2.673000097
3/10/2018 1:00,5.065000057,5.065000057,2.532000065
3/10/2018 2:00,4.643000126,4.643000126,2.743999958
3/10/2018 3:00,4.78399992,4.78399992,4.221000195
3/10/2018 4:00,4.643000126,4.643000126,3.799000025
3/10/2018 5:00,4.501999855,4.501999855,4.150000095
3/10/2018 6:00,4.43200016,4.43200016,2.884000063
3/10/2018 7:00,4.572999954,4.572999954,4.010000229
3/10/2018 8:00,5.276000023,5.276000023,3.377000093
3/10/2018 9:00,5.55700016,5.55700016,3.377000093
3/10/2018 10:00,6.964000225,6.964000225,3.657999992
3/10/2018 11:00,6.472000122,6.472000122,4.150000095
3/10/2018 12:00,6.541999817,6.541999817,4.501999855
3/10/2018 13:00,7.245999813,7.245999813,4.854000092
3/10/2018 14:00,9.355999947,9.355999947,5.416999817
3/10/2018 15:00,8.512000084,8.512000084,4.572999954
3/10/2018 16:00,9.355999947,9.355999947,1.828999996
3/10/2018 17:00,9.708000183,9.708000183,1.687999964
3/10/2018 18:00,8.86400032,8.86400032,2.109999895
3/10/2018 19:00,8.020000458,8.020000458,1.828999996
3/10/2018 20:00,7.034999847,7.034999847,2.180999994
3/10/2018 21:00,6.823999882,6.823999882,2.180999994
3/10/2018 22:00,6.612999916,6.612999916,2.039999962
3/10/2018 23:00,6.40199995,6.40199995,2.743999958
3/11/2018 0:00,6.683000088,6.683000088,2.673000097
3/11/2018 1:00,6.823999882,6.823999882,2.532000065
3/11/2018 2:00,6.894000053,6.894000053,2.743999958
3/11/2018 3:00,6.894000053,6.894000053,4.221000195
3/11/2018 4:00,6.330999851,6.330999851,3.799000025
3/11/2018 5:00,6.330999851,6.330999851,4.150000095
3/11/2018 6:00,6.612999916,6.612999916,2.884000063
3/11/2018 7:00,5.627999783,5.627999783,4.010000229
3/11/2018 8:00,5.839000225,5.839000225,3.377000093
3/11/2018 9:00,5.697999954,5.697999954,3.377000093
3/11/2018 10:00,7.034999847,7.034999847,3.657999992
3/11/2018 11:00,6.683000088,6.683000088,4.150000095
3/11/2018 12:00,7.737999916,7.737999916,4.501999855
3/11/2018 13:00,8.300999641,8.300999641,4.854000092
3/11/2018 14:00,10.3409996,10.3409996,5.416999817
3/11/2018 15:00,9.918999672,9.918999672,4.572999954
3/11/2018 16:00,9.708000183,9.708000183,1.828999996
3/11/2018 17:00,9.708000183,9.708000183,1.687999964
3/11/2018 18:00,8.934000015,8.934000015,2.109999895
3/11/2018 19:00,8.512000084,8.512000084,1.828999996
3/11/2018 20:00,8.37100029,8.37100029,2.180999994
3/11/2018 21:00,7.879000187,7.879000187,2.180999994
3/11/2018 22:00,7.52699995,7.52699995,2.039999962
3/11/2018 23:00,7.668000221,7.668000221,2.743999958
3/12/2018 0:00,8.020000458,8.020000458,2.673000097
3/12/2018 1:00,7.948999882,7.948999882,2.532000065
3/12/2018 2:00,7.597000122,7.597000122,2.743999958
3/12/2018 3:00,7.668000221,7.668000221,4.221000195
3/12/2018 4:00,7.948999882,7.948999882,3.799000025
3/12/2018 5:00,8.159999847,8.159999847,4.150000095
3/12/2018 6:00,7.668000221,7.668000221,2.884000063
3/12/2018 7:00,7.456999779,7.456999779,4.010000229
3/12/2018 8:00,8.020000458,8.020000458,3.377000093
3/12/2018 9:00,8.300999641,8.300999641,3.377000093
3/12/2018 10:00,8.86400032,8.86400032,3.657999992
3/12/2018 11:00,8.722999573,8.722999573,4.150000095
3/12/2018 12:00,9.00399971,9.00399971,4.501999855
3/12/2018 13:00,9.355999947,9.355999947,4.854000092
3/12/2018 14:00,10.55200005,10.55200005,5.416999817
3/12/2018 15:00,10.13000011,10.13000011,4.572999954
3/12/2018 16:00,10.48200035,10.48200035,1.828999996
3/12/2018 17:00,11.18500042,11.18500042,1.687999964
3/12/2018 18:00,10.97399998,10.97399998,2.109999895
3/12/2018 19:00,9.918999672,9.918999672,1.828999996
3/12/2018 20:00,9.848999977,9.848999977,2.180999994
3/12/2018 21:00,9.425999641,9.425999641,2.180999994
3/12/2018 22:00,9.286000252,9.286000252,2.039999962
3/12/2018 23:00,9.215000153,9.215000153,2.743999958
3/13/2018 0:00,9.00399971,9.00399971,2.673000097
3/13/2018 1:00,8.722999573,8.722999573,2.532000065
3/13/2018 2:00,8.86400032,8.86400032,2.743999958
3/13/2018 3:00,8.793000221,8.793000221,4.221000195
3/13/2018 4:00,8.722999573,8.722999573,3.799000025
3/13/2018 5:00,8.722999573,8.722999573,4.150000095
3/13/2018 6:00,8.581999779,8.581999779,2.884000063
3/13/2018 7:00,8.230999947,8.230999947,4.010000229
3/13/2018 8:00,8.159999847,8.159999847,3.377000093
3/13/2018 9:00,9.286000252,9.286000252,3.377000093
3/13/2018 10:00,10.97399998,10.97399998,3.657999992
3/13/2018 11:00,10.83300018,10.83300018,4.150000095
3/13/2018 12:00,10.90400028,10.90400028,4.501999855
3/13/2018 13:00,11.60700035,11.60700035,4.854000092
3/13/2018 14:00,12.6619997,12.6619997,5.416999817
3/13/2018 15:00,11.74800014,11.74800014,4.572999954
3/13/2018 16:00,11.32600021,11.32600021,1.828999996
3/13/2018 17:00,11.5369997,11.5369997,1.687999964
3/13/2018 18:00,12.31099987,12.31099987,2.109999895
3/13/2018 19:00,11.88899994,11.88899994,1.828999996
3/13/2018 20:00,11.32600021,11.32600021,2.180999994
3/13/2018 21:00,11.04399967,11.04399967,2.180999994
3/13/2018 22:00,10.90400028,10.90400028,2.039999962
3/13/2018 23:00,10.62199974,10.62199974,2.743999958
3/14/2018 0:00,10.62199974,10.62199974,2.673000097
3/14/2018 1:00,10.48200035,10.48200035,2.532000065
3/14/2018 2:00,10.69299984,10.69299984,2.743999958
3/14/2018 3:00,10.76299953,10.76299953,4.221000195
3/14/2018 4:00,10.76299953,10.76299953,3.799000025
3/14/2018 5:00,9.98900032,9.98900032,4.150000095
3/14/2018 6:00,10.62199974,10.62199974,2.884000063
3/14/2018 7:00,10.19999981,10.19999981,4.010000229
3/14/2018 8:00,10.48200035,10.48200035,3.377000093
3/14/2018 9:00,10.83300018,10.83300018,3.377000093
3/14/2018 10:00,10.76299953,10.76299953,3.657999992
3/14/2018 11:00,10.76299953,10.76299953,4.150000095
3/14/2018 12:00,10.83300018,10.83300018,4.501999855
3/14/2018 13:00,9.496999741,9.496999741,4.854000092
3/14/2018 14:00,10.62199974,10.62199974,5.416999817
3/14/2018 15:00,10.69299984,10.69299984,4.572999954
3/14/2018 16:00,10.76299953,10.76299953,1.828999996
3/14/2018 17:00,10.19999981,10.19999981,1.687999964
3/14/2018 18:00,10.48200035,10.48200035,2.109999895
3/14/2018 19:00,9.777999878,9.777999878,1.828999996
3/14/2018 20:00,9.637999535,9.637999535,2.180999994
3/14/2018 21:00,9.496999741,9.496999741,2.180999994
3/14/2018 22:00,9.567000389,9.567000389,2.039999962
3/14/2018 23:00,9.425999641,9.425999641,2.743999958
3/15/2018 0:00,9.708000183,9.708000183,2.673000097
3/15/2018 1:00,9.708000183,9.708000183,2.532000065
3/15/2018 2:00,9.567000389,9.567000389,2.743999958
3/15/2018 3:00,9.496999741,9.496999741,4.221000195
3/15/2018 4:00,9.637999535,9.637999535,3.799000025
3/15/2018 5:00,9.777999878,9.777999878,4.150000095
3/15/2018 6:00,9.918999672,9.918999672,2.884000063
3/15/2018 7:00,9.637999535,9.637999535,4.010000229
3/15/2018 8:00,10.13000011,10.13000011,3.377000093
3/15/2018 9:00,10.13000011,10.13000011,3.377000093
3/15/2018 10:00,9.918999672,9.918999672,3.657999992
3/15/2018 11:00,9.708000183,9.708000183,4.150000095
3/15/2018 12:00,10.62199974,10.62199974,4.501999855
3/15/2018 13:00,10.83300018,10.83300018,4.854000092
3/15/2018 14:00,10.90400028,10.90400028,5.416999817
3/15/2018 15:00,10.83300018,10.83300018,4.572999954
3/15/2018 16:00,11.67800045,11.67800045,10.76299953
3/15/2018 17:00,11.88899994,11.88899994,10.19999981
3/15/2018 18:00,11.60700035,11.60700035,10.48200035
3/15/2018 19:00,7.668000221,7.668000221,9.777999878
3/15/2018 20:00,2.321000099,2.321000099,9.637999535
3/15/2018 21:00,0.985000014,0.985000014,9.496999741
3/15/2018 22:00,2.884000063,2.884000063,9.567000389
3/15/2018 23:00,1.687999964,1.687999964,9.425999641
3/16/2018 0:00,2.743999958,2.743999958,9.708000183
3/16/2018 1:00,2.250999928,2.250999928,9.708000183
3/16/2018 2:00,1.828999996,1.828999996,9.567000389
3/16/2018 3:00,2.602999926,2.602999926,9.496999741
3/16/2018 4:00,3.377000093,3.377000093,9.637999535
3/16/2018 5:00,3.165999889,3.165999889,9.777999878
3/16/2018 6:00,3.305999994,3.305999994,9.918999672
3/16/2018 7:00,2.743999958,2.743999958,9.637999535
3/16/2018 8:00,1.899000049,1.899000049,10.13000011
3/16/2018 9:00,2.109999895,2.109999895,10.13000011
3/16/2018 10:00,2.109999895,2.109999895,9.918999672
3/16/2018 11:00,3.025000095,3.025000095,9.708000183
3/16/2018 12:00,3.657999992,3.657999992,10.62199974
3/16/2018 13:00,4.010000229,4.010000229,10.83300018
3/16/2018 14:00,3.799000025,3.799000025,10.90400028
3/16/2018 15:00,3.868999958,3.868999958,10.83300018
3/16/2018 16:00,4.290999889,4.290999889,10.76299953
3/16/2018 17:00,4.501999855,4.501999855,10.19999981
3/16/2018 18:00,4.78399992,4.78399992,10.48200035
3/16/2018 19:00,4.994999886,4.994999886,9.777999878
3/16/2018 20:00,5.205999851,5.205999851,9.637999535
3/16/2018 21:00,5.346000195,5.346000195,9.496999741
3/16/2018 22:00,4.923999786,4.923999786,9.567000389
3/16/2018 23:00,4.150000095,4.150000095,9.425999641
3/17/2018 0:00,3.377000093,3.377000093,9.708000183
3/17/2018 1:00,3.165999889,3.165999889,9.708000183
3/17/2018 2:00,2.743999958,2.743999958,9.567000389
3/17/2018 3:00,3.025000095,3.025000095,9.496999741
3/17/2018 4:00,2.813999891,2.813999891,9.637999535
3/17/2018 5:00,2.743999958,2.743999958,9.777999878
3/17/2018 6:00,2.743999958,2.743999958,9.918999672
3/17/2018 7:00,2.321000099,2.321000099,9.637999535
3/17/2018 8:00,2.813999891,2.813999891,10.13000011
3/17/2018 9:00,3.095000029,3.095000029,10.13000011
3/17/2018 10:00,3.868999958,3.868999958,9.918999672
3/17/2018 11:00,4.43200016,4.43200016,9.708000183
3/17/2018 12:00,5.135000229,5.135000229,10.62199974
3/17/2018 13:00,5.276000023,5.276000023,10.83300018
3/17/2018 14:00,6.119999886,6.119999886,10.90400028
3/17/2018 15:00,6.472000122,6.472000122,10.83300018
3/17/2018 16:00,6.050000191,6.050000191,10.76299953
3/17/2018 17:00,5.839000225,5.839000225,10.19999981
3/17/2018 18:00,5.768000126,5.768000126,10.48200035
3/17/2018 19:00,5.627999783,5.627999783,9.777999878
3/17/2018 20:00,5.486999989,5.486999989,9.637999535
3/17/2018 21:00,5.486999989,5.486999989,9.496999741
3/17/2018 22:00,5.276000023,5.276000023,9.567000389
3/17/2018 23:00,3.51699996,3.51699996,9.425999641
3/18/2018 0:00,4.712999821,4.712999821,9.708000183
3/18/2018 1:00,4.854000092,4.854000092,9.708000183
3/18/2018 2:00,5.55700016,5.55700016,9.567000389
3/18/2018 3:00,5.90899992,5.90899992,9.496999741
3/18/2018 4:00,4.923999786,4.923999786,9.637999535
3/18/2018 5:00,3.799000025,3.799000025,9.777999878
3/18/2018 6:00,5.839000225,5.839000225,9.918999672
3/18/2018 7:00,7.737999916,7.737999916,9.637999535
3/18/2018 8:00,8.090000153,8.090000153,10.13000011
3/18/2018 9:00,7.105000019,7.105000019,10.13000011
3/18/2018 10:00,7.597000122,7.597000122,9.918999672
3/18/2018 11:00,7.948999882,7.948999882,9.708000183
3/18/2018 12:00,6.964000225,6.964000225,10.62199974
3/18/2018 13:00,7.809000015,7.809000015,10.83300018
3/18/2018 14:00,6.261000156,6.261000156,10.90400028
3/18/2018 15:00,5.697999954,5.697999954,10.83300018
3/18/2018 16:00,5.486999989,5.486999989,10.76299953
3/18/2018 17:00,5.416999817,5.416999817,10.19999981
3/18/2018 18:00,5.979000092,5.979000092,10.48200035
3/18/2018 19:00,5.486999989,5.486999989,9.777999878
3/18/2018 20:00,4.43200016,4.43200016,9.637999535
3/18/2018 21:00,5.979000092,5.979000092,9.496999741
3/18/2018 22:00,5.979000092,5.979000092,9.567000389
3/18/2018 23:00,5.768000126,5.768000126,9.425999641
3/19/2018 0:00,5.90899992,5.90899992,9.708000183
3/19/2018 1:00,6.119999886,6.119999886,9.708000183
3/19/2018 2:00,6.752999783,6.752999783,9.567000389
3/19/2018 3:00,4.854000092,4.854000092,9.496999741
3/19/2018 4:00,4.78399992,4.78399992,9.637999535
3/19/2018 5:00,4.361999989,4.361999989,9.777999878
3/19/2018 6:00,5.839000225,5.839000225,9.918999672
3/19/2018 7:00,4.854000092,4.854000092,9.637999535
3/19/2018 8:00,4.854000092,4.854000092,10.13000011
3/19/2018 9:00,5.276000023,5.276000023,10.13000011
3/19/2018 10:00,5.55700016,5.55700016,9.918999672
3/19/2018 11:00,5.135000229,5.135000229,9.708000183
3/19/2018 12:00,6.261000156,6.261000156,10.62199974
3/19/2018 13:00,5.205999851,5.205999851,10.83300018
3/19/2018 14:00,5.346000195,5.346000195,10.90400028
3/19/2018 15:00,5.416999817,5.416999817,10.83300018
3/19/2018 16:00,5.065000057,5.065000057,10.76299953
3/19/2018 17:00,6.050000191,6.050000191,10.19999981
3/19/2018 18:00,3.165999889,3.165999889,10.48200035
3/19/2018 19:00,3.868999958,3.868999958,9.777999878
3/19/2018 20:00,4.643000126,4.643000126,9.637999535
3/19/2018 21:00,4.572999954,4.572999954,9.496999741
3/19/2018 22:00,4.643000126,4.643000126,9.567000389
3/19/2018 23:00,4.079999924,4.079999924,9.425999641
3/20/2018 0:00,3.095000029,3.095000029,9.708000183
3/20/2018 1:00,3.236000061,3.236000061,9.708000183
3/20/2018 2:00,4.010000229,4.010000229,9.567000389
3/20/2018 3:00,3.727999926,3.727999926,9.496999741
3/20/2018 4:00,4.290999889,4.290999889,9.637999535
3/20/2018 5:00,4.643000126,4.643000126,9.777999878
3/20/2018 6:00,4.43200016,4.43200016,9.918999672
3/20/2018 7:00,3.165999889,3.165999889,9.637999535
3/20/2018 8:00,2.954999924,2.954999924,10.13000011
3/20/2018 9:00,3.727999926,3.727999926,10.13000011
3/20/2018 10:00,4.150000095,4.150000095,9.918999672
3/20/2018 11:00,3.588000059,3.588000059,9.708000183
3/20/2018 12:00,3.868999958,3.868999958,10.62199974
3/20/2018 13:00,3.447000027,3.447000027,10.83300018
3/20/2018 14:00,3.51699996,3.51699996,10.90400028
3/20/2018 15:00,3.51699996,3.51699996,10.83300018
3/20/2018 16:00,3.095000029,3.095000029,10.76299953
3/20/2018 17:00,2.461999893,2.461999893,10.19999981
3/20/2018 18:00,2.532000065,2.532000065,10.48200035
3/20/2018 19:00,2.884000063,2.884000063,9.777999878
3/20/2018 20:00,2.532000065,2.532000065,9.637999535
3/20/2018 21:00,2.602999926,2.602999926,9.496999741
3/20/2018 22:00,3.377000093,3.377000093,9.567000389
3/20/2018 23:00,3.377000093,3.377000093,9.425999641
3/21/2018 0:00,3.447000027,3.447000027,9.708000183
3/21/2018 1:00,2.743999958,2.743999958,9.708000183
3/21/2018 2:00,3.447000027,3.447000027,9.567000389
3/21/2018 3:00,3.799000025,3.799000025,9.496999741
3/21/2018 4:00,3.868999958,3.868999958,9.637999535
3/21/2018 5:00,4.079999924,4.079999924,9.777999878
3/21/2018 6:00,3.938999891,3.938999891,9.918999672
3/21/2018 7:00,4.010000229,4.010000229,9.637999535
3/21/2018 8:00,4.290999889,4.290999889,10.13000011
3/21/2018 9:00,3.165999889,3.165999889,10.13000011
3/21/2018 10:00,5.416999817,5.416999817,9.918999672
3/21/2018 11:00,5.205999851,5.205999851,9.708000183
3/21/2018 12:00,5.065000057,5.065000057,10.62199974
3/21/2018 13:00,6.190999985,6.190999985,10.83300018
3/21/2018 14:00,5.90899992,5.90899992,10.90400028
3/21/2018 15:00,6.683000088,6.683000088,10.83300018
3/21/2018 16:00,6.683000088,6.683000088,10.76299953
3/21/2018 17:00,6.40199995,6.40199995,10.19999981
3/21/2018 18:00,6.894000053,6.894000053,10.48200035
3/21/2018 19:00,7.034999847,7.034999847,9.777999878
3/21/2018 20:00,6.752999783,6.752999783,9.637999535
3/21/2018 21:00,6.752999783,6.752999783,9.496999741
3/21/2018 22:00,6.683000088,6.683000088,9.567000389
3/21/2018 23:00,6.683000088,6.683000088,9.425999641
3/22/2018 0:00,6.612999916,6.612999916,9.708000183
3/22/2018 1:00,6.330999851,6.330999851,9.708000183
3/22/2018 2:00,6.752999783,6.752999783,9.567000389
3/22/2018 3:00,6.261000156,6.261000156,9.496999741
3/22/2018 4:00,6.261000156,6.261000156,9.637999535
3/22/2018 5:00,6.472000122,6.472000122,9.777999878
3/22/2018 6:00,6.472000122,6.472000122,9.918999672
3/22/2018 7:00,6.119999886,6.119999886,9.637999535
3/22/2018 8:00,6.964000225,6.964000225,10.13000011
3/22/2018 9:00,7.948999882,7.948999882,10.13000011
3/22/2018 10:00,8.512000084,8.512000084,9.918999672
3/22/2018 11:00,7.456999779,7.456999779,9.708000183
3/22/2018 12:00,8.159999847,8.159999847,10.62199974
3/22/2018 13:00,9.425999641,9.425999641,10.83300018
3/22/2018 14:00,9.00399971,9.00399971,10.90400028
3/22/2018 15:00,8.512000084,8.512000084,10.83300018
3/22/2018 16:00,8.793000221,8.793000221,6.683000088
3/22/2018 17:00,8.581999779,8.581999779,6.40199995
3/22/2018 18:00,9.708000183,9.708000183,6.894000053
3/22/2018 19:00,9.215000153,9.215000153,7.034999847
3/22/2018 20:00,8.512000084,8.512000084,6.752999783
3/22/2018 21:00,8.37100029,8.37100029,6.752999783
3/22/2018 22:00,8.512000084,8.512000084,6.683000088
3/22/2018 23:00,8.37100029,8.37100029,6.683000088
3/23/2018 0:00,8.442000389,8.442000389,6.612999916
3/23/2018 1:00,8.159999847,8.159999847,6.330999851
3/23/2018 2:00,8.300999641,8.300999641,6.752999783
3/23/2018 3:00,8.722999573,8.722999573,6.261000156
3/23/2018 4:00,8.300999641,8.300999641,6.261000156
3/23/2018 5:00,8.020000458,8.020000458,6.472000122
3/23/2018 6:00,8.159999847,8.159999847,6.472000122
3/23/2018 7:00,8.230999947,8.230999947,6.119999886
3/23/2018 8:00,8.581999779,8.581999779,6.964000225
3/23/2018 9:00,8.230999947,8.230999947,7.948999882
3/23/2018 10:00,9.918999672,9.918999672,8.512000084
3/23/2018 11:00,9.98900032,9.98900032,7.456999779
3/23/2018 12:00,9.708000183,9.708000183,8.159999847
3/23/2018 13:00,10.27099991,10.27099991,9.425999641
3/23/2018 14:00,11.60700035,11.60700035,9.00399971
3/23/2018 15:00,12.52200031,12.52200031,8.512000084
3/23/2018 16:00,12.38099957,12.38099957,6.683000088
3/23/2018 17:00,12.7329998,12.7329998,6.40199995
3/23/2018 18:00,12.02900028,12.02900028,6.894000053
3/23/2018 19:00,10.83300018,10.83300018,7.034999847
3/23/2018 20:00,10.62199974,10.62199974,6.752999783
3/23/2018 21:00,9.425999641,9.425999641,6.752999783
3/23/2018 22:00,9.00399971,9.00399971,6.683000088
3/23/2018 23:00,9.286000252,9.286000252,6.683000088
3/24/2018 0:00,9.145000458,9.145000458,6.612999916
3/24/2018 1:00,9.496999741,9.496999741,6.330999851
3/24/2018 2:00,9.848999977,9.848999977,6.752999783
3/24/2018 3:00,9.286000252,9.286000252,6.261000156
3/24/2018 4:00,9.355999947,9.355999947,6.261000156
3/24/2018 5:00,9.074999809,9.074999809,6.472000122
3/24/2018 6:00,9.00399971,9.00399971,6.472000122
3/24/2018 7:00,10.62199974,10.62199974,6.119999886
3/24/2018 8:00,9.496999741,9.496999741,6.964000225
3/24/2018 9:00,9.848999977,9.848999977,7.948999882
3/24/2018 10:00,9.918999672,9.918999672,8.512000084
3/24/2018 11:00,10.27099991,10.27099991,7.456999779
3/24/2018 12:00,10.69299984,10.69299984,8.159999847
3/24/2018 13:00,10.69299984,10.69299984,9.425999641
3/24/2018 14:00,11.67800045,11.67800045,9.00399971
3/24/2018 15:00,12.7329998,12.7329998,8.512000084
3/24/2018 16:00,12.94400024,12.94400024,6.683000088
3/24/2018 17:00,13.29599953,13.29599953,6.40199995
3/24/2018 18:00,12.6619997,12.6619997,6.894000053
3/24/2018 19:00,12.02900028,12.02900028,7.034999847
3/24/2018 20:00,11.46700001,11.46700001,6.752999783
3/24/2018 21:00,11.11499977,11.11499977,6.752999783
3/24/2018 22:00,10.97399998,10.97399998,6.683000088
3/24/2018 23:00,10.62199974,10.62199974,6.683000088
3/25/2018 0:00,10.69299984,10.69299984,6.612999916
3/25/2018 1:00,9.777999878,9.777999878,6.330999851
3/25/2018 2:00,9.286000252,9.286000252,6.752999783
3/25/2018 3:00,10.55200005,10.55200005,6.261000156
3/25/2018 4:00,10.3409996,10.3409996,6.261000156
3/25/2018 5:00,10.69299984,10.69299984,6.472000122
3/25/2018 6:00,10.41100025,10.41100025,6.472000122
3/25/2018 7:00,9.98900032,9.98900032,6.119999886
3/25/2018 8:00,10.62199974,10.62199974,6.964000225
3/25/2018 9:00,10.97399998,10.97399998,7.948999882
3/25/2018 10:00,10.27099991,10.27099991,8.512000084
3/25/2018 11:00,9.98900032,9.98900032,7.456999779
3/25/2018 12:00,10.62199974,10.62199974,8.159999847
3/25/2018 13:00,10.3409996,10.3409996,9.425999641
3/25/2018 14:00,10.76299953,10.76299953,9.00399971
3/25/2018 15:00,10.90400028,10.90400028,8.512000084
3/25/2018 16:00,10.83300018,10.83300018,6.683000088
3/25/2018 17:00,10.97399998,10.97399998,6.40199995
3/25/2018 18:00,11.46700001,11.46700001,6.894000053
3/25/2018 19:00,10.3409996,10.3409996,7.034999847
3/25/2018 20:00,10.62199974,10.62199974,6.752999783
3/25/2018 21:00,10.55200005,10.55200005,6.752999783
3/25/2018 22:00,10.48200035,10.48200035,6.683000088
3/25/2018 23:00,10.48200035,10.48200035,6.683000088
3/26/2018 0:00,10.13000011,10.13000011,6.612999916
3/26/2018 1:00,9.918999672,9.918999672,6.330999851
3/26/2018 2:00,10.83300018,10.83300018,6.752999783
3/26/2018 3:00,10.3409996,10.3409996,6.261000156
3/26/2018 4:00,10.06000042,10.06000042,6.261000156
3/26/2018 5:00,10.76299953,10.76299953,6.472000122
3/26/2018 6:00,10.76299953,10.76299953,6.472000122
3/26/2018 7:00,10.76299953,10.76299953,6.119999886
3/26/2018 8:00,11.04399967,11.04399967,6.964000225
3/26/2018 9:00,10.62199974,10.62199974,7.948999882
3/26/2018 10:00,11.60700035,11.60700035,8.512000084
3/26/2018 11:00,10.19999981,10.19999981,7.456999779
3/26/2018 12:00,11.11499977,11.11499977,8.159999847
3/26/2018 13:00,12.23999977,12.23999977,9.425999641
3/26/2018 14:00,13.50699997,13.50699997,9.00399971
3/26/2018 15:00,13.36600018,13.36600018,8.512000084
3/26/2018 16:00,13.78800011,13.78800011,6.683000088
3/26/2018 17:00,13.71800041,13.71800041,6.40199995
3/26/2018 18:00,13.64700031,13.64700031,6.894000053
3/26/2018 19:00,12.45100021,12.45100021,7.034999847
3/26/2018 20:00,11.74800014,11.74800014,6.752999783
3/26/2018 21:00,11.60700035,11.60700035,6.752999783
3/26/2018 22:00,11.04399967,11.04399967,6.683000088
3/26/2018 23:00,10.83300018,10.83300018,6.683000088
3/27/2018 0:00,10.62199974,10.62199974,6.612999916
3/27/2018 1:00,10.69299984,10.69299984,6.330999851
3/27/2018 2:00,10.3409996,10.3409996,6.752999783
3/27/2018 3:00,10.62199974,10.62199974,6.261000156
3/27/2018 4:00,10.48200035,10.48200035,6.261000156
3/27/2018 5:00,10.27099991,10.27099991,6.472000122
3/27/2018 6:00,10.48200035,10.48200035,6.472000122
3/27/2018 7:00,10.3409996,10.3409996,6.119999886
3/27/2018 8:00,11.32600021,11.32600021,6.964000225
3/27/2018 9:00,11.04399967,11.04399967,7.948999882
3/27/2018 10:00,11.88899994,11.88899994,8.512000084
3/27/2018 11:00,12.02900028,12.02900028,7.456999779
3/27/2018 12:00,11.5369997,11.5369997,8.159999847
3/27/2018 13:00,11.5369997,11.5369997,9.425999641
3/27/2018 14:00,13.01399994,13.01399994,9.00399971
3/27/2018 15:00,13.08500004,13.08500004,8.512000084
3/27/2018 16:00,13.57699966,13.57699966,6.683000088
3/27/2018 17:00,13.64700031,13.64700031,6.40199995
3/27/2018 18:00,12.8739996,12.8739996,6.894000053
3/27/2018 19:00,11.5369997,11.5369997,7.034999847
3/27/2018 20:00,10.83300018,10.83300018,6.752999783
3/27/2018 21:00,10.48200035,10.48200035,6.752999783
3/27/2018 22:00,10.19999981,10.19999981,6.683000088
3/27/2018 23:00,9.708000183,9.708000183,6.683000088
3/28/2018 0:00,9.496999741,9.496999741,6.612999916
3/28/2018 1:00,8.86400032,8.86400032,6.330999851
3/28/2018 2:00,8.86400032,8.86400032,6.752999783
3/28/2018 3:00,8.934000015,8.934000015,6.261000156
3/28/2018 4:00,8.442000389,8.442000389,6.261000156
3/28/2018 5:00,8.581999779,8.581999779,6.472000122
3/28/2018 6:00,8.159999847,8.159999847,6.472000122
3/28/2018 7:00,8.934000015,8.934000015,6.119999886
3/28/2018 8:00,9.848999977,9.848999977,6.964000225
3/28/2018 9:00,9.98900032,9.98900032,7.948999882
3/28/2018 10:00,11.11499977,11.11499977,8.512000084
3/28/2018 11:00,10.3409996,10.3409996,7.456999779
3/28/2018 12:00,9.918999672,9.918999672,8.159999847
3/28/2018 13:00,10.83300018,10.83300018,9.425999641
3/28/2018 14:00,12.10000038,12.10000038,9.00399971
3/28/2018 15:00,12.59200001,12.59200001,8.512000084
3/28/2018 16:00,13.08500004,13.08500004,6.683000088
3/28/2018 17:00,13.08500004,13.08500004,6.40199995
3/28/2018 18:00,12.23999977,12.23999977,6.894000053
3/28/2018 19:00,11.32600021,11.32600021,7.034999847
3/28/2018 20:00,10.90400028,10.90400028,6.752999783
3/28/2018 21:00,9.848999977,9.848999977,6.752999783
3/28/2018 22:00,9.496999741,9.496999741,6.683000088
3/28/2018 23:00,9.567000389,9.567000389,6.683000088
3/29/2018 0:00,9.496999741,9.496999741,6.612999916
3/29/2018 1:00,9.074999809,9.074999809,6.330999851
3/29/2018 2:00,9.286000252,9.286000252,6.752999783
3/29/2018 3:00,9.567000389,9.567000389,6.261000156
3/29/2018 4:00,9.074999809,9.074999809,6.261000156
3/29/2018 5:00,8.581999779,8.581999779,6.472000122
3/29/2018 6:00,8.159999847,8.159999847,6.472000122
3/29/2018 7:00,8.020000458,8.020000458,6.119999886
3/29/2018 8:00,8.652999878,8.652999878,6.964000225
3/29/2018 9:00,8.512000084,8.512000084,7.948999882
3/29/2018 10:00,9.145000458,9.145000458,8.512000084
3/29/2018 11:00,8.86400032,8.86400032,7.456999779
3/29/2018 12:00,9.145000458,9.145000458,8.159999847
3/29/2018 13:00,9.637999535,9.637999535,9.425999641
3/29/2018 14:00,10.13000011,10.13000011,9.00399971
3/29/2018 15:00,10.69299984,10.69299984,8.512000084
3/29/2018 16:00,10.48200035,10.48200035,13.08500004
3/29/2018 17:00,10.3409996,10.3409996,13.08500004
3/29/2018 18:00,9.637999535,9.637999535,12.23999977
3/29/2018 19:00,9.355999947,9.355999947,11.32600021
3/29/2018 20:00,9.425999641,9.425999641,10.90400028
3/29/2018 21:00,8.230999947,8.230999947,9.848999977
3/29/2018 22:00,7.809000015,7.809000015,9.496999741
3/29/2018 23:00,7.315999985,7.315999985,9.567000389
3/30/2018 0:00,6.612999916,6.612999916,9.496999741
3/30/2018 1:00,6.823999882,6.823999882,9.074999809
3/30/2018 2:00,6.472000122,6.472000122,9.286000252
3/30/2018 3:00,6.119999886,6.119999886,9.567000389
3/30/2018 4:00,6.119999886,6.119999886,9.074999809
3/30/2018 5:00,5.839000225,5.839000225,8.581999779
3/30/2018 6:00,5.276000023,5.276000023,8.159999847
3/30/2018 7:00,5.205999851,5.205999851,8.020000458
3/30/2018 8:00,5.55700016,5.55700016,8.652999878
3/30/2018 9:00,5.768000126,5.768000126,8.512000084
3/30/2018 10:00,6.261000156,6.261000156,9.145000458
3/30/2018 11:00,6.261000156,6.261000156,8.86400032
3/30/2018 12:00,6.330999851,6.330999851,9.145000458
3/30/2018 13:00,7.034999847,7.034999847,9.637999535
3/30/2018 14:00,7.034999847,7.034999847,10.13000011
3/30/2018 15:00,7.386000156,7.386000156,10.69299984
3/30/2018 16:00,7.315999985,7.315999985,13.08500004
3/30/2018 17:00,7.809000015,7.809000015,13.08500004
3/30/2018 18:00,6.683000088,6.683000088,12.23999977
3/30/2018 19:00,5.768000126,5.768000126,11.32600021
3/30/2018 20:00,6.330999851,6.330999851,10.90400028
3/30/2018 21:00,6.40199995,6.40199995,9.848999977
3/30/2018 22:00,6.261000156,6.261000156,9.496999741
3/30/2018 23:00,5.979000092,5.979000092,9.567000389
3/31/2018 0:00,5.768000126,5.768000126,9.496999741
3/31/2018 1:00,5.768000126,5.768000126,9.074999809
3/31/2018 2:00,5.768000126,5.768000126,9.286000252
3/31/2018 3:00,5.768000126,5.768000126,9.567000389
3/31/2018 4:00,5.768000126,5.768000126,9.074999809
3/31/2018 5:00,5.768000126,5.768000126,8.581999779
3/31/2018 6:00,5.768000126,5.768000126,8.159999847
3/31/2018 7:00,5.768000126,5.768000126,8.020000458
3/31/2018 8:00,5.768000126,5.768000126,8.652999878
3/31/2018 9:00,5.768000126,5.768000126,8.512000084
3/31/2018 10:00,5.768000126,5.768000126,9.145000458
3/31/2018 11:00,5.768000126,5.768000126,8.86400032
3/31/2018 12:00,5.768000126,5.768000126,9.145000458
3/31/2018 13:00,5.768000126,5.768000126,9.637999535
3/31/2018 14:00,5.768000126,5.768000126,10.13000011
3/31/2018 15:00,5.768000126,5.768000126,10.69299984
3/31/2018 16:00,5.768000126,5.768000126,13.08500004
3/31/2018 17:00,5.768000126,5.768000126,13.08500004
3/31/2018 18:00,5.768000126,5.768000126,12.23999977
3/31/2018 19:00,5.768000126,5.768000126,11.32600021
3/31/2018 20:00,5.768000126,5.768000126,10.90400028
3/31/2018 21:00,5.768000126,5.768000126,9.848999977
3/31/2018 22:00,5.768000126,5.768000126,9.496999741
3/31/2018 23:00,5.768000126,5.768000126,9.567000389
4/1/2018 0:00,9.00399971,9.00399971,9.496999741
4/1/2018 1:00,9.215000153,9.215000153,9.074999809
4/1/2018 2:00,9.00399971,9.00399971,9.286000252
4/1/2018 3:00,8.652999878,8.652999878,9.567000389
4/1/2018 4:00,9.215000153,9.215000153,9.074999809
4/1/2018 5:00,9.215000153,9.215000153,8.581999779
4/1/2018 6:00,9.425999641,9.425999641,8.159999847
4/1/2018 7:00,9.567000389,9.567000389,8.020000458
4/1/2018 8:00,10.19999981,10.19999981,8.652999878
4/1/2018 9:00,10.69299984,10.69299984,8.512000084
4/1/2018 10:00,11.11499977,11.11499977,9.145000458
4/1/2018 11:00,10.97399998,10.97399998,8.86400032
4/1/2018 12:00,10.76299953,10.76299953,9.145000458
4/1/2018 13:00,11.60700035,11.60700035,9.637999535
4/1/2018 14:00,11.25599957,11.25599957,10.13000011
4/1/2018 15:00,12.94400024,12.94400024,10.69299984
4/1/2018 16:00,12.7329998,12.7329998,13.08500004
4/1/2018 17:00,11.81799984,11.81799984,13.08500004
4/1/2018 18:00,11.74800014,11.74800014,12.23999977
4/1/2018 19:00,10.76299953,10.76299953,11.32600021
4/1/2018 20:00,10.69299984,10.69299984,10.90400028
4/1/2018 21:00,10.55200005,10.55200005,9.848999977
4/1/2018 22:00,10.48200035,10.48200035,9.496999741
4/1/2018 23:00,10.13000011,10.13000011,9.567000389
4/2/2018 0:00,9.708000183,9.708000183,9.496999741
4/2/2018 1:00,10.19999981,10.19999981,9.074999809
4/2/2018 2:00,10.48200035,10.48200035,9.286000252
4/2/2018 3:00,10.83300018,10.83300018,9.567000389
4/2/2018 4:00,10.3409996,10.3409996,9.074999809
4/2/2018 5:00,10.3409996,10.3409996,8.581999779
4/2/2018 6:00,10.06000042,10.06000042,8.159999847
4/2/2018 7:00,10.48200035,10.48200035,8.020000458
4/2/2018 8:00,9.637999535,9.637999535,8.652999878
4/2/2018 9:00,10.55200005,10.55200005,8.512000084
4/2/2018 10:00,10.48200035,10.48200035,9.145000458
4/2/2018 11:00,10.13000011,10.13000011,8.86400032
4/2/2018 12:00,10.19999981,10.19999981,9.145000458
4/2/2018 13:00,11.67800045,11.67800045,9.637999535
4/2/2018 14:00,12.02900028,12.02900028,10.13000011
4/2/2018 15:00,12.10000038,12.10000038,10.69299984
4/2/2018 16:00,12.17000008,12.17000008,13.08500004
4/2/2018 17:00,12.02900028,12.02900028,13.08500004
4/2/2018 18:00,11.25599957,11.25599957,12.23999977
4/2/2018 19:00,10.97399998,10.97399998,11.32600021
4/2/2018 20:00,10.55200005,10.55200005,10.90400028
4/2/2018 21:00,10.19999981,10.19999981,9.848999977
4/2/2018 22:00,10.3409996,10.3409996,9.496999741
4/2/2018 23:00,9.848999977,9.848999977,9.567000389
4/3/2018 0:00,9.425999641,9.425999641,9.496999741
4/3/2018 1:00,9.355999947,9.355999947,9.074999809
4/3/2018 2:00,9.215000153,9.215000153,9.286000252
4/3/2018 3:00,9.145000458,9.145000458,9.567000389
4/3/2018 4:00,9.145000458,9.145000458,9.074999809
4/3/2018 5:00,9.425999641,9.425999641,8.581999779
4/3/2018 6:00,9.286000252,9.286000252,8.159999847
4/3/2018 7:00,9.496999741,9.496999741,8.020000458
4/3/2018 8:00,9.848999977,9.848999977,8.652999878
4/3/2018 9:00,10.69299984,10.69299984,8.512000084
4/3/2018 10:00,11.39599991,11.39599991,9.145000458
4/3/2018 11:00,11.32600021,11.32600021,8.86400032
4/3/2018 12:00,11.39599991,11.39599991,9.145000458
4/3/2018 13:00,11.32600021,11.32600021,9.637999535
4/3/2018 14:00,12.7329998,12.7329998,10.13000011
4/3/2018 15:00,12.94400024,12.94400024,10.69299984
4/3/2018 16:00,13.43599987,13.43599987,13.08500004
4/3/2018 17:00,13.71800041,13.71800041,13.08500004
4/3/2018 18:00,12.23999977,12.23999977,12.23999977
4/3/2018 19:00,12.17000008,12.17000008,11.32600021
4/3/2018 20:00,11.60700035,11.60700035,10.90400028
4/3/2018 21:00,11.32600021,11.32600021,9.848999977
4/3/2018 22:00,10.97399998,10.97399998,9.496999741
4/3/2018 23:00,10.90400028,10.90400028,9.567000389
4/4/2018 0:00,9.918999672,9.918999672,9.496999741
4/4/2018 1:00,8.86400032,8.86400032,9.074999809
4/4/2018 2:00,8.934000015,8.934000015,9.286000252
4/4/2018 3:00,7.809000015,7.809000015,9.567000389
4/4/2018 4:00,6.823999882,6.823999882,9.074999809
4/4/2018 5:00,7.105000019,7.105000019,8.581999779
4/4/2018 6:00,6.612999916,6.612999916,8.159999847
4/4/2018 7:00,5.135000229,5.135000229,8.020000458
4/4/2018 8:00,5.346000195,5.346000195,8.652999878
4/4/2018 9:00,5.065000057,5.065000057,8.512000084
4/4/2018 10:00,5.276000023,5.276000023,9.145000458
4/4/2018 11:00,5.276000023,5.276000023,8.86400032
4/4/2018 12:00,5.065000057,5.065000057,9.145000458
4/4/2018 13:00,4.572999954,4.572999954,9.637999535
4/4/2018 14:00,4.290999889,4.290999889,10.13000011
4/4/2018 15:00,4.43200016,4.43200016,10.69299984
4/4/2018 16:00,4.221000195,4.221000195,13.08500004
4/4/2018 17:00,4.079999924,4.079999924,13.08500004
4/4/2018 18:00,3.799000025,3.799000025,12.23999977
4/4/2018 19:00,3.657999992,3.657999992,11.32600021
4/4/2018 20:00,3.799000025,3.799000025,10.90400028
4/4/2018 21:00,3.799000025,3.799000025,9.848999977
4/4/2018 22:00,3.868999958,3.868999958,9.496999741
4/4/2018 23:00,3.938999891,3.938999891,9.567000389
4/5/2018 0:00,3.657999992,3.657999992,9.496999741
4/5/2018 1:00,3.799000025,3.799000025,9.074999809
4/5/2018 2:00,3.868999958,3.868999958,9.286000252
4/5/2018 3:00,3.799000025,3.799000025,9.567000389
4/5/2018 4:00,4.361999989,4.361999989,9.074999809
4/5/2018 5:00,3.657999992,3.657999992,8.581999779
4/5/2018 6:00,4.221000195,4.221000195,8.159999847
4/5/2018 7:00,3.51699996,3.51699996,8.020000458
4/5/2018 8:00,3.095000029,3.095000029,8.652999878
4/5/2018 9:00,0.421999991,0.421999991,8.512000084
4/5/2018 10:00,0.0,0.0,9.145000458
4/5/2018 11:00,-0.633000016,-0.633000016,8.86400032
4/5/2018 12:00,-0.703000009,-0.703000009,9.145000458
4/5/2018 13:00,0.0,0.0,9.637999535
4/5/2018 14:00,-0.633000016,-0.633000016,10.13000011
4/5/2018 15:00,-0.915000021,-0.915000021,10.69299984
4/5/2018 16:00,0.0,0.0,4.221000195
4/5/2018 17:00,0.563000023,0.563000023,4.079999924
4/5/2018 18:00,1.758999944,1.758999944,3.799000025
4/5/2018 19:00,0.563000023,0.563000023,3.657999992
4/5/2018 20:00,0.0,0.0,3.799000025
4/5/2018 21:00,2.039999962,2.039999962,3.799000025
4/5/2018 22:00,0.492000014,0.492000014,3.868999958
4/5/2018 23:00,1.126000047,1.126000047,3.938999891
4/6/2018 0:00,0.985000014,0.985000014,3.657999992
4/6/2018 1:00,0.0,0.0,3.799000025
4/6/2018 2:00,0.563000023,0.563000023,3.868999958
4/6/2018 3:00,1.970000029,1.970000029,3.799000025
4/6/2018 4:00,2.39199996,2.39199996,4.361999989
4/6/2018 5:00,1.476999998,1.476999998,3.657999992
4/6/2018 6:00,1.337000012,1.337000012,4.221000195
4/6/2018 7:00,1.054999948,1.054999948,3.51699996
4/6/2018 8:00,1.054999948,1.054999948,3.095000029
4/6/2018 9:00,1.337000012,1.337000012,0.421999991
4/6/2018 10:00,1.828999996,1.828999996,0.0
4/6/2018 11:00,3.095000029,3.095000029,-0.633000016
4/6/2018 12:00,4.010000229,4.010000229,-0.703000009
4/6/2018 13:00,4.643000126,4.643000126,0.0
4/6/2018 14:00,4.994999886,4.994999886,-0.633000016
4/6/2018 15:00,4.994999886,4.994999886,-0.915000021
4/6/2018 16:00,5.346000195,5.346000195,4.221000195
4/6/2018 17:00,5.486999989,5.486999989,4.079999924
4/6/2018 18:00,5.346000195,5.346000195,3.799000025
4/6/2018 19:00,5.346000195,5.346000195,3.657999992
4/6/2018 20:00,5.346000195,5.346000195,3.799000025
4/6/2018 21:00,4.221000195,4.221000195,3.799000025
4/6/2018 22:00,5.276000023,5.276000023,3.868999958
4/6/2018 23:00,4.854000092,4.854000092,3.938999891
4/7/2018 0:00,4.501999855,4.501999855,3.657999992
4/7/2018 1:00,4.221000195,4.221000195,3.799000025
4/7/2018 2:00,4.150000095,4.150000095,3.868999958
4/7/2018 3:00,4.221000195,4.221000195,3.799000025
4/7/2018 4:00,4.221000195,4.221000195,4.361999989
4/7/2018 5:00,4.150000095,4.150000095,3.657999992
4/7/2018 6:00,3.727999926,3.727999926,4.221000195
4/7/2018 7:00,4.994999886,4.994999886,3.51699996
4/7/2018 8:00,4.221000195,4.221000195,3.095000029
4/7/2018 9:00,3.727999926,3.727999926,0.421999991
4/7/2018 10:00,5.346000195,5.346000195,0.0
4/7/2018 11:00,3.305999994,3.305999994,-0.633000016
4/7/2018 12:00,3.236000061,3.236000061,-0.703000009
4/7/2018 13:00,3.51699996,3.51699996,0.0
4/7/2018 14:00,4.501999855,4.501999855,-0.633000016
4/7/2018 15:00,4.994999886,4.994999886,-0.915000021
4/7/2018 16:00,5.276000023,5.276000023,4.221000195
4/7/2018 17:00,5.768000126,5.768000126,4.079999924
4/7/2018 18:00,6.050000191,6.050000191,3.799000025
4/7/2018 19:00,5.697999954,5.697999954,3.657999992
4/7/2018 20:00,5.346000195,5.346000195,3.799000025
4/7/2018 21:00,4.923999786,4.923999786,3.799000025
4/7/2018 22:00,4.854000092,4.854000092,3.868999958
4/7/2018 23:00,5.065000057,5.065000057,3.938999891
4/8/2018 0:00,4.572999954,4.572999954,3.657999992
4/8/2018 1:00,4.712999821,4.712999821,3.799000025
4/8/2018 2:00,4.501999855,4.501999855,3.868999958
4/8/2018 3:00,4.501999855,4.501999855,3.799000025
4/8/2018 4:00,4.501999855,4.501999855,4.361999989
4/8/2018 5:00,4.643000126,4.643000126,3.657999992
4/8/2018 6:00,4.572999954,4.572999954,4.221000195
4/8/2018 7:00,5.697999954,5.697999954,3.51699996
4/8/2018 8:00,5.768000126,5.768000126,3.095000029
4/8/2018 9:00,5.627999783,5.627999783,0.421999991
4/8/2018 10:00,5.416999817,5.416999817,0.0
4/8/2018 11:00,5.697999954,5.697999954,-0.633000016
4/8/2018 12:00,5.627999783,5.627999783,-0.703000009
4/8/2018 13:00,6.261000156,6.261000156,0.0
4/8/2018 14:00,7.105000019,7.105000019,-0.633000016
4/8/2018 15:00,7.668000221,7.668000221,-0.915000021
4/8/2018 16:00,7.809000015,7.809000015,4.221000195
4/8/2018 17:00,7.879000187,7.879000187,4.079999924
4/8/2018 18:00,7.597000122,7.597000122,3.799000025
4/8/2018 19:00,8.230999947,8.230999947,3.657999992
4/8/2018 20:00,8.300999641,8.300999641,3.799000025
4/8/2018 21:00,7.879000187,7.879000187,3.799000025
4/8/2018 22:00,7.737999916,7.737999916,3.868999958
4/8/2018 23:00,7.245999813,7.245999813,3.938999891
4/9/2018 0:00,7.386000156,7.386000156,3.657999992
4/9/2018 1:00,7.668000221,7.668000221,3.799000025
4/9/2018 2:00,7.737999916,7.737999916,3.868999958
4/9/2018 3:00,7.456999779,7.456999779,3.799000025
4/9/2018 4:00,7.456999779,7.456999779,4.361999989
4/9/2018 5:00,7.245999813,7.245999813,3.657999992
4/9/2018 6:00,6.894000053,6.894000053,4.221000195
4/9/2018 7:00,8.020000458,8.020000458,3.51699996
4/9/2018 8:00,8.652999878,8.652999878,3.095000029
4/9/2018 9:00,9.425999641,9.425999641,0.421999991
4/9/2018 10:00,10.55200005,10.55200005,0.0
4/9/2018 11:00,9.777999878,9.777999878,-0.633000016
4/9/2018 12:00,9.286000252,9.286000252,-0.703000009
4/9/2018 13:00,9.98900032,9.98900032,0.0
4/9/2018 14:00,11.32600021,11.32600021,-0.633000016
4/9/2018 15:00,10.90400028,10.90400028,-0.915000021
4/9/2018 16:00,12.10000038,12.10000038,4.221000195
4/9/2018 17:00,12.45100021,12.45100021,4.079999924
4/9/2018 18:00,12.02900028,12.02900028,3.799000025
4/9/2018 19:00,10.48200035,10.48200035,3.657999992
4/9/2018 20:00,9.918999672,9.918999672,3.799000025
4/9/2018 21:00,9.708000183,9.708000183,3.799000025
4/9/2018 22:00,9.496999741,9.496999741,3.868999958
4/9/2018 23:00,9.215000153,9.215000153,3.938999891
4/10/2018 0:00,8.86400032,8.86400032,3.657999992
4/10/2018 1:00,8.722999573,8.722999573,3.799000025
4/10/2018 2:00,8.652999878,8.652999878,3.868999958
4/10/2018 3:00,8.722999573,8.722999573,3.799000025
4/10/2018 4:00,8.442000389,8.442000389,4.361999989
4/10/2018 5:00,8.581999779,8.581999779,3.657999992
4/10/2018 6:00,8.652999878,8.652999878,4.221000195
4/10/2018 7:00,9.215000153,9.215000153,3.51699996
4/10/2018 8:00,9.918999672,9.918999672,3.095000029
4/10/2018 9:00,10.48200035,10.48200035,0.421999991
4/10/2018 10:00,9.215000153,9.215000153,0.0
4/10/2018 11:00,9.567000389,9.567000389,-0.633000016
4/10/2018 12:00,8.934000015,8.934000015,-0.703000009
4/10/2018 13:00,9.425999641,9.425999641,0.0
4/10/2018 14:00,10.55200005,10.55200005,-0.633000016
4/10/2018 15:00,10.62199974,10.62199974,-0.915000021
4/10/2018 16:00,11.18500042,11.18500042,4.221000195
4/10/2018 17:00,10.90400028,10.90400028,4.079999924
4/10/2018 18:00,12.02900028,12.02900028,3.799000025
4/10/2018 19:00,11.60700035,11.60700035,3.657999992
4/10/2018 20:00,11.18500042,11.18500042,3.799000025
4/10/2018 21:00,11.04399967,11.04399967,3.799000025
4/10/2018 22:00,10.55200005,10.55200005,3.868999958
4/10/2018 23:00,11.04399967,11.04399967,3.938999891
4/11/2018 0:00,10.3409996,10.3409996,3.657999992
4/11/2018 1:00,10.48200035,10.48200035,3.799000025
4/11/2018 2:00,10.55200005,10.55200005,3.868999958
4/11/2018 3:00,10.41100025,10.41100025,3.799000025
4/11/2018 4:00,10.55200005,10.55200005,4.361999989
4/11/2018 5:00,10.55200005,10.55200005,3.657999992
4/11/2018 6:00,9.777999878,9.777999878,4.221000195
4/11/2018 7:00,9.918999672,9.918999672,3.51699996
4/11/2018 8:00,9.918999672,9.918999672,3.095000029
4/11/2018 9:00,9.708000183,9.708000183,0.421999991
4/11/2018 10:00,10.3409996,10.3409996,0.0
4/11/2018 11:00,10.13000011,10.13000011,-0.633000016
4/11/2018 12:00,10.27099991,10.27099991,-0.703000009
4/11/2018 13:00,10.3409996,10.3409996,0.0
4/11/2018 14:00,10.97399998,10.97399998,-0.633000016
4/11/2018 15:00,10.97399998,10.97399998,-0.915000021
4/11/2018 16:00,10.76299953,10.76299953,4.221000195
4/11/2018 17:00,9.777999878,9.777999878,4.079999924
4/11/2018 18:00,9.425999641,9.425999641,3.799000025
4/11/2018 19:00,8.722999573,8.722999573,3.657999992
4/11/2018 20:00,7.879000187,7.879000187,3.799000025
4/11/2018 21:00,7.668000221,7.668000221,3.799000025
4/11/2018 22:00,7.386000156,7.386000156,3.868999958
4/11/2018 23:00,6.964000225,6.964000225,3.938999891
4/12/2018 0:00,6.964000225,6.964000225,3.657999992
4/12/2018 1:00,6.612999916,6.612999916,3.799000025
4/12/2018 2:00,6.612999916,6.612999916,3.868999958
4/12/2018 3:00,6.050000191,6.050000191,3.799000025
4/12/2018 4:00,6.40199995,6.40199995,4.361999989
4/12/2018 5:00,5.90899992,5.90899992,3.657999992
4/12/2018 6:00,5.768000126,5.768000126,4.221000195
4/12/2018 7:00,5.627999783,5.627999783,3.51699996
4/12/2018 8:00,5.90899992,5.90899992,3.095000029
4/12/2018 9:00,5.90899992,5.90899992,0.421999991
4/12/2018 10:00,5.979000092,5.979000092,0.0
4/12/2018 11:00,6.330999851,6.330999851,-0.633000016
4/12/2018 12:00,6.472000122,6.472000122,-0.703000009
4/12/2018 13:00,6.050000191,6.050000191,0.0
4/12/2018 14:00,6.541999817,6.541999817,-0.633000016
4/12/2018 15:00,6.472000122,6.472000122,-0.915000021
4/12/2018 16:00,6.330999851,6.330999851,10.76299953
4/12/2018 17:00,5.768000126,5.768000126,9.777999878
4/12/2018 18:00,5.627999783,5.627999783,9.425999641
4/12/2018 19:00,5.346000195,5.346000195,8.722999573
4/12/2018 20:00,4.854000092,4.854000092,7.879000187
4/12/2018 21:00,5.135000229,5.135000229,7.668000221
4/12/2018 22:00,4.994999886,4.994999886,7.386000156
4/12/2018 23:00,4.643000126,4.643000126,6.964000225
4/13/2018 0:00,4.994999886,4.994999886,6.964000225
4/13/2018 1:00,4.923999786,4.923999786,6.612999916
4/13/2018 2:00,4.78399992,4.78399992,6.612999916
4/13/2018 3:00,4.854000092,4.854000092,6.050000191
4/13/2018 4:00,4.854000092,4.854000092,6.40199995
4/13/2018 5:00,4.78399992,4.78399992,5.90899992
4/13/2018 6:00,4.712999821,4.712999821,5.768000126
4/13/2018 7:00,4.572999954,4.572999954,5.627999783
4/13/2018 8:00,4.290999889,4.290999889,5.90899992
4/13/2018 9:00,4.290999889,4.290999889,5.90899992
4/13/2018 10:00,4.361999989,4.361999989,5.979000092
4/13/2018 11:00,4.572999954,4.572999954,6.330999851
4/13/2018 12:00,5.065000057,5.065000057,6.472000122
4/13/2018 13:00,4.643000126,4.643000126,6.050000191
4/13/2018 14:00,4.854000092,4.854000092,6.541999817
4/13/2018 15:00,5.276000023,5.276000023,6.472000122
4/13/2018 16:00,4.854000092,4.854000092,10.76299953
4/13/2018 17:00,5.839000225,5.839000225,9.777999878
4/13/2018 18:00,4.572999954,4.572999954,9.425999641
4/13/2018 19:00,3.095000029,3.095000029,8.722999573
4/13/2018 20:00,3.799000025,3.799000025,7.879000187
4/13/2018 21:00,4.854000092,4.854000092,7.668000221
4/13/2018 22:00,3.095000029,3.095000029,7.386000156
4/13/2018 23:00,3.588000059,3.588000059,6.964000225
4/14/2018 0:00,4.290999889,4.290999889,6.964000225
4/14/2018 1:00,4.361999989,4.361999989,6.612999916
4/14/2018 2:00,4.150000095,4.150000095,6.612999916
4/14/2018 3:00,4.643000126,4.643000126,6.050000191
4/14/2018 4:00,5.205999851,5.205999851,6.40199995
4/14/2018 5:00,4.854000092,4.854000092,5.90899992
4/14/2018 6:00,5.205999851,5.205999851,5.768000126
4/14/2018 7:00,4.854000092,4.854000092,5.627999783
4/14/2018 8:00,4.923999786,4.923999786,5.90899992
4/14/2018 9:00,3.447000027,3.447000027,5.90899992
4/14/2018 10:00,4.361999989,4.361999989,5.979000092
4/14/2018 11:00,3.799000025,3.799000025,6.330999851
4/14/2018 12:00,3.799000025,3.799000025,6.472000122
4/14/2018 13:00,3.938999891,3.938999891,6.050000191
4/14/2018 14:00,4.010000229,4.010000229,6.541999817
4/14/2018 15:00,4.43200016,4.43200016,6.472000122
4/14/2018 16:00,5.346000195,5.346000195,10.76299953
4/14/2018 17:00,5.205999851,5.205999851,9.777999878
4/14/2018 18:00,5.416999817,5.416999817,9.425999641
4/14/2018 19:00,5.065000057,5.065000057,8.722999573
4/14/2018 20:00,4.923999786,4.923999786,7.879000187
4/14/2018 21:00,3.868999958,3.868999958,7.668000221
4/14/2018 22:00,4.361999989,4.361999989,7.386000156
4/14/2018 23:00,4.501999855,4.501999855,6.964000225
4/15/2018 0:00,4.854000092,4.854000092,6.964000225
4/15/2018 1:00,5.346000195,5.346000195,6.612999916
4/15/2018 2:00,4.643000126,4.643000126,6.612999916
4/15/2018 3:00,4.854000092,4.854000092,6.050000191
4/15/2018 4:00,5.135000229,5.135000229,6.40199995
4/15/2018 5:00,5.276000023,5.276000023,5.90899992
4/15/2018 6:00,5.135000229,5.135000229,5.768000126
4/15/2018 7:00,5.768000126,5.768000126,5.627999783
4/15/2018 8:00,4.854000092,4.854000092,5.90899992
4/15/2018 9:00,5.979000092,5.979000092,5.90899992
4/15/2018 10:00,6.261000156,6.261000156,5.979000092
4/15/2018 11:00,6.190999985,6.190999985,6.330999851
4/15/2018 12:00,6.612999916,6.612999916,6.472000122
4/15/2018 13:00,6.823999882,6.823999882,6.050000191
4/15/2018 14:00,8.300999641,8.300999641,6.541999817
4/15/2018 15:00,8.722999573,8.722999573,6.472000122
4/15/2018 16:00,9.425999641,9.425999641,10.76299953
4/15/2018 17:00,9.355999947,9.355999947,9.777999878
4/15/2018 18:00,8.722999573,8.722999573,9.425999641
4/15/2018 19:00,7.809000015,7.809000015,8.722999573
4/15/2018 20:00,6.964000225,6.964000225,7.879000187
4/15/2018 21:00,6.261000156,6.261000156,7.668000221
4/15/2018 22:00,6.050000191,6.050000191,7.386000156
4/15/2018 23:00,6.050000191,6.050000191,6.964000225
4/16/2018 0:00,6.823999882,6.823999882,6.964000225
4/16/2018 1:00,6.472000122,6.472000122,6.612999916
4/16/2018 2:00,6.612999916,6.612999916,6.612999916
4/16/2018 3:00,6.541999817,6.541999817,6.050000191
4/16/2018 4:00,6.40199995,6.40199995,6.40199995
4/16/2018 5:00,5.90899992,5.90899992,5.90899992
4/16/2018 6:00,6.190999985,6.190999985,5.768000126
4/16/2018 7:00,6.330999851,6.330999851,5.627999783
4/16/2018 8:00,6.541999817,6.541999817,5.90899992
4/16/2018 9:00,6.683000088,6.683000088,5.90899992
4/16/2018 10:00,6.964000225,6.964000225,5.979000092
4/16/2018 11:00,7.315999985,7.315999985,6.330999851
4/16/2018 12:00,6.964000225,6.964000225,6.472000122
4/16/2018 13:00,7.245999813,7.245999813,6.050000191
4/16/2018 14:00,8.020000458,8.020000458,6.541999817
4/16/2018 15:00,8.652999878,8.652999878,6.472000122
4/16/2018 16:00,9.00399971,9.00399971,10.76299953
4/16/2018 17:00,8.512000084,8.512000084,9.777999878
4/16/2018 18:00,7.737999916,7.737999916,9.425999641
4/16/2018 19:00,7.668000221,7.668000221,8.722999573
4/16/2018 20:00,6.894000053,6.894000053,7.879000187
4/16/2018 21:00,6.823999882,6.823999882,7.668000221
4/16/2018 22:00,6.894000053,6.894000053,7.386000156
4/16/2018 23:00,6.190999985,6.190999985,6.964000225
4/17/2018 0:00,5.90899992,5.90899992,6.964000225
4/17/2018 1:00,6.261000156,6.261000156,6.612999916
4/17/2018 2:00,6.261000156,6.261000156,6.612999916
4/17/2018 3:00,5.90899992,5.90899992,6.050000191
4/17/2018 4:00,6.261000156,6.261000156,6.40199995
4/17/2018 5:00,5.768000126,5.768000126,5.90899992
4/17/2018 6:00,5.768000126,5.768000126,5.768000126
4/17/2018 7:00,6.683000088,6.683000088,5.627999783
4/17/2018 8:00,7.245999813,7.245999813,5.90899992
4/17/2018 9:00,8.159999847,8.159999847,5.90899992
4/17/2018 10:00,8.86400032,8.86400032,5.979000092
4/17/2018 11:00,7.879000187,7.879000187,6.330999851
4/17/2018 12:00,8.090000153,8.090000153,6.472000122
4/17/2018 13:00,8.934000015,8.934000015,6.050000191
4/17/2018 14:00,9.567000389,9.567000389,6.541999817
4/17/2018 15:00,10.27099991,10.27099991,6.472000122
4/17/2018 16:00,10.90400028,10.90400028,10.76299953
4/17/2018 17:00,10.90400028,10.90400028,9.777999878
4/17/2018 18:00,10.62199974,10.62199974,9.425999641
4/17/2018 19:00,8.934000015,8.934000015,8.722999573
4/17/2018 20:00,8.090000153,8.090000153,7.879000187
4/17/2018 21:00,8.159999847,8.159999847,7.668000221
4/17/2018 22:00,7.948999882,7.948999882,7.386000156
4/17/2018 23:00,7.668000221,7.668000221,6.964000225
4/18/2018 0:00,7.456999779,7.456999779,6.964000225
4/18/2018 1:00,7.245999813,7.245999813,6.612999916
4/18/2018 2:00,7.386000156,7.386000156,6.612999916
4/18/2018 3:00,7.245999813,7.245999813,6.050000191
4/18/2018 4:00,7.245999813,7.245999813,6.40199995
4/18/2018 5:00,7.245999813,7.245999813,5.90899992
4/18/2018 6:00,6.964000225,6.964000225,5.768000126
4/18/2018 7:00,7.737999916,7.737999916,5.627999783
4/18/2018 8:00,9.145000458,9.145000458,5.90899992
4/18/2018 9:00,8.722999573,8.722999573,5.90899992
4/18/2018 10:00,9.637999535,9.637999535,5.979000092
4/18/2018 11:00,9.215000153,9.215000153,6.330999851
4/18/2018 12:00,9.286000252,9.286000252,6.472000122
4/18/2018 13:00,9.98900032,9.98900032,6.050000191
4/18/2018 14:00,11.18500042,11.18500042,6.541999817
4/18/2018 15:00,11.5369997,11.5369997,6.472000122
4/18/2018 16:00,12.31099987,12.31099987,10.76299953
4/18/2018 17:00,12.6619997,12.6619997,9.777999878
4/18/2018 18:00,11.81799984,11.81799984,9.425999641
4/18/2018 19:00,10.13000011,10.13000011,8.722999573
4/18/2018 20:00,9.98900032,9.98900032,7.879000187
4/18/2018 21:00,9.355999947,9.355999947,7.668000221
4/18/2018 22:00,9.00399971,9.00399971,7.386000156
4/18/2018 23:00,8.934000015,8.934000015,6.964000225
4/19/2018 0:00,8.512000084,8.512000084,6.964000225
4/19/2018 1:00,8.442000389,8.442000389,6.612999916
4/19/2018 2:00,8.37100029,8.37100029,6.612999916
4/19/2018 3:00,8.230999947,8.230999947,6.050000191
4/19/2018 4:00,8.020000458,8.020000458,6.40199995
4/19/2018 5:00,8.020000458,8.020000458,5.90899992
4/19/2018 6:00,7.52699995,7.52699995,5.768000126
4/19/2018 7:00,8.090000153,8.090000153,5.627999783
4/19/2018 8:00,9.074999809,9.074999809,5.90899992
4/19/2018 9:00,9.286000252,9.286000252,5.90899992
4/19/2018 10:00,9.918999672,9.918999672,5.979000092
4/19/2018 11:00,9.777999878,9.777999878,6.330999851
4/19/2018 12:00,10.27099991,10.27099991,6.472000122
4/19/2018 13:00,11.04399967,11.04399967,6.050000191
4/19/2018 14:00,11.88899994,11.88899994,6.541999817
4/19/2018 15:00,12.59200001,12.59200001,6.472000122
4/19/2018 16:00,12.52200031,12.52200031,12.31099987
4/19/2018 17:00,12.17000008,12.17000008,12.6619997
4/19/2018 18:00,11.60700035,11.60700035,11.81799984
4/19/2018 19:00,10.41100025,10.41100025,10.13000011
4/19/2018 20:00,9.848999977,9.848999977,9.98900032
4/19/2018 21:00,9.355999947,9.355999947,9.355999947
4/19/2018 22:00,8.934000015,8.934000015,9.00399971
4/19/2018 23:00,8.512000084,8.512000084,8.934000015
4/20/2018 0:00,8.512000084,8.512000084,8.512000084
4/20/2018 1:00,8.652999878,8.652999878,8.442000389
4/20/2018 2:00,8.793000221,8.793000221,8.37100029
4/20/2018 3:00,8.37100029,8.37100029,8.230999947
4/20/2018 4:00,8.300999641,8.300999641,8.020000458
4/20/2018 5:00,8.090000153,8.090000153,8.020000458
4/20/2018 6:00,8.37100029,8.37100029,7.52699995
4/20/2018 7:00,9.145000458,9.145000458,8.090000153
4/20/2018 8:00,9.00399971,9.00399971,9.074999809
4/20/2018 9:00,8.86400032,8.86400032,9.286000252
4/20/2018 10:00,9.496999741,9.496999741,9.918999672
4/20/2018 11:00,9.98900032,9.98900032,9.777999878
4/20/2018 12:00,10.3409996,10.3409996,10.27099991
4/20/2018 13:00,11.74800014,11.74800014,11.04399967
4/20/2018 14:00,12.38099957,12.38099957,11.88899994
4/20/2018 15:00,12.94400024,12.94400024,12.59200001
4/20/2018 16:00,13.43599987,13.43599987,12.31099987
4/20/2018 17:00,12.8739996,12.8739996,12.6619997
4/20/2018 18:00,12.23999977,12.23999977,11.81799984
4/20/2018 19:00,11.74800014,11.74800014,10.13000011
4/20/2018 20:00,11.25599957,11.25599957,9.98900032
4/20/2018 21:00,11.88899994,11.88899994,9.355999947
4/20/2018 22:00,11.04399967,11.04399967,9.00399971
4/20/2018 23:00,10.90400028,10.90400028,8.934000015
4/21/2018 0:00,10.97399998,10.97399998,8.512000084
4/21/2018 1:00,10.90400028,10.90400028,8.442000389
4/21/2018 2:00,11.32600021,11.32600021,8.37100029
4/21/2018 3:00,10.3409996,10.3409996,8.230999947
4/21/2018 4:00,9.567000389,9.567000389,8.020000458
4/21/2018 5:00,10.27099991,10.27099991,8.020000458
4/21/2018 6:00,10.3409996,10.3409996,7.52699995
4/21/2018 7:00,10.3409996,10.3409996,8.090000153
4/21/2018 8:00,10.06000042,10.06000042,9.074999809
4/21/2018 9:00,10.62199974,10.62199974,9.286000252
4/21/2018 10:00,10.76299953,10.76299953,9.918999672
4/21/2018 11:00,10.48200035,10.48200035,9.777999878
4/21/2018 12:00,11.25599957,11.25599957,10.27099991
4/21/2018 13:00,11.25599957,11.25599957,11.04399967
4/21/2018 14:00,9.777999878,9.777999878,11.88899994
4/21/2018 15:00,10.27099991,10.27099991,12.59200001
4/21/2018 16:00,9.848999977,9.848999977,12.31099987
4/21/2018 17:00,9.567000389,9.567000389,12.6619997
4/21/2018 18:00,9.425999641,9.425999641,11.81799984
4/21/2018 19:00,9.355999947,9.355999947,10.13000011
4/21/2018 20:00,9.496999741,9.496999741,9.98900032
4/21/2018 21:00,9.00399971,9.00399971,9.355999947
4/21/2018 22:00,9.215000153,9.215000153,9.00399971
4/21/2018 23:00,9.145000458,9.145000458,8.934000015
4/22/2018 0:00,9.567000389,9.567000389,8.512000084
4/22/2018 1:00,9.708000183,9.708000183,8.442000389
4/22/2018 2:00,9.637999535,9.637999535,8.37100029
4/22/2018 3:00,9.708000183,9.708000183,8.230999947
4/22/2018 4:00,7.034999847,7.034999847,8.020000458
4/22/2018 5:00,8.652999878,8.652999878,8.020000458
4/22/2018 6:00,9.355999947,9.355999947,7.52699995
4/22/2018 7:00,8.512000084,8.512000084,8.090000153
4/22/2018 8:00,9.98900032,9.98900032,9.074999809
4/22/2018 9:00,10.3409996,10.3409996,9.286000252
4/22/2018 10:00,9.918999672,9.918999672,9.918999672
4/22/2018 11:00,9.425999641,9.425999641,9.777999878
4/22/2018 12:00,9.637999535,9.637999535,10.27099991
4/22/2018 13:00,9.496999741,9.496999741,11.04399967
4/22/2018 14:00,9.355999947,9.355999947,11.88899994
4/22/2018 15:00,9.918999672,9.918999672,12.59200001
4/22/2018 16:00,10.06000042,10.06000042,12.31099987
4/22/2018 17:00,10.27099991,10.27099991,12.6619997
4/22/2018 18:00,10.06000042,10.06000042,11.81799984
4/22/2018 19:00,9.98900032,9.98900032,10.13000011
4/22/2018 20:00,8.37100029,8.37100029,9.98900032
4/22/2018 21:00,8.442000389,8.442000389,9.355999947
4/22/2018 22:00,7.737999916,7.737999916,9.00399971
4/22/2018 23:00,7.105000019,7.105000019,8.934000015
4/23/2018 0:00,6.752999783,6.752999783,8.512000084
4/23/2018 1:00,6.40199995,6.40199995,8.442000389
4/23/2018 2:00,5.839000225,5.839000225,8.37100029
4/23/2018 3:00,5.90899992,5.90899992,8.230999947
4/23/2018 4:00,5.416999817,5.416999817,8.020000458
4/23/2018 5:00,4.994999886,4.994999886,8.020000458
4/23/2018 6:00,5.135000229,5.135000229,7.52699995
4/23/2018 7:00,4.643000126,4.643000126,8.090000153
4/23/2018 8:00,4.361999989,4.361999989,9.074999809
4/23/2018 9:00,4.290999889,4.290999889,9.286000252
4/23/2018 10:00,3.657999992,3.657999992,9.918999672
4/23/2018 11:00,3.165999889,3.165999889,9.777999878
4/23/2018 12:00,3.51699996,3.51699996,10.27099991
4/23/2018 13:00,3.236000061,3.236000061,11.04399967
4/23/2018 14:00,3.236000061,3.236000061,11.88899994
4/23/2018 15:00,3.727999926,3.727999926,12.59200001
4/23/2018 16:00,5.205999851,5.205999851,12.31099987
4/23/2018 17:00,5.697999954,5.697999954,12.6619997
4/23/2018 18:00,5.205999851,5.205999851,11.81799984
4/23/2018 19:00,5.55700016,5.55700016,10.13000011
4/23/2018 20:00,4.643000126,4.643000126,9.98900032
4/23/2018 21:00,5.486999989,5.486999989,9.355999947
4/23/2018 22:00,6.050000191,6.050000191,9.00399971
4/23/2018 23:00,5.135000229,5.135000229,8.934000015
4/24/2018 0:00,6.261000156,6.261000156,8.512000084
4/24/2018 1:00,6.40199995,6.40199995,8.442000389
4/24/2018 2:00,6.612999916,6.612999916,8.37100029
4/24/2018 3:00,6.261000156,6.261000156,8.230999947
4/24/2018 4:00,6.683000088,6.683000088,8.020000458
4/24/2018 5:00,6.330999851,6.330999851,8.020000458
4/24/2018 6:00,6.752999783,6.752999783,7.52699995
4/24/2018 7:00,6.541999817,6.541999817,8.090000153
4/24/2018 8:00,6.261000156,6.261000156,9.074999809
4/24/2018 9:00,6.964000225,6.964000225,9.286000252
4/24/2018 10:00,6.472000122,6.472000122,9.918999672
4/24/2018 11:00,7.105000019,7.105000019,9.777999878
4/24/2018 12:00,7.175000191,7.175000191,10.27099991
4/24/2018 13:00,8.020000458,8.020000458,11.04399967
4/24/2018 14:00,8.159999847,8.159999847,11.88899994
4/24/2018 15:00,8.652999878,8.652999878,12.59200001
4/24/2018 16:00,8.230999947,8.230999947,12.31099987
4/24/2018 17:00,7.668000221,7.668000221,12.6619997
4/24/2018 18:00,8.442000389,8.442000389,11.81799984
4/24/2018 19:00,7.948999882,7.948999882,10.13000011
4/24/2018 20:00,7.809000015,7.809000015,9.98900032
4/24/2018 21:00,7.737999916,7.737999916,9.355999947
4/24/2018 22:00,7.386000156,7.386000156,9.00399971
4/24/2018 23:00,7.668000221,7.668000221,8.934000015
4/25/2018 0:00,7.456999779,7.456999779,8.512000084
4/25/2018 1:00,7.315999985,7.315999985,8.442000389
4/25/2018 2:00,7.809000015,7.809000015,8.37100029
4/25/2018 3:00,7.52699995,7.52699995,8.230999947
4/25/2018 4:00,6.541999817,6.541999817,8.020000458
4/25/2018 5:00,7.034999847,7.034999847,8.020000458
4/25/2018 6:00,7.879000187,7.879000187,7.52699995
4/25/2018 7:00,9.074999809,9.074999809,8.090000153
4/25/2018 8:00,8.020000458,8.020000458,9.074999809
4/25/2018 9:00,8.512000084,8.512000084,9.286000252
4/25/2018 10:00,9.496999741,9.496999741,9.918999672
4/25/2018 11:00,9.145000458,9.145000458,9.777999878
4/25/2018 12:00,9.567000389,9.567000389,10.27099991
4/25/2018 13:00,8.86400032,8.86400032,11.04399967
4/25/2018 14:00,9.848999977,9.848999977,11.88899994
4/25/2018 15:00,10.19999981,10.19999981,12.59200001
4/25/2018 16:00,9.98900032,9.98900032,12.31099987
4/25/2018 17:00,10.55200005,10.55200005,12.6619997
4/25/2018 18:00,10.27099991,10.27099991,11.81799984
4/25/2018 19:00,9.425999641,9.425999641,10.13000011
4/25/2018 20:00,8.512000084,8.512000084,9.98900032
4/25/2018 21:00,9.074999809,9.074999809,9.355999947
4/25/2018 22:00,8.934000015,8.934000015,9.00399971
4/25/2018 23:00,8.512000084,8.512000084,8.934000015
4/26/2018 0:00,8.722999573,8.722999573,8.512000084
4/26/2018 1:00,8.512000084,8.512000084,8.442000389
4/26/2018 2:00,9.215000153,9.215000153,8.37100029
4/26/2018 3:00,9.425999641,9.425999641,8.230999947
4/26/2018 4:00,9.355999947,9.355999947,8.020000458
4/26/2018 5:00,9.567000389,9.567000389,8.020000458
4/26/2018 6:00,9.074999809,9.074999809,7.52699995
4/26/2018 7:00,9.848999977,9.848999977,8.090000153
4/26/2018 8:00,10.27099991,10.27099991,9.074999809
4/26/2018 9:00,9.848999977,9.848999977,9.286000252
4/26/2018 10:00,9.98900032,9.98900032,9.918999672
4/26/2018 11:00,10.69299984,10.69299984,9.777999878
4/26/2018 12:00,10.83300018,10.83300018,10.27099991
4/26/2018 13:00,10.62199974,10.62199974,11.04399967
4/26/2018 14:00,11.11499977,11.11499977,11.88899994
4/26/2018 15:00,10.48200035,10.48200035,12.59200001
4/26/2018 16:00,11.60700035,11.60700035,9.98900032
4/26/2018 17:00,11.32600021,11.32600021,10.55200005
4/26/2018 18:00,10.06000042,10.06000042,10.27099991
4/26/2018 19:00,10.3409996,10.3409996,9.425999641
4/26/2018 20:00,9.777999878,9.777999878,8.512000084
4/26/2018 21:00,10.13000011,10.13000011,9.074999809
4/26/2018 22:00,10.48200035,10.48200035,8.934000015
4/26/2018 23:00,9.848999977,9.848999977,8.512000084
4/27/2018 0:00,9.777999878,9.777999878,8.722999573
4/27/2018 1:00,9.918999672,9.918999672,8.512000084
4/27/2018 2:00,9.918999672,9.918999672,9.215000153
4/27/2018 3:00,9.425999641,9.425999641,9.425999641
4/27/2018 4:00,9.496999741,9.496999741,9.355999947
4/27/2018 5:00,9.637999535,9.637999535,9.567000389
4/27/2018 6:00,9.777999878,9.777999878,9.074999809
4/27/2018 7:00,10.3409996,10.3409996,9.848999977
4/27/2018 8:00,11.18500042,11.18500042,10.27099991
4/27/2018 9:00,11.25599957,11.25599957,9.848999977
4/27/2018 10:00,11.67800045,11.67800045,9.98900032
4/27/2018 11:00,11.32600021,11.32600021,10.69299984
4/27/2018 12:00,11.60700035,11.60700035,10.83300018
4/27/2018 13:00,12.7329998,12.7329998,10.62199974
4/27/2018 14:00,13.08500004,13.08500004,11.11499977
4/27/2018 15:00,13.9989996,13.9989996,10.48200035
4/27/2018 16:00,14.21000004,14.21000004,9.98900032
4/27/2018 17:00,13.9989996,13.9989996,10.55200005
4/27/2018 18:00,13.71800041,13.71800041,10.27099991
4/27/2018 19:00,12.45100021,12.45100021,9.425999641
4/27/2018 20:00,11.67800045,11.67800045,8.512000084
4/27/2018 21:00,11.32600021,11.32600021,9.074999809
4/27/2018 22:00,11.04399967,11.04399967,8.934000015
4/27/2018 23:00,10.97399998,10.97399998,8.512000084
4/28/2018 0:00,10.83300018,10.83300018,8.722999573
4/28/2018 1:00,10.69299984,10.69299984,8.512000084
4/28/2018 2:00,10.97399998,10.97399998,9.215000153
4/28/2018 3:00,9.567000389,9.567000389,9.425999641
4/28/2018 4:00,9.567000389,9.567000389,9.355999947
4/28/2018 5:00,9.496999741,9.496999741,9.567000389
4/28/2018 6:00,9.496999741,9.496999741,9.074999809
4/28/2018 7:00,9.637999535,9.637999535,9.848999977
4/28/2018 8:00,10.19999981,10.19999981,10.27099991
4/28/2018 9:00,10.06000042,10.06000042,9.848999977
4/28/2018 10:00,10.83300018,10.83300018,9.98900032
4/28/2018 11:00,10.83300018,10.83300018,10.69299984
4/28/2018 12:00,11.32600021,11.32600021,10.83300018
4/28/2018 13:00,11.81799984,11.81799984,10.62199974
4/28/2018 14:00,12.80300045,12.80300045,11.11499977
4/28/2018 15:00,13.22500038,13.22500038,10.48200035
4/28/2018 16:00,13.9289999,13.9289999,9.98900032
4/28/2018 17:00,13.08500004,13.08500004,10.55200005
4/28/2018 18:00,12.59200001,12.59200001,10.27099991
4/28/2018 19:00,11.81799984,11.81799984,9.425999641
4/28/2018 20:00,11.5369997,11.5369997,8.512000084
4/28/2018 21:00,11.11499977,11.11499977,9.074999809
4/28/2018 22:00,10.83300018,10.83300018,8.934000015
4/28/2018 23:00,10.69299984,10.69299984,8.512000084
4/29/2018 0:00,10.90400028,10.90400028,8.722999573
4/29/2018 1:00,11.60700035,11.60700035,8.512000084
4/29/2018 2:00,11.60700035,11.60700035,9.215000153
4/29/2018 3:00,11.18500042,11.18500042,9.425999641
4/29/2018 4:00,11.74800014,11.74800014,9.355999947
4/29/2018 5:00,11.60700035,11.60700035,9.567000389
4/29/2018 6:00,11.32600021,11.32600021,9.074999809
4/29/2018 7:00,11.95899963,11.95899963,9.848999977
4/29/2018 8:00,12.59200001,12.59200001,10.27099991
4/29/2018 9:00,12.6619997,12.6619997,9.848999977
4/29/2018 10:00,12.59200001,12.59200001,9.98900032
4/29/2018 11:00,12.02900028,12.02900028,10.69299984
4/29/2018 12:00,12.52200031,12.52200031,10.83300018
4/29/2018 13:00,11.95899963,11.95899963,10.62199974
4/29/2018 14:00,12.80300045,12.80300045,11.11499977
4/29/2018 15:00,12.6619997,12.6619997,10.48200035
4/29/2018 16:00,12.45100021,12.45100021,9.98900032
4/29/2018 17:00,13.29599953,13.29599953,10.55200005
4/29/2018 18:00,12.94400024,12.94400024,10.27099991
4/29/2018 19:00,12.7329998,12.7329998,9.425999641
4/29/2018 20:00,12.6619997,12.6619997,8.512000084
4/29/2018 21:00,12.45100021,12.45100021,9.074999809
4/29/2018 22:00,12.52200031,12.52200031,8.934000015
4/29/2018 23:00,12.38099957,12.38099957,8.512000084
4/30/2018 0:00,12.7329998,12.7329998,8.722999573
4/30/2018 1:00,12.52200031,12.52200031,8.512000084
4/30/2018 2:00,12.10000038,12.10000038,9.215000153
4/30/2018 3:00,11.67800045,11.67800045,9.425999641
4/30/2018 4:00,11.88899994,11.88899994,9.355999947
4/30/2018 5:00,12.59200001,12.59200001,9.567000389
4/30/2018 6:00,12.7329998,12.7329998,9.074999809
4/30/2018 7:00,12.94400024,12.94400024,9.848999977
4/30/2018 8:00,12.8739996,12.8739996,10.27099991
4/30/2018 9:00,12.52200031,12.52200031,9.848999977
4/30/2018 10:00,13.71800041,13.71800041,9.98900032
4/30/2018 11:00,13.64700031,13.64700031,10.69299984
4/30/2018 12:00,14.56200027,14.56200027,10.83300018
4/30/2018 13:00,14.84300041,14.84300041,10.62199974
4/30/2018 14:00,15.0539999,15.0539999,11.11499977
4/30/2018 15:00,15.89799976,15.89799976,10.48200035
4/30/2018 16:00,16.81299973,16.81299973,9.98900032
4/30/2018 17:00,15.82800007,15.82800007,10.55200005
4/30/2018 18:00,14.77299976,14.77299976,10.27099991
4/30/2018 19:00,14.49100018,14.49100018,9.425999641
4/30/2018 20:00,13.57699966,13.57699966,8.512000084
4/30/2018 21:00,13.22500038,13.22500038,9.074999809
4/30/2018 22:00,13.50699997,13.50699997,8.934000015
4/30/2018 23:00,13.36600018,13.36600018,8.512000084
5/1/2018 0:00,13.43599987,13.43599987,8.722999573
5/1/2018 1:00,13.43599987,13.43599987,8.512000084
5/1/2018 2:00,13.57699966,13.57699966,9.215000153
5/1/2018 3:00,13.43599987,13.43599987,9.425999641
5/1/2018 4:00,13.08500004,13.08500004,9.355999947
5/1/2018 5:00,13.64700031,13.64700031,9.567000389
5/1/2018 6:00,13.78800011,13.78800011,9.074999809
5/1/2018 7:00,13.9989996,13.9989996,9.848999977
5/1/2018 8:00,14.06900024,14.06900024,10.27099991
5/1/2018 9:00,13.43599987,13.43599987,9.848999977
5/1/2018 10:00,13.57699966,13.57699966,9.98900032
5/1/2018 11:00,12.8739996,12.8739996,10.69299984
5/1/2018 12:00,12.8739996,12.8739996,10.83300018
5/1/2018 13:00,12.38099957,12.38099957,10.62199974
5/1/2018 14:00,12.7329998,12.7329998,11.11499977
5/1/2018 15:00,13.50699997,13.50699997,10.48200035
5/1/2018 16:00,13.43599987,13.43599987,9.98900032
5/1/2018 17:00,13.64700031,13.64700031,10.55200005
5/1/2018 18:00,7.52699995,7.52699995,10.27099991
5/1/2018 19:00,5.768000126,5.768000126,9.425999641
5/1/2018 20:00,8.020000458,8.020000458,8.512000084
5/1/2018 21:00,9.777999878,9.777999878,9.074999809
5/1/2018 22:00,10.83300018,10.83300018,8.934000015
5/1/2018 23:00,10.48200035,10.48200035,8.512000084
5/2/2018 0:00,10.48200035,10.48200035,8.722999573
5/2/2018 1:00,10.3409996,10.3409996,8.512000084
5/2/2018 2:00,10.19999981,10.19999981,9.215000153
5/2/2018 3:00,10.06000042,10.06000042,9.425999641
5/2/2018 4:00,9.567000389,9.567000389,9.355999947
5/2/2018 5:00,9.637999535,9.637999535,9.567000389
5/2/2018 6:00,10.13000011,10.13000011,9.074999809
5/2/2018 7:00,9.215000153,9.215000153,9.848999977
5/2/2018 8:00,9.215000153,9.215000153,10.27099991
5/2/2018 9:00,9.708000183,9.708000183,9.848999977
5/2/2018 10:00,9.286000252,9.286000252,9.98900032
5/2/2018 11:00,9.425999641,9.425999641,10.69299984
5/2/2018 12:00,9.918999672,9.918999672,10.83300018
5/2/2018 13:00,9.918999672,9.918999672,10.62199974
5/2/2018 14:00,9.918999672,9.918999672,11.11499977
5/2/2018 15:00,10.27099991,10.27099991,10.48200035
5/2/2018 16:00,10.48200035,10.48200035,9.98900032
5/2/2018 17:00,10.62199974,10.62199974,10.55200005
5/2/2018 18:00,10.83300018,10.83300018,10.27099991
5/2/2018 19:00,10.06000042,10.06000042,9.425999641
5/2/2018 20:00,10.13000011,10.13000011,8.512000084
5/2/2018 21:00,9.074999809,9.074999809,9.074999809
5/2/2018 22:00,8.020000458,8.020000458,8.934000015
5/2/2018 23:00,7.737999916,7.737999916,8.512000084
5/3/2018 0:00,8.230999947,8.230999947,8.722999573
5/3/2018 1:00,7.809000015,7.809000015,8.512000084
5/3/2018 2:00,8.230999947,8.230999947,9.215000153
5/3/2018 3:00,8.722999573,8.722999573,9.425999641
5/3/2018 4:00,8.581999779,8.581999779,9.355999947
5/3/2018 5:00,8.37100029,8.37100029,9.567000389
5/3/2018 6:00,8.652999878,8.652999878,9.074999809
5/3/2018 7:00,9.637999535,9.637999535,9.848999977
5/3/2018 8:00,9.918999672,9.918999672,10.27099991
5/3/2018 9:00,9.708000183,9.708000183,9.848999977
5/3/2018 10:00,9.496999741,9.496999741,9.98900032
5/3/2018 11:00,9.215000153,9.215000153,10.69299984
5/3/2018 12:00,9.777999878,9.777999878,10.83300018
5/3/2018 13:00,10.62199974,10.62199974,10.62199974
5/3/2018 14:00,12.02900028,12.02900028,11.11499977
5/3/2018 15:00,12.94400024,12.94400024,10.48200035
5/3/2018 16:00,13.8579998,13.8579998,10.48200035
5/3/2018 17:00,12.94400024,12.94400024,10.62199974
5/3/2018 18:00,13.29599953,13.29599953,10.83300018
5/3/2018 19:00,11.5369997,11.5369997,10.06000042
5/3/2018 20:00,11.39599991,11.39599991,10.13000011
5/3/2018 21:00,11.32600021,11.32600021,9.074999809
5/3/2018 22:00,10.97399998,10.97399998,8.020000458
5/3/2018 23:00,10.90400028,10.90400028,7.737999916
5/4/2018 0:00,10.41100025,10.41100025,8.230999947
5/4/2018 1:00,10.3409996,10.3409996,7.809000015
5/4/2018 2:00,10.13000011,10.13000011,8.230999947
5/4/2018 3:00,10.06000042,10.06000042,8.722999573
5/4/2018 4:00,10.19999981,10.19999981,8.581999779
5/4/2018 5:00,10.27099991,10.27099991,8.37100029
5/4/2018 6:00,10.19999981,10.19999981,8.652999878
5/4/2018 7:00,11.04399967,11.04399967,9.637999535
5/4/2018 8:00,11.5369997,11.5369997,9.918999672
5/4/2018 9:00,10.97399998,10.97399998,9.708000183
5/4/2018 10:00,11.32600021,11.32600021,9.496999741
5/4/2018 11:00,12.02900028,12.02900028,9.215000153
5/4/2018 12:00,12.31099987,12.31099987,9.777999878
5/4/2018 13:00,13.15499973,13.15499973,10.62199974
5/4/2018 14:00,14.21000004,14.21000004,12.02900028
5/4/2018 15:00,14.49100018,14.49100018,12.94400024
5/4/2018 16:00,15.54699993,15.54699993,10.48200035
5/4/2018 17:00,13.78800011,13.78800011,10.62199974
5/4/2018 18:00,13.50699997,13.50699997,10.83300018
5/4/2018 19:00,12.6619997,12.6619997,10.06000042
5/4/2018 20:00,12.6619997,12.6619997,10.13000011
5/4/2018 21:00,12.6619997,12.6619997,9.074999809
5/4/2018 22:00,12.45100021,12.45100021,8.020000458
5/4/2018 23:00,12.52200031,12.52200031,7.737999916
5/5/2018 0:00,11.95899963,11.95899963,8.230999947
5/5/2018 1:00,12.23999977,12.23999977,7.809000015
5/5/2018 2:00,12.10000038,12.10000038,8.230999947
5/5/2018 3:00,11.88899994,11.88899994,8.722999573
5/5/2018 4:00,11.46700001,11.46700001,8.581999779
5/5/2018 5:00,8.722999573,8.722999573,8.37100029
5/5/2018 6:00,10.83300018,10.83300018,8.652999878
5/5/2018 7:00,7.315999985,7.315999985,9.637999535
5/5/2018 8:00,9.708000183,9.708000183,9.918999672
5/5/2018 9:00,6.683000088,6.683000088,9.708000183
5/5/2018 10:00,8.86400032,8.86400032,9.496999741
5/5/2018 11:00,10.13000011,10.13000011,9.215000153
5/5/2018 12:00,11.04399967,11.04399967,9.777999878
5/5/2018 13:00,11.18500042,11.18500042,10.62199974
5/5/2018 14:00,11.04399967,11.04399967,12.02900028
5/5/2018 15:00,11.32600021,11.32600021,12.94400024
5/5/2018 16:00,11.60700035,11.60700035,10.48200035
5/5/2018 17:00,11.60700035,11.60700035,10.62199974
5/5/2018 18:00,11.5369997,11.5369997,10.83300018
5/5/2018 19:00,11.5369997,11.5369997,10.06000042
5/5/2018 20:00,11.81799984,11.81799984,10.13000011
5/5/2018 21:00,11.5369997,11.5369997,9.074999809
5/5/2018 22:00,11.67800045,11.67800045,8.020000458
5/5/2018 23:00,11.74800014,11.74800014,7.737999916
5/6/2018 0:00,11.74800014,11.74800014,8.230999947
5/6/2018 1:00,12.02900028,12.02900028,7.809000015
5/6/2018 2:00,12.23999977,12.23999977,8.230999947
5/6/2018 3:00,12.23999977,12.23999977,8.722999573
5/6/2018 4:00,11.81799984,11.81799984,8.581999779
5/6/2018 5:00,12.45100021,12.45100021,8.37100029
5/6/2018 6:00,12.23999977,12.23999977,8.652999878
5/6/2018 7:00,12.38099957,12.38099957,9.637999535
5/6/2018 8:00,12.02900028,12.02900028,9.918999672
5/6/2018 9:00,10.69299984,10.69299984,9.708000183
5/6/2018 10:00,11.88899994,11.88899994,9.496999741
5/6/2018 11:00,10.90400028,10.90400028,9.215000153
5/6/2018 12:00,7.105000019,7.105000019,9.777999878
5/6/2018 13:00,8.934000015,8.934000015,10.62199974
5/6/2018 14:00,9.286000252,9.286000252,12.02900028
5/6/2018 15:00,9.074999809,9.074999809,12.94400024
5/6/2018 16:00,9.567000389,9.567000389,10.48200035
5/6/2018 17:00,7.668000221,7.668000221,10.62199974
5/6/2018 18:00,9.567000389,9.567000389,10.83300018
5/6/2018 19:00,8.934000015,8.934000015,10.06000042
5/6/2018 20:00,5.697999954,5.697999954,10.13000011
5/6/2018 21:00,8.020000458,8.020000458,9.074999809
5/6/2018 22:00,7.456999779,7.456999779,8.020000458
5/6/2018 23:00,7.597000122,7.597000122,7.737999916
5/7/2018 0:00,7.948999882,7.948999882,8.230999947
5/7/2018 1:00,7.456999779,7.456999779,7.809000015
5/7/2018 2:00,7.456999779,7.456999779,8.230999947
5/7/2018 3:00,7.668000221,7.668000221,8.722999573
5/7/2018 4:00,8.090000153,8.090000153,8.581999779
5/7/2018 5:00,8.442000389,8.442000389,8.37100029
5/7/2018 6:00,8.652999878,8.652999878,8.652999878
5/7/2018 7:00,8.512000084,8.512000084,9.637999535
5/7/2018 8:00,8.300999641,8.300999641,9.918999672
5/7/2018 9:00,7.948999882,7.948999882,9.708000183
5/7/2018 10:00,8.159999847,8.159999847,9.496999741
5/7/2018 11:00,8.230999947,8.230999947,9.215000153
5/7/2018 12:00,8.722999573,8.722999573,9.777999878
5/7/2018 13:00,8.230999947,8.230999947,10.62199974
5/7/2018 14:00,8.159999847,8.159999847,12.02900028
5/7/2018 15:00,7.737999916,7.737999916,12.94400024
5/7/2018 16:00,7.386000156,7.386000156,10.48200035
5/7/2018 17:00,7.315999985,7.315999985,10.62199974
5/7/2018 18:00,7.737999916,7.737999916,10.83300018
5/7/2018 19:00,8.722999573,8.722999573,10.06000042
5/7/2018 20:00,8.86400032,8.86400032,10.13000011
5/7/2018 21:00,9.074999809,9.074999809,9.074999809
5/7/2018 22:00,8.442000389,8.442000389,8.020000458
5/7/2018 23:00,8.300999641,8.300999641,7.737999916
5/8/2018 0:00,8.512000084,8.512000084,8.230999947
5/8/2018 1:00,8.020000458,8.020000458,7.809000015
5/8/2018 2:00,7.737999916,7.737999916,8.230999947
5/8/2018 3:00,7.245999813,7.245999813,8.722999573
5/8/2018 4:00,7.105000019,7.105000019,8.581999779
5/8/2018 5:00,7.597000122,7.597000122,8.37100029
5/8/2018 6:00,8.300999641,8.300999641,8.652999878
5/8/2018 7:00,6.964000225,6.964000225,9.637999535
5/8/2018 8:00,7.456999779,7.456999779,9.918999672
5/8/2018 9:00,7.809000015,7.809000015,9.708000183
5/8/2018 10:00,8.300999641,8.300999641,9.496999741
5/8/2018 11:00,8.581999779,8.581999779,9.215000153
5/8/2018 12:00,8.934000015,8.934000015,9.777999878
5/8/2018 13:00,10.13000011,10.13000011,10.62199974
5/8/2018 14:00,10.41100025,10.41100025,12.02900028
5/8/2018 15:00,11.88899994,11.88899994,12.94400024
5/8/2018 16:00,12.59200001,12.59200001,10.48200035
5/8/2018 17:00,12.31099987,12.31099987,10.62199974
5/8/2018 18:00,11.74800014,11.74800014,10.83300018
5/8/2018 19:00,10.62199974,10.62199974,10.06000042
5/8/2018 20:00,10.19999981,10.19999981,10.13000011
5/8/2018 21:00,9.496999741,9.496999741,9.074999809
5/8/2018 22:00,9.708000183,9.708000183,8.020000458
5/8/2018 23:00,9.074999809,9.074999809,7.737999916
5/9/2018 0:00,8.581999779,8.581999779,8.230999947
5/9/2018 1:00,8.230999947,8.230999947,7.809000015
5/9/2018 2:00,8.159999847,8.159999847,8.230999947
5/9/2018 3:00,7.809000015,7.809000015,8.722999573
5/9/2018 4:00,7.175000191,7.175000191,8.581999779
5/9/2018 5:00,7.034999847,7.034999847,8.37100029
5/9/2018 6:00,7.034999847,7.034999847,8.652999878
5/9/2018 7:00,7.879000187,7.879000187,9.637999535
5/9/2018 8:00,8.230999947,8.230999947,9.918999672
5/9/2018 9:00,8.230999947,8.230999947,9.708000183
5/9/2018 10:00,8.581999779,8.581999779,9.496999741
5/9/2018 11:00,9.074999809,9.074999809,9.215000153
5/9/2018 12:00,9.567000389,9.567000389,9.777999878
5/9/2018 13:00,10.3409996,10.3409996,10.62199974
5/9/2018 14:00,11.60700035,11.60700035,12.02900028
5/9/2018 15:00,12.38099957,12.38099957,12.94400024
5/9/2018 16:00,12.6619997,12.6619997,10.48200035
5/9/2018 17:00,12.8739996,12.8739996,10.62199974
5/9/2018 18:00,12.23999977,12.23999977,10.83300018
5/9/2018 19:00,11.60700035,11.60700035,10.06000042
5/9/2018 20:00,10.76299953,10.76299953,10.13000011
5/9/2018 21:00,9.708000183,9.708000183,9.074999809
5/9/2018 22:00,9.425999641,9.425999641,8.020000458
5/9/2018 23:00,8.722999573,8.722999573,7.737999916
5/10/2018 0:00,7.948999882,7.948999882,8.230999947
5/10/2018 1:00,7.668000221,7.668000221,7.809000015
5/10/2018 2:00,7.315999985,7.315999985,8.230999947
5/10/2018 3:00,6.752999783,6.752999783,8.722999573
5/10/2018 4:00,6.330999851,6.330999851,8.581999779
5/10/2018 5:00,6.119999886,6.119999886,8.37100029
5/10/2018 6:00,6.050000191,6.050000191,8.652999878
5/10/2018 7:00,6.40199995,6.40199995,9.637999535
5/10/2018 8:00,6.612999916,6.612999916,9.918999672
5/10/2018 9:00,6.683000088,6.683000088,9.708000183
5/10/2018 10:00,7.456999779,7.456999779,9.496999741
5/10/2018 11:00,7.105000019,7.105000019,9.215000153
5/10/2018 12:00,8.159999847,8.159999847,9.777999878
5/10/2018 13:00,8.512000084,8.512000084,10.62199974
5/10/2018 14:00,9.637999535,9.637999535,12.02900028
5/10/2018 15:00,10.13000011,10.13000011,12.94400024
5/10/2018 16:00,10.06000042,10.06000042,12.6619997
5/10/2018 17:00,9.918999672,9.918999672,12.8739996
5/10/2018 18:00,9.567000389,9.567000389,12.23999977
5/10/2018 19:00,9.286000252,9.286000252,11.60700035
5/10/2018 20:00,8.581999779,8.581999779,10.76299953
5/10/2018 21:00,8.230999947,8.230999947,9.708000183
5/10/2018 22:00,8.37100029,8.37100029,9.425999641
5/10/2018 23:00,7.948999882,7.948999882,8.722999573
5/11/2018 0:00,7.809000015,7.809000015,7.948999882
5/11/2018 1:00,7.597000122,7.597000122,7.668000221
5/11/2018 2:00,7.809000015,7.809000015,7.315999985
5/11/2018 3:00,7.737999916,7.737999916,6.752999783
5/11/2018 4:00,7.809000015,7.809000015,6.330999851
5/11/2018 5:00,8.300999641,8.300999641,6.119999886
5/11/2018 6:00,8.652999878,8.652999878,6.050000191
5/11/2018 7:00,8.793000221,8.793000221,6.40199995
5/11/2018 8:00,8.722999573,8.722999573,6.612999916
5/11/2018 9:00,9.496999741,9.496999741,6.683000088
5/11/2018 10:00,10.48200035,10.48200035,7.456999779
5/11/2018 11:00,11.04399967,11.04399967,7.105000019
5/11/2018 12:00,11.60700035,11.60700035,8.159999847
5/11/2018 13:00,12.10000038,12.10000038,8.512000084
5/11/2018 14:00,11.25599957,11.25599957,9.637999535
5/11/2018 15:00,10.97399998,10.97399998,10.13000011
5/11/2018 16:00,11.39599991,11.39599991,12.6619997
5/11/2018 17:00,11.11499977,11.11499977,12.8739996
5/11/2018 18:00,10.69299984,10.69299984,12.23999977
5/11/2018 19:00,10.76299953,10.76299953,11.60700035
5/11/2018 20:00,11.46700001,11.46700001,10.76299953
5/11/2018 21:00,11.39599991,11.39599991,9.708000183
5/11/2018 22:00,11.88899994,11.88899994,9.425999641
5/11/2018 23:00,11.88899994,11.88899994,8.722999573
5/12/2018 0:00,11.81799984,11.81799984,7.948999882
5/12/2018 1:00,11.46700001,11.46700001,7.668000221
5/12/2018 2:00,11.60700035,11.60700035,7.315999985
5/12/2018 3:00,9.848999977,9.848999977,6.752999783
5/12/2018 4:00,8.37100029,8.37100029,6.330999851
5/12/2018 5:00,10.13000011,10.13000011,6.119999886
5/12/2018 6:00,10.76299953,10.76299953,6.050000191
5/12/2018 7:00,8.442000389,8.442000389,6.40199995
5/12/2018 8:00,8.300999641,8.300999641,6.612999916
5/12/2018 9:00,9.777999878,9.777999878,6.683000088
5/12/2018 10:00,10.55200005,10.55200005,7.456999779
5/12/2018 11:00,10.90400028,10.90400028,7.105000019
5/12/2018 12:00,11.04399967,11.04399967,8.159999847
5/12/2018 13:00,10.62199974,10.62199974,8.512000084
5/12/2018 14:00,10.83300018,10.83300018,9.637999535
5/12/2018 15:00,10.69299984,10.69299984,10.13000011
5/12/2018 16:00,10.90400028,10.90400028,12.6619997
5/12/2018 17:00,10.55200005,10.55200005,12.8739996
5/12/2018 18:00,11.11499977,11.11499977,12.23999977
5/12/2018 19:00,11.04399967,11.04399967,11.60700035
5/12/2018 20:00,10.69299984,10.69299984,10.76299953
5/12/2018 21:00,10.27099991,10.27099991,9.708000183
5/12/2018 22:00,10.13000011,10.13000011,9.425999641
5/12/2018 23:00,10.3409996,10.3409996,8.722999573
5/13/2018 0:00,10.48200035,10.48200035,7.948999882
5/13/2018 1:00,10.3409996,10.3409996,7.668000221
5/13/2018 2:00,9.918999672,9.918999672,7.315999985
5/13/2018 3:00,9.98900032,9.98900032,6.752999783
5/13/2018 4:00,10.19999981,10.19999981,6.330999851
5/13/2018 5:00,9.98900032,9.98900032,6.119999886
5/13/2018 6:00,10.27099991,10.27099991,6.050000191
5/13/2018 7:00,10.83300018,10.83300018,6.40199995
5/13/2018 8:00,10.55200005,10.55200005,6.612999916
5/13/2018 9:00,11.32600021,11.32600021,6.683000088
5/13/2018 10:00,11.5369997,11.5369997,7.456999779
5/13/2018 11:00,12.38099957,12.38099957,7.105000019
5/13/2018 12:00,12.45100021,12.45100021,8.159999847
5/13/2018 13:00,13.08500004,13.08500004,8.512000084
5/13/2018 14:00,13.36600018,13.36600018,9.637999535
5/13/2018 15:00,14.49100018,14.49100018,10.13000011
5/13/2018 16:00,15.26500034,15.26500034,12.6619997
5/13/2018 17:00,15.54699993,15.54699993,12.8739996
5/13/2018 18:00,14.42099953,14.42099953,12.23999977
5/13/2018 19:00,13.43599987,13.43599987,11.60700035
5/13/2018 20:00,13.29599953,13.29599953,10.76299953
5/13/2018 21:00,12.94400024,12.94400024,9.708000183
5/13/2018 22:00,12.6619997,12.6619997,9.425999641
5/13/2018 23:00,12.52200031,12.52200031,8.722999573
5/14/2018 0:00,12.45100021,12.45100021,7.948999882
5/14/2018 1:00,12.52200031,12.52200031,7.668000221
5/14/2018 2:00,12.7329998,12.7329998,7.315999985
5/14/2018 3:00,12.7329998,12.7329998,6.752999783
5/14/2018 4:00,12.59200001,12.59200001,6.330999851
5/14/2018 5:00,12.45100021,12.45100021,6.119999886
5/14/2018 6:00,12.7329998,12.7329998,6.050000191
5/14/2018 7:00,12.45100021,12.45100021,6.40199995
5/14/2018 8:00,13.22500038,13.22500038,6.612999916
5/14/2018 9:00,13.36600018,13.36600018,6.683000088
5/14/2018 10:00,13.71800041,13.71800041,7.456999779
5/14/2018 11:00,14.70300007,14.70300007,7.105000019
5/14/2018 12:00,13.9989996,13.9989996,8.159999847
5/14/2018 13:00,14.70300007,14.70300007,8.512000084
5/14/2018 14:00,15.0539999,15.0539999,9.637999535
5/14/2018 15:00,16.81299973,16.81299973,10.13000011
5/14/2018 16:00,16.32099915,16.32099915,12.6619997
5/14/2018 17:00,16.60199928,16.60199928,12.8739996
5/14/2018 18:00,16.18000031,16.18000031,12.23999977
5/14/2018 19:00,15.75800037,15.75800037,11.60700035
5/14/2018 20:00,15.33600044,15.33600044,10.76299953
5/14/2018 21:00,15.33600044,15.33600044,9.708000183
5/14/2018 22:00,14.98400021,14.98400021,9.425999641
5/14/2018 23:00,14.70300007,14.70300007,8.722999573
5/15/2018 0:00,14.56200027,14.56200027,7.948999882
5/15/2018 1:00,14.14000034,14.14000034,7.668000221
5/15/2018 2:00,14.49100018,14.49100018,7.315999985
5/15/2018 3:00,14.56200027,14.56200027,6.752999783
5/15/2018 4:00,14.27999973,14.27999973,6.330999851
5/15/2018 5:00,14.14000034,14.14000034,6.119999886
5/15/2018 6:00,14.35099983,14.35099983,6.050000191
5/15/2018 7:00,14.56200027,14.56200027,6.40199995
5/15/2018 8:00,16.03899956,16.03899956,6.612999916
5/15/2018 9:00,16.46100044,16.46100044,6.683000088
5/15/2018 10:00,15.19499969,15.19499969,7.456999779
5/15/2018 11:00,14.14000034,14.14000034,7.105000019
5/15/2018 12:00,15.40600014,15.40600014,8.159999847
5/15/2018 13:00,14.42099953,14.42099953,8.512000084
5/15/2018 14:00,15.75800037,15.75800037,9.637999535
5/15/2018 15:00,16.18000031,16.18000031,10.13000011
5/15/2018 16:00,16.88299942,16.88299942,12.6619997
5/15/2018 17:00,16.25,16.25,12.8739996
5/15/2018 18:00,17.16500092,17.16500092,12.23999977
5/15/2018 19:00,16.88299942,16.88299942,11.60700035
5/15/2018 20:00,16.32099915,16.32099915,10.76299953
5/15/2018 21:00,15.96899986,15.96899986,9.708000183
5/15/2018 22:00,15.89799976,15.89799976,9.425999641
5/15/2018 23:00,15.68700027,15.68700027,8.722999573
5/16/2018 0:00,15.96899986,15.96899986,7.948999882
5/16/2018 1:00,16.25,16.25,7.668000221
5/16/2018 2:00,16.10899925,16.10899925,7.315999985
5/16/2018 3:00,16.10899925,16.10899925,6.752999783
5/16/2018 4:00,16.25,16.25,6.330999851
5/16/2018 5:00,16.46100044,16.46100044,6.119999886
5/16/2018 6:00,16.88299942,16.88299942,6.050000191
5/16/2018 7:00,16.67200089,16.67200089,6.40199995
5/16/2018 8:00,15.68700027,15.68700027,6.612999916
5/16/2018 9:00,14.84300041,14.84300041,6.683000088
5/16/2018 10:00,15.33600044,15.33600044,7.456999779
5/16/2018 11:00,14.98400021,14.98400021,7.105000019
5/16/2018 12:00,14.70300007,14.70300007,8.159999847
5/16/2018 13:00,14.98400021,14.98400021,8.512000084
5/16/2018 14:00,15.68700027,15.68700027,9.637999535
5/16/2018 15:00,16.74300003,16.74300003,10.13000011
5/16/2018 16:00,16.10899925,16.10899925,12.6619997
5/16/2018 17:00,16.32099915,16.32099915,12.8739996
5/16/2018 18:00,15.82800007,15.82800007,12.23999977
5/16/2018 19:00,15.54699993,15.54699993,11.60700035
5/16/2018 20:00,16.32099915,16.32099915,10.76299953
5/16/2018 21:00,16.03899956,16.03899956,9.708000183
5/16/2018 22:00,16.67200089,16.67200089,9.425999641
5/16/2018 23:00,15.0539999,15.0539999,8.722999573
5/17/2018 0:00,16.10899925,16.10899925,7.948999882
5/17/2018 1:00,16.60199928,16.60199928,7.668000221
5/17/2018 2:00,14.63199997,14.63199997,7.315999985
5/17/2018 3:00,12.23999977,12.23999977,6.752999783
5/17/2018 4:00,9.708000183,9.708000183,6.330999851
5/17/2018 5:00,8.652999878,8.652999878,6.119999886
5/17/2018 6:00,9.98900032,9.98900032,6.050000191
5/17/2018 7:00,10.97399998,10.97399998,6.40199995
5/17/2018 8:00,8.090000153,8.090000153,6.612999916
5/17/2018 9:00,11.32600021,11.32600021,6.683000088
5/17/2018 10:00,12.38099957,12.38099957,7.456999779
5/17/2018 11:00,13.15499973,13.15499973,7.105000019
5/17/2018 12:00,12.52200031,12.52200031,8.159999847
5/17/2018 13:00,13.01399994,13.01399994,8.512000084
5/17/2018 14:00,13.50699997,13.50699997,9.637999535
5/17/2018 15:00,13.50699997,13.50699997,10.13000011
5/17/2018 16:00,13.9989996,13.9989996,16.10899925
5/17/2018 17:00,13.78800011,13.78800011,16.32099915
5/17/2018 18:00,14.14000034,14.14000034,15.82800007
5/17/2018 19:00,13.78800011,13.78800011,15.54699993
5/17/2018 20:00,13.50699997,13.50699997,16.32099915
5/17/2018 21:00,13.15499973,13.15499973,16.03899956
5/17/2018 22:00,13.43599987,13.43599987,16.67200089
5/17/2018 23:00,13.36600018,13.36600018,15.0539999
5/18/2018 0:00,12.94400024,12.94400024,16.10899925
5/18/2018 1:00,12.94400024,12.94400024,16.60199928
5/18/2018 2:00,13.36600018,13.36600018,14.63199997
5/18/2018 3:00,13.08500004,13.08500004,12.23999977
5/18/2018 4:00,13.08500004,13.08500004,9.708000183
5/18/2018 5:00,12.80300045,12.80300045,8.652999878
5/18/2018 6:00,13.01399994,13.01399994,9.98900032
5/18/2018 7:00,12.94400024,12.94400024,10.97399998
5/18/2018 8:00,12.8739996,12.8739996,8.090000153
5/18/2018 9:00,12.52200031,12.52200031,11.32600021
5/18/2018 10:00,12.52200031,12.52200031,12.38099957
5/18/2018 11:00,12.7329998,12.7329998,13.15499973
5/18/2018 12:00,12.80300045,12.80300045,12.52200031
5/18/2018 13:00,12.59200001,12.59200001,13.01399994
5/18/2018 14:00,12.8739996,12.8739996,13.50699997
5/18/2018 15:00,12.7329998,12.7329998,13.50699997
5/18/2018 16:00,9.425999641,9.425999641,16.10899925
5/18/2018 17:00,8.090000153,8.090000153,16.32099915
5/18/2018 18:00,6.330999851,6.330999851,15.82800007
5/18/2018 19:00,5.346000195,5.346000195,15.54699993
5/18/2018 20:00,6.40199995,6.40199995,16.32099915
5/18/2018 21:00,8.300999641,8.300999641,16.03899956
5/18/2018 22:00,8.652999878,8.652999878,16.67200089
5/18/2018 23:00,8.512000084,8.512000084,15.0539999
5/19/2018 0:00,8.512000084,8.512000084,16.10899925
5/19/2018 1:00,8.512000084,8.512000084,16.60199928
5/19/2018 2:00,8.230999947,8.230999947,14.63199997
5/19/2018 3:00,8.512000084,8.512000084,12.23999977
5/19/2018 4:00,7.809000015,7.809000015,9.708000183
5/19/2018 5:00,7.737999916,7.737999916,8.652999878
5/19/2018 6:00,7.737999916,7.737999916,9.98900032
5/19/2018 7:00,7.948999882,7.948999882,10.97399998
5/19/2018 8:00,7.879000187,7.879000187,8.090000153
5/19/2018 9:00,7.105000019,7.105000019,11.32600021
5/19/2018 10:00,7.597000122,7.597000122,12.38099957
5/19/2018 11:00,7.456999779,7.456999779,13.15499973
5/19/2018 12:00,7.809000015,7.809000015,12.52200031
5/19/2018 13:00,7.879000187,7.879000187,13.01399994
5/19/2018 14:00,8.020000458,8.020000458,13.50699997
5/19/2018 15:00,7.668000221,7.668000221,13.50699997
5/19/2018 16:00,7.456999779,7.456999779,16.10899925
5/19/2018 17:00,7.034999847,7.034999847,16.32099915
5/19/2018 18:00,7.175000191,7.175000191,15.82800007
5/19/2018 19:00,7.034999847,7.034999847,15.54699993
5/19/2018 20:00,6.894000053,6.894000053,16.32099915
5/19/2018 21:00,7.386000156,7.386000156,16.03899956
5/19/2018 22:00,7.315999985,7.315999985,16.67200089
5/19/2018 23:00,7.105000019,7.105000019,15.0539999
5/20/2018 0:00,7.105000019,7.105000019,16.10899925
5/20/2018 1:00,7.105000019,7.105000019,16.60199928
5/20/2018 2:00,6.964000225,6.964000225,14.63199997
5/20/2018 3:00,6.752999783,6.752999783,12.23999977
5/20/2018 4:00,6.823999882,6.823999882,9.708000183
5/20/2018 5:00,6.823999882,6.823999882,8.652999878
5/20/2018 6:00,6.752999783,6.752999783,9.98900032
5/20/2018 7:00,6.823999882,6.823999882,10.97399998
5/20/2018 8:00,7.105000019,7.105000019,8.090000153
5/20/2018 9:00,7.245999813,7.245999813,11.32600021
5/20/2018 10:00,7.386000156,7.386000156,12.38099957
5/20/2018 11:00,7.175000191,7.175000191,13.15499973
5/20/2018 12:00,6.964000225,6.964000225,12.52200031
5/20/2018 13:00,6.823999882,6.823999882,13.01399994
5/20/2018 14:00,6.683000088,6.683000088,13.50699997
5/20/2018 15:00,6.330999851,6.330999851,13.50699997
5/20/2018 16:00,6.541999817,6.541999817,16.10899925
5/20/2018 17:00,4.361999989,4.361999989,16.32099915
5/20/2018 18:00,5.55700016,5.55700016,15.82800007
5/20/2018 19:00,5.627999783,5.627999783,15.54699993
5/20/2018 20:00,5.979000092,5.979000092,16.32099915
5/20/2018 21:00,5.697999954,5.697999954,16.03899956
5/20/2018 22:00,5.90899992,5.90899992,16.67200089
5/20/2018 23:00,5.768000126,5.768000126,15.0539999
5/21/2018 0:00,5.697999954,5.697999954,16.10899925
5/21/2018 1:00,5.416999817,5.416999817,16.60199928
5/21/2018 2:00,5.768000126,5.768000126,14.63199997
5/21/2018 3:00,5.627999783,5.627999783,12.23999977
5/21/2018 4:00,5.697999954,5.697999954,9.708000183
5/21/2018 5:00,6.050000191,6.050000191,8.652999878
5/21/2018 6:00,5.90899992,5.90899992,9.98900032
5/21/2018 7:00,5.979000092,5.979000092,10.97399998
5/21/2018 8:00,6.050000191,6.050000191,8.090000153
5/21/2018 9:00,6.472000122,6.472000122,11.32600021
5/21/2018 10:00,6.40199995,6.40199995,12.38099957
5/21/2018 11:00,6.40199995,6.40199995,13.15499973
5/21/2018 12:00,6.752999783,6.752999783,12.52200031
5/21/2018 13:00,7.105000019,7.105000019,13.01399994
5/21/2018 14:00,7.175000191,7.175000191,13.50699997
5/21/2018 15:00,7.315999985,7.315999985,13.50699997
5/21/2018 16:00,5.627999783,5.627999783,16.10899925
5/21/2018 17:00,4.43200016,4.43200016,16.32099915
5/21/2018 18:00,6.472000122,6.472000122,15.82800007
5/21/2018 19:00,6.472000122,6.472000122,15.54699993
5/21/2018 20:00,6.894000053,6.894000053,16.32099915
5/21/2018 21:00,6.612999916,6.612999916,16.03899956
5/21/2018 22:00,6.894000053,6.894000053,16.67200089
5/21/2018 23:00,6.683000088,6.683000088,15.0539999
5/22/2018 0:00,6.964000225,6.964000225,16.10899925
5/22/2018 1:00,7.315999985,7.315999985,16.60199928
5/22/2018 2:00,7.456999779,7.456999779,14.63199997
5/22/2018 3:00,7.879000187,7.879000187,12.23999977
5/22/2018 4:00,8.300999641,8.300999641,9.708000183
5/22/2018 5:00,9.00399971,9.00399971,8.652999878
5/22/2018 6:00,9.145000458,9.145000458,9.98900032
5/22/2018 7:00,7.456999779,7.456999779,10.97399998
5/22/2018 8:00,6.823999882,6.823999882,8.090000153
5/22/2018 9:00,6.683000088,6.683000088,11.32600021
5/22/2018 10:00,6.40199995,6.40199995,12.38099957
5/22/2018 11:00,3.727999926,3.727999926,13.15499973
5/22/2018 12:00,4.150000095,4.150000095,12.52200031
5/22/2018 13:00,6.541999817,6.541999817,13.01399994
5/22/2018 14:00,6.964000225,6.964000225,13.50699997
5/22/2018 15:00,6.261000156,6.261000156,13.50699997
5/22/2018 16:00,6.119999886,6.119999886,16.10899925
5/22/2018 17:00,6.894000053,6.894000053,16.32099915
5/22/2018 18:00,6.261000156,6.261000156,15.82800007
5/22/2018 19:00,7.034999847,7.034999847,15.54699993
5/22/2018 20:00,7.52699995,7.52699995,16.32099915
5/22/2018 21:00,7.737999916,7.737999916,16.03899956
5/22/2018 22:00,7.809000015,7.809000015,16.67200089
5/22/2018 23:00,6.752999783,6.752999783,15.0539999
5/23/2018 0:00,7.105000019,7.105000019,16.10899925
5/23/2018 1:00,6.612999916,6.612999916,16.60199928
5/23/2018 2:00,6.823999882,6.823999882,14.63199997
5/23/2018 3:00,6.472000122,6.472000122,12.23999977
5/23/2018 4:00,7.597000122,7.597000122,9.708000183
5/23/2018 5:00,6.894000053,6.894000053,8.652999878
5/23/2018 6:00,7.668000221,7.668000221,9.98900032
5/23/2018 7:00,9.215000153,9.215000153,10.97399998
5/23/2018 8:00,9.848999977,9.848999977,8.090000153
5/23/2018 9:00,9.00399971,9.00399971,11.32600021
5/23/2018 10:00,9.286000252,9.286000252,12.38099957
5/23/2018 11:00,9.567000389,9.567000389,13.15499973
5/23/2018 12:00,9.215000153,9.215000153,12.52200031
5/23/2018 13:00,9.215000153,9.215000153,13.01399994
5/23/2018 14:00,10.48200035,10.48200035,13.50699997
5/23/2018 15:00,11.95899963,11.95899963,13.50699997
5/23/2018 16:00,11.67800045,11.67800045,16.10899925
5/23/2018 17:00,11.67800045,11.67800045,16.32099915
5/23/2018 18:00,11.46700001,11.46700001,15.82800007
5/23/2018 19:00,9.918999672,9.918999672,15.54699993
5/23/2018 20:00,9.496999741,9.496999741,16.32099915
5/23/2018 21:00,9.425999641,9.425999641,16.03899956
5/23/2018 22:00,9.286000252,9.286000252,16.67200089
5/23/2018 23:00,8.793000221,8.793000221,15.0539999
5/24/2018 0:00,8.442000389,8.442000389,16.10899925
5/24/2018 1:00,8.722999573,8.722999573,16.60199928
5/24/2018 2:00,8.37100029,8.37100029,14.63199997
5/24/2018 3:00,8.300999641,8.300999641,12.23999977
5/24/2018 4:00,8.230999947,8.230999947,9.708000183
5/24/2018 5:00,8.159999847,8.159999847,8.652999878
5/24/2018 6:00,8.512000084,8.512000084,9.98900032
5/24/2018 7:00,9.145000458,9.145000458,10.97399998
5/24/2018 8:00,9.286000252,9.286000252,8.090000153
5/24/2018 9:00,9.637999535,9.637999535,11.32600021
5/24/2018 10:00,8.86400032,8.86400032,12.38099957
5/24/2018 11:00,9.567000389,9.567000389,13.15499973
5/24/2018 12:00,9.496999741,9.496999741,12.52200031
5/24/2018 13:00,9.074999809,9.074999809,13.01399994
5/24/2018 14:00,9.777999878,9.777999878,13.50699997
5/24/2018 15:00,11.18500042,11.18500042,13.50699997
5/24/2018 16:00,10.76299953,10.76299953,11.67800045
5/24/2018 17:00,9.918999672,9.918999672,11.67800045
5/24/2018 18:00,10.3409996,10.3409996,11.46700001
5/24/2018 19:00,9.918999672,9.918999672,9.918999672
5/24/2018 20:00,9.918999672,9.918999672,9.496999741
5/24/2018 21:00,9.425999641,9.425999641,9.425999641
5/24/2018 22:00,9.355999947,9.355999947,9.286000252
5/24/2018 23:00,9.215000153,9.215000153,8.793000221
5/25/2018 0:00,8.722999573,8.722999573,8.442000389
5/25/2018 1:00,8.512000084,8.512000084,8.722999573
5/25/2018 2:00,8.652999878,8.652999878,8.37100029
5/25/2018 3:00,7.737999916,7.737999916,8.300999641
5/25/2018 4:00,8.512000084,8.512000084,8.230999947
5/25/2018 5:00,9.00399971,9.00399971,8.159999847
5/25/2018 6:00,9.145000458,9.145000458,8.512000084
5/25/2018 7:00,9.425999641,9.425999641,9.145000458
5/25/2018 8:00,9.145000458,9.145000458,9.286000252
5/25/2018 9:00,9.777999878,9.777999878,9.637999535
5/25/2018 10:00,9.918999672,9.918999672,8.86400032
5/25/2018 11:00,9.425999641,9.425999641,9.567000389
5/25/2018 12:00,9.215000153,9.215000153,9.496999741
5/25/2018 13:00,9.215000153,9.215000153,9.074999809
5/25/2018 14:00,8.86400032,8.86400032,9.777999878
5/25/2018 15:00,8.652999878,8.652999878,11.18500042
5/25/2018 16:00,8.512000084,8.512000084,11.67800045
5/25/2018 17:00,8.86400032,8.86400032,11.67800045
5/25/2018 18:00,5.979000092,5.979000092,11.46700001
5/25/2018 19:00,6.823999882,6.823999882,9.918999672
5/25/2018 20:00,5.768000126,5.768000126,9.496999741
5/25/2018 21:00,6.261000156,6.261000156,9.425999641
5/25/2018 22:00,5.697999954,5.697999954,9.286000252
5/25/2018 23:00,6.261000156,6.261000156,8.793000221
5/26/2018 0:00,7.52699995,7.52699995,8.442000389
5/26/2018 1:00,8.090000153,8.090000153,8.722999573
5/26/2018 2:00,7.456999779,7.456999779,8.37100029
5/26/2018 3:00,7.52699995,7.52699995,8.300999641
5/26/2018 4:00,8.230999947,8.230999947,8.230999947
5/26/2018 5:00,8.512000084,8.512000084,8.159999847
5/26/2018 6:00,8.512000084,8.512000084,8.512000084
5/26/2018 7:00,8.37100029,8.37100029,9.145000458
5/26/2018 8:00,7.597000122,7.597000122,9.286000252
5/26/2018 9:00,8.442000389,8.442000389,9.637999535
5/26/2018 10:00,8.159999847,8.159999847,8.86400032
5/26/2018 11:00,8.300999641,8.300999641,9.567000389
5/26/2018 12:00,8.722999573,8.722999573,9.496999741
5/26/2018 13:00,9.425999641,9.425999641,9.074999809
5/26/2018 14:00,9.215000153,9.215000153,9.777999878
5/26/2018 15:00,9.355999947,9.355999947,11.18500042
5/26/2018 16:00,9.425999641,9.425999641,11.67800045
5/26/2018 17:00,9.074999809,9.074999809,11.67800045
5/26/2018 18:00,8.86400032,8.86400032,11.46700001
5/26/2018 19:00,8.934000015,8.934000015,9.918999672
5/26/2018 20:00,8.37100029,8.37100029,9.496999741
5/26/2018 21:00,9.425999641,9.425999641,9.425999641
5/26/2018 22:00,8.86400032,8.86400032,9.286000252
5/26/2018 23:00,9.00399971,9.00399971,8.793000221
5/27/2018 0:00,8.37100029,8.37100029,8.442000389
5/27/2018 1:00,8.86400032,8.86400032,8.722999573
5/27/2018 2:00,9.425999641,9.425999641,8.37100029
5/27/2018 3:00,9.215000153,9.215000153,8.300999641
5/27/2018 4:00,9.425999641,9.425999641,8.230999947
5/27/2018 5:00,9.355999947,9.355999947,8.159999847
5/27/2018 6:00,9.918999672,9.918999672,8.512000084
5/27/2018 7:00,9.777999878,9.777999878,9.145000458
5/27/2018 8:00,9.286000252,9.286000252,9.286000252
5/27/2018 9:00,9.567000389,9.567000389,9.637999535
5/27/2018 10:00,9.567000389,9.567000389,8.86400032
5/27/2018 11:00,9.215000153,9.215000153,9.567000389
5/27/2018 12:00,10.13000011,10.13000011,9.496999741
5/27/2018 13:00,10.76299953,10.76299953,9.074999809
5/27/2018 14:00,10.62199974,10.62199974,9.777999878
5/27/2018 15:00,11.5369997,11.5369997,11.18500042
5/27/2018 16:00,11.60700035,11.60700035,11.67800045
5/27/2018 17:00,11.32600021,11.32600021,11.67800045
5/27/2018 18:00,11.46700001,11.46700001,11.46700001
5/27/2018 19:00,10.48200035,10.48200035,9.918999672
5/27/2018 20:00,10.13000011,10.13000011,9.496999741
5/27/2018 21:00,9.918999672,9.918999672,9.425999641
5/27/2018 22:00,9.848999977,9.848999977,9.286000252
5/27/2018 23:00,10.19999981,10.19999981,8.793000221
5/28/2018 0:00,10.06000042,10.06000042,8.442000389
5/28/2018 1:00,10.13000011,10.13000011,8.722999573
5/28/2018 2:00,10.13000011,10.13000011,8.37100029
5/28/2018 3:00,9.918999672,9.918999672,8.300999641
5/28/2018 4:00,9.708000183,9.708000183,8.230999947
5/28/2018 5:00,9.918999672,9.918999672,8.159999847
5/28/2018 6:00,10.19999981,10.19999981,8.512000084
5/28/2018 7:00,10.97399998,10.97399998,9.145000458
5/28/2018 8:00,10.48200035,10.48200035,9.286000252
5/28/2018 9:00,10.41100025,10.41100025,9.637999535
5/28/2018 10:00,10.27099991,10.27099991,8.86400032
5/28/2018 11:00,10.69299984,10.69299984,9.567000389
5/28/2018 12:00,10.55200005,10.55200005,9.496999741
5/28/2018 13:00,10.69299984,10.69299984,9.074999809
5/28/2018 14:00,11.32600021,11.32600021,9.777999878
5/28/2018 15:00,11.95899963,11.95899963,11.18500042
5/28/2018 16:00,11.5369997,11.5369997,11.67800045
5/28/2018 17:00,11.46700001,11.46700001,11.67800045
5/28/2018 18:00,11.25599957,11.25599957,11.46700001
5/28/2018 19:00,11.11499977,11.11499977,9.918999672
5/28/2018 20:00,10.76299953,10.76299953,9.496999741
5/28/2018 21:00,10.69299984,10.69299984,9.425999641
5/28/2018 22:00,10.76299953,10.76299953,9.286000252
5/28/2018 23:00,10.55200005,10.55200005,8.793000221
5/29/2018 0:00,10.62199974,10.62199974,8.442000389
5/29/2018 1:00,10.48200035,10.48200035,8.722999573
5/29/2018 2:00,10.48200035,10.48200035,8.37100029
5/29/2018 3:00,10.69299984,10.69299984,8.300999641
5/29/2018 4:00,10.83300018,10.83300018,8.230999947
5/29/2018 5:00,10.69299984,10.69299984,8.159999847
5/29/2018 6:00,10.76299953,10.76299953,8.512000084
5/29/2018 7:00,10.69299984,10.69299984,9.145000458
5/29/2018 8:00,11.67800045,11.67800045,9.286000252
5/29/2018 9:00,11.74800014,11.74800014,9.637999535
5/29/2018 10:00,11.81799984,11.81799984,8.86400032
5/29/2018 11:00,11.88899994,11.88899994,9.567000389
5/29/2018 12:00,12.02900028,12.02900028,9.496999741
5/29/2018 13:00,11.81799984,11.81799984,9.074999809
5/29/2018 14:00,12.38099957,12.38099957,9.777999878
5/29/2018 15:00,11.60700035,11.60700035,11.18500042
5/29/2018 16:00,11.32600021,11.32600021,11.67800045
5/29/2018 17:00,11.60700035,11.60700035,11.67800045
5/29/2018 18:00,10.90400028,10.90400028,11.46700001
5/29/2018 19:00,10.76299953,10.76299953,9.918999672
5/29/2018 20:00,10.3409996,10.3409996,9.496999741
5/29/2018 21:00,9.637999535,9.637999535,9.425999641
5/29/2018 22:00,10.41100025,10.41100025,9.286000252
5/29/2018 23:00,10.13000011,10.13000011,8.793000221
5/30/2018 0:00,9.918999672,9.918999672,8.442000389
5/30/2018 1:00,10.13000011,10.13000011,8.722999573
5/30/2018 2:00,9.777999878,9.777999878,8.37100029
5/30/2018 3:00,10.19999981,10.19999981,8.300999641
5/30/2018 4:00,9.777999878,9.777999878,8.230999947
5/30/2018 5:00,9.145000458,9.145000458,8.159999847
5/30/2018 6:00,9.98900032,9.98900032,8.512000084
5/30/2018 7:00,10.55200005,10.55200005,9.145000458
5/30/2018 8:00,10.90400028,10.90400028,9.286000252
5/30/2018 9:00,11.46700001,11.46700001,9.637999535
5/30/2018 10:00,11.5369997,11.5369997,8.86400032
5/30/2018 11:00,11.60700035,11.60700035,9.567000389
5/30/2018 12:00,11.67800045,11.67800045,9.496999741
5/30/2018 13:00,11.5369997,11.5369997,9.074999809
5/30/2018 14:00,11.67800045,11.67800045,9.777999878
5/30/2018 15:00,12.02900028,12.02900028,11.18500042
5/30/2018 16:00,11.32600021,11.32600021,11.67800045
5/30/2018 17:00,11.25599957,11.25599957,11.67800045
5/30/2018 18:00,10.55200005,10.55200005,11.46700001
5/30/2018 19:00,10.62199974,10.62199974,9.918999672
5/30/2018 20:00,10.97399998,10.97399998,9.496999741
5/30/2018 21:00,10.3409996,10.3409996,9.425999641
5/30/2018 22:00,10.13000011,10.13000011,9.286000252
5/30/2018 23:00,9.918999672,9.918999672,8.793000221
5/31/2018 0:00,10.41100025,10.41100025,8.442000389
5/31/2018 1:00,10.41100025,10.41100025,8.722999573
5/31/2018 2:00,10.41100025,10.41100025,8.37100029
5/31/2018 3:00,10.41100025,10.41100025,8.300999641
5/31/2018 4:00,10.41100025,10.41100025,8.230999947
5/31/2018 5:00,10.41100025,10.41100025,8.159999847
5/31/2018 6:00,10.41100025,10.41100025,8.512000084
5/31/2018 7:00,10.41100025,10.41100025,9.145000458
5/31/2018 8:00,10.41100025,10.41100025,9.286000252
5/31/2018 9:00,10.41100025,10.41100025,9.637999535
5/31/2018 10:00,10.41100025,10.41100025,8.86400032
5/31/2018 11:00,10.41100025,10.41100025,9.567000389
5/31/2018 12:00,10.41100025,10.41100025,9.496999741
5/31/2018 13:00,10.41100025,10.41100025,9.074999809
5/31/2018 14:00,10.41100025,10.41100025,9.777999878
5/31/2018 15:00,10.41100025,10.41100025,11.18500042
5/31/2018 16:00,10.41100025,10.41100025,11.32600021
5/31/2018 17:00,10.41100025,10.41100025,11.25599957
5/31/2018 18:00,10.41100025,10.41100025,10.55200005
5/31/2018 19:00,10.41100025,10.41100025,10.62199974
5/31/2018 20:00,10.41100025,10.41100025,10.97399998
5/31/2018 21:00,10.41100025,10.41100025,10.3409996
5/31/2018 22:00,10.41100025,10.41100025,10.13000011
5/31/2018 23:00,10.41100025,10.41100025,9.918999672
6/1/2018 0:00,8.512000084,8.512000084,10.41100025
6/1/2018 1:00,8.512000084,8.512000084,10.41100025
6/1/2018 2:00,8.230999947,8.230999947,10.41100025
6/1/2018 3:00,8.300999641,8.300999641,10.41100025
6/1/2018 4:00,8.37100029,8.37100029,10.41100025
6/1/2018 5:00,8.230999947,8.230999947,10.41100025
6/1/2018 6:00,8.581999779,8.581999779,10.41100025
6/1/2018 7:00,9.425999641,9.425999641,10.41100025
6/1/2018 8:00,10.83300018,10.83300018,10.41100025
6/1/2018 9:00,10.48200035,10.48200035,10.41100025
6/1/2018 10:00,9.777999878,9.777999878,10.41100025
6/1/2018 11:00,9.848999977,9.848999977,10.41100025
6/1/2018 12:00,9.918999672,9.918999672,10.41100025
6/1/2018 13:00,10.41100025,10.41100025,10.41100025
6/1/2018 14:00,10.90400028,10.90400028,10.41100025
6/1/2018 15:00,11.67800045,11.67800045,10.41100025
6/1/2018 16:00,12.02900028,12.02900028,11.32600021
6/1/2018 17:00,11.88899994,11.88899994,11.25599957
6/1/2018 18:00,11.32600021,11.32600021,10.55200005
6/1/2018 19:00,10.90400028,10.90400028,10.62199974
6/1/2018 20:00,10.83300018,10.83300018,10.97399998
6/1/2018 21:00,10.48200035,10.48200035,10.3409996
6/1/2018 22:00,10.41100025,10.41100025,10.13000011
6/1/2018 23:00,10.27099991,10.27099991,9.918999672
6/2/2018 0:00,9.98900032,9.98900032,10.41100025
6/2/2018 1:00,9.567000389,9.567000389,10.41100025
6/2/2018 2:00,9.215000153,9.215000153,10.41100025
6/2/2018 3:00,9.215000153,9.215000153,10.41100025
6/2/2018 4:00,8.512000084,8.512000084,10.41100025
6/2/2018 5:00,8.934000015,8.934000015,10.41100025
6/2/2018 6:00,8.934000015,8.934000015,10.41100025
6/2/2018 7:00,8.652999878,8.652999878,10.41100025
6/2/2018 8:00,8.722999573,8.722999573,10.41100025
6/2/2018 9:00,8.722999573,8.722999573,10.41100025
6/2/2018 10:00,9.215000153,9.215000153,10.41100025
6/2/2018 11:00,9.637999535,9.637999535,10.41100025
6/2/2018 12:00,10.48200035,10.48200035,10.41100025
6/2/2018 13:00,10.19999981,10.19999981,10.41100025
6/2/2018 14:00,10.3409996,10.3409996,10.41100025
6/2/2018 15:00,10.19999981,10.19999981,10.41100025
6/2/2018 16:00,11.11499977,11.11499977,11.32600021
6/2/2018 17:00,10.48200035,10.48200035,11.25599957
6/2/2018 18:00,10.06000042,10.06000042,10.55200005
6/2/2018 19:00,9.567000389,9.567000389,10.62199974
6/2/2018 20:00,9.425999641,9.425999641,10.97399998
6/2/2018 21:00,9.567000389,9.567000389,10.3409996
6/2/2018 22:00,9.848999977,9.848999977,10.13000011
6/2/2018 23:00,9.637999535,9.637999535,9.918999672
6/3/2018 0:00,9.286000252,9.286000252,10.41100025
6/3/2018 1:00,9.496999741,9.496999741,10.41100025
6/3/2018 2:00,9.496999741,9.496999741,10.41100025
6/3/2018 3:00,9.637999535,9.637999535,10.41100025
6/3/2018 4:00,9.567000389,9.567000389,10.41100025
6/3/2018 5:00,9.848999977,9.848999977,10.41100025
6/3/2018 6:00,9.567000389,9.567000389,10.41100025
6/3/2018 7:00,9.355999947,9.355999947,10.41100025
6/3/2018 8:00,9.425999641,9.425999641,10.41100025
6/3/2018 9:00,9.637999535,9.637999535,10.41100025
6/3/2018 10:00,9.918999672,9.918999672,10.41100025
6/3/2018 11:00,10.62199974,10.62199974,10.41100025
6/3/2018 12:00,10.69299984,10.69299984,10.41100025
6/3/2018 13:00,10.97399998,10.97399998,10.41100025
6/3/2018 14:00,12.23999977,12.23999977,10.41100025
6/3/2018 15:00,12.6619997,12.6619997,10.41100025
6/3/2018 16:00,13.43599987,13.43599987,11.32600021
6/3/2018 17:00,13.08500004,13.08500004,11.25599957
6/3/2018 18:00,11.67800045,11.67800045,10.55200005
6/3/2018 19:00,11.04399967,11.04399967,10.62199974
6/3/2018 20:00,10.55200005,10.55200005,10.97399998
6/3/2018 21:00,9.567000389,9.567000389,10.3409996
6/3/2018 22:00,9.425999641,9.425999641,10.13000011
6/3/2018 23:00,8.722999573,8.722999573,9.918999672
6/4/2018 0:00,8.442000389,8.442000389,10.41100025
6/4/2018 1:00,9.215000153,9.215000153,10.41100025
6/4/2018 2:00,9.425999641,9.425999641,10.41100025
6/4/2018 3:00,9.637999535,9.637999535,10.41100025
6/4/2018 4:00,9.708000183,9.708000183,10.41100025
6/4/2018 5:00,9.425999641,9.425999641,10.41100025
6/4/2018 6:00,9.567000389,9.567000389,10.41100025
6/4/2018 7:00,9.777999878,9.777999878,10.41100025
6/4/2018 8:00,10.76299953,10.76299953,10.41100025
6/4/2018 9:00,11.18500042,11.18500042,10.41100025
6/4/2018 10:00,11.18500042,11.18500042,10.41100025
6/4/2018 11:00,11.18500042,11.18500042,10.41100025
6/4/2018 12:00,11.81799984,11.81799984,10.41100025
6/4/2018 13:00,11.67800045,11.67800045,10.41100025
6/4/2018 14:00,12.23999977,12.23999977,10.41100025
6/4/2018 15:00,12.38099957,12.38099957,10.41100025
6/4/2018 16:00,11.60700035,11.60700035,11.32600021
6/4/2018 17:00,10.76299953,10.76299953,11.25599957
6/4/2018 18:00,10.06000042,10.06000042,10.55200005
6/4/2018 19:00,9.637999535,9.637999535,10.62199974
6/4/2018 20:00,9.708000183,9.708000183,10.97399998
6/4/2018 21:00,9.848999977,9.848999977,10.3409996
6/4/2018 22:00,10.27099991,10.27099991,10.13000011
6/4/2018 23:00,10.13000011,10.13000011,9.918999672
6/5/2018 0:00,9.918999672,9.918999672,10.41100025
6/5/2018 1:00,9.637999535,9.637999535,10.41100025
6/5/2018 2:00,9.425999641,9.425999641,10.41100025
6/5/2018 3:00,9.708000183,9.708000183,10.41100025
6/5/2018 4:00,9.918999672,9.918999672,10.41100025
6/5/2018 5:00,9.848999977,9.848999977,10.41100025
6/5/2018 6:00,9.848999977,9.848999977,10.41100025
6/5/2018 7:00,10.06000042,10.06000042,10.41100025
6/5/2018 8:00,9.918999672,9.918999672,10.41100025
6/5/2018 9:00,10.13000011,10.13000011,10.41100025
6/5/2018 10:00,9.848999977,9.848999977,10.41100025
6/5/2018 11:00,9.918999672,9.918999672,10.41100025
6/5/2018 12:00,9.777999878,9.777999878,10.41100025
6/5/2018 13:00,10.13000011,10.13000011,10.41100025
6/5/2018 14:00,10.76299953,10.76299953,10.41100025
6/5/2018 15:00,10.90400028,10.90400028,10.41100025
6/5/2018 16:00,10.97399998,10.97399998,11.32600021
6/5/2018 17:00,10.83300018,10.83300018,11.25599957
6/5/2018 18:00,10.27099991,10.27099991,10.55200005
6/5/2018 19:00,9.567000389,9.567000389,10.62199974
6/5/2018 20:00,9.286000252,9.286000252,10.97399998
6/5/2018 21:00,9.215000153,9.215000153,10.3409996
6/5/2018 22:00,8.934000015,8.934000015,10.13000011
6/5/2018 23:00,8.934000015,8.934000015,9.918999672
6/6/2018 0:00,8.581999779,8.581999779,10.41100025
6/6/2018 1:00,8.581999779,8.581999779,10.41100025
6/6/2018 2:00,8.581999779,8.581999779,10.41100025
6/6/2018 3:00,8.512000084,8.512000084,10.41100025
6/6/2018 4:00,8.37100029,8.37100029,10.41100025
6/6/2018 5:00,8.159999847,8.159999847,10.41100025
6/6/2018 6:00,8.512000084,8.512000084,10.41100025
6/6/2018 7:00,9.496999741,9.496999741,10.41100025
6/6/2018 8:00,10.19999981,10.19999981,10.41100025
6/6/2018 9:00,10.27099991,10.27099991,10.41100025
6/6/2018 10:00,9.98900032,9.98900032,10.41100025
6/6/2018 11:00,10.13000011,10.13000011,10.41100025
6/6/2018 12:00,10.06000042,10.06000042,10.41100025
6/6/2018 13:00,10.55200005,10.55200005,10.41100025
6/6/2018 14:00,12.02900028,12.02900028,10.41100025
6/6/2018 15:00,13.15499973,13.15499973,10.41100025
6/6/2018 16:00,13.29599953,13.29599953,11.32600021
6/6/2018 17:00,12.94400024,12.94400024,11.25599957
6/6/2018 18:00,13.22500038,13.22500038,10.55200005
6/6/2018 19:00,11.39599991,11.39599991,10.62199974
6/6/2018 20:00,10.90400028,10.90400028,10.97399998
6/6/2018 21:00,11.04399967,11.04399967,10.3409996
6/6/2018 22:00,10.55200005,10.55200005,10.13000011
6/6/2018 23:00,10.27099991,10.27099991,9.918999672
6/7/2018 0:00,9.777999878,9.777999878,10.41100025
6/7/2018 1:00,10.13000011,10.13000011,10.41100025
6/7/2018 2:00,10.13000011,10.13000011,10.41100025
6/7/2018 3:00,9.848999977,9.848999977,10.41100025
6/7/2018 4:00,9.98900032,9.98900032,10.41100025
6/7/2018 5:00,9.918999672,9.918999672,10.41100025
6/7/2018 6:00,10.13000011,10.13000011,10.41100025
6/7/2018 7:00,10.48200035,10.48200035,10.41100025
6/7/2018 8:00,10.69299984,10.69299984,10.41100025
6/7/2018 9:00,10.83300018,10.83300018,10.41100025
6/7/2018 10:00,11.11499977,11.11499977,10.41100025
6/7/2018 11:00,11.5369997,11.5369997,10.41100025
6/7/2018 12:00,11.95899963,11.95899963,10.41100025
6/7/2018 13:00,12.02900028,12.02900028,10.41100025
6/7/2018 14:00,12.80300045,12.80300045,10.41100025
6/7/2018 15:00,12.7329998,12.7329998,10.41100025
6/7/2018 16:00,12.6619997,12.6619997,13.29599953
6/7/2018 17:00,12.6619997,12.6619997,12.94400024
6/7/2018 18:00,12.02900028,12.02900028,13.22500038
6/7/2018 19:00,11.67800045,11.67800045,11.39599991
6/7/2018 20:00,11.39599991,11.39599991,10.90400028
6/7/2018 21:00,10.83300018,10.83300018,11.04399967
6/7/2018 22:00,10.83300018,10.83300018,10.55200005
6/7/2018 23:00,10.3409996,10.3409996,10.27099991
6/8/2018 0:00,10.48200035,10.48200035,9.777999878
6/8/2018 1:00,10.41100025,10.41100025,10.13000011
6/8/2018 2:00,10.13000011,10.13000011,10.13000011
6/8/2018 3:00,10.06000042,10.06000042,9.848999977
6/8/2018 4:00,9.98900032,9.98900032,9.98900032
6/8/2018 5:00,9.708000183,9.708000183,9.918999672
6/8/2018 6:00,9.425999641,9.425999641,10.13000011
6/8/2018 7:00,9.777999878,9.777999878,10.48200035
6/8/2018 8:00,10.13000011,10.13000011,10.69299984
6/8/2018 9:00,10.19999981,10.19999981,10.83300018
6/8/2018 10:00,10.06000042,10.06000042,11.11499977
6/8/2018 11:00,10.3409996,10.3409996,11.5369997
6/8/2018 12:00,10.13000011,10.13000011,11.95899963
6/8/2018 13:00,9.918999672,9.918999672,12.02900028
6/8/2018 14:00,10.19999981,10.19999981,12.80300045
6/8/2018 15:00,10.3409996,10.3409996,12.7329998
6/8/2018 16:00,10.13000011,10.13000011,13.29599953
6/8/2018 17:00,9.918999672,9.918999672,12.94400024
6/8/2018 18:00,8.934000015,8.934000015,13.22500038
6/8/2018 19:00,9.00399971,9.00399971,11.39599991
6/8/2018 20:00,9.355999947,9.355999947,10.90400028
6/8/2018 21:00,8.86400032,8.86400032,11.04399967
6/8/2018 22:00,9.074999809,9.074999809,10.55200005
6/8/2018 23:00,8.722999573,8.722999573,10.27099991
6/9/2018 0:00,8.86400032,8.86400032,9.777999878
6/9/2018 1:00,8.86400032,8.86400032,10.13000011
6/9/2018 2:00,8.300999641,8.300999641,10.13000011
6/9/2018 3:00,8.020000458,8.020000458,9.848999977
6/9/2018 4:00,8.020000458,8.020000458,9.98900032
6/9/2018 5:00,8.159999847,8.159999847,9.918999672
6/9/2018 6:00,8.159999847,8.159999847,10.13000011
6/9/2018 7:00,8.159999847,8.159999847,10.48200035
6/9/2018 8:00,8.512000084,8.512000084,10.69299984
6/9/2018 9:00,8.442000389,8.442000389,10.83300018
6/9/2018 10:00,6.823999882,6.823999882,11.11499977
6/9/2018 11:00,3.025000095,3.025000095,11.5369997
6/9/2018 12:00,4.150000095,4.150000095,11.95899963
6/9/2018 13:00,3.938999891,3.938999891,12.02900028
6/9/2018 14:00,4.78399992,4.78399992,12.80300045
6/9/2018 15:00,5.768000126,5.768000126,12.7329998
6/9/2018 16:00,6.683000088,6.683000088,13.29599953
6/9/2018 17:00,6.894000053,6.894000053,12.94400024
6/9/2018 18:00,7.034999847,7.034999847,13.22500038
6/9/2018 19:00,6.40199995,6.40199995,11.39599991
6/9/2018 20:00,6.330999851,6.330999851,10.90400028
6/9/2018 21:00,6.050000191,6.050000191,11.04399967
6/9/2018 22:00,6.894000053,6.894000053,10.55200005
6/9/2018 23:00,7.245999813,7.245999813,10.27099991
6/10/2018 0:00,6.261000156,6.261000156,9.777999878
6/10/2018 1:00,6.823999882,6.823999882,10.13000011
6/10/2018 2:00,7.315999985,7.315999985,10.13000011
6/10/2018 3:00,7.668000221,7.668000221,9.848999977
6/10/2018 4:00,7.737999916,7.737999916,9.98900032
6/10/2018 5:00,7.456999779,7.456999779,9.918999672
6/10/2018 6:00,7.668000221,7.668000221,10.13000011
6/10/2018 7:00,8.020000458,8.020000458,10.48200035
6/10/2018 8:00,8.300999641,8.300999641,10.69299984
6/10/2018 9:00,8.159999847,8.159999847,10.83300018
6/10/2018 10:00,8.090000153,8.090000153,11.11499977
6/10/2018 11:00,8.090000153,8.090000153,11.5369997
6/10/2018 12:00,8.37100029,8.37100029,11.95899963
6/10/2018 13:00,8.934000015,8.934000015,12.02900028
6/10/2018 14:00,9.425999641,9.425999641,12.80300045
6/10/2018 15:00,9.567000389,9.567000389,12.7329998
6/10/2018 16:00,9.98900032,9.98900032,13.29599953
6/10/2018 17:00,9.286000252,9.286000252,12.94400024
6/10/2018 18:00,9.286000252,9.286000252,13.22500038
6/10/2018 19:00,9.145000458,9.145000458,11.39599991
6/10/2018 20:00,8.442000389,8.442000389,10.90400028
6/10/2018 21:00,8.722999573,8.722999573,11.04399967
6/10/2018 22:00,8.442000389,8.442000389,10.55200005
6/10/2018 23:00,8.230999947,8.230999947,10.27099991
6/11/2018 0:00,8.300999641,8.300999641,9.777999878
6/11/2018 1:00,7.879000187,7.879000187,10.13000011
6/11/2018 2:00,7.809000015,7.809000015,10.13000011
6/11/2018 3:00,7.809000015,7.809000015,9.848999977
6/11/2018 4:00,7.948999882,7.948999882,9.98900032
6/11/2018 5:00,7.948999882,7.948999882,9.918999672
6/11/2018 6:00,8.159999847,8.159999847,10.13000011
6/11/2018 7:00,8.512000084,8.512000084,10.48200035
6/11/2018 8:00,9.074999809,9.074999809,10.69299984
6/11/2018 9:00,9.074999809,9.074999809,10.83300018
6/11/2018 10:00,9.00399971,9.00399971,11.11499977
6/11/2018 11:00,9.074999809,9.074999809,11.5369997
6/11/2018 12:00,9.567000389,9.567000389,11.95899963
6/11/2018 13:00,10.19999981,10.19999981,12.02900028
6/11/2018 14:00,11.04399967,11.04399967,12.80300045
6/11/2018 15:00,12.02900028,12.02900028,12.7329998
6/11/2018 16:00,12.17000008,12.17000008,13.29599953
6/11/2018 17:00,12.31099987,12.31099987,12.94400024
6/11/2018 18:00,10.55200005,10.55200005,13.22500038
6/11/2018 19:00,10.90400028,10.90400028,11.39599991
6/11/2018 20:00,10.27099991,10.27099991,10.90400028
6/11/2018 21:00,10.27099991,10.27099991,11.04399967
6/11/2018 22:00,9.777999878,9.777999878,10.55200005
6/11/2018 23:00,9.848999977,9.848999977,10.27099991
6/12/2018 0:00,10.06000042,10.06000042,9.777999878
6/12/2018 1:00,9.777999878,9.777999878,10.13000011
6/12/2018 2:00,9.496999741,9.496999741,10.13000011
6/12/2018 3:00,9.848999977,9.848999977,9.848999977
6/12/2018 4:00,9.708000183,9.708000183,9.98900032
6/12/2018 5:00,9.496999741,9.496999741,9.918999672
6/12/2018 6:00,9.567000389,9.567000389,10.13000011
6/12/2018 7:00,10.3409996,10.3409996,10.48200035
6/12/2018 8:00,10.41100025,10.41100025,10.69299984
6/12/2018 9:00,10.62199974,10.62199974,10.83300018
6/12/2018 10:00,10.27099991,10.27099991,11.11499977
6/12/2018 11:00,10.3409996,10.3409996,11.5369997
6/12/2018 12:00,10.83300018,10.83300018,11.95899963
6/12/2018 13:00,11.5369997,11.5369997,12.02900028
6/12/2018 14:00,12.10000038,12.10000038,12.80300045
6/12/2018 15:00,13.57699966,13.57699966,12.7329998
6/12/2018 16:00,14.27999973,14.27999973,13.29599953
6/12/2018 17:00,13.50699997,13.50699997,12.94400024
6/12/2018 18:00,13.9289999,13.9289999,13.22500038
6/12/2018 19:00,12.02900028,12.02900028,11.39599991
6/12/2018 20:00,11.67800045,11.67800045,10.90400028
6/12/2018 21:00,11.04399967,11.04399967,11.04399967
6/12/2018 22:00,10.90400028,10.90400028,10.55200005
6/12/2018 23:00,11.18500042,11.18500042,10.27099991
6/13/2018 0:00,11.18500042,11.18500042,9.777999878
6/13/2018 1:00,10.76299953,10.76299953,10.13000011
6/13/2018 2:00,10.90400028,10.90400028,10.13000011
6/13/2018 3:00,10.83300018,10.83300018,9.848999977
6/13/2018 4:00,10.83300018,10.83300018,9.98900032
6/13/2018 5:00,10.62199974,10.62199974,9.918999672
6/13/2018 6:00,10.97399998,10.97399998,10.13000011
6/13/2018 7:00,11.46700001,11.46700001,10.48200035
6/13/2018 8:00,11.81799984,11.81799984,10.69299984
6/13/2018 9:00,11.18500042,11.18500042,10.83300018
6/13/2018 10:00,11.18500042,11.18500042,11.11499977
6/13/2018 11:00,11.5369997,11.5369997,11.5369997
6/13/2018 12:00,11.32600021,11.32600021,11.95899963
6/13/2018 13:00,12.31099987,12.31099987,12.02900028
6/13/2018 14:00,13.29599953,13.29599953,12.80300045
6/13/2018 15:00,14.14000034,14.14000034,12.7329998
6/13/2018 16:00,14.35099983,14.35099983,13.29599953
6/13/2018 17:00,13.64700031,13.64700031,12.94400024
6/13/2018 18:00,12.59200001,12.59200001,13.22500038
6/13/2018 19:00,11.67800045,11.67800045,11.39599991
6/13/2018 20:00,10.90400028,10.90400028,10.90400028
6/13/2018 21:00,10.69299984,10.69299984,11.04399967
6/13/2018 22:00,10.55200005,10.55200005,10.55200005
6/13/2018 23:00,10.55200005,10.55200005,10.27099991
6/14/2018 0:00,10.90400028,10.90400028,9.777999878
6/14/2018 1:00,10.90400028,10.90400028,10.13000011
6/14/2018 2:00,10.69299984,10.69299984,10.13000011
6/14/2018 3:00,10.97399998,10.97399998,9.848999977
6/14/2018 4:00,11.11499977,11.11499977,9.98900032
6/14/2018 5:00,10.83300018,10.83300018,9.918999672
6/14/2018 6:00,10.97399998,10.97399998,10.13000011
6/14/2018 7:00,10.90400028,10.90400028,10.48200035
6/14/2018 8:00,11.11499977,11.11499977,10.69299984
6/14/2018 9:00,11.11499977,11.11499977,10.83300018
6/14/2018 10:00,11.18500042,11.18500042,11.11499977
6/14/2018 11:00,11.25599957,11.25599957,11.5369997
6/14/2018 12:00,11.18500042,11.18500042,11.95899963
6/14/2018 13:00,11.81799984,11.81799984,12.02900028
6/14/2018 14:00,13.29599953,13.29599953,12.80300045
6/14/2018 15:00,13.57699966,13.57699966,12.7329998
6/14/2018 16:00,13.22500038,13.22500038,14.35099983
6/14/2018 17:00,13.08500004,13.08500004,13.64700031
6/14/2018 18:00,11.46700001,11.46700001,12.59200001
6/14/2018 19:00,11.32600021,11.32600021,11.67800045
6/14/2018 20:00,11.32600021,11.32600021,10.90400028
6/14/2018 21:00,11.18500042,11.18500042,10.69299984
6/14/2018 22:00,11.32600021,11.32600021,10.55200005
6/14/2018 23:00,10.62199974,10.62199974,10.55200005
6/15/2018 0:00,10.19999981,10.19999981,10.90400028
6/15/2018 1:00,10.19999981,10.19999981,10.90400028
6/15/2018 2:00,9.848999977,9.848999977,10.69299984
6/15/2018 3:00,10.13000011,10.13000011,10.97399998
6/15/2018 4:00,10.97399998,10.97399998,11.11499977
6/15/2018 5:00,10.19999981,10.19999981,10.83300018
6/15/2018 6:00,10.83300018,10.83300018,10.97399998
6/15/2018 7:00,11.11499977,11.11499977,10.90400028
6/15/2018 8:00,11.5369997,11.5369997,11.11499977
6/15/2018 9:00,10.55200005,10.55200005,11.11499977
6/15/2018 10:00,10.48200035,10.48200035,11.18500042
6/15/2018 11:00,10.3409996,10.3409996,11.25599957
6/15/2018 12:00,10.90400028,10.90400028,11.18500042
6/15/2018 13:00,11.11499977,11.11499977,11.81799984
6/15/2018 14:00,11.25599957,11.25599957,13.29599953
6/15/2018 15:00,11.81799984,11.81799984,13.57699966
6/15/2018 16:00,12.38099957,12.38099957,14.35099983
6/15/2018 17:00,11.95899963,11.95899963,13.64700031
6/15/2018 18:00,11.74800014,11.74800014,12.59200001
6/15/2018 19:00,10.48200035,10.48200035,11.67800045
6/15/2018 20:00,9.848999977,9.848999977,10.90400028
6/15/2018 21:00,9.425999641,9.425999641,10.69299984
6/15/2018 22:00,9.496999741,9.496999741,10.55200005
6/15/2018 23:00,9.425999641,9.425999641,10.55200005
6/16/2018 0:00,9.215000153,9.215000153,10.90400028
6/16/2018 1:00,9.286000252,9.286000252,10.90400028
6/16/2018 2:00,9.00399971,9.00399971,10.69299984
6/16/2018 3:00,8.86400032,8.86400032,10.97399998
6/16/2018 4:00,8.512000084,8.512000084,11.11499977
6/16/2018 5:00,8.512000084,8.512000084,10.83300018
6/16/2018 6:00,8.581999779,8.581999779,10.97399998
6/16/2018 7:00,8.793000221,8.793000221,10.90400028
6/16/2018 8:00,9.425999641,9.425999641,11.11499977
6/16/2018 9:00,8.722999573,8.722999573,11.11499977
6/16/2018 10:00,9.145000458,9.145000458,11.18500042
6/16/2018 11:00,9.00399971,9.00399971,11.25599957
6/16/2018 12:00,9.215000153,9.215000153,11.18500042
6/16/2018 13:00,9.425999641,9.425999641,11.81799984
6/16/2018 14:00,10.13000011,10.13000011,13.29599953
6/16/2018 15:00,10.76299953,10.76299953,13.57699966
6/16/2018 16:00,10.55200005,10.55200005,14.35099983
6/16/2018 17:00,9.918999672,9.918999672,13.64700031
6/16/2018 18:00,9.355999947,9.355999947,12.59200001
6/16/2018 19:00,9.215000153,9.215000153,11.67800045
6/16/2018 20:00,9.215000153,9.215000153,10.90400028
6/16/2018 21:00,8.442000389,8.442000389,10.69299984
6/16/2018 22:00,8.512000084,8.512000084,10.55200005
6/16/2018 23:00,8.300999641,8.300999641,10.55200005
6/17/2018 0:00,8.159999847,8.159999847,10.90400028
6/17/2018 1:00,8.512000084,8.512000084,10.90400028
6/17/2018 2:00,8.020000458,8.020000458,10.69299984
6/17/2018 3:00,8.020000458,8.020000458,10.97399998
6/17/2018 4:00,8.020000458,8.020000458,11.11499977
6/17/2018 5:00,7.948999882,7.948999882,10.83300018
6/17/2018 6:00,7.668000221,7.668000221,10.97399998
6/17/2018 7:00,7.948999882,7.948999882,10.90400028
6/17/2018 8:00,8.230999947,8.230999947,11.11499977
6/17/2018 9:00,8.37100029,8.37100029,11.11499977
6/17/2018 10:00,8.442000389,8.442000389,11.18500042
6/17/2018 11:00,8.652999878,8.652999878,11.25599957
6/17/2018 12:00,9.286000252,9.286000252,11.18500042
6/17/2018 13:00,10.27099991,10.27099991,11.81799984
6/17/2018 14:00,11.32600021,11.32600021,13.29599953
6/17/2018 15:00,12.45100021,12.45100021,13.57699966
6/17/2018 16:00,12.38099957,12.38099957,14.35099983
6/17/2018 17:00,11.5369997,11.5369997,13.64700031
6/17/2018 18:00,11.32600021,11.32600021,12.59200001
6/17/2018 19:00,10.83300018,10.83300018,11.67800045
6/17/2018 20:00,10.27099991,10.27099991,10.90400028
6/17/2018 21:00,10.19999981,10.19999981,10.69299984
6/17/2018 22:00,9.637999535,9.637999535,10.55200005
6/17/2018 23:00,9.567000389,9.567000389,10.55200005
6/18/2018 0:00,9.286000252,9.286000252,10.90400028
6/18/2018 1:00,9.215000153,9.215000153,10.90400028
6/18/2018 2:00,9.215000153,9.215000153,10.69299984
6/18/2018 3:00,8.86400032,8.86400032,10.97399998
6/18/2018 4:00,9.074999809,9.074999809,11.11499977
6/18/2018 5:00,9.00399971,9.00399971,10.83300018
6/18/2018 6:00,9.215000153,9.215000153,10.97399998
6/18/2018 7:00,9.286000252,9.286000252,10.90400028
6/18/2018 8:00,9.145000458,9.145000458,11.11499977
6/18/2018 9:00,9.777999878,9.777999878,11.11499977
6/18/2018 10:00,9.98900032,9.98900032,11.18500042
6/18/2018 11:00,10.06000042,10.06000042,11.25599957
6/18/2018 12:00,10.83300018,10.83300018,11.18500042
6/18/2018 13:00,11.18500042,11.18500042,11.81799984
6/18/2018 14:00,11.95899963,11.95899963,13.29599953
6/18/2018 15:00,13.08500004,13.08500004,13.57699966
6/18/2018 16:00,11.95899963,11.95899963,14.35099983
6/18/2018 17:00,12.02900028,12.02900028,13.64700031
6/18/2018 18:00,12.02900028,12.02900028,12.59200001
6/18/2018 19:00,11.81799984,11.81799984,11.67800045
6/18/2018 20:00,10.62199974,10.62199974,10.90400028
6/18/2018 21:00,10.19999981,10.19999981,10.69299984
6/18/2018 22:00,10.13000011,10.13000011,10.55200005
6/18/2018 23:00,10.27099991,10.27099991,10.55200005
6/19/2018 0:00,9.777999878,9.777999878,10.90400028
6/19/2018 1:00,9.215000153,9.215000153,10.90400028
6/19/2018 2:00,9.215000153,9.215000153,10.69299984
6/19/2018 3:00,9.074999809,9.074999809,10.97399998
6/19/2018 4:00,9.00399971,9.00399971,11.11499977
6/19/2018 5:00,9.145000458,9.145000458,10.83300018
6/19/2018 6:00,9.637999535,9.637999535,10.97399998
6/19/2018 7:00,9.496999741,9.496999741,10.90400028
6/19/2018 8:00,9.074999809,9.074999809,11.11499977
6/19/2018 9:00,9.355999947,9.355999947,11.11499977
6/19/2018 10:00,9.777999878,9.777999878,11.18500042
6/19/2018 11:00,9.848999977,9.848999977,11.25599957
6/19/2018 12:00,10.13000011,10.13000011,11.18500042
6/19/2018 13:00,9.777999878,9.777999878,11.81799984
6/19/2018 14:00,5.55700016,5.55700016,13.29599953
6/19/2018 15:00,5.627999783,5.627999783,13.57699966
6/19/2018 16:00,4.643000126,4.643000126,14.35099983
6/19/2018 17:00,5.276000023,5.276000023,13.64700031
6/19/2018 18:00,6.683000088,6.683000088,12.59200001
6/19/2018 19:00,6.752999783,6.752999783,11.67800045
6/19/2018 20:00,7.105000019,7.105000019,10.90400028
6/19/2018 21:00,4.572999954,4.572999954,10.69299984
6/19/2018 22:00,5.135000229,5.135000229,10.55200005
6/19/2018 23:00,5.90899992,5.90899992,10.55200005
6/20/2018 0:00,6.541999817,6.541999817,10.90400028
6/20/2018 1:00,7.315999985,7.315999985,10.90400028
6/20/2018 2:00,6.964000225,6.964000225,10.69299984
6/20/2018 3:00,7.105000019,7.105000019,10.97399998
6/20/2018 4:00,7.105000019,7.105000019,11.11499977
6/20/2018 5:00,7.105000019,7.105000019,10.83300018
6/20/2018 6:00,7.315999985,7.315999985,10.97399998
6/20/2018 7:00,7.456999779,7.456999779,10.90400028
6/20/2018 8:00,7.105000019,7.105000019,11.11499977
6/20/2018 9:00,7.456999779,7.456999779,11.11499977
6/20/2018 10:00,8.090000153,8.090000153,11.18500042
6/20/2018 11:00,8.090000153,8.090000153,11.25599957
6/20/2018 12:00,8.512000084,8.512000084,11.18500042
6/20/2018 13:00,8.37100029,8.37100029,11.81799984
6/20/2018 14:00,8.934000015,8.934000015,13.29599953
6/20/2018 15:00,8.722999573,8.722999573,13.57699966
6/20/2018 16:00,8.86400032,8.86400032,14.35099983
6/20/2018 17:00,9.286000252,9.286000252,13.64700031
6/20/2018 18:00,9.145000458,9.145000458,12.59200001
6/20/2018 19:00,9.286000252,9.286000252,11.67800045
6/20/2018 20:00,9.215000153,9.215000153,10.90400028
6/20/2018 21:00,8.652999878,8.652999878,10.69299984
6/20/2018 22:00,8.722999573,8.722999573,10.55200005
6/20/2018 23:00,9.00399971,9.00399971,10.55200005
6/21/2018 0:00,9.00399971,9.00399971,10.90400028
6/21/2018 1:00,8.934000015,8.934000015,10.90400028
6/21/2018 2:00,8.581999779,8.581999779,10.69299984
6/21/2018 3:00,8.37100029,8.37100029,10.97399998
6/21/2018 4:00,8.512000084,8.512000084,11.11499977
6/21/2018 5:00,8.512000084,8.512000084,10.83300018
6/21/2018 6:00,8.86400032,8.86400032,10.97399998
6/21/2018 7:00,8.300999641,8.300999641,10.90400028
6/21/2018 8:00,8.86400032,8.86400032,11.11499977
6/21/2018 9:00,8.512000084,8.512000084,11.11499977
6/21/2018 10:00,8.37100029,8.37100029,11.18500042
6/21/2018 11:00,8.512000084,8.512000084,11.25599957
6/21/2018 12:00,8.442000389,8.442000389,11.18500042
6/21/2018 13:00,8.86400032,8.86400032,11.81799984
6/21/2018 14:00,9.567000389,9.567000389,13.29599953
6/21/2018 15:00,9.918999672,9.918999672,13.57699966
6/21/2018 16:00,10.06000042,10.06000042,8.86400032
6/21/2018 17:00,9.848999977,9.848999977,9.286000252
6/21/2018 18:00,9.637999535,9.637999535,9.145000458
6/21/2018 19:00,9.00399971,9.00399971,9.286000252
6/21/2018 20:00,8.652999878,8.652999878,9.215000153
6/21/2018 21:00,8.37100029,8.37100029,8.652999878
6/21/2018 22:00,8.159999847,8.159999847,8.722999573
6/21/2018 23:00,8.090000153,8.090000153,9.00399971
6/22/2018 0:00,8.230999947,8.230999947,9.00399971
6/22/2018 1:00,8.37100029,8.37100029,8.934000015
6/22/2018 2:00,8.159999847,8.159999847,8.581999779
6/22/2018 3:00,8.020000458,8.020000458,8.37100029
6/22/2018 4:00,7.809000015,7.809000015,8.512000084
6/22/2018 5:00,7.668000221,7.668000221,8.512000084
6/22/2018 6:00,5.627999783,5.627999783,8.86400032
6/22/2018 7:00,7.034999847,7.034999847,8.300999641
6/22/2018 8:00,4.854000092,4.854000092,8.86400032
6/22/2018 9:00,6.683000088,6.683000088,8.512000084
6/22/2018 10:00,6.40199995,6.40199995,8.37100029
6/22/2018 11:00,6.752999783,6.752999783,8.512000084
6/22/2018 12:00,3.657999992,3.657999992,8.442000389
6/22/2018 13:00,3.657999992,3.657999992,8.86400032
6/22/2018 14:00,4.150000095,4.150000095,9.567000389
6/22/2018 15:00,4.643000126,4.643000126,9.918999672
6/22/2018 16:00,5.979000092,5.979000092,8.86400032
6/22/2018 17:00,4.361999989,4.361999989,9.286000252
6/22/2018 18:00,4.643000126,4.643000126,9.145000458
6/22/2018 19:00,5.839000225,5.839000225,9.286000252
6/22/2018 20:00,5.90899992,5.90899992,9.215000153
6/22/2018 21:00,5.979000092,5.979000092,8.652999878
6/22/2018 22:00,5.839000225,5.839000225,8.722999573
6/22/2018 23:00,5.839000225,5.839000225,9.00399971
6/23/2018 0:00,5.346000195,5.346000195,9.00399971
6/23/2018 1:00,5.416999817,5.416999817,8.934000015
6/23/2018 2:00,5.416999817,5.416999817,8.581999779
6/23/2018 3:00,5.768000126,5.768000126,8.37100029
6/23/2018 4:00,5.90899992,5.90899992,8.512000084
6/23/2018 5:00,6.261000156,6.261000156,8.512000084
6/23/2018 6:00,6.683000088,6.683000088,8.86400032
6/23/2018 7:00,6.472000122,6.472000122,8.300999641
6/23/2018 8:00,6.40199995,6.40199995,8.86400032
6/23/2018 9:00,6.964000225,6.964000225,8.512000084
6/23/2018 10:00,7.52699995,7.52699995,8.37100029
6/23/2018 11:00,7.737999916,7.737999916,8.512000084
6/23/2018 12:00,7.809000015,7.809000015,8.442000389
6/23/2018 13:00,7.668000221,7.668000221,8.86400032
6/23/2018 14:00,8.159999847,8.159999847,9.567000389
6/23/2018 15:00,7.809000015,7.809000015,9.918999672
6/23/2018 16:00,8.159999847,8.159999847,8.86400032
6/23/2018 17:00,7.809000015,7.809000015,9.286000252
6/23/2018 18:00,8.300999641,8.300999641,9.145000458
6/23/2018 19:00,8.020000458,8.020000458,9.286000252
6/23/2018 20:00,7.668000221,7.668000221,9.215000153
6/23/2018 21:00,7.386000156,7.386000156,8.652999878
6/23/2018 22:00,7.315999985,7.315999985,8.722999573
6/23/2018 23:00,7.175000191,7.175000191,9.00399971
6/24/2018 0:00,6.894000053,6.894000053,9.00399971
6/24/2018 1:00,6.612999916,6.612999916,8.934000015
6/24/2018 2:00,6.40199995,6.40199995,8.581999779
6/24/2018 3:00,6.541999817,6.541999817,8.37100029
6/24/2018 4:00,6.964000225,6.964000225,8.512000084
6/24/2018 5:00,6.894000053,6.894000053,8.512000084
6/24/2018 6:00,7.456999779,7.456999779,8.86400032
6/24/2018 7:00,7.456999779,7.456999779,8.300999641
6/24/2018 8:00,8.442000389,8.442000389,8.86400032
6/24/2018 9:00,7.948999882,7.948999882,8.512000084
6/24/2018 10:00,8.512000084,8.512000084,8.37100029
6/24/2018 11:00,9.00399971,9.00399971,8.512000084
6/24/2018 12:00,9.286000252,9.286000252,8.442000389
6/24/2018 13:00,9.215000153,9.215000153,8.86400032
6/24/2018 14:00,9.286000252,9.286000252,9.567000389
6/24/2018 15:00,9.355999947,9.355999947,9.918999672
6/24/2018 16:00,9.496999741,9.496999741,8.86400032
6/24/2018 17:00,9.215000153,9.215000153,9.286000252
6/24/2018 18:00,9.145000458,9.145000458,9.145000458
6/24/2018 19:00,9.074999809,9.074999809,9.286000252
6/24/2018 20:00,8.86400032,8.86400032,9.215000153
6/24/2018 21:00,8.37100029,8.37100029,8.652999878
6/24/2018 22:00,8.37100029,8.37100029,8.722999573
6/24/2018 23:00,8.512000084,8.512000084,9.00399971
6/25/2018 0:00,8.722999573,8.722999573,9.00399971
6/25/2018 1:00,9.00399971,9.00399971,8.934000015
6/25/2018 2:00,9.567000389,9.567000389,8.581999779
6/25/2018 3:00,9.567000389,9.567000389,8.37100029
6/25/2018 4:00,8.512000084,8.512000084,8.512000084
6/25/2018 5:00,8.652999878,8.652999878,8.512000084
6/25/2018 6:00,8.934000015,8.934000015,8.86400032
6/25/2018 7:00,9.567000389,9.567000389,8.300999641
6/25/2018 8:00,10.97399998,10.97399998,8.86400032
6/25/2018 9:00,11.46700001,11.46700001,8.512000084
6/25/2018 10:00,11.18500042,11.18500042,8.37100029
6/25/2018 11:00,10.69299984,10.69299984,8.512000084
6/25/2018 12:00,10.27099991,10.27099991,8.442000389
6/25/2018 13:00,10.62199974,10.62199974,8.86400032
6/25/2018 14:00,11.25599957,11.25599957,9.567000389
6/25/2018 15:00,11.60700035,11.60700035,9.918999672
6/25/2018 16:00,12.38099957,12.38099957,8.86400032
6/25/2018 17:00,11.46700001,11.46700001,9.286000252
6/25/2018 18:00,11.18500042,11.18500042,9.145000458
6/25/2018 19:00,10.55200005,10.55200005,9.286000252
6/25/2018 20:00,9.98900032,9.98900032,9.215000153
6/25/2018 21:00,9.98900032,9.98900032,8.652999878
6/25/2018 22:00,9.567000389,9.567000389,8.722999573
6/25/2018 23:00,9.425999641,9.425999641,9.00399971
6/26/2018 0:00,9.708000183,9.708000183,9.00399971
6/26/2018 1:00,9.637999535,9.637999535,8.934000015
6/26/2018 2:00,9.777999878,9.777999878,8.581999779
6/26/2018 3:00,9.567000389,9.567000389,8.37100029
6/26/2018 4:00,9.425999641,9.425999641,8.512000084
6/26/2018 5:00,9.286000252,9.286000252,8.512000084
6/26/2018 6:00,9.286000252,9.286000252,8.86400032
6/26/2018 7:00,9.637999535,9.637999535,8.300999641
6/26/2018 8:00,9.425999641,9.425999641,8.86400032
6/26/2018 9:00,9.074999809,9.074999809,8.512000084
6/26/2018 10:00,8.934000015,8.934000015,8.37100029
6/26/2018 11:00,9.215000153,9.215000153,8.512000084
6/26/2018 12:00,9.215000153,9.215000153,8.442000389
6/26/2018 13:00,9.425999641,9.425999641,8.86400032
6/26/2018 14:00,10.19999981,10.19999981,9.567000389
6/26/2018 15:00,10.90400028,10.90400028,9.918999672
6/26/2018 16:00,11.04399967,11.04399967,8.86400032
6/26/2018 17:00,10.27099991,10.27099991,9.286000252
6/26/2018 18:00,9.777999878,9.777999878,9.145000458
6/26/2018 19:00,9.567000389,9.567000389,9.286000252
