date,OT,actual,forecast
2/1/2018 16:00,3.799000025,3.799000025,3.938999891
2/1/2018 17:00,3.588000059,3.588000059,3.799000025
2/1/2018 18:00,3.799000025,3.799000025,3.588000059
2/1/2018 19:00,3.588000059,3.588000059,3.799000025
2/1/2018 20:00,3.305999994,3.305999994,3.588000059
2/1/2018 21:00,3.657999992,3.657999992,3.305999994
2/1/2018 22:00,4.290999889,4.290999889,3.6579999920000006
2/1/2018 23:00,3.938999891,3.938999891,4.290999889
2/2/2018 0:00,3.799000025,3.799000025,3.938999891
2/2/2018 1:00,4.361999989,4.361999989,3.799000025
2/2/2018 2:00,4.643000126,4.643000126,4.361999989
2/2/2018 3:00,4.221000195,4.221000195,4.643000126
2/2/2018 4:00,4.079999924,4.079999924,4.221000195
2/2/2018 5:00,3.868999958,3.868999958,4.079999924
2/2/2018 6:00,3.938999891,3.938999891,3.8689999580000003
2/2/2018 7:00,3.727999926,3.727999926,3.938999891
2/2/2018 8:00,3.868999958,3.868999958,3.727999926
2/2/2018 9:00,4.43200016,4.43200016,3.868999958
2/2/2018 10:00,3.377000093,3.377000093,4.43200016
2/2/2018 11:00,4.079999924,4.079999924,3.3770000930000004
2/2/2018 12:00,3.588000059,3.588000059,4.079999924
2/2/2018 13:00,3.447000027,3.447000027,3.588000059
2/2/2018 14:00,3.305999994,3.305999994,3.447000027
2/2/2018 15:00,3.868999958,3.868999958,3.305999994
2/2/2018 16:00,3.305999994,3.305999994,3.868999958
2/2/2018 17:00,3.51699996,3.51699996,3.305999994
2/2/2018 18:00,2.321000099,2.321000099,3.51699996
2/2/2018 19:00,2.039999962,2.039999962,2.321000099
2/2/2018 20:00,1.899000049,1.899000049,2.039999962
2/2/2018 21:00,2.461999893,2.461999893,1.899000049
2/2/2018 22:00,2.532000065,2.532000065,2.461999893
2/2/2018 23:00,2.039999962,2.039999962,2.532000065
2/3/2018 0:00,2.039999962,2.039999962,2.1117460080252934
2/3/2018 1:00,0.843999982,0.843999982,2.039999962
2/3/2018 2:00,0.703000009,0.703000009,0.8439999820000004
2/3/2018 3:00,0.703000009,0.703000009,0.703000009
2/3/2018 4:00,1.337000012,1.337000012,0.703000009
2/3/2018 5:00,0.773999989,0.773999989,1.337000012
2/3/2018 6:00,0.0,0.0,0.773999989
2/3/2018 7:00,0.0,0.0,-1.1102230246251565e-16
2/3/2018 8:00,0.0,0.0,0.0
2/3/2018 9:00,0.773999989,0.773999989,0.0
2/3/2018 10:00,1.406999946,1.406999946,0.773999989
2/3/2018 11:00,2.039999962,2.039999962,1.406999946
2/3/2018 12:00,1.266000032,1.266000032,2.039999962
2/3/2018 13:00,1.970000029,1.970000029,1.266000032
2/3/2018 14:00,3.447000027,3.447000027,1.970000029
2/3/2018 15:00,3.447000027,3.447000027,3.447000027
2/3/2018 16:00,3.657999992,3.657999992,3.447000027
2/3/2018 17:00,3.236000061,3.236000061,3.657999992
2/3/2018 18:00,2.461999893,2.461999893,3.236000061
2/3/2018 19:00,2.39199996,2.39199996,2.2744323324257554
2/3/2018 20:00,1.687999964,1.687999964,2.39199996
2/3/2018 21:00,1.266000032,1.266000032,1.6879999639999999
2/3/2018 22:00,2.180999994,2.180999994,1.266000032
2/3/2018 23:00,0.773999989,0.773999989,2.180999994
2/4/2018 0:00,1.899000049,1.899000049,0.7739999889999998
2/4/2018 1:00,1.828999996,1.828999996,1.899000049
2/4/2018 2:00,2.250999928,2.250999928,1.828999996
2/4/2018 3:00,2.039999962,2.039999962,2.250999928
2/4/2018 4:00,2.180999994,2.180999994,2.039999962
2/4/2018 5:00,2.39199996,2.39199996,2.180999994
2/4/2018 6:00,1.687999964,1.687999964,2.39199996
2/4/2018 7:00,1.547999978,1.547999978,1.6879999640000003
2/4/2018 8:00,1.899000049,1.899000049,1.547999978
2/4/2018 9:00,2.673000097,2.673000097,1.899000049
2/4/2018 10:00,2.884000063,2.884000063,2.673000097
2/4/2018 11:00,3.799000025,3.799000025,2.884000063
2/4/2018 12:00,2.954999924,2.954999924,3.799000025
2/4/2018 13:00,3.377000093,3.377000093,2.954999924
2/4/2018 14:00,4.43200016,4.43200016,3.377000093
2/4/2018 15:00,3.868999958,3.868999958,4.43200016
2/4/2018 16:00,4.150000095,4.150000095,3.868999958
2/4/2018 17:00,4.150000095,4.150000095,4.150000095
2/4/2018 18:00,3.236000061,3.236000061,4.150000095
2/4/2018 19:00,2.884000063,2.884000063,3.2360000609999995
2/4/2018 20:00,2.461999893,2.461999893,2.884000063
2/4/2018 21:00,3.447000027,3.447000027,2.461999893
2/4/2018 22:00,4.079999924,4.079999924,3.447000027
2/4/2018 23:00,3.588000059,3.588000059,4.079999924
2/5/2018 0:00,4.290999889,4.290999889,3.5880000589999996
2/5/2018 1:00,3.799000025,3.799000025,4.290999889
2/5/2018 2:00,3.165999889,3.165999889,3.7990000250000002
2/5/2018 3:00,4.079999924,4.079999924,3.165999889
2/5/2018 4:00,3.095000029,3.095000029,4.079999924
2/5/2018 5:00,3.588000059,3.588000059,3.0950000290000004
2/5/2018 6:00,2.884000063,2.884000063,3.588000059
2/5/2018 7:00,3.025000095,3.025000095,2.884000063
2/5/2018 8:00,3.588000059,3.588000059,3.025000095
2/5/2018 9:00,3.447000027,3.447000027,3.588000059
2/5/2018 10:00,2.884000063,2.884000063,3.447000027
2/5/2018 11:00,3.868999958,3.868999958,2.884000063
2/5/2018 12:00,2.884000063,2.884000063,3.868999958
2/5/2018 13:00,3.305999994,3.305999994,2.884000063
2/5/2018 14:00,4.501999855,4.501999855,3.305999994
2/5/2018 15:00,4.010000229,4.010000229,4.501999855
2/5/2018 16:00,4.079999924,4.079999924,4.010000229
2/5/2018 17:00,5.205999851,5.205999851,4.079999924
2/5/2018 18:00,4.290999889,4.290999889,5.205999851
2/5/2018 19:00,4.290999889,4.290999889,4.290999889
2/5/2018 20:00,3.938999891,3.938999891,4.290999889
2/5/2018 21:00,4.221000195,4.221000195,3.9389998910000004
2/5/2018 22:00,4.290999889,4.290999889,4.221000195
2/5/2018 23:00,3.799000025,3.799000025,4.290999889
2/6/2018 0:00,3.938999891,3.938999891,3.799000025
2/6/2018 1:00,4.221000195,4.221000195,3.938999891
2/6/2018 2:00,3.799000025,3.799000025,4.221000195
2/6/2018 3:00,3.51699996,3.51699996,3.799000025
2/6/2018 4:00,4.290999889,4.290999889,3.51699996
2/6/2018 5:00,4.010000229,4.010000229,4.290999889
2/6/2018 6:00,4.010000229,4.010000229,4.010000229
2/6/2018 7:00,1.547999978,1.547999978,4.010000229
2/6/2018 8:00,1.19599998,1.19599998,1.547999978
2/6/2018 9:00,1.126000047,1.126000047,1.19599998
2/6/2018 10:00,1.476999998,1.476999998,1.126000047
2/6/2018 11:00,1.687999964,1.687999964,1.476999998
2/6/2018 12:00,1.758999944,1.758999944,1.687999964
2/6/2018 13:00,2.461999893,2.461999893,1.758999944
2/6/2018 14:00,4.501999855,4.501999855,2.461999893
2/6/2018 15:00,3.799000025,3.799000025,4.501999854999999
2/6/2018 16:00,2.673000097,2.673000097,3.7990000249999993
2/6/2018 17:00,2.673000097,2.673000097,2.673000097
2/6/2018 18:00,2.602999926,2.602999926,2.673000097
2/6/2018 19:00,2.250999928,2.250999928,2.602999926
2/6/2018 20:00,2.180999994,2.180999994,2.250999928
2/6/2018 21:00,2.532000065,2.532000065,2.180999994
2/6/2018 22:00,2.602999926,2.602999926,2.532000065
2/6/2018 23:00,2.250999928,2.250999928,2.602999926
2/7/2018 0:00,1.828999996,1.828999996,2.250999928
2/7/2018 1:00,2.039999962,2.039999962,1.8289999959999999
2/7/2018 2:00,1.970000029,1.970000029,2.039999962
2/7/2018 3:00,2.461999893,2.461999893,1.970000029
2/7/2018 4:00,2.250999928,2.250999928,2.461999893
2/7/2018 5:00,2.321000099,2.321000099,2.250999928
2/7/2018 6:00,2.461999893,2.461999893,2.321000099
2/7/2018 7:00,2.602999926,2.602999926,2.461999893
2/7/2018 8:00,2.884000063,2.884000063,2.602999926
2/7/2018 9:00,3.588000059,3.588000059,2.884000063
2/7/2018 10:00,4.150000095,4.150000095,3.5880000589999996
2/7/2018 11:00,4.501999855,4.501999855,4.150000095
2/7/2018 12:00,4.010000229,4.010000229,4.501999855
2/7/2018 13:00,4.290999889,4.290999889,4.010000229
2/7/2018 14:00,4.572999954,4.572999954,4.290999889
2/7/2018 15:00,4.923999786,4.923999786,4.572999954
2/7/2018 16:00,4.643000126,4.643000126,4.923999786
2/7/2018 17:00,5.065000057,5.065000057,4.643000126
2/7/2018 18:00,4.994999886,4.994999886,5.065000057
2/7/2018 19:00,5.135000229,5.135000229,4.994999886
2/7/2018 20:00,5.135000229,5.135000229,5.135000229
2/7/2018 21:00,4.643000126,4.643000126,5.135000229
2/7/2018 22:00,4.643000126,4.643000126,4.643000126
2/7/2018 23:00,3.588000059,3.588000059,4.643000126
2/8/2018 0:00,1.899000049,1.899000049,3.5880000589999996
2/8/2018 1:00,2.109999895,2.109999895,1.8990000489999999
2/8/2018 2:00,4.150000095,4.150000095,2.109999895
2/8/2018 3:00,4.221000195,4.221000195,4.150000095
2/8/2018 4:00,3.727999926,3.727999926,4.221000195
2/8/2018 5:00,3.588000059,3.588000059,3.7279999260000003
2/8/2018 6:00,3.727999926,3.727999926,3.588000059
2/8/2018 7:00,3.165999889,3.165999889,3.727999926
2/8/2018 8:00,3.025000095,3.025000095,3.165999889
2/8/2018 9:00,2.180999994,2.180999994,3.025000095
2/8/2018 10:00,2.532000065,2.532000065,2.180999994
2/8/2018 11:00,2.884000063,2.884000063,2.532000065
2/8/2018 12:00,3.025000095,3.025000095,2.884000063
2/8/2018 13:00,2.884000063,2.884000063,3.025000095
2/8/2018 14:00,3.938999891,3.938999891,2.884000063
2/8/2018 15:00,3.588000059,3.588000059,3.938999891
2/8/2018 16:00,3.447000027,3.447000027,3.588000059
2/8/2018 17:00,3.868999958,3.868999958,3.4470000270000005
2/8/2018 18:00,3.377000093,3.377000093,3.868999958
2/8/2018 19:00,2.813999891,2.813999891,3.377000093
2/8/2018 20:00,2.743999958,2.743999958,2.813999891
2/8/2018 21:00,2.884000063,2.884000063,2.743999958
2/8/2018 22:00,2.813999891,2.813999891,2.785662438912938
2/8/2018 23:00,2.602999926,2.602999926,2.813999891
2/9/2018 0:00,2.813999891,2.813999891,2.602999926
2/9/2018 1:00,2.602999926,2.602999926,2.813999891
2/9/2018 2:00,2.954999924,2.954999924,2.602999926
2/9/2018 3:00,2.884000063,2.884000063,2.954999924
2/9/2018 4:00,3.377000093,3.377000093,2.884000063
2/9/2018 5:00,3.305999994,3.305999994,3.377000093
2/9/2018 6:00,3.305999994,3.305999994,3.305999994
2/9/2018 7:00,3.305999994,3.305999994,3.305999994
2/9/2018 8:00,3.377000093,3.377000093,3.305999994
2/9/2018 9:00,3.588000059,3.588000059,3.377000093
2/9/2018 10:00,3.727999926,3.727999926,3.588000059
2/9/2018 11:00,4.643000126,4.643000126,3.727999926
2/9/2018 12:00,5.697999954,5.697999954,4.643000126
2/9/2018 13:00,5.486999989,5.486999989,5.697999954
2/9/2018 14:00,5.768000126,5.768000126,5.486999989
2/9/2018 15:00,5.768000126,5.768000126,5.768000125999999
2/9/2018 16:00,5.768000126,5.768000126,5.768000126
2/9/2018 17:00,5.768000126,5.768000126,5.768000126
2/9/2018 18:00,5.627999783,5.627999783,5.768000126
2/9/2018 19:00,5.346000195,5.346000195,5.627999783
2/9/2018 20:00,5.839000225,5.839000225,5.346000195
2/9/2018 21:00,5.697999954,5.697999954,5.839000225
2/9/2018 22:00,5.416999817,5.416999817,5.564043869874526
2/9/2018 23:00,5.768000126,5.768000126,5.416999817
2/10/2018 0:00,5.839000225,5.839000225,5.7680001260000004
2/10/2018 1:00,5.90899992,5.90899992,5.700420098507929
2/10/2018 2:00,6.190999985,6.190999985,5.90899992
2/10/2018 3:00,5.697999954,5.697999954,6.030828925033012
2/10/2018 4:00,4.712999821,4.712999821,5.723269126562436
2/10/2018 5:00,4.643000126,4.643000126,4.771323413290231
2/10/2018 6:00,3.095000029,3.095000029,4.566830534340352
2/10/2018 7:00,2.813999891,2.813999891,3.079813590118219
2/10/2018 8:00,3.447000027,3.447000027,2.813999891
2/10/2018 9:00,2.321000099,2.321000099,3.447000027
2/10/2018 10:00,1.899000049,1.899000049,2.321000099
2/10/2018 11:00,2.250999928,2.250999928,1.899000049
2/10/2018 12:00,3.025000095,3.025000095,2.250999928
2/10/2018 13:00,3.025000095,3.025000095,3.025000095
2/10/2018 14:00,3.938999891,3.938999891,3.070106256688778
2/10/2018 15:00,3.236000061,3.236000061,3.9389998909999995
2/10/2018 16:00,3.727999926,3.727999926,3.236000061
2/10/2018 17:00,4.150000095,4.150000095,3.727999926
2/10/2018 18:00,4.221000195,4.221000195,4.150000095
2/10/2018 19:00,3.727999926,3.727999926,4.221000195
2/10/2018 20:00,3.799000025,3.799000025,3.73073308526748
2/10/2018 21:00,3.868999958,3.868999958,3.799000025
2/10/2018 22:00,3.095000029,3.095000029,3.868999958
2/10/2018 23:00,1.337000012,1.337000012,3.0950000289999995
2/11/2018 0:00,2.532000065,2.532000065,1.337000012
2/11/2018 1:00,3.095000029,3.095000029,2.532000065
2/11/2018 2:00,4.290999889,4.290999889,3.0950000290000004
2/11/2018 3:00,3.938999891,3.938999891,4.290999889
2/11/2018 4:00,3.868999958,3.868999958,3.938999891
2/11/2018 5:00,3.657999992,3.657999992,3.868999958
2/11/2018 6:00,2.673000097,2.673000097,3.657999992
2/11/2018 7:00,3.095000029,3.095000029,2.673000097
2/11/2018 8:00,4.079999924,4.079999924,3.0950000290000004
2/11/2018 9:00,3.377000093,3.377000093,4.079999924
2/11/2018 10:00,2.813999891,2.813999891,3.3770000930000004
2/11/2018 11:00,3.377000093,3.377000093,2.813999891
2/11/2018 12:00,2.954999924,2.954999924,3.377000093
2/11/2018 13:00,2.743999958,2.743999958,2.954999924
2/11/2018 14:00,3.447000027,3.447000027,2.743999958
2/11/2018 15:00,3.095000029,3.095000029,3.447000027
2/11/2018 16:00,3.095000029,3.095000029,3.095000029
2/11/2018 17:00,2.461999893,2.461999893,3.1372106584869197
2/11/2018 18:00,1.970000029,1.970000029,2.5300566082408005
2/11/2018 19:00,3.095000029,3.095000029,1.970000029
2/11/2018 20:00,1.899000049,1.899000049,3.114785453890163
2/11/2018 21:00,2.743999958,2.743999958,2.0573307020926346
2/11/2018 22:00,3.657999992,3.657999992,2.743999958
2/11/2018 23:00,3.165999889,3.165999889,3.56457540738055
2/12/2018 0:00,3.095000029,3.095000029,3.2025904457263383
2/12/2018 1:00,3.095000029,3.095000029,3.1733493371942068
2/12/2018 2:00,2.743999958,2.743999958,3.095000029
2/12/2018 3:00,2.743999958,2.743999958,2.743999958
2/12/2018 4:00,2.884000063,2.884000063,2.796745005881336
2/12/2018 5:00,2.884000063,2.884000063,2.9140700457865054
2/12/2018 6:00,2.673000097,2.673000097,2.8538435734407135
2/12/2018 7:00,2.532000065,2.532000065,2.673000097
2/12/2018 8:00,1.618000031,1.618000031,2.60720152036274
2/12/2018 9:00,1.758999944,1.758999944,1.6180000309999998
2/12/2018 10:00,1.054999948,1.054999948,1.758999944
2/12/2018 11:00,1.618000031,1.618000031,1.0549999480000003
2/12/2018 12:00,1.337000012,1.337000012,1.618000031
2/12/2018 13:00,1.899000049,1.899000049,1.337000012
2/12/2018 14:00,3.236000061,3.236000061,1.899000049
2/12/2018 15:00,2.602999926,2.602999926,3.236000061
2/12/2018 16:00,2.532000065,2.532000065,2.7110257262416577
2/12/2018 17:00,2.180999994,2.180999994,2.532000065
2/12/2018 18:00,2.532000065,2.532000065,2.180999994
2/12/2018 19:00,3.095000029,3.095000029,2.532000065
2/12/2018 20:00,3.51699996,3.51699996,3.1305802074394764
2/12/2018 21:00,3.799000025,3.799000025,3.5169999600000006
2/12/2018 22:00,3.799000025,3.799000025,3.799000025
2/12/2018 23:00,4.150000095,4.150000095,3.799000025
2/13/2018 0:00,4.290999889,4.290999889,4.13509120175795
2/13/2018 1:00,4.290999889,4.290999889,4.290999889
2/13/2018 2:00,4.079999924,4.079999924,4.223459322345181
2/13/2018 3:00,3.305999994,3.305999994,4.079999924
2/13/2018 4:00,3.799000025,3.799000025,3.3059999940000004
2/13/2018 5:00,3.447000027,3.447000027,3.799000025
2/13/2018 6:00,3.588000059,3.588000059,3.447000027
2/13/2018 7:00,3.305999994,3.305999994,3.6185287769261762
2/13/2018 8:00,3.588000059,3.588000059,3.305999994
2/13/2018 9:00,4.079999924,4.079999924,3.588000059
2/13/2018 10:00,4.923999786,4.923999786,4.030932791292609
2/13/2018 11:00,5.697999954,5.697999954,4.923999786
2/13/2018 12:00,4.994999886,4.994999886,5.697999954
2/13/2018 13:00,4.994999886,4.994999886,5.0112168988028065
2/13/2018 14:00,5.768000126,5.768000126,4.913858195386151
2/13/2018 15:00,6.190999985,6.190999985,5.645501018391702
2/13/2018 16:00,6.330999851,6.330999851,6.190999985
2/13/2018 17:00,6.050000191,6.050000191,6.281353897123683
2/13/2018 18:00,6.612999916,6.612999916,5.934123419938939
2/13/2018 19:00,6.050000191,6.050000191,6.612999916
2/13/2018 20:00,5.697999954,5.697999954,6.050000191
2/13/2018 21:00,6.119999886,6.119999886,5.697999954
2/13/2018 22:00,6.050000191,6.050000191,5.958935141760433
2/13/2018 23:00,6.472000122,6.472000122,6.052654500594544
2/14/2018 0:00,6.40199995,6.40199995,6.362761512276835
2/14/2018 1:00,6.472000122,6.472000122,6.40199995
2/14/2018 2:00,5.55700016,5.55700016,6.472000122
2/14/2018 3:00,6.40199995,6.40199995,5.55700016
2/14/2018 4:00,6.261000156,6.261000156,6.40199995
2/14/2018 5:00,5.55700016,5.55700016,6.156200197979602
2/14/2018 6:00,5.627999783,5.627999783,5.472213273676903
2/14/2018 7:00,4.923999786,4.923999786,5.619273549311552
2/14/2018 8:00,5.90899992,5.90899992,4.923999786
2/14/2018 9:00,6.472000122,6.472000122,5.90899992
2/14/2018 10:00,6.752999783,6.752999783,6.472000122
2/14/2018 11:00,6.964000225,6.964000225,6.752999783
2/14/2018 12:00,6.752999783,6.752999783,6.832329446353128
2/14/2018 13:00,7.668000221,7.668000221,6.596444563058798
2/14/2018 14:00,7.386000156,7.386000156,7.517740935631004
2/14/2018 15:00,7.456999779,7.456999779,7.217980243177667
2/14/2018 16:00,7.456999779,7.456999779,7.456999779
2/14/2018 17:00,7.456999779,7.456999779,7.283921216343711
2/14/2018 18:00,6.40199995,6.40199995,7.330363621409435
2/14/2018 19:00,7.105000019,7.105000019,6.40199995
2/14/2018 20:00,7.315999985,7.315999985,7.105000019
2/14/2018 21:00,7.315999985,7.315999985,7.315999985
2/14/2018 22:00,7.175000191,7.175000191,7.315999985
2/14/2018 23:00,6.683000088,6.683000088,7.175000191
2/15/2018 0:00,7.386000156,7.386000156,6.683000088
2/15/2018 1:00,5.90899992,5.90899992,7.386000156
2/15/2018 2:00,3.799000025,3.799000025,5.822791309798101
2/15/2018 3:00,3.727999926,3.727999926,3.808269074458077
2/15/2018 4:00,3.236000061,3.236000061,3.727999926
2/15/2018 5:00,3.588000059,3.588000059,3.236000061
2/15/2018 6:00,3.447000027,3.447000027,3.644536750046819
2/15/2018 7:00,3.236000061,3.236000061,3.4259504445221602
2/15/2018 8:00,2.884000063,2.884000063,3.236000061
2/15/2018 9:00,2.884000063,2.884000063,2.95640086177641
2/15/2018 10:00,2.884000063,2.884000063,2.884000063
2/15/2018 11:00,2.813999891,2.813999891,2.8426812284592544
2/15/2018 12:00,2.813999891,2.813999891,2.813999891
2/15/2018 13:00,3.095000029,3.095000029,2.813999891
2/15/2018 14:00,3.095000029,3.095000029,3.095000029
2/15/2018 15:00,3.165999889,3.165999889,3.095000029
2/15/2018 16:00,3.657999992,3.657999992,3.165999889
2/15/2018 17:00,3.236000061,3.236000061,3.6873730075923152
2/15/2018 18:00,2.602999926,2.602999926,3.258503401938747
2/15/2018 19:00,2.532000065,2.532000065,2.5673149314992774
2/15/2018 20:00,3.025000095,3.025000095,2.532000065
2/15/2018 21:00,3.236000061,3.236000061,3.025000095
2/15/2018 22:00,3.447000027,3.447000027,3.236000061
2/15/2018 23:00,3.305999994,3.305999994,3.447000027
2/16/2018 0:00,3.025000095,3.025000095,3.305999994
2/16/2018 1:00,3.447000027,3.447000027,3.025000095
2/16/2018 2:00,3.305999994,3.305999994,3.4470000270000005
2/16/2018 3:00,3.657999992,3.657999992,3.305999994
2/16/2018 4:00,3.447000027,3.447000027,3.657999992
2/16/2018 5:00,3.305999994,3.305999994,3.4696579709086963
2/16/2018 6:00,3.799000025,3.799000025,3.305999994
2/16/2018 7:00,4.150000095,4.150000095,3.799000025
2/16/2018 8:00,3.095000029,3.095000029,4.150000095
2/16/2018 9:00,3.51699996,3.51699996,3.0950000290000004
2/16/2018 10:00,3.377000093,3.377000093,3.51699996
2/16/2018 11:00,4.43200016,4.43200016,3.377000093
2/16/2018 12:00,5.135000229,5.135000229,4.43200016
2/16/2018 13:00,5.416999817,5.416999817,5.135000229
2/16/2018 14:00,5.697999954,5.697999954,5.416999817
2/16/2018 15:00,5.697999954,5.697999954,5.697999954
2/16/2018 16:00,5.55700016,5.55700016,5.697999954
2/16/2018 17:00,5.205999851,5.205999851,5.55700016
2/16/2018 18:00,5.416999817,5.416999817,5.205999851
2/16/2018 19:00,5.135000229,5.135000229,5.416999817
2/16/2018 20:00,4.923999786,4.923999786,5.135000229
2/16/2018 21:00,4.994999886,4.994999886,4.9239997859999995
2/16/2018 22:00,4.923999786,4.923999786,4.956640279233663
2/16/2018 23:00,5.135000229,5.135000229,4.858349956182757
2/17/2018 0:00,4.572999954,4.572999954,5.094019904756366
2/17/2018 1:00,4.010000229,4.010000229,4.572999954
2/17/2018 2:00,4.150000095,4.150000095,4.003766609015636
2/17/2018 3:00,4.994999886,4.994999886,4.150000095
2/17/2018 4:00,4.361999989,4.361999989,4.9284786803985785
2/17/2018 5:00,4.221000195,4.221000195,4.336502775272396
2/17/2018 6:00,3.377000093,3.377000093,4.221000195
2/17/2018 7:00,2.039999962,2.039999962,3.38109969027341
2/17/2018 8:00,2.250999928,2.250999928,2.0399999620000004
2/17/2018 9:00,1.828999996,1.828999996,2.250999928
2/17/2018 10:00,2.180999994,2.180999994,1.828999996
2/17/2018 11:00,2.954999924,2.954999924,2.180999994
2/17/2018 12:00,2.884000063,2.884000063,2.9546887364473453
2/17/2018 13:00,3.377000093,3.377000093,2.884000063
2/17/2018 14:00,4.290999889,4.290999889,3.377000093
2/17/2018 15:00,4.221000195,4.221000195,4.290999889
2/17/2018 16:00,4.150000095,4.150000095,4.221000195
2/17/2018 17:00,3.236000061,3.236000061,4.136198730029353
2/17/2018 18:00,2.743999958,2.743999958,3.2360000609999995
2/17/2018 19:00,2.602999926,2.602999926,2.743999958
2/17/2018 20:00,2.602999926,2.602999926,2.602999926
2/17/2018 21:00,2.532000065,2.532000065,2.5918960223599443
2/17/2018 22:00,2.461999893,2.461999893,2.532000065
2/17/2018 23:00,2.39199996,2.39199996,2.5481792016174474
2/18/2018 0:00,2.109999895,2.109999895,2.393994655216085
2/18/2018 1:00,2.180999994,2.180999994,2.109999895
2/18/2018 2:00,2.250999928,2.250999928,2.179227203000941
2/18/2018 3:00,2.532000065,2.532000065,2.248255405171916
2/18/2018 4:00,3.095000029,3.095000029,2.5239164136898498
2/18/2018 5:00,3.799000025,3.799000025,3.0787099070767643
2/18/2018 6:00,2.250999928,2.250999928,3.76926000429059
2/18/2018 7:00,4.150000095,4.150000095,2.319811404320888
2/18/2018 8:00,4.290999889,4.290999889,4.094624643061821
2/18/2018 9:00,4.854000092,4.854000092,4.285165421772996
2/18/2018 10:00,5.065000057,5.065000057,4.837097204390336
2/18/2018 11:00,4.994999886,4.994999886,5.058226565324343
2/18/2018 12:00,4.643000126,4.643000126,4.996875347771142
2/18/2018 13:00,4.501999855,4.501999855,4.653540904832143
2/18/2018 14:00,2.743999958,2.743999958,4.506482246500907
2/18/2018 15:00,2.39199996,2.39199996,2.7971571428308626
2/18/2018 16:00,3.025000095,3.025000095,2.4041341190505254
2/18/2018 17:00,1.547999978,1.547999978,3.0063225449981257
2/18/2018 18:00,2.039999962,2.039999962,1.5924139849580086
2/18/2018 19:00,2.673000097,2.673000097,2.0262732350959607
2/18/2018 20:00,2.602999926,2.602999926,2.6531633701921553
2/18/2018 21:00,2.250999928,2.250999928,2.604546963928795
2/18/2018 22:00,2.039999962,2.039999962,2.2620698426202077
2/18/2018 23:00,1.337000012,1.337000012,2.046968775345354
2/19/2018 0:00,2.039999962,2.039999962,1.359232679626591
2/19/2018 1:00,2.321000099,2.321000099,2.086766363624745
2/19/2018 2:00,2.954999924,2.954999924,2.3352712204964226
2/19/2018 3:00,3.727999926,3.727999926,2.890874025794796
2/19/2018 4:00,3.236000061,3.236000061,3.7085707713601033
2/19/2018 5:00,2.954999924,2.954999924,3.251286356183667
2/19/2018 6:00,3.095000029,3.095000029,2.964670770622223
2/19/2018 7:00,2.39199996,2.39199996,3.0907454831817676
2/19/2018 8:00,2.39199996,2.39199996,2.41458500861759
2/19/2018 9:00,1.547999978,1.547999978,2.39274747679539
2/19/2018 10:00,0.563000023,0.563000023,1.5756594144749179
2/19/2018 11:00,0.773999989,0.773999989,0.59592117108984
2/19/2018 12:00,2.39199996,2.39199996,0.805647480197952
2/19/2018 13:00,2.109999895,2.109999895,2.420216300317255
2/19/2018 14:00,2.954999924,2.954999924,2.1174870357220414
2/19/2018 15:00,2.954999924,2.954999924,2.9275333166334376
2/19/2018 16:00,2.884000063,2.884000063,2.954097703397965
2/19/2018 17:00,3.025000095,3.025000095,2.8863067985011885
2/19/2018 18:00,3.025000095,3.025000095,3.0204361726588345
2/19/2018 19:00,3.51699996,3.51699996,3.0054678180351186
2/19/2018 20:00,3.305999994,3.305999994,3.5006464863259072
2/19/2018 21:00,3.657999992,3.657999992,3.312554946275001
2/19/2018 22:00,3.447000027,3.447000027,3.647518461594621
2/19/2018 23:00,3.727999926,3.727999926,3.4227989344981293
2/20/2018 0:00,3.799000025,3.799000025,3.760243923808652
2/20/2018 1:00,4.079999924,4.079999924,3.7961995647379982
2/20/2018 2:00,3.447000027,3.447000027,4.069968309414451
2/20/2018 3:00,3.657999992,3.657999992,3.469150775386132
2/20/2018 4:00,3.236000061,3.236000061,3.676842268747072
2/20/2018 5:00,3.51699996,3.51699996,3.22091291752524
2/20/2018 6:00,2.813999891,2.813999891,3.52062897187947
2/20/2018 7:00,2.461999893,2.461999893,2.838847965792133
2/20/2018 8:00,2.673000097,2.673000097,2.475475936492542
2/20/2018 9:00,2.673000097,2.673000097,2.6281622283249324
2/20/2018 10:00,1.970000029,1.970000029,2.672748402508621
2/20/2018 11:00,0.703000009,0.703000009,1.9951500425917634
2/20/2018 12:00,0.0,0.0,0.8566405324708382
2/20/2018 13:00,0.0,0.0,-0.05867647551289379
2/20/2018 14:00,0.0,0.0,0.0009143621501806878
2/20/2018 15:00,0.633000016,0.633000016,3.257248299590669e-05
2/20/2018 16:00,0.0,0.0,0.6106722049120715
2/20/2018 17:00,0.0,0.0,-0.03250352148500181
2/20/2018 18:00,0.0,0.0,0.000771611856118834
2/20/2018 19:00,0.0,0.0,0.03086856017370653
2/20/2018 20:00,0.0,0.0,1.0084546506239842e-06
2/20/2018 21:00,1.899000049,1.899000049,-0.029863404214756705
2/20/2018 22:00,2.180999994,2.180999994,1.830594439395425
2/20/2018 23:00,2.321000099,2.321000099,2.207296780450255
2/21/2018 0:00,2.532000065,2.532000065,2.310075683527302
2/21/2018 1:00,2.461999893,2.461999893,2.4966171338439334
2/21/2018 2:00,2.813999891,2.813999891,2.4671746032385435
2/21/2018 3:00,2.461999893,2.461999893,2.8352759360566266
2/21/2018 4:00,2.602999926,2.602999926,2.456128036464943
2/21/2018 5:00,2.532000065,2.532000065,2.594461892571286
2/21/2018 6:00,2.461999893,2.461999893,2.560708496885181
2/21/2018 7:00,2.673000097,2.673000097,2.459210042253016
2/21/2018 8:00,2.813999891,2.813999891,2.660704693532939
2/21/2018 9:00,2.743999958,2.743999958,2.8085751876115848
2/21/2018 10:00,2.743999958,2.743999958,2.7755715851143608
2/21/2018 11:00,2.884000063,2.884000063,2.744086475721433
2/21/2018 12:00,2.602999926,2.602999926,2.8479190288669955
2/21/2018 13:00,2.743999958,2.743999958,2.608949312972871
2/21/2018 14:00,2.532000065,2.532000065,2.7391903305915495
2/21/2018 15:00,2.954999924,2.954999924,2.539634830353623
2/21/2018 16:00,2.884000063,2.884000063,2.937243395682679
2/21/2018 17:00,3.165999889,3.165999889,2.886058189057777
2/21/2018 18:00,3.236000061,3.236000061,3.1556055784894705
2/21/2018 19:00,3.868999958,3.868999958,3.2029331697834107
2/21/2018 20:00,4.221000195,4.221000195,3.8400332415383507
2/21/2018 21:00,5.346000195,5.346000195,4.206999925227073
2/21/2018 22:00,5.346000195,5.346000195,5.351170900101482
2/21/2018 23:00,5.205999851,5.205999851,5.232385851143991
2/22/2018 0:00,5.205999851,5.205999851,5.212346711694613
2/22/2018 1:00,5.486999989,5.486999989,5.228144150015485
2/22/2018 2:00,5.205999851,5.205999851,5.4763162843155015
2/22/2018 3:00,4.854000092,4.854000092,5.200589171399689
2/22/2018 4:00,4.923999786,4.923999786,4.867876418628306
2/22/2018 5:00,4.994999886,4.994999886,4.811873909437077
2/22/2018 6:00,4.78399992,4.78399992,4.899804754143038
2/22/2018 7:00,4.78399992,4.78399992,4.703146744028325
2/22/2018 8:00,5.205999851,5.205999851,4.687636169685062
2/22/2018 9:00,5.276000023,5.276000023,5.189737664616294
2/22/2018 10:00,4.643000126,4.643000126,5.169482145497782
2/22/2018 11:00,5.346000195,5.346000195,4.571814753423901
2/22/2018 12:00,4.923999786,4.923999786,5.31969758666218
2/22/2018 13:00,4.361999989,4.361999989,4.9050504069014
2/22/2018 14:00,5.55700016,5.55700016,4.384378308976025
2/22/2018 15:00,4.78399992,4.78399992,5.511188827655172
2/22/2018 16:00,4.43200016,4.43200016,4.812667384386612
2/22/2018 17:00,4.43200016,4.43200016,4.420896094204655
2/22/2018 18:00,5.55700016,5.55700016,4.4325905698946055
2/22/2018 19:00,4.643000126,4.643000126,5.512669852112392
2/22/2018 20:00,4.854000092,4.854000092,4.677633440572913
2/22/2018 21:00,5.416999817,5.416999817,4.869493353463948
2/22/2018 22:00,5.276000023,5.276000023,5.394003803339415
2/22/2018 23:00,5.697999954,5.697999954,5.271471737177073
2/23/2018 0:00,5.697999954,5.697999954,5.732963018201366
2/23/2018 1:00,4.994999886,4.994999886,5.691240555801994
2/23/2018 2:00,4.994999886,4.994999886,4.966279987256892
2/23/2018 3:00,5.276000023,5.276000023,4.99676340872257
2/23/2018 4:00,4.501999855,4.501999855,5.264463375214864
2/23/2018 5:00,4.501999855,4.501999855,4.502027290773689
2/23/2018 6:00,4.221000195,4.221000195,4.503304589177016
2/23/2018 7:00,3.938999891,3.938999891,4.232682731907923
2/23/2018 8:00,4.854000092,4.854000092,3.9471316813992763
2/23/2018 9:00,4.643000126,4.643000126,4.816545560243203
2/23/2018 10:00,5.839000225,5.839000225,4.650208206495616
2/23/2018 11:00,5.768000126,5.768000126,5.789504737217185
2/23/2018 12:00,5.627999783,5.627999783,5.65309517829753
2/23/2018 13:00,4.854000092,4.854000092,5.633873707172827
2/23/2018 14:00,8.37100029,8.37100029,4.886407117361767
2/23/2018 15:00,6.894000053,6.894000053,8.221928848363133
2/23/2018 16:00,7.386000156,7.386000156,6.697009038926805
2/23/2018 17:00,7.105000019,7.105000019,7.366640981129679
2/23/2018 18:00,7.737999916,7.737999916,7.116705090135484
2/23/2018 19:00,6.894000053,6.894000053,7.710161016360858
2/23/2018 20:00,6.119999886,6.119999886,6.930727692650177
2/23/2018 21:00,5.768000126,5.768000126,6.156291127519356
2/23/2018 22:00,5.346000195,5.346000195,5.6088899770528835
2/23/2018 23:00,5.135000229,5.135000229,5.365318637790319
2/24/2018 0:00,5.486999989,5.486999989,5.145265855711235
2/24/2018 1:00,4.994999886,4.994999886,5.471680769594979
2/24/2018 2:00,5.065000057,5.065000057,5.0170782518568275
2/24/2018 3:00,4.923999786,4.923999786,5.063057836694622
2/24/2018 4:00,4.854000092,4.854000092,4.929243604589285
2/24/2018 5:00,4.854000092,4.854000092,4.85684022380427
2/24/2018 6:00,5.416999817,5.416999817,4.854107479819503
2/24/2018 7:00,4.361999989,4.361999989,5.395726576309855
2/24/2018 8:00,5.135000229,5.135000229,4.401291267678964
2/24/2018 9:00,5.346000195,5.346000195,5.106912934404926
2/24/2018 10:00,6.330999851,6.330999851,5.336860833294894
2/24/2018 11:00,5.205999851,5.205999851,6.293091588481759
2/24/2018 12:00,4.572999954,4.572999954,5.247888276530316
2/24/2018 13:00,4.361999989,4.361999989,4.5988230368936645
2/24/2018 14:00,4.994999886,4.994999886,4.371048300082646
2/24/2018 15:00,4.994999886,4.994999886,5.027337929030733
2/24/2018 16:00,4.43200016,4.43200016,5.01433849173435
2/24/2018 17:00,4.78399992,4.78399992,4.42246271912114
2/24/2018 18:00,5.979000092,5.979000092,4.771326802590718
2/24/2018 19:00,5.768000126,5.768000126,5.932856409062159
2/24/2018 20:00,5.627999783,5.627999783,5.816310175232252
2/24/2018 21:00,5.486999989,5.486999989,5.633600434872092
2/24/2018 22:00,4.361999989,4.361999989,5.4926105628645026
2/24/2018 23:00,4.643000126,4.643000126,4.4019337753600265
2/25/2018 0:00,3.868999958,3.868999958,4.633894623020055
2/25/2018 1:00,3.868999958,3.868999958,3.844452776245294
2/25/2018 2:00,3.305999994,3.305999994,3.8839624526270553
2/25/2018 3:00,3.447000027,3.447000027,3.3276308436942177
2/25/2018 4:00,3.305999994,3.305999994,3.4265146526931494
2/25/2018 5:00,2.743999958,2.743999958,3.284636428144972
2/25/2018 6:00,3.165999889,3.165999889,2.765751171064278
2/25/2018 7:00,4.079999924,4.079999924,3.1506137093356714
2/25/2018 8:00,3.657999992,3.657999992,4.044425369895484
2/25/2018 9:00,2.813999891,2.813999891,3.6728436082998575
2/25/2018 10:00,3.305999994,3.305999994,2.84688231277279
2/25/2018 11:00,4.43200016,4.43200016,3.2883864184877707
2/25/2018 12:00,5.205999851,5.205999851,4.388201949303408
2/25/2018 13:00,4.994999886,4.994999886,5.174997569464436
2/25/2018 14:00,5.276000023,5.276000023,5.001835328694054
2/25/2018 15:00,5.205999851,5.205999851,5.265586349212502
2/25/2018 16:00,4.854000092,4.854000092,5.208257426251558
2/25/2018 17:00,5.55700016,5.55700016,4.8673950543896884
2/25/2018 18:00,5.979000092,5.979000092,5.5308693439028325
2/25/2018 19:00,4.994999886,4.994999886,5.962127424246157
2/25/2018 20:00,5.346000195,5.346000195,4.9976919098633
2/25/2018 21:00,5.205999851,5.205999851,5.333994331181475
2/25/2018 22:00,5.135000229,5.135000229,5.210858555200184
2/25/2018 23:00,4.923999786,4.923999786,5.1378878391001805
2/26/2018 0:00,5.135000229,5.135000229,4.932152846951985
2/26/2018 1:00,4.643000126,4.643000126,5.127245402235978
2/26/2018 2:00,4.501999855,4.501999855,4.661575663062785
2/26/2018 3:00,4.572999954,4.572999954,4.508113195910417
2/26/2018 4:00,4.643000126,4.643000126,4.570512634414597
2/26/2018 5:00,4.501999855,4.501999855,4.640220732581599
2/26/2018 6:00,4.150000095,4.150000095,4.507283023342278
2/26/2018 7:00,4.572999954,4.572999954,4.163638184685419
2/26/2018 8:00,4.712999821,4.712999821,4.557375147678439
2/26/2018 9:00,5.346000195,5.346000195,4.70707709925966
2/26/2018 10:00,6.190999985,6.190999985,5.32169538152986
2/26/2018 11:00,6.330999851,6.330999851,6.158152962319834
2/26/2018 12:00,5.979000092,5.979000092,6.32448695703032
2/26/2018 13:00,6.752999783,6.752999783,5.991960675815987
2/26/2018 14:00,7.809000015,7.809000015,6.725146338482994
2/26/2018 15:00,8.159999847,8.159999847,7.769372272652703
2/26/2018 16:00,8.230999947,8.230999947,8.145719936867287
2/26/2018 17:00,8.37100029,8.37100029,8.227881531054997
2/26/2018 18:00,8.159999847,8.159999847,8.365767154017895
2/26/2018 19:00,7.315999985,7.315999985,8.167530680353375
2/26/2018 20:00,6.40199995,6.40199995,7.3471291304452215
2/26/2018 21:00,6.119999886,6.119999886,6.435965369535249
2/26/2018 22:00,5.768000126,5.768000126,6.131063760664299
2/26/2018 23:00,5.839000225,5.839000225,5.78077557487209
2/27/2018 0:00,5.697999954,5.697999954,5.836957525340155
2/27/2018 1:00,5.416999817,5.416999817,5.703021806486869
2/27/2018 2:00,5.768000126,5.768000126,5.4273006973398665
2/27/2018 3:00,5.346000195,5.346000195,5.755725949910205
2/27/2018 4:00,5.627999783,5.627999783,5.360975484743497
2/27/2018 5:00,4.994999886,4.994999886,5.61808917569373
2/27/2018 6:00,5.205999851,5.205999851,5.017879325674904
2/27/2018 7:00,5.135000229,5.135000229,5.19887699490884
2/27/2018 8:00,5.55700016,5.55700016,5.137425879758544
2/27/2018 9:00,5.135000229,5.135000229,5.541077572421622
2/27/2018 10:00,5.346000195,5.346000195,5.150039978138447
2/27/2018 11:00,5.346000195,5.346000195,5.338606797003122
2/27/2018 12:00,6.330999851,6.330999851,5.345719471677949
2/27/2018 13:00,7.456999779,7.456999779,6.293740094412741
2/27/2018 14:00,7.245999813,7.245999813,7.413447430827748
2/27/2018 15:00,7.315999985,7.315999985,7.295085759418834
2/27/2018 16:00,7.668000221,7.668000221,7.313609127685876
2/27/2018 17:00,7.315999985,7.315999985,7.654743269254802
2/27/2018 18:00,5.697999954,5.697999954,7.328668966387416
2/27/2018 19:00,4.854000092,4.854000092,5.735067249340023
2/27/2018 20:00,3.165999889,3.165999889,4.887099166255815
2/27/2018 21:00,1.828999996,1.828999996,3.1559269229533125
2/27/2018 22:00,1.476999998,1.476999998,1.8760602029553302
2/27/2018 23:00,2.39199996,2.39199996,1.490704508464929
2/28/2018 0:00,2.39199996,2.39199996,2.3609861905608915
2/28/2018 1:00,2.884000063,2.884000063,2.3909330641309463
2/28/2018 2:00,3.588000059,3.588000059,2.8670383598836335
2/28/2018 3:00,3.377000093,3.377000093,3.5632985054243824
2/28/2018 4:00,2.743999958,2.743999958,3.311762412548841
2/28/2018 5:00,3.165999889,3.165999889,2.7659072944776075
2/28/2018 6:00,3.095000029,3.095000029,3.1522623186055525
2/28/2018 7:00,3.025000095,3.025000095,3.0969696266260858
2/28/2018 8:00,2.109999895,2.109999895,3.0274696213654093
2/28/2018 9:00,1.266000032,1.266000032,2.141452416373493
2/28/2018 10:00,2.039999962,2.039999962,1.2957291899592223
2/28/2018 11:00,1.970000029,1.970000029,1.9278167881844275
2/28/2018 12:00,2.743999958,2.743999958,1.9715246685682084
2/28/2018 13:00,3.025000095,3.025000095,2.717542594167272
2/28/2018 14:00,3.025000095,3.025000095,3.014473291759167
2/28/2018 15:00,3.868999958,3.868999958,3.0246344499821634
2/28/2018 16:00,4.501999855,4.501999855,3.839783033200764
2/28/2018 17:00,5.205999851,5.205999851,4.47922535620217
2/28/2018 18:00,5.839000225,5.839000225,5.181051642539164
2/28/2018 19:00,5.768000126,5.768000126,5.8169558383831665
2/28/2018 20:00,5.276000023,5.276000023,5.770559711247924
2/28/2018 21:00,4.994999886,4.994999886,5.290288003676692
2/28/2018 22:00,5.697999954,5.697999954,5.00353069045298
2/28/2018 23:00,5.979000092,5.979000092,5.676650426089522
3/1/2018 0:00,5.486999989,5.486999989,5.970524651150912
3/1/2018 1:00,5.346000195,5.346000195,5.50169560180325
3/1/2018 2:00,5.627999783,5.627999783,5.350268804963431
3/1/2018 3:00,5.768000126,5.768000126,5.629677872932273
3/1/2018 4:00,4.923999786,4.923999786,5.763730246325581
3/1/2018 5:00,5.697999954,5.697999954,4.949779691918561
3/1/2018 6:00,5.839000225,5.839000225,5.674168307032243
3/1/2018 7:00,4.150000095,4.150000095,5.834672859413905
3/1/2018 8:00,4.361999989,4.361999989,4.202027162901124
3/1/2018 9:00,4.572999954,4.572999954,4.355447432832244
3/1/2018 10:00,4.43200016,4.43200016,4.56648206497406
3/1/2018 11:00,4.572999954,4.572999954,4.436355147376407
3/1/2018 12:00,4.221000195,4.221000195,4.5686394456424395
3/1/2018 13:00,3.51699996,3.51699996,4.231887563102192
3/1/2018 14:00,3.236000061,3.236000061,3.5387461653970727
3/1/2018 15:00,3.095000029,3.095000029,3.244689435507388
3/1/2018 16:00,2.884000063,2.884000063,3.0993569053868812
3/1/2018 17:00,2.602999926,2.602999926,2.8905158903804455
3/1/2018 18:00,2.954999924,2.954999924,2.6116731412865684
3/1/2018 19:00,2.461999893,2.461999893,2.9441192919682377
3/1/2018 20:00,2.743999958,2.743999958,2.4772947890297257
3/1/2018 21:00,2.109999895,2.109999895,2.7352330859405645
3/1/2018 22:00,2.321000099,2.321000099,2.1297886849175316
3/1/2018 23:00,2.673000097,2.673000097,2.314428089197729
3/2/2018 0:00,2.180999994,2.180999994,2.662008160251147
3/2/2018 1:00,0.0,0.0,2.196574533081211
3/2/2018 2:00,0.843999982,0.843999982,0.06817476156950145
3/2/2018 3:00,-0.492000014,-0.492000014,0.8170388842321077
3/2/2018 4:00,0.985000014,0.985000014,-0.4487741766615768
3/2/2018 5:00,2.039999962,2.039999962,0.9361213972942204
3/2/2018 6:00,2.039999962,2.039999962,2.0057564769002707
3/2/2018 7:00,1.687999964,1.687999964,2.039999962
3/2/2018 8:00,1.758999944,1.758999944,1.699441601333906
3/2/2018 9:00,1.899000049,1.899000049,1.75668814334991
3/2/2018 10:00,2.321000099,2.321000099,1.8944452008436252
3/2/2018 11:00,2.321000099,2.321000099,2.3072727393538774
3/2/2018 12:00,2.884000063,2.884000063,2.321000099
3/2/2018 13:00,3.165999889,3.165999889,2.8656857621357137
3/2/2018 14:00,3.165999889,3.165999889,3.1568512139652234
3/2/2018 15:00,3.236000061,3.236000061,3.165999889
3/2/2018 16:00,3.727999926,3.727999926,3.23371842688181
3/2/2018 17:00,3.657999992,3.657999992,3.711873811646042
3/2/2018 18:00,4.150000095,4.150000095,3.6602984332231356
3/2/2018 19:00,4.361999989,4.361999989,4.1338349046864185
3/2/2018 20:00,4.150000095,4.150000095,4.355038707103745
3/2/2018 21:00,4.150000095,4.150000095,4.157002689215564
3/2/2018 22:00,4.501999855,4.501999855,4.150000095
3/2/2018 23:00,4.079999924,4.079999924,4.4902284284002105
3/3/2018 0:00,1.19599998,1.19599998,4.094128015513129
3/3/2018 1:00,1.476999998,1.476999998,1.2916751779011633
3/3/2018 2:00,3.51699996,3.51699996,1.4674781254688436
3/3/2018 3:00,4.923999786,4.923999786,3.4483637944362484
3/3/2018 4:00,5.065000057,5.065000057,5.000331884258136
3/3/2018 5:00,4.994999886,4.994999886,5.060434145055541
3/3/2018 6:00,4.221000195,4.221000195,4.997266913901286
3/3/2018 7:00,4.43200016,4.43200016,4.246050807166396
3/3/2018 8:00,4.643000126,4.643000126,4.4251601689672535
3/3/2018 9:00,5.205999851,5.205999851,4.6361638641595455
3/3/2018 10:00,5.697999954,5.697999954,5.187785040591319
3/3/2018 11:00,6.823999882,6.823999882,5.653894929486306
3/3/2018 12:00,6.964000225,6.964000225,6.787937999608217
3/3/2018 13:00,7.597000122,7.597000122,6.959526027088217
3/3/2018 14:00,8.020000458,8.020000458,7.494636642331242
3/3/2018 15:00,7.668000221,7.668000221,8.006555718368213
3/3/2018 16:00,7.52699995,7.52699995,7.6792064055966724
3/3/2018 17:00,7.456999779,7.456999779,7.531490912126436
3/3/2018 18:00,6.964000225,6.964000225,7.459234131212444
3/3/2018 19:00,6.330999851,6.330999851,6.979722670574804
3/3/2018 20:00,6.330999851,6.330999851,6.351081644726897
3/3/2018 21:00,6.190999985,6.190999985,6.330999851
3/3/2018 22:00,5.768000126,5.768000126,6.19544621794292
3/3/2018 23:00,5.486999989,5.486999989,5.781523953415298
3/4/2018 0:00,5.90899992,5.90899992,5.495949158363678
3/4/2018 1:00,5.768000126,5.768000126,5.895564297213756
3/4/2018 2:00,5.065000057,5.065000057,5.77249806849131
3/4/2018 3:00,5.135000229,5.135000229,5.087435689003582
3/4/2018 4:00,5.135000229,5.135000229,5.132771744962333
3/4/2018 5:00,5.065000057,5.065000057,5.135000229
3/4/2018 6:00,4.78399992,4.78399992,5.067216601552535
3/4/2018 7:00,5.065000057,5.065000057,4.793759885773906
3/4/2018 8:00,5.627999783,5.627999783,5.056158320736446
3/4/2018 9:00,6.472000122,6.472000122,5.610431541486068
3/4/2018 10:00,8.090000153,8.090000153,6.445782607645558
3/4/2018 11:00,9.145000458,9.145000458,8.040807820364847
3/4/2018 12:00,9.708000183,9.708000183,9.11372065447992
3/4/2018 13:00,9.496999741,9.496999741,9.691418327827648
3/4/2018 14:00,8.722999573,8.722999573,9.50323335772066
3/4/2018 15:00,7.879000187,7.879000187,8.745878267039632
3/4/2018 16:00,7.456999779,7.456999779,7.904922076412973
3/4/2018 17:00,6.612999916,6.612999916,7.469192604321667
3/4/2018 18:00,5.205999851,5.205999851,6.612999916
3/4/2018 19:00,4.501999855,4.501999855,5.205999851
3/4/2018 20:00,1.547999978,1.547999978,4.501999855
3/4/2018 21:00,0.0,0.0,1.547999978
3/4/2018 22:00,3.588000059,3.588000059,0.0
3/4/2018 23:00,1.337000012,1.337000012,3.5880000590000005
3/5/2018 0:00,0.773999989,0.773999989,1.3370000120000003
3/5/2018 1:00,0.0,0.0,0.773999989
3/5/2018 2:00,1.970000029,1.970000029,0.0
3/5/2018 3:00,2.250999928,2.250999928,1.9700000289999997
3/5/2018 4:00,1.406999946,1.406999946,2.250999928
3/5/2018 5:00,1.337000012,1.337000012,1.406999946
3/5/2018 6:00,2.321000099,2.321000099,1.337000012
3/5/2018 7:00,2.532000065,2.532000065,2.321000099
3/5/2018 8:00,1.899000049,1.899000049,2.532000065
3/5/2018 9:00,1.970000029,1.970000029,1.899000049
3/5/2018 10:00,2.884000063,2.884000063,1.970000029
3/5/2018 11:00,3.588000059,3.588000059,2.884000063
3/5/2018 12:00,3.727999926,3.727999926,3.588000059
3/5/2018 13:00,3.938999891,3.938999891,3.727999926
3/5/2018 14:00,5.205999851,5.205999851,3.7624671483571834
3/5/2018 15:00,4.854000092,4.854000092,5.205999851
3/5/2018 16:00,4.501999855,4.501999855,4.854000092
3/5/2018 17:00,4.290999889,4.290999889,4.501999855
3/5/2018 18:00,4.923999786,4.923999786,4.290999889
3/5/2018 19:00,4.712999821,4.712999821,4.923999786
3/5/2018 20:00,3.588000059,3.588000059,4.712999821
3/5/2018 21:00,3.377000093,3.377000093,3.5880000590000005
3/5/2018 22:00,3.305999994,3.305999994,3.377000093
3/5/2018 23:00,3.025000095,3.025000095,3.305999994
3/6/2018 0:00,3.025000095,3.025000095,3.025000095
3/6/2018 1:00,2.673000097,2.673000097,3.025000095
3/6/2018 2:00,2.39199996,2.39199996,2.673000097
3/6/2018 3:00,1.899000049,1.899000049,2.39199996
3/6/2018 4:00,2.109999895,2.109999895,1.8990000489999999
3/6/2018 5:00,1.970000029,1.970000029,2.109999895
3/6/2018 6:00,2.461999893,2.461999893,1.9700000289999997
3/6/2018 7:00,1.970000029,1.970000029,2.461999893
3/6/2018 8:00,1.406999946,1.406999946,1.9700000289999997
3/6/2018 9:00,1.406999946,1.406999946,1.406999946
3/6/2018 10:00,2.180999994,2.180999994,1.3840105829845886
3/6/2018 11:00,1.828999996,1.828999996,2.180999994
3/6/2018 12:00,2.250999928,2.250999928,1.8289999960000003
3/6/2018 13:00,2.321000099,2.321000099,2.250999928
3/6/2018 14:00,2.532000065,2.532000065,2.349560572099211
3/6/2018 15:00,3.025000095,3.025000095,2.532000065
3/6/2018 16:00,2.954999924,2.954999924,3.025000095
3/6/2018 17:00,2.884000063,2.884000063,2.954999924
3/6/2018 18:00,2.813999891,2.813999891,2.884000063
3/6/2018 19:00,2.109999895,2.109999895,2.813999891
3/6/2018 20:00,1.828999996,1.828999996,2.1099998949999996
3/6/2018 21:00,1.476999998,1.476999998,1.8289999960000003
3/6/2018 22:00,1.758999944,1.758999944,1.4769999980000001
3/6/2018 23:00,1.828999996,1.828999996,1.758999944
3/7/2018 0:00,1.970000029,1.970000029,1.8289999960000003
3/7/2018 1:00,1.899000049,1.899000049,1.970000029
3/7/2018 2:00,0.773999989,0.773999989,1.8981992549559825
3/7/2018 3:00,-0.843999982,-0.843999982,0.8073803594096933
3/7/2018 4:00,-0.633000016,-0.633000016,-0.843999982
3/7/2018 5:00,-0.915000021,-0.915000021,-0.6840056246118015
3/7/2018 6:00,0.0,0.0,-0.9218545896849877
3/7/2018 7:00,-0.492000014,-0.492000014,0.0
3/7/2018 8:00,-0.773999989,-0.773999989,-0.49200001400000004
3/7/2018 9:00,-0.563000023,-0.563000023,-0.773999989
3/7/2018 10:00,0.0,0.0,-0.563000023
3/7/2018 11:00,1.19599998,1.19599998,-1.1102230246251565e-16
3/7/2018 12:00,0.0,0.0,1.19599998
3/7/2018 13:00,0.633000016,0.633000016,2.220446049250313e-16
3/7/2018 14:00,1.828999996,1.828999996,0.6037174213163777
3/7/2018 15:00,1.547999978,1.547999978,1.7680505785485252
3/7/2018 16:00,1.828999996,1.828999996,1.5985588486877143
3/7/2018 17:00,1.687999964,1.687999964,1.8543280492525305
3/7/2018 18:00,2.109999895,2.109999895,1.6458593024153727
3/7/2018 19:00,1.828999996,1.828999996,2.109999895
3/7/2018 20:00,2.180999994,2.180999994,1.8289999960000003
3/7/2018 21:00,2.180999994,2.180999994,2.180999994
3/7/2018 22:00,2.039999962,2.039999962,2.180999994
3/7/2018 23:00,2.743999958,2.743999958,2.039999962
3/8/2018 0:00,2.673000097,2.673000097,2.743999958
3/8/2018 1:00,2.532000065,2.532000065,2.673000097
3/8/2018 2:00,2.743999958,2.743999958,2.532000065
3/8/2018 3:00,4.221000195,4.221000195,2.743999958
3/8/2018 4:00,3.799000025,3.799000025,4.296917169070347
3/8/2018 5:00,4.150000095,4.150000095,3.8195825971947666
3/8/2018 6:00,2.884000063,2.884000063,4.071281217315419
3/8/2018 7:00,4.010000229,4.010000229,2.8840000630000002
3/8/2018 8:00,3.377000093,3.377000093,4.060445333113152
3/8/2018 9:00,3.377000093,3.377000093,3.39476922115093
3/8/2018 10:00,3.657999992,3.657999992,3.3148313429748435
3/8/2018 11:00,4.150000095,4.150000095,3.673718877772961
3/8/2018 12:00,4.501999855,4.501999855,4.2027832090497315
3/8/2018 13:00,4.854000092,4.854000092,4.467763688027139
3/8/2018 14:00,5.416999817,5.416999817,4.861189107154062
3/8/2018 15:00,4.572999954,4.572999954,5.454408531705616
3/8/2018 16:00,4.572999954,4.572999954,4.604562082831713
3/8/2018 17:00,4.501999855,4.501999855,4.592362887300043
3/8/2018 18:00,4.712999821,4.712999821,4.470518870051062
3/8/2018 19:00,4.712999821,4.712999821,4.700114173824241
3/8/2018 20:00,4.712999821,4.712999821,4.74135346878599
3/8/2018 21:00,5.065000057,5.065000057,4.658209920982073
3/8/2018 22:00,4.712999821,4.712999821,5.047295242566917
3/8/2018 23:00,4.643000126,4.643000126,4.767462786049083
3/9/2018 0:00,4.501999855,4.501999855,4.643000126
3/9/2018 1:00,5.205999851,5.205999851,4.4485828848531455
3/9/2018 2:00,4.923999786,4.923999786,5.169595928991346
3/9/2018 3:00,5.276000023,5.276000023,4.959048784336574
3/9/2018 4:00,4.150000095,4.150000095,5.284448764988629
3/9/2018 5:00,4.150000095,4.150000095,4.153179058457093
3/9/2018 6:00,3.799000025,3.799000025,4.133896204352489
3/9/2018 7:00,4.010000229,4.010000229,3.7990000249999993
3/9/2018 8:00,4.643000126,4.643000126,4.011635236635399
3/9/2018 9:00,4.079999924,4.079999924,4.6177548673455915
3/9/2018 10:00,5.697999954,5.697999954,4.104750619062651
3/9/2018 11:00,5.697999954,5.697999954,5.6625865097978325
3/9/2018 12:00,5.205999851,5.205999851,5.699392253356642
3/9/2018 13:00,5.486999989,5.486999989,5.2484609285613715
3/9/2018 14:00,6.612999916,6.612999916,5.464121248510428
3/9/2018 15:00,6.964000225,6.964000225,6.554581958359647
3/9/2018 16:00,6.964000225,6.964000225,6.934541875894239
3/9/2018 17:00,7.034999847,7.034999847,6.972262047657923
3/9/2018 18:00,6.612999916,6.612999916,7.050179418439237
3/9/2018 19:00,5.697999954,5.697999954,6.574617848569945
3/9/2018 20:00,5.486999989,5.486999989,5.697999954
3/9/2018 21:00,5.135000229,5.135000229,5.486999989
3/9/2018 22:00,5.346000195,5.346000195,5.135000229
3/9/2018 23:00,4.78399992,4.78399992,5.346000195
3/10/2018 0:00,4.854000092,4.854000092,4.794681054332123
3/10/2018 1:00,5.065000057,5.065000057,4.854000092
3/10/2018 2:00,4.643000126,4.643000126,5.065000057
3/10/2018 3:00,4.78399992,4.78399992,4.625314591637057
3/10/2018 4:00,4.643000126,4.643000126,4.786529673637148
3/10/2018 5:00,4.501999855,4.501999855,4.658331938876983
3/10/2018 6:00,4.43200016,4.43200016,4.501999855
3/10/2018 7:00,4.572999954,4.572999954,4.43200016
3/10/2018 8:00,5.276000023,5.276000023,4.601144238856588
3/10/2018 9:00,5.55700016,5.55700016,5.276000023
3/10/2018 10:00,6.964000225,6.964000225,5.559561606667842
3/10/2018 11:00,6.472000122,6.472000122,6.951751615493743
3/10/2018 12:00,6.541999817,6.541999817,6.500329073038281
3/10/2018 13:00,7.245999813,7.245999813,6.539769760528894
3/10/2018 14:00,9.355999947,9.355999947,7.245999813
3/10/2018 15:00,8.512000084,8.512000084,9.355999947
3/10/2018 16:00,9.355999947,9.355999947,8.512000084
3/10/2018 17:00,9.708000183,9.708000183,9.351691536926245
3/10/2018 18:00,8.86400032,8.86400032,9.648733699634692
3/10/2018 19:00,8.020000458,8.020000458,8.886962981922595
3/10/2018 20:00,7.034999847,7.034999847,8.052847201572224
3/10/2018 21:00,6.823999882,6.823999882,6.998482277475278
3/10/2018 22:00,6.612999916,6.612999916,6.775133728149998
3/10/2018 23:00,6.40199995,6.40199995,6.612999916
3/11/2018 0:00,6.683000088,6.683000088,6.40199995
3/11/2018 1:00,6.823999882,6.823999882,6.6284697936204635
3/11/2018 2:00,6.894000053,6.894000053,6.815472000076638
3/11/2018 3:00,6.894000053,6.894000053,6.929669220740089
3/11/2018 4:00,6.330999851,6.330999851,6.892179140421087
3/11/2018 5:00,6.330999851,6.330999851,6.317384988470261
3/11/2018 6:00,6.612999916,6.612999916,6.3329319044434556
3/11/2018 7:00,5.627999783,5.627999783,6.615970018925837
3/11/2018 8:00,5.839000225,5.839000225,5.668035484020951
3/11/2018 9:00,5.697999954,5.697999954,5.819999519733245
3/11/2018 10:00,7.034999847,7.034999847,5.688004478234902
3/11/2018 11:00,6.683000088,6.683000088,7.017040927886514
3/11/2018 12:00,7.737999916,7.737999916,6.683000088
3/11/2018 13:00,8.300999641,8.300999641,7.715203564980003
3/11/2018 14:00,10.3409996,10.3409996,8.273905601436848
3/11/2018 15:00,9.918999672,9.918999672,10.3409996
3/11/2018 16:00,9.708000183,9.708000183,9.968694162105006
3/11/2018 17:00,9.708000183,9.708000183,9.708000183
3/11/2018 18:00,8.934000015,8.934000015,9.708000183
3/11/2018 19:00,8.512000084,8.512000084,8.958233151938755
3/11/2018 20:00,8.37100029,8.37100029,8.543289194692546
3/11/2018 21:00,7.879000187,7.879000187,8.343064893290169
3/11/2018 22:00,7.52699995,7.52699995,7.869926277362698
3/11/2018 23:00,7.668000221,7.668000221,7.558887963499559
3/12/2018 0:00,8.020000458,8.020000458,7.661268831619606
3/12/2018 1:00,7.948999882,7.948999882,7.998489985719002
3/12/2018 2:00,7.597000122,7.597000122,7.966807245938872
3/12/2018 3:00,7.668000221,7.668000221,7.627721600009957
3/12/2018 4:00,7.948999882,7.948999882,7.641008548784813
3/12/2018 5:00,8.159999847,8.159999847,7.92460359307694
3/12/2018 6:00,7.668000221,7.668000221,8.184193803195242
3/12/2018 7:00,7.456999779,7.456999779,7.695450971600961
3/12/2018 8:00,8.020000458,8.020000458,7.431260829681132
3/12/2018 9:00,8.300999641,8.300999641,8.00944895998339
3/12/2018 10:00,8.86400032,8.86400032,8.315146079952097
3/12/2018 11:00,8.722999573,8.722999573,8.869210394290304
3/12/2018 12:00,9.00399971,9.00399971,8.722134974447115
3/12/2018 13:00,9.355999947,9.355999947,8.995691131955295
3/12/2018 14:00,10.55200005,10.55200005,9.362704396428112
3/12/2018 15:00,10.13000011,10.13000011,10.55200005
3/12/2018 16:00,10.48200035,10.48200035,10.13000011
3/12/2018 17:00,11.18500042,11.18500042,10.526954659344591
3/12/2018 18:00,10.97399998,10.97399998,11.129374486718387
3/12/2018 19:00,9.918999672,9.918999672,10.956142895393462
3/12/2018 20:00,9.848999977,9.848999977,10.009802467594858
3/12/2018 21:00,9.425999641,9.425999641,9.829294971477063
3/12/2018 22:00,9.286000252,9.286000252,9.357234523568495
3/12/2018 23:00,9.215000153,9.215000153,9.331365105856444
3/13/2018 0:00,9.00399971,9.00399971,9.250287364796591
3/13/2018 1:00,8.722999573,8.722999573,8.936398148709214
3/13/2018 2:00,8.86400032,8.86400032,8.722999573
3/13/2018 3:00,8.793000221,8.793000221,8.925611166140088
3/13/2018 4:00,8.722999573,8.722999573,8.746222876814317
3/13/2018 5:00,8.722999573,8.722999573,8.67023228967122
3/13/2018 6:00,8.581999779,8.581999779,8.785515117771155
3/13/2018 7:00,8.230999947,8.230999947,8.60282378458391
3/13/2018 8:00,8.159999847,8.159999847,8.230999947
3/13/2018 9:00,9.286000252,9.286000252,8.175859284382776
3/13/2018 10:00,10.97399998,10.97399998,9.325537441901236
3/13/2018 11:00,10.83300018,10.83300018,10.912949170221824
3/13/2018 12:00,10.90400028,10.90400028,10.81463863394073
3/13/2018 13:00,11.60700035,11.60700035,10.961424976329795
3/13/2018 14:00,12.6619997,12.6619997,11.580233538071333
3/13/2018 15:00,11.74800014,11.74800014,12.577364665973214
3/13/2018 16:00,11.32600021,11.32600021,11.74800014
3/13/2018 17:00,11.5369997,11.5369997,11.32600021
3/13/2018 18:00,12.31099987,12.31099987,11.456936444688058
3/13/2018 19:00,11.88899994,11.88899994,12.31099987
3/13/2018 20:00,11.32600021,11.32600021,11.979097924166355
3/13/2018 21:00,11.04399967,11.04399967,11.313170746644264
3/13/2018 22:00,10.90400028,10.90400028,10.96408667919872
3/13/2018 23:00,10.62199974,10.62199974,10.90400028
3/14/2018 0:00,10.62199974,10.62199974,10.660078474510332
3/14/2018 1:00,10.48200035,10.48200035,10.62199974
3/14/2018 2:00,10.69299984,10.69299984,10.479670418333738
3/14/2018 3:00,10.76299953,10.76299953,10.781866512950813
3/14/2018 4:00,10.76299953,10.76299953,10.76299953
3/14/2018 5:00,9.98900032,9.98900032,10.76299953
3/14/2018 6:00,10.62199974,10.62199974,10.059742822405786
3/14/2018 7:00,10.19999981,10.19999981,10.63428668954373
3/14/2018 8:00,10.48200035,10.48200035,10.19999981
3/14/2018 9:00,10.83300018,10.83300018,10.48200035
3/14/2018 10:00,10.76299953,10.76299953,10.83300018
3/14/2018 11:00,10.76299953,10.76299953,10.76299953
3/14/2018 12:00,10.83300018,10.83300018,10.76299953
3/14/2018 13:00,9.496999741,9.496999741,10.83300018
3/14/2018 14:00,10.62199974,10.62199974,9.496999741
3/14/2018 15:00,10.69299984,10.69299984,10.550662018601372
3/14/2018 16:00,10.76299953,10.76299953,10.704794497100483
3/14/2018 17:00,10.19999981,10.19999981,10.82445980021428
3/14/2018 18:00,10.48200035,10.48200035,10.16071804150178
3/14/2018 19:00,9.777999878,9.777999878,10.438071162961933
3/14/2018 20:00,9.637999535,9.637999535,9.845209239787074
3/14/2018 21:00,9.496999741,9.496999741,9.647727723689076
3/14/2018 22:00,9.567000389,9.567000389,9.425494511120839
3/14/2018 23:00,9.425999641,9.425999641,9.58773484624222
3/15/2018 0:00,9.708000183,9.708000183,9.482471112678255
3/15/2018 1:00,9.708000183,9.708000183,9.708000183
3/15/2018 2:00,9.567000389,9.567000389,9.708000183
3/15/2018 3:00,9.496999741,9.496999741,9.61690925649899
3/15/2018 4:00,9.637999535,9.637999535,9.492983537377633
3/15/2018 5:00,9.777999878,9.777999878,9.637999535
3/15/2018 6:00,9.918999672,9.918999672,9.794881975387186
3/15/2018 7:00,9.637999535,9.637999535,9.918999672
3/15/2018 8:00,10.13000011,10.13000011,9.581647536124201
3/15/2018 9:00,10.13000011,10.13000011,10.107966428910034
3/15/2018 10:00,9.918999672,9.918999672,10.13000011
3/15/2018 11:00,9.708000183,9.708000183,9.911372433992195
3/15/2018 12:00,10.62199974,10.62199974,9.708000183
3/15/2018 13:00,10.83300018,10.83300018,10.64096646003843
3/15/2018 14:00,10.90400028,10.90400028,10.83300018
3/15/2018 15:00,10.83300018,10.83300018,10.90400028
3/15/2018 16:00,11.67800045,11.67800045,10.83300018
3/15/2018 17:00,11.88899994,11.88899994,11.700644677294218
3/15/2018 18:00,11.60700035,11.60700035,11.892664096332945
3/15/2018 19:00,7.668000221,7.668000221,11.60700035
3/15/2018 20:00,2.321000099,2.321000099,7.668000221
3/15/2018 21:00,0.985000014,0.985000014,2.321000098999999
3/15/2018 22:00,2.884000063,2.884000063,0.9850000140000001
3/15/2018 23:00,1.687999964,1.687999964,2.884000063
3/16/2018 0:00,2.743999958,2.743999958,1.6820593856780741
3/16/2018 1:00,2.250999928,2.250999928,2.743999958
3/16/2018 2:00,1.828999996,1.828999996,2.190955727321456
3/16/2018 3:00,2.602999926,2.602999926,1.8289999959999999
3/16/2018 4:00,3.377000093,3.377000093,2.667434622057533
3/16/2018 5:00,3.165999889,3.165999889,3.2973607764972415
3/16/2018 6:00,3.305999994,3.305999994,3.165999889
3/16/2018 7:00,2.743999958,2.743999958,3.305999994
3/16/2018 8:00,1.899000049,1.899000049,2.73062989843993
3/16/2018 9:00,2.109999895,2.109999895,1.899000049
3/16/2018 10:00,2.109999895,2.109999895,2.1517640851674344
3/16/2018 11:00,3.025000095,3.025000095,2.109999895
3/16/2018 12:00,3.657999992,3.657999992,3.025000095
3/16/2018 13:00,4.010000229,4.010000229,3.657999992
3/16/2018 14:00,3.799000025,3.799000025,4.010000229
3/16/2018 15:00,3.868999958,3.868999958,3.7990000249999993
3/16/2018 16:00,4.290999889,4.290999889,3.868999958
3/16/2018 17:00,4.501999855,4.501999855,4.290999889
3/16/2018 18:00,4.78399992,4.78399992,4.511509919374872
3/16/2018 19:00,4.994999886,4.994999886,4.78399992
3/16/2018 20:00,5.205999851,5.205999851,4.994999886
3/16/2018 21:00,5.346000195,5.346000195,5.201404886643169
3/16/2018 22:00,4.923999786,4.923999786,5.355807456963538
3/16/2018 23:00,4.150000095,4.150000095,4.923999786
3/17/2018 0:00,3.377000093,3.377000093,4.209272139275297
3/17/2018 1:00,3.165999889,3.165999889,3.377000093
3/17/2018 2:00,2.743999958,2.743999958,3.165999889
3/17/2018 3:00,3.025000095,3.025000095,2.743999958
3/17/2018 4:00,2.813999891,2.813999891,3.0180731461729495
3/17/2018 5:00,2.743999958,2.743999958,2.816253227615468
3/17/2018 6:00,2.743999958,2.743999958,2.743999958
3/17/2018 7:00,2.321000099,2.321000099,2.7380629182552294
3/17/2018 8:00,2.813999891,2.813999891,2.321000099
3/17/2018 9:00,3.095000029,3.095000029,2.751859239824288
3/17/2018 10:00,3.868999958,3.868999958,3.095000029
3/17/2018 11:00,4.43200016,4.43200016,3.868999958
3/17/2018 12:00,5.135000229,5.135000229,4.43200016
3/17/2018 13:00,5.276000023,5.276000023,5.135000229
3/17/2018 14:00,6.119999886,6.119999886,5.326587640500054
3/17/2018 15:00,6.472000122,6.472000122,6.113930288710067
3/17/2018 16:00,6.050000191,6.050000191,6.4160283850732736
3/17/2018 17:00,5.839000225,5.839000225,6.050000191
3/17/2018 18:00,5.768000126,5.768000126,5.847088146129545
3/17/2018 19:00,5.627999783,5.627999783,5.768000126
3/17/2018 20:00,5.486999989,5.486999989,5.627999783
3/17/2018 21:00,5.486999989,5.486999989,5.486999989
3/17/2018 22:00,5.276000023,5.276000023,5.486999989
3/17/2018 23:00,3.51699996,3.51699996,5.276000023
3/18/2018 0:00,4.712999821,4.712999821,3.5803270076734215
3/18/2018 1:00,4.854000092,4.854000092,4.679039503876674
3/18/2018 2:00,5.55700016,5.55700016,4.849944656491466
3/18/2018 3:00,5.90899992,5.90899992,5.53675611636318
3/18/2018 4:00,4.923999786,4.923999786,5.898899328981392
3/18/2018 5:00,3.799000025,3.799000025,4.952428214050594
3/18/2018 6:00,5.839000225,5.839000225,3.830985398029017
3/18/2018 7:00,7.737999916,7.737999916,5.778865369152305
3/18/2018 8:00,8.090000153,8.090000153,7.674964073538332
3/18/2018 9:00,7.105000019,7.105000019,8.090000153
3/18/2018 10:00,7.597000122,7.597000122,7.105000019
3/18/2018 11:00,7.948999882,7.948999882,7.597000122
3/18/2018 12:00,6.964000225,6.964000225,7.948999882
3/18/2018 13:00,7.809000015,7.809000015,6.964000225000001
3/18/2018 14:00,6.261000156,6.261000156,7.7850640851856205
3/18/2018 15:00,5.697999954,5.697999954,6.305794650799516
3/18/2018 16:00,5.486999989,5.486999989,5.712338268698987
3/18/2018 17:00,5.416999817,5.416999817,5.493062008248108
3/18/2018 18:00,5.979000092,5.979000092,5.419013897917836
3/18/2018 19:00,5.486999989,5.486999989,5.9627971379885425
3/18/2018 20:00,4.43200016,4.43200016,5.537675151517338
3/18/2018 21:00,5.979000092,5.979000092,4.4624281939359935
3/18/2018 22:00,5.979000092,5.979000092,5.933739018143989
3/18/2018 23:00,5.768000126,5.768000126,5.977632987470322
3/19/2018 0:00,5.90899992,5.90899992,5.7743086719381935
3/19/2018 1:00,6.119999886,6.119999886,5.904755483961148
3/19/2018 2:00,6.752999783,6.752999783,6.113435923952591
3/19/2018 3:00,4.854000092,4.854000092,6.802246485062986
3/19/2018 4:00,4.78399992,4.78399992,4.895716282339658
3/19/2018 5:00,4.361999989,4.361999989,4.710623415895563
3/19/2018 6:00,5.839000225,5.839000225,4.375063114159599
3/19/2018 7:00,4.854000092,4.854000092,5.883650967038117
3/19/2018 8:00,4.854000092,4.854000092,4.8853216506008925
3/19/2018 9:00,5.276000023,5.276000023,4.802766806129587
3/19/2018 10:00,5.55700016,5.55700016,5.262640152773919
3/19/2018 11:00,5.135000229,5.135000229,5.547677869170676
3/19/2018 12:00,6.261000156,6.261000156,5.1480867510081145
3/19/2018 13:00,5.205999851,5.205999851,6.246909709336148
3/19/2018 14:00,5.346000195,5.346000195,5.259361294786343
3/19/2018 15:00,5.416999817,5.416999817,5.331303149874947
3/19/2018 16:00,5.065000057,5.065000057,5.369003931988712
3/19/2018 17:00,6.050000191,6.050000191,5.07653183146795
3/19/2018 18:00,3.165999889,3.165999889,6.07516834668786
3/19/2018 19:00,3.868999958,3.868999958,3.2715495857117434
3/19/2018 20:00,4.643000126,4.643000126,3.8303531272012727
3/19/2018 21:00,4.572999954,4.572999954,4.540207140604274
3/19/2018 22:00,4.643000126,4.643000126,4.630781979646213
3/19/2018 23:00,4.079999924,4.079999924,4.698646418067046
3/20/2018 0:00,3.095000029,3.095000029,4.034845170456722
3/20/2018 1:00,3.236000061,3.236000061,3.1092675285446383
3/20/2018 2:00,4.010000229,4.010000229,3.2703432787642908
3/20/2018 3:00,3.727999926,3.727999926,3.9565134372576893
3/20/2018 4:00,4.290999889,4.290999889,3.7255584566416937
3/20/2018 5:00,4.643000126,4.643000126,4.313113315306858
3/20/2018 6:00,4.43200016,4.43200016,4.617566276395678
3/20/2018 7:00,3.165999889,3.165999889,4.428862522971167
3/20/2018 8:00,2.954999924,2.954999924,3.244161469806421
3/20/2018 9:00,3.727999926,3.727999926,2.948122630500473
3/20/2018 10:00,4.150000095,4.150000095,3.650057810713377
3/20/2018 11:00,3.588000059,3.588000059,4.156192167412496
3/20/2018 12:00,3.868999958,3.868999958,3.662329966708853
3/20/2018 13:00,3.447000027,3.447000027,3.832984098893839
3/20/2018 14:00,3.51699996,3.51699996,3.4307505394361484
3/20/2018 15:00,3.51699996,3.51699996,3.556644980311831
3/20/2018 16:00,3.095000029,3.095000029,3.513316126739968
3/20/2018 17:00,2.461999893,2.461999893,3.114967287332849
3/20/2018 18:00,2.532000065,2.532000065,2.4984346304309923
3/20/2018 19:00,2.884000063,2.884000063,2.538343946324466
3/20/2018 20:00,2.532000065,2.532000065,2.8469518671608847
3/20/2018 21:00,2.602999926,2.602999926,2.559715739866138
3/20/2018 22:00,3.377000093,3.377000093,2.6180882986121086
3/20/2018 23:00,3.377000093,3.377000093,3.3260646365022755
3/21/2018 0:00,3.447000027,3.447000027,3.3767942580819743
3/21/2018 1:00,2.743999958,2.743999958,3.4809152926785574
3/21/2018 2:00,3.447000027,3.447000027,2.759565382928338
3/21/2018 3:00,3.799000025,3.799000025,3.393591596929067
3/21/2018 4:00,3.868999958,3.868999958,3.7810079483728125
3/21/2018 5:00,4.079999924,4.079999924,3.9075013083637002
3/21/2018 6:00,3.938999891,3.938999891,4.06615775785364
3/21/2018 7:00,4.010000229,4.010000229,3.9276273576086376
3/21/2018 8:00,4.290999889,4.290999889,4.025931540399859
3/21/2018 9:00,3.165999889,3.165999889,4.287630290806115
3/21/2018 10:00,5.416999817,5.416999817,3.2057276460730795
3/21/2018 11:00,5.205999851,5.205999851,5.331260765078891
3/21/2018 12:00,5.065000057,5.065000057,5.195285636954282
3/21/2018 13:00,6.190999985,6.190999985,5.1376853471458
3/21/2018 14:00,5.90899992,5.90899992,6.129044570910451
3/21/2018 15:00,6.683000088,6.683000088,5.8786991826143
3/21/2018 16:00,6.683000088,6.683000088,6.7085210186181765
3/21/2018 17:00,6.40199995,6.40199995,6.672248941602355
3/21/2018 18:00,6.894000053,6.894000053,6.40339831752177
3/21/2018 19:00,7.034999847,7.034999847,6.887182694294448
3/21/2018 20:00,6.752999783,6.752999783,7.021841943649088
3/21/2018 21:00,6.752999783,6.752999783,6.773258028295469
3/21/2018 22:00,6.683000088,6.683000088,6.7518115521061715
3/21/2018 23:00,6.683000088,6.683000088,6.671410986120676
3/22/2018 0:00,6.612999916,6.612999916,6.687429088373466
3/22/2018 1:00,6.330999851,6.330999851,6.6262604688412425
3/22/2018 2:00,6.752999783,6.752999783,6.33413200741135
3/22/2018 3:00,6.261000156,6.261000156,6.738735853562462
3/22/2018 4:00,6.261000156,6.261000156,6.274326063528046
3/22/2018 5:00,6.472000122,6.472000122,6.276082638716372
3/22/2018 6:00,6.472000122,6.472000122,6.4465378815172745
3/22/2018 7:00,6.119999886,6.119999886,6.472350361374093
3/22/2018 8:00,6.964000225,6.964000225,6.148433983971534
3/22/2018 9:00,7.948999882,7.948999882,6.925711275885412
3/22/2018 10:00,8.512000084,8.512000084,7.896551759263105
3/22/2018 11:00,7.456999779,7.456999779,8.522051440060991
3/22/2018 12:00,8.159999847,8.159999847,7.497699017275171
3/22/2018 13:00,9.425999641,9.425999641,8.12758358272756
3/22/2018 14:00,9.00399971,9.00399971,9.350222941931925
3/22/2018 15:00,8.512000084,8.512000084,9.050142687258015
3/22/2018 16:00,8.793000221,8.793000221,8.560616476220146
3/22/2018 17:00,8.581999779,8.581999779,8.73793744525659
3/22/2018 18:00,9.708000183,9.708000183,8.58480953759722
3/22/2018 19:00,9.215000153,9.215000153,9.706911510939015
3/22/2018 20:00,8.512000084,8.512000084,9.191303980517299
3/22/2018 21:00,8.37100029,8.37100029,8.562303172920922
3/22/2018 22:00,8.512000084,8.512000084,8.375093823263011
3/22/2018 23:00,8.37100029,8.37100029,8.476843133146991
3/23/2018 0:00,8.442000389,8.442000389,8.39516367970108
3/23/2018 1:00,8.159999847,8.159999847,8.452700425450422
3/23/2018 2:00,8.300999641,8.300999641,8.147829826847447
3/23/2018 3:00,8.722999573,8.722999573,8.280765347609323
3/23/2018 4:00,8.300999641,8.300999641,8.709287094591346
3/23/2018 5:00,8.020000458,8.020000458,8.309774556856935
3/23/2018 6:00,8.159999847,8.159999847,8.045062765402701
3/23/2018 7:00,8.230999947,8.230999947,8.141542667454344
3/23/2018 8:00,8.581999779,8.581999779,8.22025428038947
3/23/2018 9:00,8.230999947,8.230999947,8.586177830250243
3/23/2018 10:00,9.918999672,9.918999672,8.237546987361192
3/23/2018 11:00,9.98900032,9.98900032,9.86236853234714
3/23/2018 12:00,9.708000183,9.708000183,9.969743089070787
3/23/2018 13:00,10.27099991,10.27099991,9.76326296022939
3/23/2018 14:00,11.60700035,11.60700035,10.23639414499932
3/23/2018 15:00,12.52200031,12.52200031,11.53353979705168
3/23/2018 16:00,12.38099957,12.38099957,12.525884974371632
3/23/2018 17:00,12.7329998,12.7329998,12.406294251805951
3/23/2018 18:00,12.02900028,12.02900028,12.706584123763006
3/23/2018 19:00,10.83300018,10.83300018,12.04186625323392
3/23/2018 20:00,10.62199974,10.62199974,10.903334018758999
3/23/2018 21:00,9.425999641,9.425999641,10.612128292048173
3/23/2018 22:00,9.00399971,9.00399971,9.43616341108351
3/23/2018 23:00,9.286000252,9.286000252,9.055593953942823
3/24/2018 0:00,9.145000458,9.145000458,9.250790890933283
3/24/2018 1:00,9.496999741,9.496999741,9.132509126570488
3/24/2018 2:00,9.848999977,9.848999977,9.517674759521299
3/24/2018 3:00,9.286000252,9.286000252,9.820065714982515
3/24/2018 4:00,9.355999947,9.355999947,9.301230010657756
3/24/2018 5:00,9.074999809,9.074999809,9.37914193115624
3/24/2018 6:00,9.00399971,9.00399971,9.059621669824168
3/24/2018 7:00,10.62199974,10.62199974,9.01068208565602
3/24/2018 8:00,9.496999741,9.496999741,10.569069767947308
3/24/2018 9:00,9.848999977,9.848999977,9.518768223147179
3/24/2018 10:00,9.918999672,9.918999672,9.889878535844653
3/24/2018 11:00,10.27099991,10.27099991,9.866896408072554
3/24/2018 12:00,10.69299984,10.69299984,10.2624570934385
3/24/2018 13:00,10.69299984,10.69299984,10.702424632647746
3/24/2018 14:00,11.67800045,11.67800045,10.679401501767677
3/24/2018 15:00,12.7329998,12.7329998,11.64265890987983
3/24/2018 16:00,12.94400024,12.94400024,12.690428964695672
3/24/2018 17:00,13.29599953,13.29599953,12.949999988163494
3/24/2018 18:00,12.6619997,12.6619997,13.29726343828162
3/24/2018 19:00,12.02900028,12.02900028,12.671339871290847
3/24/2018 20:00,11.46700001,11.46700001,12.066219495162272
3/24/2018 21:00,11.11499977,11.11499977,11.478399242334298
3/24/2018 22:00,10.97399998,10.97399998,11.115633815120706
3/24/2018 23:00,10.62199974,10.62199974,10.98279189615117
3/25/2018 0:00,10.69299984,10.69299984,10.63403576693248
3/25/2018 1:00,9.777999878,9.777999878,10.688212276499124
3/25/2018 2:00,9.286000252,9.286000252,9.807662396424606
3/25/2018 3:00,10.55200005,10.55200005,9.319268906036365
3/25/2018 4:00,10.3409996,10.3409996,10.478327757373892
3/25/2018 5:00,10.69299984,10.69299984,10.334131370743748
3/25/2018 6:00,10.41100025,10.41100025,10.73272783822655
3/25/2018 7:00,9.98900032,9.98900032,10.392120276849166
3/25/2018 8:00,10.62199974,10.62199974,10.003093691510793
3/25/2018 9:00,10.97399998,10.97399998,10.612025414402252
3/25/2018 10:00,10.27099991,10.27099991,10.936725810178935
3/25/2018 11:00,9.98900032,9.98900032,10.3170783411848
3/25/2018 12:00,10.62199974,10.62199974,10.0175558297478
3/25/2018 13:00,10.3409996,10.3409996,10.560635388077106
3/25/2018 14:00,10.76299953,10.76299953,10.35202476410021
3/25/2018 15:00,10.90400028,10.90400028,10.784242806982874
3/25/2018 16:00,10.83300018,10.83300018,10.865204421735024
3/25/2018 17:00,10.97399998,10.97399998,10.842509123918878
3/25/2018 18:00,11.46700001,11.46700001,10.987611052270497
3/25/2018 19:00,10.3409996,10.3409996,11.428293025560118
3/25/2018 20:00,10.62199974,10.62199974,10.38622039263451
3/25/2018 21:00,10.55200005,10.55200005,10.643920864478115
3/25/2018 22:00,10.48200035,10.48200035,10.505295838677
3/25/2018 23:00,10.48200035,10.48200035,10.503066313503435
3/26/2018 0:00,10.13000011,10.13000011,10.498386981027618
3/26/2018 1:00,9.918999672,9.918999672,10.120862072612377
3/26/2018 2:00,10.83300018,10.83300018,9.934813155886703
3/26/2018 3:00,10.3409996,10.3409996,10.798948516926925
3/26/2018 4:00,10.06000042,10.06000042,10.341997136240462
3/26/2018 5:00,10.76299953,10.76299953,10.107794299346606
3/26/2018 6:00,10.76299953,10.76299953,10.713271500085146
3/26/2018 7:00,10.76299953,10.76299953,10.741958321395337
3/26/2018 8:00,11.04399967,11.04399967,10.806280123664653
3/26/2018 9:00,10.62199974,10.62199974,11.017879690611665
3/26/2018 10:00,11.60700035,11.60700035,10.620024273931985
3/26/2018 11:00,10.19999981,10.19999981,11.598346194395491
3/26/2018 12:00,11.11499977,11.11499977,10.232591287782856
3/26/2018 13:00,12.23999977,12.23999977,11.11023950067764
3/26/2018 14:00,13.50699997,13.50699997,12.144412169456242
3/26/2018 15:00,13.36600018,13.36600018,13.476864760083217
3/26/2018 16:00,13.78800011,13.78800011,13.401722405535935
3/26/2018 17:00,13.71800041,13.71800041,13.770049374553437
3/26/2018 18:00,13.64700031,13.64700031,13.696990111148382
3/26/2018 19:00,12.45100021,12.45100021,13.675511726978685
3/26/2018 20:00,11.74800014,11.74800014,12.497636928950623
3/26/2018 21:00,11.60700035,11.60700035,11.771979878962645
3/26/2018 22:00,11.04399967,11.04399967,11.594877803125453
3/26/2018 23:00,10.83300018,10.83300018,11.065165519115599
3/27/2018 0:00,10.62199974,10.62199974,10.853499655210232
3/27/2018 1:00,10.69299984,10.69299984,10.611707576049122
3/27/2018 2:00,10.3409996,10.3409996,10.69101065531317
3/27/2018 3:00,10.62199974,10.62199974,10.359726688804509
3/27/2018 4:00,10.48200035,10.48200035,10.611625543092734
3/27/2018 5:00,10.27099991,10.27099991,10.473806551520644
3/27/2018 6:00,10.48200035,10.48200035,10.295585876867502
3/27/2018 7:00,10.3409996,10.3409996,10.446736381489043
3/27/2018 8:00,11.32600021,11.32600021,10.332725670315043
3/27/2018 9:00,11.04399967,11.04399967,11.302174168080589
3/27/2018 10:00,11.88899994,11.88899994,11.042209835198168
3/27/2018 11:00,12.02900028,12.02900028,11.878259355793846
3/27/2018 12:00,11.5369997,11.5369997,12.002958576524524
3/27/2018 13:00,11.5369997,11.5369997,11.574767741916968
3/27/2018 14:00,13.01399994,13.01399994,11.545110207256585
3/27/2018 15:00,13.08500004,13.08500004,12.848235688884753
3/27/2018 16:00,13.57699966,13.57699966,12.92350750421424
3/27/2018 17:00,13.64700031,13.64700031,13.414585948104447
3/27/2018 18:00,12.8739996,12.8739996,13.476909054983901
3/27/2018 19:00,11.5369997,11.5369997,12.759498270757984
3/27/2018 20:00,10.83300018,10.83300018,11.470153219343542
3/27/2018 21:00,10.48200035,10.48200035,10.836651564099208
3/27/2018 22:00,10.19999981,10.19999981,10.47041094307456
3/27/2018 23:00,9.708000183,9.708000183,10.22796576598109
3/28/2018 0:00,9.496999741,9.496999741,9.72666026577225
3/28/2018 1:00,8.86400032,8.86400032,9.493685174249954
3/28/2018 2:00,8.86400032,8.86400032,8.88748762084096
3/28/2018 3:00,8.934000015,8.934000015,8.87209724827964
3/28/2018 4:00,8.442000389,8.442000389,8.912372666656823
3/28/2018 5:00,8.581999779,8.581999779,8.46955942358737
3/28/2018 6:00,8.159999847,8.159999847,8.589367938557157
3/28/2018 7:00,8.934000015,8.934000015,8.15272373979977
3/28/2018 8:00,9.848999977,9.848999977,8.9226969933775
3/28/2018 9:00,9.98900032,9.98900032,9.808359083909687
3/28/2018 10:00,11.11499977,11.11499977,9.991367877695422
3/28/2018 11:00,10.3409996,10.3409996,11.037914987447214
3/28/2018 12:00,9.918999672,9.918999672,10.346902728712708
3/28/2018 13:00,10.83300018,10.83300018,9.929586904035702
3/28/2018 14:00,12.10000038,12.10000038,10.775759284133402
3/28/2018 15:00,12.59200001,12.59200001,11.98270622075628
3/28/2018 16:00,13.08500004,13.08500004,12.462021585225244
3/28/2018 17:00,13.08500004,13.08500004,12.944385023999663
3/28/2018 18:00,12.23999977,12.23999977,12.94626527865355
3/28/2018 19:00,11.32600021,11.32600021,12.148448989065193
3/28/2018 20:00,10.90400028,10.90400028,11.367453804290427
3/28/2018 21:00,9.848999977,9.848999977,10.886828353036512
3/28/2018 22:00,9.496999741,9.496999741,9.884961049597758
3/28/2018 23:00,9.567000389,9.567000389,9.528889980399333
3/29/2018 0:00,9.496999741,9.496999741,9.530405949698874
3/29/2018 1:00,9.074999809,9.074999809,9.499706933569657
3/29/2018 2:00,9.286000252,9.286000252,9.113113142339309
3/29/2018 3:00,9.567000389,9.567000389,9.262919247214716
3/29/2018 4:00,9.074999809,9.074999809,9.540176362740105
3/29/2018 5:00,8.581999779,8.581999779,9.116091941551879
3/29/2018 6:00,8.159999847,8.159999847,8.603731526144225
3/29/2018 7:00,8.020000458,8.020000458,8.14877303117988
3/29/2018 8:00,8.652999878,8.652999878,8.031196955275247
3/29/2018 9:00,8.512000084,8.512000084,8.63461214237491
3/29/2018 10:00,9.145000458,9.145000458,8.503041255079113
3/29/2018 11:00,8.86400032,8.86400032,9.144560526390174
3/29/2018 12:00,9.145000458,9.145000458,8.861056044261383
3/29/2018 13:00,9.637999535,9.637999535,9.146344682211215
3/29/2018 14:00,10.13000011,10.13000011,9.611841446525405
3/29/2018 15:00,10.69299984,10.69299984,10.11352662888999
3/29/2018 16:00,10.48200035,10.48200035,10.684532733358415
3/29/2018 17:00,10.3409996,10.3409996,10.448160659327208
3/29/2018 18:00,9.637999535,9.637999535,10.353094582464035
3/29/2018 19:00,9.355999947,9.355999947,9.654845140012064
3/29/2018 20:00,9.425999641,9.425999641,9.367937642429617
3/29/2018 21:00,8.230999947,8.230999947,9.4131129501237
3/29/2018 22:00,7.809000015,7.809000015,8.271994833314047
3/29/2018 23:00,7.315999985,7.315999985,7.841423513618772
3/30/2018 0:00,6.612999916,6.612999916,7.298193593472784
3/30/2018 1:00,6.823999882,6.823999882,6.643935905682993
3/30/2018 2:00,6.472000122,6.472000122,6.828629267443891
3/30/2018 3:00,6.119999886,6.119999886,6.454669440797942
3/30/2018 4:00,6.119999886,6.119999886,6.151025933325432
3/30/2018 5:00,5.839000225,5.839000225,6.120106820823591
3/30/2018 6:00,5.276000023,5.276000023,5.8298100338057095
3/30/2018 7:00,5.205999851,5.205999851,5.311415686902254
3/30/2018 8:00,5.55700016,5.55700016,5.208701555362316
3/30/2018 9:00,5.768000126,5.768000126,5.521537520985236
3/30/2018 10:00,6.261000156,6.261000156,5.770180492798033
3/30/2018 11:00,6.261000156,6.261000156,6.25795481073269
3/30/2018 12:00,6.330999851,6.330999851,6.247388807470953
3/30/2018 13:00,7.034999847,7.034999847,6.339837480832368
3/30/2018 14:00,7.034999847,7.034999847,7.016570782585906
3/30/2018 15:00,7.386000156,7.386000156,7.015076013421976
3/30/2018 16:00,7.315999985,7.315999985,7.403088815211941
3/30/2018 17:00,7.809000015,7.809000015,7.307627581813818
3/30/2018 18:00,6.683000088,6.683000088,7.791476648059211
3/30/2018 19:00,5.768000126,5.768000126,6.719989360041546
3/30/2018 20:00,6.330999851,6.330999851,5.820764602939102
3/30/2018 21:00,6.40199995,6.40199995,6.287962575287412
3/30/2018 22:00,6.261000156,6.261000156,6.4986614152531965
3/30/2018 23:00,5.979000092,5.979000092,6.308458342768086
3/31/2018 0:00,5.768000126,5.768000126,5.970625132130555
3/31/2018 1:00,5.768000126,5.768000126,5.757878267360429
3/31/2018 2:00,5.768000126,5.768000126,5.78852685784574
3/31/2018 3:00,5.768000126,5.768000126,5.75928774350635
3/31/2018 4:00,5.768000126,5.768000126,5.760392944442867
3/31/2018 5:00,5.768000126,5.768000126,5.779615520689226
3/31/2018 6:00,5.768000126,5.768000126,5.764159207250859
3/31/2018 7:00,5.768000126,5.768000126,5.763006178644279
3/31/2018 8:00,5.768000126,5.768000126,5.773712740110423
3/31/2018 9:00,5.768000126,5.768000126,5.76651389887356
3/31/2018 10:00,5.768000126,5.768000126,5.765383428068702
3/31/2018 11:00,5.768000126,5.768000126,5.770796650063474
3/31/2018 12:00,5.768000126,5.768000126,5.866032472513275
3/31/2018 13:00,5.768000126,5.768000126,5.76631014441531
3/31/2018 14:00,5.768000126,5.768000126,5.769575559139739
3/31/2018 15:00,5.768000126,5.768000126,5.767873481922589
3/31/2018 16:00,5.768000126,5.768000126,5.767312533178986
3/31/2018 17:00,5.768000126,5.768000126,5.768551209307332
3/31/2018 18:00,5.768000126,5.768000126,5.768000126
3/31/2018 19:00,5.768000126,5.768000126,5.767638397932153
3/31/2018 20:00,5.768000126,5.768000126,5.768272444677506
3/31/2018 21:00,5.768000126,5.768000126,5.768028373790866
3/31/2018 22:00,5.768000126,5.768000126,5.7677957368750254
3/31/2018 23:00,5.768000126,5.768000126,5.768128586338009
4/1/2018 0:00,9.00399971,9.00399971,5.7680250309186
4/1/2018 1:00,9.215000153,9.215000153,9.023161707480366
4/1/2018 2:00,9.00399971,9.00399971,9.215000153
4/1/2018 3:00,8.652999878,8.652999878,8.997044235709202
4/1/2018 4:00,9.215000153,9.215000153,8.64683453944543
4/1/2018 5:00,9.215000153,9.215000153,9.221767617176848
4/1/2018 6:00,9.425999641,9.425999641,9.215000153
4/1/2018 7:00,9.567000389,9.567000389,9.42652965833512
4/1/2018 8:00,10.19999981,10.19999981,9.532018700262542
4/1/2018 9:00,10.69299984,10.69299984,10.203892057814583
4/1/2018 10:00,11.11499977,11.11499977,10.689237532184155
4/1/2018 11:00,10.97399998,10.97399998,11.093760248174334
4/1/2018 12:00,10.76299953,10.76299953,10.990200859779465
4/1/2018 13:00,11.60700035,11.60700035,10.775263165509601
4/1/2018 14:00,11.25599957,11.25599957,11.60700035
4/1/2018 15:00,12.94400024,12.94400024,11.257000429656895
4/1/2018 16:00,12.7329998,12.7329998,12.929258023043538
4/1/2018 17:00,11.81799984,11.81799984,12.553638388226933
4/1/2018 18:00,11.74800014,11.74800014,11.89434237515874
4/1/2018 19:00,10.76299953,10.76299953,11.74800014
4/1/2018 20:00,10.69299984,10.69299984,10.740622765179218
4/1/2018 21:00,10.55200005,10.55200005,10.742131394876115
4/1/2018 22:00,10.48200035,10.48200035,10.534013686498886
4/1/2018 23:00,10.13000011,10.13000011,10.461774029872462
4/2/2018 0:00,9.708000183,9.708000183,10.164075555789355
4/2/2018 1:00,10.19999981,10.19999981,9.71968464940401
4/2/2018 2:00,10.48200035,10.48200035,10.170408724543233
4/2/2018 3:00,10.83300018,10.83300018,10.471368863427552
4/2/2018 4:00,10.3409996,10.3409996,10.839235542245948
4/2/2018 5:00,10.3409996,10.3409996,10.329246022276468
4/2/2018 6:00,10.06000042,10.06000042,10.350589801466837
4/2/2018 7:00,10.48200035,10.48200035,10.06000042
4/2/2018 8:00,9.637999535,9.637999535,10.474469944130428
4/2/2018 9:00,10.55200005,10.55200005,9.65441054868075
4/2/2018 10:00,10.48200035,10.48200035,10.547989174953633
4/2/2018 11:00,10.13000011,10.13000011,10.44022928799277
4/2/2018 12:00,10.19999981,10.19999981,10.173359528268705
4/2/2018 13:00,11.67800045,11.67800045,10.202350892671506
4/2/2018 14:00,12.02900028,12.02900028,11.63460720089822
4/2/2018 15:00,12.10000038,12.10000038,12.04305571498506
4/2/2018 16:00,12.17000008,12.17000008,12.116505923218426
4/2/2018 17:00,12.02900028,12.02900028,12.135289175553517
4/2/2018 18:00,11.25599957,11.25599957,12.02900028
4/2/2018 19:00,10.97399998,10.97399998,11.27633063046724
4/2/2018 20:00,10.55200005,10.55200005,10.945666809606152
4/2/2018 21:00,10.19999981,10.19999981,10.55200005
4/2/2018 22:00,10.3409996,10.3409996,10.222752019389514
4/2/2018 23:00,9.848999977,9.848999977,10.309161116491323
4/3/2018 0:00,9.425999641,9.425999641,9.848999977
4/3/2018 1:00,9.355999947,9.355999947,9.454640288471637
4/3/2018 2:00,9.215000153,9.215000153,9.355999947
4/3/2018 3:00,9.145000458,9.145000458,9.215000153
4/3/2018 4:00,9.145000458,9.145000458,9.17152289167314
4/3/2018 5:00,9.425999641,9.425999641,9.11629519235148
4/3/2018 6:00,9.286000252,9.286000252,9.411613624598704
4/3/2018 7:00,9.496999741,9.496999741,9.314737685791766
4/3/2018 8:00,9.848999977,9.848999977,9.496999741
4/3/2018 9:00,10.69299984,10.69299984,9.848999977
4/3/2018 10:00,11.39599991,11.39599991,10.69299984
4/3/2018 11:00,11.32600021,11.32600021,11.365569906807707
4/3/2018 12:00,11.39599991,11.39599991,11.320663196525993
4/3/2018 13:00,11.32600021,11.32600021,11.431434583903096
4/3/2018 14:00,12.7329998,12.7329998,11.32600021
4/3/2018 15:00,12.94400024,12.94400024,12.729140206984122
4/3/2018 16:00,13.43599987,13.43599987,12.962619543049337
4/3/2018 17:00,13.71800041,13.71800041,13.43599987
4/3/2018 18:00,12.23999977,12.23999977,13.71800041
4/3/2018 19:00,12.17000008,12.17000008,12.26637960888954
4/3/2018 20:00,11.60700035,11.60700035,12.17000008
4/3/2018 21:00,11.32600021,11.32600021,11.60700035
4/3/2018 22:00,10.97399998,10.97399998,11.34532389874532
4/3/2018 23:00,10.90400028,10.90400028,10.97399998
4/4/2018 0:00,9.918999672,9.918999672,10.878564957148415
4/4/2018 1:00,8.86400032,8.86400032,9.918999672
4/4/2018 2:00,8.934000015,8.934000015,8.86400032
4/4/2018 3:00,7.809000015,7.809000015,8.934000015
4/4/2018 4:00,6.823999882,6.823999882,7.809000015
4/4/2018 5:00,7.105000019,7.105000019,6.823999882000001
4/4/2018 6:00,6.612999916,6.612999916,7.105000019
4/4/2018 7:00,5.135000229,5.135000229,6.612999916
4/4/2018 8:00,5.346000195,5.346000195,5.135000229000001
4/4/2018 9:00,5.065000057,5.065000057,5.346000195
4/4/2018 10:00,5.276000023,5.276000023,5.065000057
4/4/2018 11:00,5.276000023,5.276000023,5.276000023
4/4/2018 12:00,5.065000057,5.065000057,5.276000023
4/4/2018 13:00,4.572999954,4.572999954,5.065000057
4/4/2018 14:00,4.290999889,4.290999889,4.572999954
4/4/2018 15:00,4.43200016,4.43200016,4.290999889
4/4/2018 16:00,4.221000195,4.221000195,4.43200016
4/4/2018 17:00,4.079999924,4.079999924,4.221000195
4/4/2018 18:00,3.799000025,3.799000025,4.079999924
4/4/2018 19:00,3.657999992,3.657999992,3.7990000250000002
4/4/2018 20:00,3.799000025,3.799000025,3.657999992
4/4/2018 21:00,3.799000025,3.799000025,3.799000025
4/4/2018 22:00,3.868999958,3.868999958,3.799000025
4/4/2018 23:00,3.938999891,3.938999891,3.868999958
4/5/2018 0:00,3.657999992,3.657999992,3.938999891
4/5/2018 1:00,3.799000025,3.799000025,3.6439379332502964
4/5/2018 2:00,3.868999958,3.868999958,3.799000025
4/5/2018 3:00,3.799000025,3.799000025,3.868999958
4/5/2018 4:00,4.361999989,4.361999989,3.799000025
4/5/2018 5:00,3.657999992,3.657999992,4.361999989
4/5/2018 6:00,4.221000195,4.221000195,3.626284666217319
4/5/2018 7:00,3.51699996,3.51699996,4.221000195
4/5/2018 8:00,3.095000029,3.095000029,3.5169999599999997
4/5/2018 9:00,0.421999991,0.421999991,3.0797949485331455
4/5/2018 10:00,0.0,0.0,0.42199999099999985
4/5/2018 11:00,-0.633000016,-0.633000016,0.0
4/5/2018 12:00,-0.703000009,-0.703000009,-0.6330000159999999
4/5/2018 13:00,0.0,0.0,-0.703000009
4/5/2018 14:00,-0.633000016,-0.633000016,0.0
4/5/2018 15:00,-0.915000021,-0.915000021,-0.6731695775026879
4/5/2018 16:00,0.0,0.0,-0.915000021
4/5/2018 17:00,0.563000023,0.563000023,-1.1102230246251565e-16
4/5/2018 18:00,1.758999944,1.758999944,0.5630000229999998
4/5/2018 19:00,0.563000023,0.563000023,1.7589999439999997
4/5/2018 20:00,0.0,0.0,0.5804507929777049
4/5/2018 21:00,2.039999962,2.039999962,1.1102230246251565e-16
4/5/2018 22:00,0.492000014,0.492000014,2.039999962
4/5/2018 23:00,1.126000047,1.126000047,0.4928738890571465
4/6/2018 0:00,0.985000014,0.985000014,1.1260000470000002
4/6/2018 1:00,0.0,0.0,0.985000014
4/6/2018 2:00,0.563000023,0.563000023,-1.1102230246251565e-16
4/6/2018 3:00,1.970000029,1.970000029,0.5687777846777964
4/6/2018 4:00,2.39199996,2.39199996,1.9700000289999997
4/6/2018 5:00,1.476999998,1.476999998,2.39199996
4/6/2018 6:00,1.337000012,1.337000012,1.4769999979999997
4/6/2018 7:00,1.054999948,1.054999948,1.3370000120000003
4/6/2018 8:00,1.054999948,1.054999948,1.0549999480000003
4/6/2018 9:00,1.337000012,1.337000012,1.0773623098730543
4/6/2018 10:00,1.828999996,1.828999996,1.3101344749676247
4/6/2018 11:00,3.095000029,3.095000029,1.8147533334605435
4/6/2018 12:00,4.010000229,4.010000229,3.1214182091900047
4/6/2018 13:00,4.643000126,4.643000126,4.010000229
4/6/2018 14:00,4.994999886,4.994999886,4.643000126
4/6/2018 15:00,4.994999886,4.994999886,5.025917966944494
4/6/2018 16:00,5.346000195,5.346000195,4.994999886
4/6/2018 17:00,5.486999989,5.486999989,5.347628823479458
4/6/2018 18:00,5.346000195,5.346000195,5.506357759759072
4/6/2018 19:00,5.346000195,5.346000195,5.329619708946119
4/6/2018 20:00,5.346000195,5.346000195,5.3340990745809576
4/6/2018 21:00,4.221000195,4.221000195,5.380111216266089
4/6/2018 22:00,5.276000023,5.276000023,4.221000195
4/6/2018 23:00,4.854000092,4.854000092,5.284823797265475
4/7/2018 0:00,4.501999855,4.501999855,4.806151841018294
4/7/2018 1:00,4.221000195,4.221000195,4.58907348024875
4/7/2018 2:00,4.150000095,4.150000095,4.194916181105889
4/7/2018 3:00,4.221000195,4.221000195,4.122601106836356
4/7/2018 4:00,4.221000195,4.221000195,4.232146587197524
4/7/2018 5:00,4.150000095,4.150000095,4.221938452398159
4/7/2018 6:00,3.727999926,3.727999926,4.149935899845079
4/7/2018 7:00,4.994999886,4.994999886,3.740096826601977
4/7/2018 8:00,4.221000195,4.221000195,4.958882411991265
4/7/2018 9:00,3.727999926,3.727999926,4.220200315946901
4/7/2018 10:00,5.346000195,5.346000195,3.814278050488123
4/7/2018 11:00,3.305999994,3.305999994,5.239047862987988
4/7/2018 12:00,3.236000061,3.236000061,3.3403893821218436
4/7/2018 13:00,3.51699996,3.51699996,3.357367695149369
4/7/2018 14:00,4.501999855,4.501999855,3.3608395926174484
4/7/2018 15:00,4.994999886,4.994999886,4.4948221367565
4/7/2018 16:00,5.276000023,5.276000023,5.03331733510014
4/7/2018 17:00,5.768000126,5.768000126,5.280022431992465
4/7/2018 18:00,6.050000191,6.050000191,5.7516120173223335
4/7/2018 19:00,5.697999954,5.697999954,6.050300402337688
4/7/2018 20:00,5.346000195,5.346000195,5.727690049197184
4/7/2018 21:00,4.923999786,4.923999786,5.358215025308097
4/7/2018 22:00,4.854000092,4.854000092,4.911948775969533
4/7/2018 23:00,5.065000057,5.065000057,4.850683574669842
4/8/2018 0:00,4.572999954,4.572999954,5.038054130511528
4/8/2018 1:00,4.712999821,4.712999821,4.583170478299605
4/8/2018 2:00,4.501999855,4.501999855,4.72085654396663
4/8/2018 3:00,4.501999855,4.501999855,4.4831968446124595
4/8/2018 4:00,4.501999855,4.501999855,4.509459135834792
4/8/2018 5:00,4.643000126,4.643000126,4.49149475381667
4/8/2018 6:00,4.572999954,4.572999954,4.636214850272994
4/8/2018 7:00,5.697999954,5.697999954,4.578355892204657
4/8/2018 8:00,5.768000126,5.768000126,5.673589604201269
4/8/2018 9:00,5.627999783,5.627999783,5.75628721975721
4/8/2018 10:00,5.416999817,5.416999817,5.687967646254268
4/8/2018 11:00,5.697999954,5.697999954,5.404302234957939
4/8/2018 12:00,5.627999783,5.627999783,5.6835658030647656
4/8/2018 13:00,6.261000156,6.261000156,5.634118072692938
4/8/2018 14:00,7.105000019,7.105000019,6.261973425376214
4/8/2018 15:00,7.668000221,7.668000221,7.067660510065737
4/8/2018 16:00,7.809000015,7.809000015,7.681717271107677
4/8/2018 17:00,7.879000187,7.879000187,7.836722400952724
4/8/2018 18:00,7.597000122,7.597000122,7.879643941079578
4/8/2018 19:00,8.230999947,8.230999947,7.5988863038813985
4/8/2018 20:00,8.300999641,8.300999641,8.219793063418532
4/8/2018 21:00,7.879000187,7.879000187,8.284134966950655
4/8/2018 22:00,7.737999916,7.737999916,7.92562975106146
4/8/2018 23:00,7.245999813,7.245999813,7.73492923951296
4/9/2018 0:00,7.386000156,7.386000156,7.229833421024531
4/9/2018 1:00,7.668000221,7.668000221,7.3926126474545715
4/9/2018 2:00,7.737999916,7.737999916,7.642704504779448
4/9/2018 3:00,7.456999779,7.456999779,7.747138226863468
4/9/2018 4:00,7.456999779,7.456999779,7.478845282056232
4/9/2018 5:00,7.245999813,7.245999813,7.44981955110425
4/9/2018 6:00,6.894000053,6.894000053,7.236225967553046
4/9/2018 7:00,8.020000458,8.020000458,6.914362234626763
4/9/2018 8:00,8.652999878,8.652999878,7.980404359916584
4/9/2018 9:00,9.425999641,9.425999641,8.617195486098263
4/9/2018 10:00,10.55200005,10.55200005,9.468444645975334
4/9/2018 11:00,9.777999878,9.777999878,10.525593623117569
4/9/2018 12:00,9.286000252,9.286000252,9.80697742741079
4/9/2018 13:00,9.98900032,9.98900032,9.347079311026064
4/9/2018 14:00,11.32600021,11.32600021,9.906957540532956
4/9/2018 15:00,10.90400028,10.90400028,11.276689855761635
4/9/2018 16:00,12.10000038,12.10000038,10.975331240186659
4/9/2018 17:00,12.45100021,12.45100021,12.106725698713685
4/9/2018 18:00,12.02900028,12.02900028,12.373800324848718
4/9/2018 19:00,10.48200035,10.48200035,12.111855153271355
4/9/2018 20:00,9.918999672,9.918999672,10.53397950507242
4/9/2018 21:00,9.708000183,9.708000183,9.886653051393264
4/9/2018 22:00,9.496999741,9.496999741,9.661325680937308
4/9/2018 23:00,9.215000153,9.215000153,9.522860226626323
4/10/2018 0:00,8.86400032,8.86400032,9.22634951283015
4/10/2018 1:00,8.722999573,8.722999573,8.855490600262213
4/10/2018 2:00,8.652999878,8.652999878,8.721394970718482
4/10/2018 3:00,8.722999573,8.722999573,8.64906432030351
4/10/2018 4:00,8.442000389,8.442000389,8.720302264553764
4/10/2018 5:00,8.581999779,8.581999779,8.449341577247242
4/10/2018 6:00,8.652999878,8.652999878,8.58281109522602
4/10/2018 7:00,9.215000153,9.215000153,8.635631041761371
4/10/2018 8:00,9.918999672,9.918999672,9.211314319686048
4/10/2018 9:00,10.48200035,10.48200035,9.90144528697224
4/10/2018 10:00,9.215000153,9.215000153,10.484782565658442
4/10/2018 11:00,9.567000389,9.567000389,9.270375237140769
4/10/2018 12:00,8.934000015,8.934000015,9.568744965432588
4/10/2018 13:00,9.425999641,9.425999641,8.878377559794162
4/10/2018 14:00,10.55200005,10.55200005,9.461347350827396
4/10/2018 15:00,10.62199974,10.62199974,10.49592135797603
4/10/2018 16:00,11.18500042,11.18500042,10.63227280453811
4/10/2018 17:00,10.90400028,10.90400028,11.22316083933039
4/10/2018 18:00,12.02900028,12.02900028,10.880858059504762
4/10/2018 19:00,11.60700035,11.60700035,12.01635365554333
4/10/2018 20:00,11.18500042,11.18500042,11.606279889439975
4/10/2018 21:00,11.04399967,11.04399967,11.248570813228273
4/10/2018 22:00,10.55200005,10.55200005,11.00850084874044
4/10/2018 23:00,11.04399967,11.04399967,10.546189200013986
4/11/2018 0:00,10.3409996,10.3409996,11.050715031301849
4/11/2018 1:00,10.48200035,10.48200035,10.336506517902242
4/11/2018 2:00,10.55200005,10.55200005,10.506322691463646
4/11/2018 3:00,10.41100025,10.41100025,10.538695934517143
4/11/2018 4:00,10.55200005,10.55200005,10.410778209958567
4/11/2018 5:00,10.55200005,10.55200005,10.56184384850633
4/11/2018 6:00,9.777999878,9.777999878,10.540035890625346
4/11/2018 7:00,9.918999672,9.918999672,9.805927934852173
4/11/2018 8:00,9.918999672,9.918999672,9.927398948534771
4/11/2018 9:00,9.708000183,9.708000183,9.887460454759676
4/11/2018 10:00,10.3409996,10.3409996,9.7329272782551
4/11/2018 11:00,10.13000011,10.13000011,10.325821334235254
4/11/2018 12:00,10.27099991,10.27099991,10.112623834402125
4/11/2018 13:00,10.3409996,10.3409996,10.305779755919254
4/11/2018 14:00,10.97399998,10.97399998,10.318178142857356
4/11/2018 15:00,10.97399998,10.97399998,10.937682267633624
4/11/2018 16:00,10.76299953,10.76299953,10.982669070577053
4/11/2018 17:00,9.777999878,9.777999878,10.793381472044253
4/11/2018 18:00,9.425999641,9.425999641,9.790468029682529
4/11/2018 19:00,8.722999573,8.722999573,9.444095984835737
4/11/2018 20:00,7.879000187,7.879000187,8.73557536829045
4/11/2018 21:00,7.668000221,7.668000221,7.9128816874979995
4/11/2018 22:00,7.386000156,7.386000156,7.671756403068466
4/11/2018 23:00,6.964000225,6.964000225,7.36540004919117
4/12/2018 0:00,6.964000225,6.964000225,6.991915204712034
4/12/2018 1:00,6.612999916,6.612999916,6.957901245478752
4/12/2018 2:00,6.612999916,6.612999916,6.605815326921397
4/12/2018 3:00,6.050000191,6.050000191,6.630537184551679
4/12/2018 4:00,6.40199995,6.40199995,6.0536705373884585
4/12/2018 5:00,5.90899992,5.90899992,6.394697203921719
4/12/2018 6:00,5.768000126,5.768000126,5.917080028588521
4/12/2018 7:00,5.627999783,5.627999783,5.800552586554801
4/12/2018 8:00,5.90899992,5.90899992,5.605798534714848
4/12/2018 9:00,5.90899992,5.90899992,5.897089275900383
4/12/2018 10:00,5.979000092,5.979000092,5.913888798570118
4/12/2018 11:00,6.330999851,6.330999851,5.988449253029634
4/12/2018 12:00,6.472000122,6.472000122,6.311146605957395
4/12/2018 13:00,6.050000191,6.050000191,6.468791247246162
4/12/2018 14:00,6.541999817,6.541999817,6.08153116460272
4/12/2018 15:00,6.472000122,6.472000122,6.524061053392668
4/12/2018 16:00,6.330999851,6.330999851,6.446939257804473
4/12/2018 17:00,5.768000126,5.768000126,6.372603615531807
4/12/2018 18:00,5.627999783,5.627999783,5.777708310413532
4/12/2018 19:00,5.346000195,5.346000195,5.617514622135953
4/12/2018 20:00,4.854000092,4.854000092,5.341677462805818
4/12/2018 21:00,5.135000229,5.135000229,4.8800354236811385
4/12/2018 22:00,4.994999886,4.994999886,5.1153975733649695
4/12/2018 23:00,4.643000126,4.643000126,4.978146744905461
4/13/2018 0:00,4.994999886,4.994999886,4.682385796269754
4/13/2018 1:00,4.923999786,4.923999786,4.9744552154949435
4/13/2018 2:00,4.78399992,4.78399992,4.902906368186762
4/13/2018 3:00,4.854000092,4.854000092,4.820629778201188
4/13/2018 4:00,4.854000092,4.854000092,4.839958011291269
4/13/2018 5:00,4.78399992,4.78399992,4.837956405851764
4/13/2018 6:00,4.712999821,4.712999821,4.800515776317914
4/13/2018 7:00,4.572999954,4.572999954,4.716059989566596
4/13/2018 8:00,4.290999889,4.290999889,4.564272044193786
4/13/2018 9:00,4.290999889,4.290999889,4.30191372946436
4/13/2018 10:00,4.361999989,4.361999989,4.288940995921494
4/13/2018 11:00,4.572999954,4.572999954,4.347613170678631
4/13/2018 12:00,5.065000057,5.065000057,4.57364014299892
4/13/2018 13:00,4.643000126,4.643000126,5.052739075772864
4/13/2018 14:00,4.854000092,4.854000092,4.6609169432660345
4/13/2018 15:00,5.276000023,5.276000023,4.866377372971037
4/13/2018 16:00,4.854000092,4.854000092,5.230374244345168
4/13/2018 17:00,5.839000225,5.839000225,4.882708330418307
4/13/2018 18:00,4.572999954,4.572999954,5.8315714270882
4/13/2018 19:00,3.095000029,3.095000029,4.577348732290879
4/13/2018 20:00,3.799000025,3.799000025,3.2026347341165082
4/13/2018 21:00,4.854000092,4.854000092,3.707840580185606
4/13/2018 22:00,3.095000029,3.095000029,4.757436533268788
4/13/2018 23:00,3.588000059,3.588000059,3.2327041700969916
4/14/2018 0:00,4.290999889,4.290999889,3.6137455659487925
4/14/2018 1:00,4.361999989,4.361999989,4.128321663383561
4/14/2018 2:00,4.150000095,4.150000095,4.418524722213882
4/14/2018 3:00,4.643000126,4.643000126,4.2116061822268245
4/14/2018 4:00,5.205999851,5.205999851,4.555203181121982
4/14/2018 5:00,4.854000092,4.854000092,5.18079842715047
4/14/2018 6:00,5.205999851,5.205999851,4.915273821546892
4/14/2018 7:00,4.854000092,4.854000092,5.179327357535353
4/14/2018 8:00,4.923999786,4.923999786,4.833960329024562
4/14/2018 9:00,3.447000027,3.447000027,4.964794609474389
4/14/2018 10:00,4.361999989,4.361999989,3.4944164831544446
4/14/2018 11:00,3.799000025,3.799000025,4.325400354689673
4/14/2018 12:00,3.799000025,3.799000025,3.7812844308950346
4/14/2018 13:00,3.938999891,3.938999891,3.8549614564491983
4/14/2018 14:00,4.010000229,4.010000229,3.9077039076563205
4/14/2018 15:00,4.43200016,4.43200016,3.987708331909352
4/14/2018 16:00,5.346000195,5.346000195,4.443342248888245
4/14/2018 17:00,5.205999851,5.205999851,5.295094441637015
4/14/2018 18:00,5.416999817,5.416999817,5.201726757332457
4/14/2018 19:00,5.065000057,5.065000057,5.446605782655341
4/14/2018 20:00,4.923999786,4.923999786,5.055728435603529
4/14/2018 21:00,3.868999958,3.868999958,4.932942046161693
4/14/2018 22:00,4.361999989,4.361999989,3.9216392370054916
4/14/2018 23:00,4.501999855,4.501999855,4.343422535116708
4/15/2018 0:00,4.854000092,4.854000092,4.456076760975851
4/15/2018 1:00,5.346000195,5.346000195,4.873341385318073
4/15/2018 2:00,4.643000126,4.643000126,5.324421413315928
4/15/2018 3:00,4.854000092,4.854000092,4.657916984237876
4/15/2018 4:00,5.135000229,5.135000229,4.876335980962837
4/15/2018 5:00,5.276000023,5.276000023,5.090287739762279
4/15/2018 6:00,5.135000229,5.135000229,5.273236092838797
4/15/2018 7:00,5.768000126,5.768000126,5.163896393016283
4/15/2018 8:00,4.854000092,4.854000092,5.727811996866751
4/15/2018 9:00,5.979000092,5.979000092,4.878954045537595
4/15/2018 10:00,6.261000156,6.261000156,5.971929647276544
4/15/2018 11:00,6.190999985,6.190999985,6.190682517286149
4/15/2018 12:00,6.612999916,6.612999916,6.231436990507113
4/15/2018 13:00,6.823999882,6.823999882,6.611742632913235
4/15/2018 14:00,8.300999641,8.300999641,6.7733628369677295
4/15/2018 15:00,8.722999573,8.722999573,8.256327797751348
4/15/2018 16:00,9.425999641,9.425999641,8.701005967726436
4/15/2018 17:00,9.355999947,9.355999947,9.416205448225417
4/15/2018 18:00,8.722999573,8.722999573,9.349704860978607
4/15/2018 19:00,7.809000015,7.809000015,8.764864389910642
4/15/2018 20:00,6.964000225,6.964000225,7.853313671340528
4/15/2018 21:00,6.261000156,6.261000156,6.985620940147072
4/15/2018 22:00,6.050000191,6.050000191,6.286222068532476
4/15/2018 23:00,6.050000191,6.050000191,6.05814333806455
4/16/2018 0:00,6.823999882,6.823999882,6.037834343818902
4/16/2018 1:00,6.472000122,6.472000122,6.791226989959669
4/16/2018 2:00,6.612999916,6.612999916,6.485532340331581
4/16/2018 3:00,6.541999817,6.541999817,6.631353024142791
4/16/2018 4:00,6.40199995,6.40199995,6.519418031179719
4/16/2018 5:00,5.90899992,5.90899992,6.414757094266464
4/16/2018 6:00,6.190999985,6.190999985,5.943014677995756
4/16/2018 7:00,6.330999851,6.330999851,6.168087790622698
4/16/2018 8:00,6.541999817,6.541999817,6.3068247824878645
4/16/2018 9:00,6.683000088,6.683000088,6.555791817366703
4/16/2018 10:00,6.964000225,6.964000225,6.674079814210567
4/16/2018 11:00,7.315999985,7.315999985,6.942021048269843
4/16/2018 12:00,6.964000225,6.964000225,7.30783374361207
4/16/2018 13:00,7.245999813,7.245999813,6.985477989734662
4/16/2018 14:00,8.020000458,8.020000458,7.238316106615163
4/16/2018 15:00,8.652999878,8.652999878,7.964193822319283
4/16/2018 16:00,9.00399971,9.00399971,8.632137121590235
4/16/2018 17:00,8.512000084,8.512000084,9.009735453980808
4/16/2018 18:00,7.737999916,7.737999916,8.530254521750066
4/16/2018 19:00,7.668000221,7.668000221,7.778415568927666
4/16/2018 20:00,6.894000053,6.894000053,7.664777311069364
4/16/2018 21:00,6.823999882,6.823999882,6.910391769319388
4/16/2018 22:00,6.894000053,6.894000053,6.848923735577725
4/16/2018 23:00,6.190999985,6.190999985,6.867829940425964
4/17/2018 0:00,5.90899992,5.90899992,6.222565158797188
4/17/2018 1:00,6.261000156,6.261000156,5.946208137338302
4/17/2018 2:00,6.261000156,6.261000156,6.212851725081458
4/17/2018 3:00,5.90899992,5.90899992,6.254213452093613
4/17/2018 4:00,6.261000156,6.261000156,5.95955503523007
4/17/2018 5:00,5.768000126,5.768000126,6.2310741317286364
4/17/2018 6:00,5.768000126,5.768000126,5.765152199448245
4/17/2018 7:00,6.683000088,6.683000088,5.807844117866242
4/17/2018 8:00,7.245999813,7.245999813,6.616337578407815
4/17/2018 9:00,8.159999847,8.159999847,7.200219243536459
4/17/2018 10:00,8.86400032,8.86400032,8.164574945751536
4/17/2018 11:00,7.879000187,7.879000187,8.820614878337832
4/17/2018 12:00,8.090000153,8.090000153,7.92178377890902
4/17/2018 13:00,8.934000015,8.934000015,8.119063604590878
4/17/2018 14:00,9.567000389,9.567000389,8.841168571547636
4/17/2018 15:00,10.27099991,10.27099991,9.54472599690667
4/17/2018 16:00,10.90400028,10.90400028,10.284903093597169
4/17/2018 17:00,10.90400028,10.90400028,10.851731754630425
4/17/2018 18:00,10.62199974,10.62199974,10.903748678665332
4/17/2018 19:00,8.934000015,8.934000015,10.667673198311721
4/17/2018 20:00,8.090000153,8.090000153,8.992806091429085
4/17/2018 21:00,8.159999847,8.159999847,8.128204032114855
4/17/2018 22:00,7.948999882,7.948999882,8.090770644031224
4/17/2018 23:00,7.668000221,7.668000221,7.952330865263886
4/18/2018 0:00,7.456999779,7.456999779,7.713361701883919
4/18/2018 1:00,7.245999813,7.245999813,7.443519761030047
4/18/2018 2:00,7.386000156,7.386000156,7.2360685438288685
4/18/2018 3:00,7.245999813,7.245999813,7.387554015579358
4/18/2018 4:00,7.245999813,7.245999813,7.245938183846801
4/18/2018 5:00,7.245999813,7.245999813,7.252737592531241
4/18/2018 6:00,6.964000225,6.964000225,7.238292362287916
4/18/2018 7:00,7.737999916,7.737999916,6.975341678492301
4/18/2018 8:00,9.145000458,9.145000458,7.712072928802906
4/18/2018 9:00,8.722999573,8.722999573,9.075162568518833
4/18/2018 10:00,9.637999535,9.637999535,8.778574396693415
4/18/2018 11:00,9.215000153,9.215000153,9.66175349751831
4/18/2018 12:00,9.286000252,9.286000252,9.165570144378886
4/18/2018 13:00,9.98900032,9.98900032,9.33093700942891
4/18/2018 14:00,11.18500042,11.18500042,9.947932161423989
4/18/2018 15:00,11.5369997,11.5369997,11.10163240085547
4/18/2018 16:00,12.31099987,12.31099987,11.565646840532475
4/18/2018 17:00,12.6619997,12.6619997,12.3245474073225
4/18/2018 18:00,11.81799984,11.81799984,12.626226153555779
4/18/2018 19:00,10.13000011,10.13000011,11.876242415845468
4/18/2018 20:00,9.98900032,9.98900032,10.208626129695894
4/18/2018 21:00,9.355999947,9.355999947,9.937081520376125
4/18/2018 22:00,9.00399971,9.00399971,9.315350631248556
4/18/2018 23:00,8.934000015,8.934000015,9.065663875324086
4/19/2018 0:00,8.512000084,8.512000084,8.915309992328517
4/19/2018 1:00,8.442000389,8.442000389,8.499079410021704
4/19/2018 2:00,8.37100029,8.37100029,8.463315993693408
4/19/2018 3:00,8.230999947,8.230999947,8.358556804268616
4/19/2018 4:00,8.020000458,8.020000458,8.231879084683367
4/19/2018 5:00,8.020000458,8.020000458,8.0331924312502
4/19/2018 6:00,7.52699995,7.52699995,8.013588647812503
4/19/2018 7:00,8.090000153,8.090000153,7.535454106111946
4/19/2018 8:00,9.074999809,9.074999809,8.0765626542975
4/19/2018 9:00,9.286000252,9.286000252,9.015060408869015
4/19/2018 10:00,9.918999672,9.918999672,9.313469535113715
4/19/2018 11:00,9.777999878,9.777999878,9.936685893353266
4/19/2018 12:00,10.27099991,10.27099991,9.760027101749161
4/19/2018 13:00,11.04399967,11.04399967,10.278281822596062
4/19/2018 14:00,11.88899994,11.88899994,11.008859542952585
4/19/2018 15:00,12.59200001,12.59200001,11.885565964672466
4/19/2018 16:00,12.52200031,12.52200031,12.60852628617505
4/19/2018 17:00,12.17000008,12.17000008,12.566980071523197
4/19/2018 18:00,11.60700035,11.60700035,12.213670165264261
4/19/2018 19:00,10.41100025,10.41100025,11.621613250030697
4/19/2018 20:00,9.848999977,9.848999977,10.453706646097737
4/19/2018 21:00,9.355999947,9.355999947,9.885246859693549
4/19/2018 22:00,8.934000015,8.934000015,9.312418729321386
4/19/2018 23:00,8.512000084,8.512000084,8.927862107971945
4/20/2018 0:00,8.512000084,8.512000084,8.564446048617555
4/20/2018 1:00,8.652999878,8.652999878,8.489127152815959
4/20/2018 2:00,8.793000221,8.793000221,8.608309595828791
4/20/2018 3:00,8.37100029,8.37100029,8.828213958096061
4/20/2018 4:00,8.300999641,8.300999641,8.402666534509892
4/20/2018 5:00,8.090000153,8.090000153,8.30583766437663
4/20/2018 6:00,8.37100029,8.37100029,8.077047837537327
4/20/2018 7:00,9.145000458,9.145000458,8.35674050772411
4/20/2018 8:00,9.00399971,9.00399971,9.113024848564883
4/20/2018 9:00,8.86400032,8.86400032,9.027548955708214
4/20/2018 10:00,9.496999741,9.496999741,8.91610067100654
4/20/2018 11:00,9.98900032,9.98900032,9.501835647568054
4/20/2018 12:00,10.3409996,10.3409996,9.941391705948542
4/20/2018 13:00,11.74800014,11.74800014,10.362137277344896
4/20/2018 14:00,12.38099957,12.38099957,11.728123200942075
4/20/2018 15:00,12.94400024,12.94400024,12.387254594736163
4/20/2018 16:00,13.43599987,13.43599987,12.92726053228999
4/20/2018 17:00,12.8739996,12.8739996,13.483953111938083
4/20/2018 18:00,12.23999977,12.23999977,12.866370035249684
4/20/2018 19:00,11.74800014,11.74800014,12.195471648731278
4/20/2018 20:00,11.25599957,11.25599957,11.784482542099589
4/20/2018 21:00,11.88899994,11.88899994,11.277174689260368
4/20/2018 22:00,11.04399967,11.04399967,11.842476097771044
4/20/2018 23:00,10.90400028,10.90400028,11.045320963757717
4/21/2018 0:00,10.97399998,10.97399998,10.938307556372274
4/21/2018 1:00,10.90400028,10.90400028,10.942452769411906
4/21/2018 2:00,11.32600021,11.32600021,10.880669761168383
4/21/2018 3:00,10.3409996,10.3409996,11.370451525693607
4/21/2018 4:00,9.567000389,9.567000389,10.365454129398474
4/21/2018 5:00,10.27099991,10.27099991,9.537014637393153
4/21/2018 6:00,10.3409996,10.3409996,10.268477733902749
4/21/2018 7:00,10.3409996,10.3409996,10.379872129236611
4/21/2018 8:00,10.06000042,10.06000042,10.374668682107526
4/21/2018 9:00,10.62199974,10.62199974,10.038159058863155
4/21/2018 10:00,10.76299953,10.76299953,10.632142577909297
4/21/2018 11:00,10.48200035,10.48200035,10.771719588488638
4/21/2018 12:00,11.25599957,11.25599957,10.518353171454724
4/21/2018 13:00,11.25599957,11.25599957,11.236044594645525
4/21/2018 14:00,9.777999878,9.777999878,11.24798477119059
4/21/2018 15:00,10.27099991,10.27099991,9.86182645262647
4/21/2018 16:00,9.848999977,9.848999977,10.246204034418422
4/21/2018 17:00,9.567000389,9.567000389,9.854789222831647
4/21/2018 18:00,9.425999641,9.425999641,9.588624090179776
4/21/2018 19:00,9.355999947,9.355999947,9.4090650048645
4/21/2018 20:00,9.496999741,9.496999741,9.344169614269934
4/21/2018 21:00,9.00399971,9.00399971,9.485232634061266
4/21/2018 22:00,9.215000153,9.215000153,9.01790677025458
4/21/2018 23:00,9.145000458,9.145000458,9.21175158686423
4/22/2018 0:00,9.567000389,9.567000389,9.12524327394129
4/22/2018 1:00,9.708000183,9.708000183,9.562565171684156
4/22/2018 2:00,9.637999535,9.637999535,9.702641127745169
4/22/2018 3:00,9.708000183,9.708000183,9.660905290805127
4/22/2018 4:00,7.034999847,7.034999847,9.711840473304518
4/22/2018 5:00,8.652999878,8.652999878,7.091636459811765
4/22/2018 6:00,9.355999947,9.355999947,8.583753425768569
4/22/2018 7:00,8.512000084,8.512000084,9.305318349177885
4/22/2018 8:00,9.98900032,9.98900032,8.620172887395189
4/22/2018 9:00,10.3409996,10.3409996,9.993277094017127
4/22/2018 10:00,9.918999672,9.918999672,10.249255576413946
4/22/2018 11:00,9.425999641,9.425999641,9.957027295166347
4/22/2018 12:00,9.637999535,9.637999535,9.50192711847521
4/22/2018 13:00,9.496999741,9.496999741,9.566735823562906
4/22/2018 14:00,9.355999947,9.355999947,9.457619779640194
4/22/2018 15:00,9.918999672,9.918999672,9.454149217302106
4/22/2018 16:00,10.06000042,10.06000042,9.904868106852453
4/22/2018 17:00,10.27099991,10.27099991,9.96798175893832
4/22/2018 18:00,10.06000042,10.06000042,10.327050445083033
4/22/2018 19:00,9.98900032,9.98900032,10.074504105301871
4/22/2018 20:00,8.37100029,8.37100029,9.896796382506242
4/22/2018 21:00,8.442000389,8.442000389,8.413121105674449
4/22/2018 22:00,7.737999916,7.737999916,8.534308179968557
4/22/2018 23:00,7.105000019,7.105000019,7.680600203559978
4/23/2018 0:00,6.752999783,6.752999783,7.049203652394265
4/23/2018 1:00,6.40199995,6.40199995,6.727341760582073
4/23/2018 2:00,5.839000225,5.839000225,6.428449666865198
4/23/2018 3:00,5.90899992,5.90899992,5.76623594758325
4/23/2018 4:00,5.416999817,5.416999817,5.886823885422892
4/23/2018 5:00,4.994999886,4.994999886,5.49598503256437
4/23/2018 6:00,5.135000229,5.135000229,4.957132352080078
4/23/2018 7:00,4.643000126,4.643000126,5.085574001467164
4/23/2018 8:00,4.361999989,4.361999989,4.637829839372607
4/23/2018 9:00,4.290999889,4.290999889,4.386171409162538
4/23/2018 10:00,3.657999992,3.657999992,4.204759336530078
4/23/2018 11:00,3.165999889,3.165999889,3.6638210387880936
4/23/2018 12:00,3.51699996,3.51699996,3.238418616538467
4/23/2018 13:00,3.236000061,3.236000061,3.461093394114278
4/23/2018 14:00,3.236000061,3.236000061,3.1904726765964417
4/23/2018 15:00,3.727999926,3.727999926,3.3137085261273027
4/23/2018 16:00,5.205999851,5.205999851,3.7243126744906725
4/23/2018 17:00,5.697999954,5.697999954,5.108138071906003
4/23/2018 18:00,5.205999851,5.205999851,5.724192789804205
4/23/2018 19:00,5.55700016,5.55700016,5.286620933318141
4/23/2018 20:00,4.643000126,4.643000126,5.488872862518236
4/23/2018 21:00,5.486999989,5.486999989,4.602141542707869
4/23/2018 22:00,6.050000191,6.050000191,5.474037855290868
4/23/2018 23:00,5.135000229,5.135000229,5.980978249705438
4/24/2018 0:00,6.261000156,6.261000156,5.217742670871409
4/24/2018 1:00,6.40199995,6.40199995,6.249463949111579
4/24/2018 2:00,6.612999916,6.612999916,6.345518261492653
4/24/2018 3:00,6.261000156,6.261000156,6.6740563348235815
4/24/2018 4:00,6.683000088,6.683000088,6.282670689737743
4/24/2018 5:00,6.330999851,6.330999851,6.678769679093582
4/24/2018 6:00,6.752999783,6.752999783,6.324668547256269
4/24/2018 7:00,6.541999817,6.541999817,6.768100541226615
4/24/2018 8:00,6.261000156,6.261000156,6.522941588123072
4/24/2018 9:00,6.964000225,6.964000225,6.294617132555603
4/24/2018 10:00,6.472000122,6.472000122,6.922395666044431
4/24/2018 11:00,7.105000019,7.105000019,6.525280285090866
4/24/2018 12:00,7.175000191,7.175000191,7.120958429202076
4/24/2018 13:00,8.020000458,8.020000458,7.149872011521795
4/24/2018 14:00,8.159999847,8.159999847,8.027297355779227
4/24/2018 15:00,8.652999878,8.652999878,8.167780988325914
4/24/2018 16:00,8.230999947,8.230999947,8.687259970023225
4/24/2018 17:00,7.668000221,7.668000221,8.259116155780692
4/24/2018 18:00,8.442000389,8.442000389,7.712737943353684
4/24/2018 19:00,7.948999882,7.948999882,8.383835035693515
4/24/2018 20:00,7.809000015,7.809000015,7.940502579441464
4/24/2018 21:00,7.737999916,7.737999916,7.85461245123798
4/24/2018 22:00,7.386000156,7.386000156,7.710171360523672
4/24/2018 23:00,7.668000221,7.668000221,7.389311623893277
4/25/2018 0:00,7.456999779,7.456999779,7.650180210642751
4/25/2018 1:00,7.315999985,7.315999985,7.446221321201544
4/25/2018 2:00,7.809000015,7.809000015,7.335616914188541
4/25/2018 3:00,7.52699995,7.52699995,7.777627484905483
4/25/2018 4:00,6.541999817,6.541999817,7.533514322207126
4/25/2018 5:00,7.034999847,7.034999847,6.603226552098488
4/25/2018 6:00,7.879000187,7.879000187,6.990883356371244
4/25/2018 7:00,9.074999809,9.074999809,7.795316408524931
4/25/2018 8:00,8.020000458,8.020000458,9.070787758937374
4/25/2018 9:00,8.512000084,8.512000084,8.117933936776717
4/25/2018 10:00,9.496999741,9.496999741,8.555387929489372
4/25/2018 11:00,9.145000458,9.145000458,9.403581932860819
4/25/2018 12:00,9.567000389,9.567000389,9.19581385044458
4/25/2018 13:00,8.86400032,8.86400032,9.6080201100286
4/25/2018 14:00,9.848999977,9.848999977,8.871948013393464
4/25/2018 15:00,10.19999981,10.19999981,9.832117798658238
4/25/2018 16:00,9.98900032,9.98900032,10.154626323398686
4/25/2018 17:00,10.55200005,10.55200005,10.058584908144308
4/25/2018 18:00,10.27099991,10.27099991,10.550707399232591
4/25/2018 19:00,9.425999641,9.425999641,10.273923021396245
4/25/2018 20:00,8.512000084,8.512000084,9.487406773609177
4/25/2018 21:00,9.074999809,9.074999809,8.519338136916447
4/25/2018 22:00,8.934000015,8.934000015,8.995898575052596
4/25/2018 23:00,8.512000084,8.512000084,8.889699209870775
4/26/2018 0:00,8.722999573,8.722999573,8.559943331045064
4/26/2018 1:00,8.512000084,8.512000084,8.70287229626946
4/26/2018 2:00,9.215000153,9.215000153,8.496088717577086
4/26/2018 3:00,9.425999641,9.425999641,9.20131010921667
4/26/2018 4:00,9.355999947,9.355999947,9.411480352643645
4/26/2018 5:00,9.567000389,9.567000389,9.38930771485472
4/26/2018 6:00,9.074999809,9.074999809,9.571761784979529
4/26/2018 7:00,9.848999977,9.848999977,9.08999883714359
4/26/2018 8:00,10.27099991,10.27099991,9.829802599889167
4/26/2018 9:00,9.848999977,9.848999977,10.233875288996376
4/26/2018 10:00,9.98900032,9.98900032,9.914658146724236
4/26/2018 11:00,10.69299984,10.69299984,9.980093217361949
4/26/2018 12:00,10.83300018,10.83300018,10.642647265436771
4/26/2018 13:00,10.62199974,10.62199974,10.84201883887418
4/26/2018 14:00,11.11499977,11.11499977,10.673674137173435
4/26/2018 15:00,10.48200035,10.48200035,11.103684632689605
4/26/2018 16:00,11.60700035,11.60700035,10.496608705944803
4/26/2018 17:00,11.32600021,11.32600021,11.582292302688181
4/26/2018 18:00,10.06000042,10.06000042,11.307736030607755
4/26/2018 19:00,10.3409996,10.3409996,10.175201251813203
4/26/2018 20:00,9.777999878,9.777999878,10.29555130036711
4/26/2018 21:00,10.13000011,10.13000011,9.719193704905006
4/26/2018 22:00,10.48200035,10.48200035,10.130160452815732
4/26/2018 23:00,9.848999977,9.848999977,10.435624474433887
4/27/2018 0:00,9.777999878,9.777999878,9.88606500169679
4/27/2018 1:00,9.918999672,9.918999672,9.743197463109146
4/27/2018 2:00,9.918999672,9.918999672,9.872600972963392
4/27/2018 3:00,9.425999641,9.425999641,9.91556938274666
4/27/2018 4:00,9.496999741,9.496999741,9.382704572017445
4/27/2018 5:00,9.637999535,9.637999535,9.493103888408413
4/27/2018 6:00,9.777999878,9.777999878,9.601675328212766
4/27/2018 7:00,10.3409996,10.3409996,9.778358631450336
4/27/2018 8:00,11.18500042,11.18500042,10.379882668029806
4/27/2018 9:00,11.25599957,11.25599957,11.16595662660943
4/27/2018 10:00,11.67800045,11.67800045,11.295141197910636
4/27/2018 11:00,11.32600021,11.32600021,11.716480687760699
4/27/2018 12:00,11.60700035,11.60700035,11.34692119838042
4/27/2018 13:00,12.7329998,12.7329998,11.637233947415705
4/27/2018 14:00,13.08500004,13.08500004,12.669410110062339
4/27/2018 15:00,13.9989996,13.9989996,13.097485423352277
4/27/2018 16:00,14.21000004,14.21000004,14.039886486552607
4/27/2018 17:00,13.9989996,13.9989996,14.231341251685569
4/27/2018 18:00,13.71800041,13.71800041,14.015824200270748
4/27/2018 19:00,12.45100021,12.45100021,13.728380831728128
4/27/2018 20:00,11.67800045,11.67800045,12.49758567921015
4/27/2018 21:00,11.32600021,11.32600021,11.718224216500403
4/27/2018 22:00,11.04399967,11.04399967,11.290679102683994
4/27/2018 23:00,10.97399998,10.97399998,11.054176137805474
4/28/2018 0:00,10.83300018,10.83300018,10.951495345313463
4/28/2018 1:00,10.69299984,10.69299984,10.797015060510166
4/28/2018 2:00,10.97399998,10.97399998,10.71155576019019
4/28/2018 3:00,9.567000389,9.567000389,10.966198304782706
4/28/2018 4:00,9.567000389,9.567000389,9.610618975594992
4/28/2018 5:00,9.496999741,9.496999741,9.567727876316503
4/28/2018 6:00,9.496999741,9.496999741,9.413464039325916
4/28/2018 7:00,9.637999535,9.637999535,9.495921355546871
4/28/2018 8:00,10.19999981,10.19999981,9.628940731544303
4/28/2018 9:00,10.06000042,10.06000042,10.183431855050427
4/28/2018 10:00,10.83300018,10.83300018,10.08157968393407
4/28/2018 11:00,10.83300018,10.83300018,10.841603060580152
4/28/2018 12:00,11.32600021,11.32600021,10.835367915091155
4/28/2018 13:00,11.81799984,11.81799984,11.36061931103604
4/28/2018 14:00,12.80300045,12.80300045,11.808648553116692
4/28/2018 15:00,13.22500038,13.22500038,12.811002628763692
4/28/2018 16:00,13.9289999,13.9289999,13.260533273893275
4/28/2018 17:00,13.08500004,13.08500004,13.97928919964073
4/28/2018 18:00,12.59200001,12.59200001,13.156257191756936
4/28/2018 19:00,11.81799984,11.81799984,12.644453888161632
4/28/2018 20:00,11.5369997,11.5369997,11.776319903119035
4/28/2018 21:00,11.11499977,11.11499977,11.49793114972941
4/28/2018 22:00,10.83300018,10.83300018,11.069632775146655
4/28/2018 23:00,10.69299984,10.69299984,10.81520067345779
4/29/2018 0:00,10.90400028,10.90400028,10.662786271143194
4/29/2018 1:00,11.60700035,11.60700035,10.877279371947642
4/29/2018 2:00,11.60700035,11.60700035,11.580658929015032
4/29/2018 3:00,11.18500042,11.18500042,11.639234570335644
4/29/2018 4:00,11.74800014,11.74800014,11.25053804737432
4/29/2018 5:00,11.60700035,11.60700035,11.724901123709865
4/29/2018 6:00,11.32600021,11.32600021,11.589069187236271
4/29/2018 7:00,11.95899963,11.95899963,11.366750497518579
4/29/2018 8:00,12.59200001,12.59200001,11.926977344665408
4/29/2018 9:00,12.6619997,12.6619997,12.566361573934007
4/29/2018 10:00,12.59200001,12.59200001,12.716061375778004
4/29/2018 11:00,12.02900028,12.02900028,12.645212508604018
4/29/2018 12:00,12.52200031,12.52200031,12.051438843856591
4/29/2018 13:00,11.95899963,11.95899963,12.485588567615139
4/29/2018 14:00,12.80300045,12.80300045,11.941895165094227
4/29/2018 15:00,12.6619997,12.6619997,12.797958161391964
4/29/2018 16:00,12.45100021,12.45100021,12.64825949010379
4/29/2018 17:00,13.29599953,13.29599953,12.51431646932565
4/29/2018 18:00,12.94400024,12.94400024,13.259931489813432
4/29/2018 19:00,12.7329998,12.7329998,12.956160363159354
4/29/2018 20:00,12.6619997,12.6619997,12.787206036317773
4/29/2018 21:00,12.45100021,12.45100021,12.638532114456886
4/29/2018 22:00,12.52200031,12.52200031,12.437999481072925
4/29/2018 23:00,12.38099957,12.38099957,12.507096170771437
4/30/2018 0:00,12.7329998,12.7329998,12.37314434169663
4/30/2018 1:00,12.52200031,12.52200031,12.726408192007348
4/30/2018 2:00,12.10000038,12.10000038,12.526550418159156
4/30/2018 3:00,11.67800045,11.67800045,12.131783504416484
4/30/2018 4:00,11.88899994,11.88899994,11.666948642843005
4/30/2018 5:00,12.59200001,12.59200001,11.841127499329323
4/30/2018 6:00,12.7329998,12.7329998,12.54592085320222
4/30/2018 7:00,12.94400024,12.94400024,12.762122514962988
4/30/2018 8:00,12.8739996,12.8739996,12.99446058897835
4/30/2018 9:00,12.52200031,12.52200031,12.894510484710084
4/30/2018 10:00,13.71800041,13.71800041,12.541418155278734
4/30/2018 11:00,13.64700031,13.64700031,13.66788034967874
4/30/2018 12:00,14.56200027,14.56200027,13.652260599379627
4/30/2018 13:00,14.84300041,14.84300041,14.616039439540373
4/30/2018 14:00,15.0539999,15.0539999,14.859088678276322
4/30/2018 15:00,15.89799976,15.89799976,15.116264546858273
4/30/2018 16:00,16.81299973,16.81299973,15.897067656645085
4/30/2018 17:00,15.82800007,15.82800007,16.82187089109164
4/30/2018 18:00,14.77299976,14.77299976,15.932335517087521
4/30/2018 19:00,14.49100018,14.49100018,14.841470734457017
4/30/2018 20:00,13.57699966,13.57699966,14.40429110229684
4/30/2018 21:00,13.22500038,13.22500038,13.511649510880755
4/30/2018 22:00,13.50699997,13.50699997,13.187467288918054
4/30/2018 23:00,13.36600018,13.36600018,13.434911862506558
5/1/2018 0:00,13.43599987,13.43599987,13.356653813670178
5/1/2018 1:00,13.43599987,13.43599987,13.453693219987846
5/1/2018 2:00,13.57699966,13.57699966,13.433845277486963
5/1/2018 3:00,13.43599987,13.43599987,13.578035385575104
5/1/2018 4:00,13.08500004,13.08500004,13.442345673319302
5/1/2018 5:00,13.64700031,13.64700031,13.100774392053424
5/1/2018 6:00,13.78800011,13.78800011,13.613343137554004
5/1/2018 7:00,13.9989996,13.9989996,13.773010800039348
5/1/2018 8:00,14.06900024,14.06900024,14.034112969372794
5/1/2018 9:00,13.43599987,13.43599987,14.085683370012761
5/1/2018 10:00,13.57699966,13.57699966,13.469901743286451
5/1/2018 11:00,12.8739996,12.8739996,13.560075603170091
5/1/2018 12:00,12.8739996,12.8739996,12.849927609869864
5/1/2018 13:00,12.38099957,12.38099957,12.863169375826192
5/1/2018 14:00,12.7329998,12.7329998,12.346831166800982
5/1/2018 15:00,13.50699997,13.50699997,12.711880829934552
5/1/2018 16:00,13.43599987,13.43599987,13.459055563466068
5/1/2018 17:00,13.64700031,13.64700031,13.479473924094973
5/1/2018 18:00,7.52699995,7.52699995,13.692701765874842
5/1/2018 19:00,5.768000126,5.768000126,7.700994698887687
5/1/2018 20:00,8.020000458,8.020000458,5.680450329748308
5/1/2018 21:00,9.777999878,9.777999878,7.522587412243277
5/1/2018 22:00,10.83300018,10.83300018,9.66567346439083
5/1/2018 23:00,10.48200035,10.48200035,10.969535395168386
5/2/2018 0:00,10.48200035,10.48200035,10.607727374909803
5/2/2018 1:00,10.3409996,10.3409996,10.537951727994033
5/2/2018 2:00,10.19999981,10.19999981,10.323893135195254
5/2/2018 3:00,10.06000042,10.06000042,10.20116132023782
5/2/2018 4:00,9.567000389,9.567000389,10.052997974118279
5/2/2018 5:00,9.637999535,9.637999535,9.567951527239163
5/2/2018 6:00,10.13000011,10.13000011,9.621179390452738
5/2/2018 7:00,9.215000153,9.215000153,10.091455909941468
5/2/2018 8:00,9.215000153,9.215000153,9.247010202691317
5/2/2018 9:00,9.708000183,9.708000183,9.23044593198234
5/2/2018 10:00,9.286000252,9.286000252,9.643649424085265
5/2/2018 11:00,9.425999641,9.425999641,9.302513411581451
5/2/2018 12:00,9.918999672,9.918999672,9.445584466434102
5/2/2018 13:00,9.918999672,9.918999672,9.88503263382308
5/2/2018 14:00,9.918999672,9.918999672,9.934223582679524
5/2/2018 15:00,10.27099991,10.27099991,9.947761655584271
5/2/2018 16:00,10.48200035,10.48200035,10.263118552426619
5/2/2018 17:00,10.62199974,10.62199974,10.482281945606454
5/2/2018 18:00,10.83300018,10.83300018,10.642490358707398
5/2/2018 19:00,10.06000042,10.06000042,10.842619479153342
5/2/2018 20:00,10.13000011,10.13000011,10.088618988394394
5/2/2018 21:00,9.074999809,9.074999809,10.12976781176461
5/2/2018 22:00,8.020000458,8.020000458,9.05458827938971
5/2/2018 23:00,7.737999916,7.737999916,8.031901335820288
5/3/2018 0:00,8.230999947,8.230999947,7.666413595660457
5/3/2018 1:00,7.809000015,7.809000015,8.154384945643038
5/3/2018 2:00,8.230999947,8.230999947,7.808896375035161
5/3/2018 3:00,8.722999573,8.722999573,8.24442617170075
5/3/2018 4:00,8.581999779,8.581999779,8.693579101430256
5/3/2018 5:00,8.37100029,8.37100029,8.617174308715658
5/3/2018 6:00,8.652999878,8.652999878,8.402546897780788
5/3/2018 7:00,9.637999535,9.637999535,8.635408324936906
5/3/2018 8:00,9.918999672,9.918999672,9.607960659571772
5/3/2018 9:00,9.708000183,9.708000183,9.943829542458218
5/3/2018 10:00,9.496999741,9.496999741,9.77457843316491
5/3/2018 11:00,9.215000153,9.215000153,9.515030367162673
5/3/2018 12:00,9.777999878,9.777999878,9.20572298333027
5/3/2018 13:00,10.62199974,10.62199974,9.749237516427678
5/3/2018 14:00,12.02900028,12.02900028,10.595400615104888
5/3/2018 15:00,12.94400024,12.94400024,12.04477957354546
5/3/2018 16:00,13.8579998,13.8579998,12.996319240559485
5/3/2018 17:00,12.94400024,12.94400024,13.937153670145127
5/3/2018 18:00,13.29599953,13.29599953,13.029237113977105
5/3/2018 19:00,11.5369997,11.5369997,13.327470578464442
5/3/2018 20:00,11.39599991,11.39599991,11.52904950730573
5/3/2018 21:00,11.32600021,11.32600021,11.390859286118427
5/3/2018 22:00,10.97399998,10.97399998,11.224617797693318
5/3/2018 23:00,10.90400028,10.90400028,10.972464749579816
5/4/2018 0:00,10.41100025,10.41100025,10.895837062215017
5/4/2018 1:00,10.3409996,10.3409996,10.400393531311641
5/4/2018 2:00,10.13000011,10.13000011,10.330607758084065
5/4/2018 3:00,10.06000042,10.06000042,10.105314256807596
5/4/2018 4:00,10.19999981,10.19999981,10.054176677391437
5/4/2018 5:00,10.27099991,10.27099991,10.18371917048296
5/4/2018 6:00,10.19999981,10.19999981,10.267654847879294
5/4/2018 7:00,11.04399967,11.04399967,10.210707706169856
5/4/2018 8:00,11.5369997,11.5369997,11.02825840216701
5/4/2018 9:00,10.97399998,10.97399998,11.535566957680878
5/4/2018 10:00,11.32600021,11.32600021,11.042488004977224
5/4/2018 11:00,12.02900028,12.02900028,11.337750050020995
5/4/2018 12:00,12.31099987,12.31099987,11.98662391326698
5/4/2018 13:00,13.15499973,13.15499973,12.336065367770388
5/4/2018 14:00,14.21000004,14.21000004,13.181807642014132
5/4/2018 15:00,14.49100018,14.49100018,14.217523890784406
5/4/2018 16:00,15.54699993,15.54699993,14.551012969819261
5/4/2018 17:00,13.78800011,13.78800011,15.59070330442783
5/4/2018 18:00,13.50699997,13.50699997,13.86029835273422
5/4/2018 19:00,12.6619997,12.6619997,13.544762263196818
5/4/2018 20:00,12.6619997,12.6619997,12.577084923816011
5/4/2018 21:00,12.6619997,12.6619997,12.631878034076555
5/4/2018 22:00,12.45100021,12.45100021,12.614022696669185
5/4/2018 23:00,12.52200031,12.52200031,12.455621200465785
5/5/2018 0:00,11.95899963,11.95899963,12.516971458370335
5/5/2018 1:00,12.23999977,12.23999977,11.960341040684563
5/5/2018 2:00,12.10000038,12.10000038,12.228656402708632
5/5/2018 3:00,11.88899994,11.88899994,12.075797473257358
5/5/2018 4:00,11.46700001,11.46700001,11.907361421970089
5/5/2018 5:00,8.722999573,8.722999573,11.465156533056156
5/5/2018 6:00,10.83300018,10.83300018,8.76397830487421
5/5/2018 7:00,7.315999985,7.315999985,10.7135057266113
5/5/2018 8:00,9.708000183,9.708000183,7.301648578507474
5/5/2018 9:00,6.683000088,6.683000088,9.663995321688013
5/5/2018 10:00,8.86400032,8.86400032,6.678456777280676
5/5/2018 11:00,10.13000011,10.13000011,8.79246461952269
5/5/2018 12:00,11.04399967,11.04399967,9.996643096793502
5/5/2018 13:00,11.18500042,11.18500042,11.152578081354982
5/5/2018 14:00,11.04399967,11.04399967,11.280229353802568
5/5/2018 15:00,11.32600021,11.32600021,11.101246490399829
5/5/2018 16:00,11.60700035,11.60700035,11.311801743135227
5/5/2018 17:00,11.60700035,11.60700035,11.592860270236386
5/5/2018 18:00,11.5369997,11.5369997,11.62627350599312
5/5/2018 19:00,11.5369997,11.5369997,11.55387430653407
5/5/2018 20:00,11.81799984,11.81799984,11.535361432659009
5/5/2018 21:00,11.5369997,11.5369997,11.803021183078696
5/5/2018 22:00,11.67800045,11.67800045,11.555293086095702
5/5/2018 23:00,11.74800014,11.74800014,11.677336720095177
5/6/2018 0:00,11.74800014,11.74800014,11.737625389951775
5/6/2018 1:00,12.02900028,12.02900028,11.755346453320684
5/6/2018 2:00,12.23999977,12.23999977,12.022379362937093
5/6/2018 3:00,12.23999977,12.23999977,12.241369935984894
5/6/2018 4:00,11.81799984,11.81799984,12.259099791820137
5/6/2018 5:00,12.45100021,12.45100021,11.843751451196727
5/6/2018 6:00,12.23999977,12.23999977,12.414234650916663
5/6/2018 7:00,12.38099957,12.38099957,12.246864236704674
5/6/2018 8:00,12.02900028,12.02900028,12.396769483375628
5/6/2018 9:00,10.69299984,10.69299984,12.039381846491747
5/6/2018 10:00,11.88899994,11.88899994,10.735710870485581
5/6/2018 11:00,10.90400028,10.90400028,11.786277211065556
5/6/2018 12:00,7.105000019,7.105000019,10.9167876980366
5/6/2018 13:00,8.934000015,8.934000015,7.268437878415972
5/6/2018 14:00,9.286000252,9.286000252,8.710308034003338
5/6/2018 15:00,9.074999809,9.074999809,9.137004071314504
5/6/2018 16:00,9.567000389,9.567000389,9.180880274593472
5/6/2018 17:00,7.668000221,7.668000221,9.55887698531983
5/6/2018 18:00,9.567000389,9.567000389,7.748268799945204
5/6/2018 19:00,8.934000015,8.934000015,9.45899991150696
5/6/2018 20:00,5.697999954,5.697999954,8.921318266790166
5/6/2018 21:00,8.020000458,8.020000458,5.915143977860331
5/6/2018 22:00,7.456999779,7.456999779,7.807534600320892
5/6/2018 23:00,7.597000122,7.597000122,7.366970888931698
5/7/2018 0:00,7.948999882,7.948999882,7.7424110710080996
5/7/2018 1:00,7.456999779,7.456999779,7.857879536288536
5/7/2018 2:00,7.456999779,7.456999779,7.519151551339717
5/7/2018 3:00,7.668000221,7.668000221,7.455086852213514
5/7/2018 4:00,8.090000153,8.090000153,7.62975398581172
5/7/2018 5:00,8.442000389,8.442000389,8.083355855846895
5/7/2018 6:00,8.652999878,8.652999878,8.442979252720294
5/7/2018 7:00,8.512000084,8.512000084,8.670218162517275
5/7/2018 8:00,8.300999641,8.300999641,8.53569941362338
5/7/2018 9:00,7.948999882,7.948999882,8.314966716397064
5/7/2018 10:00,8.159999847,8.159999847,7.951353656857294
5/7/2018 11:00,8.230999947,8.230999947,8.134405046217154
5/7/2018 12:00,8.722999573,8.722999573,8.216290060472888
5/7/2018 13:00,8.230999947,8.230999947,8.717943623396913
5/7/2018 14:00,8.159999847,8.159999847,8.262821450274387
5/7/2018 15:00,7.737999916,7.737999916,8.179475421758424
5/7/2018 16:00,7.386000156,7.386000156,7.721132722816044
5/7/2018 17:00,7.315999985,7.315999985,7.399176702147652
5/7/2018 18:00,7.737999916,7.737999916,7.28773328408352
5/7/2018 19:00,8.722999573,8.722999573,7.706247667421199
5/7/2018 20:00,8.86400032,8.86400032,8.585129072343323
5/7/2018 21:00,9.074999809,9.074999809,8.900578886340211
5/7/2018 22:00,8.442000389,8.442000389,9.11406951415183
5/7/2018 23:00,8.300999641,8.300999641,8.467477923753881
5/8/2018 0:00,8.512000084,8.512000084,8.307983625415186
5/8/2018 1:00,8.020000458,8.020000458,8.46113116728087
5/8/2018 2:00,7.737999916,7.737999916,8.049496402064177
5/8/2018 3:00,7.245999813,7.245999813,7.8028800172569435
5/8/2018 4:00,7.105000019,7.105000019,7.109406289567089
5/8/2018 5:00,7.597000122,7.597000122,7.368556706959702
5/8/2018 6:00,8.300999641,8.300999641,7.524965279833551
5/8/2018 7:00,6.964000225,6.964000225,8.25388502280989
5/8/2018 8:00,7.456999779,7.456999779,7.1616391612313155
5/8/2018 9:00,7.809000015,7.809000015,7.327688622678657
5/8/2018 10:00,8.300999641,8.300999641,7.861986619129467
5/8/2018 11:00,8.581999779,8.581999779,8.35568986559406
5/8/2018 12:00,8.934000015,8.934000015,8.57032286240036
5/8/2018 13:00,10.13000011,10.13000011,8.919349984036627
5/8/2018 14:00,10.41100025,10.41100025,10.095237614966676
5/8/2018 15:00,11.88899994,11.88899994,10.43894007861241
5/8/2018 16:00,12.59200001,12.59200001,11.897295733817185
5/8/2018 17:00,12.31099987,12.31099987,12.589718494265126
5/8/2018 18:00,11.74800014,11.74800014,12.417191493445147
5/8/2018 19:00,10.62199974,10.62199974,11.778768421467182
5/8/2018 20:00,10.19999981,10.19999981,10.635629282967008
5/8/2018 21:00,9.496999741,9.496999741,10.169450464133135
5/8/2018 22:00,9.708000183,9.708000183,9.461332603249295
5/8/2018 23:00,9.074999809,9.074999809,9.679617896574143
5/9/2018 0:00,8.581999779,8.581999779,9.066654120169932
5/9/2018 1:00,8.230999947,8.230999947,8.60949317749379
5/9/2018 2:00,8.159999847,8.159999847,8.193805234880994
5/9/2018 3:00,7.809000015,7.809000015,8.141059185375138
5/9/2018 4:00,7.175000191,7.175000191,7.805885626684332
5/9/2018 5:00,7.034999847,7.034999847,7.191812487345927
5/9/2018 6:00,7.034999847,7.034999847,7.008757968842007
5/9/2018 7:00,7.879000187,7.879000187,7.003612176404299
5/9/2018 8:00,8.230999947,8.230999947,7.849233957770781
5/9/2018 9:00,8.230999947,8.230999947,8.234285495454829
5/9/2018 10:00,8.581999779,8.581999779,8.283343692996437
5/9/2018 11:00,9.074999809,9.074999809,8.574879771266625
5/9/2018 12:00,9.567000389,9.567000389,9.06235631811975
5/9/2018 13:00,10.3409996,10.3409996,9.578267092758109
5/9/2018 14:00,11.60700035,11.60700035,10.343998572962114
5/9/2018 15:00,12.38099957,12.38099957,11.598591176273345
5/9/2018 16:00,12.6619997,12.6619997,12.415932700515302
5/9/2018 17:00,12.8739996,12.8739996,12.726624571248005
5/9/2018 18:00,12.23999977,12.23999977,12.897765612558016
5/9/2018 19:00,11.60700035,11.60700035,12.274060632457847
5/9/2018 20:00,10.76299953,10.76299953,11.625123851764757
5/9/2018 21:00,9.708000183,9.708000183,10.742016804403335
5/9/2018 22:00,9.425999641,9.425999641,9.7029158371361
5/9/2018 23:00,8.722999573,8.722999573,9.374758638342165
5/10/2018 0:00,7.948999882,7.948999882,8.694502037232972
5/10/2018 1:00,7.668000221,7.668000221,7.957911885906428
5/10/2018 2:00,7.315999985,7.315999985,7.622712717280056
5/10/2018 3:00,6.752999783,6.752999783,7.290222955752397
5/10/2018 4:00,6.330999851,6.330999851,6.757687479067399
5/10/2018 5:00,6.119999886,6.119999886,6.315195491711258
5/10/2018 6:00,6.050000191,6.050000191,6.091930903539818
5/10/2018 7:00,6.40199995,6.40199995,6.031986694208577
5/10/2018 8:00,6.612999916,6.612999916,6.381803874591653
5/10/2018 9:00,6.683000088,6.683000088,6.611808655511184
5/10/2018 10:00,7.456999779,7.456999779,6.705145429211653
5/10/2018 11:00,7.105000019,7.105000019,7.438922403948573
5/10/2018 12:00,8.159999847,8.159999847,7.134887441780804
5/10/2018 13:00,8.512000084,8.512000084,8.162323162943329
5/10/2018 14:00,9.637999535,9.637999535,8.491865453074434
5/10/2018 15:00,10.13000011,10.13000011,9.67843016444002
5/10/2018 16:00,10.06000042,10.06000042,10.140509991565995
5/10/2018 17:00,9.918999672,9.918999672,10.135822295546712
5/10/2018 18:00,9.567000389,9.567000389,9.931773831154734
5/10/2018 19:00,9.286000252,9.286000252,9.568071049746449
5/10/2018 20:00,8.581999779,8.581999779,9.280868066808292
5/10/2018 21:00,8.230999947,8.230999947,8.579296124722836
5/10/2018 22:00,8.37100029,8.37100029,8.215264906238039
5/10/2018 23:00,7.948999882,7.948999882,8.322536919532252
5/11/2018 0:00,7.809000015,7.809000015,7.955635097974137
5/11/2018 1:00,7.597000122,7.597000122,7.81441191995686
5/11/2018 2:00,7.809000015,7.809000015,7.573845667424363
5/11/2018 3:00,7.737999916,7.737999916,7.797363730726766
5/11/2018 4:00,7.809000015,7.809000015,7.733164835787185
5/11/2018 5:00,8.300999641,8.300999641,7.820364571542235
5/11/2018 6:00,8.652999878,8.652999878,8.279259890305026
5/11/2018 7:00,8.793000221,8.793000221,8.659492954485097
5/11/2018 8:00,8.722999573,8.722999573,8.822349150051803
5/11/2018 9:00,9.496999741,9.496999741,8.740735358169287
5/11/2018 10:00,10.48200035,10.48200035,9.476104890216826
5/11/2018 11:00,11.04399967,11.04399967,10.464458219648147
5/11/2018 12:00,11.60700035,11.60700035,11.094191465574225
5/11/2018 13:00,12.10000038,12.10000038,11.645972705467727
5/11/2018 14:00,11.25599957,11.25599957,12.118183865571911
5/11/2018 15:00,10.97399998,10.97399998,11.318706823420651
5/11/2018 16:00,11.39599991,11.39599991,10.983601389177416
5/11/2018 17:00,11.11499977,11.11499977,11.323925470682388
5/11/2018 18:00,10.69299984,10.69299984,11.1316613040769
5/11/2018 19:00,10.76299953,10.76299953,10.723524196835188
5/11/2018 20:00,11.46700001,11.46700001,10.72908233756594
5/11/2018 21:00,11.39599991,11.39599991,11.429934555804637
5/11/2018 22:00,11.88899994,11.88899994,11.422330069113933
5/11/2018 23:00,11.88899994,11.88899994,11.910221292301312
5/12/2018 0:00,11.81799984,11.81799984,11.88533477412531
5/12/2018 1:00,11.46700001,11.46700001,11.85213302383867
5/12/2018 2:00,11.60700035,11.60700035,11.466968670626844
5/12/2018 3:00,9.848999977,9.848999977,11.59366135749133
5/12/2018 4:00,8.37100029,8.37100029,9.88474586544779
5/12/2018 5:00,10.13000011,10.13000011,8.387762756422262
5/12/2018 6:00,10.76299953,10.76299953,9.943064050630825
5/12/2018 7:00,8.442000389,8.442000389,10.724658287020835
5/12/2018 8:00,8.300999641,8.300999641,8.625646755079801
5/12/2018 9:00,9.777999878,9.777999878,8.300408536444126
5/12/2018 10:00,10.55200005,10.55200005,9.597358046703615
5/12/2018 11:00,10.90400028,10.90400028,10.54421881599734
5/12/2018 12:00,11.04399967,11.04399967,10.989617165192149
5/12/2018 13:00,10.62199974,10.62199974,11.089577287780918
5/12/2018 14:00,10.83300018,10.83300018,10.656416968688852
5/12/2018 15:00,10.69299984,10.69299984,10.827673474651387
5/12/2018 16:00,10.90400028,10.90400028,10.676880745805645
5/12/2018 17:00,10.55200005,10.55200005,10.907371501619116
5/12/2018 18:00,11.11499977,11.11499977,10.557954520220004
5/12/2018 19:00,11.04399967,11.04399967,11.104422492990475
5/12/2018 20:00,10.69299984,10.69299984,11.036253349629265
5/12/2018 21:00,10.27099991,10.27099991,10.733058899740286
5/12/2018 22:00,10.13000011,10.13000011,10.273045239683215
5/12/2018 23:00,10.3409996,10.3409996,10.107654486958758
5/13/2018 0:00,10.48200035,10.48200035,10.30993444699372
5/13/2018 1:00,10.3409996,10.3409996,10.47434680753852
5/13/2018 2:00,9.918999672,9.918999672,10.358440029989586
5/13/2018 3:00,9.98900032,9.98900032,9.935513659060147
5/13/2018 4:00,10.19999981,10.19999981,9.972194961345345
5/13/2018 5:00,9.98900032,9.98900032,10.173121981839307
5/13/2018 6:00,10.27099991,10.27099991,10.00215691579589
5/13/2018 7:00,10.83300018,10.83300018,10.270399659323486
5/13/2018 8:00,10.55200005,10.55200005,10.811651077711558
5/13/2018 9:00,11.32600021,11.32600021,10.583593049222353
5/13/2018 10:00,11.5369997,11.5369997,11.330413087382142
5/13/2018 11:00,12.38099957,12.38099957,11.530298328385785
5/13/2018 12:00,12.45100021,12.45100021,12.403224129240995
5/13/2018 13:00,13.08500004,13.08500004,12.475697283615965
5/13/2018 14:00,13.36600018,13.36600018,13.114036829543155
5/13/2018 15:00,14.49100018,14.49100018,13.374189823452626
5/13/2018 16:00,15.26500034,15.26500034,14.50018439984595
5/13/2018 17:00,15.54699993,15.54699993,15.281467757228707
5/13/2018 18:00,14.42099953,14.42099953,15.613937546547676
5/13/2018 19:00,13.43599987,13.43599987,14.49553655901797
5/13/2018 20:00,13.29599953,13.29599953,13.454364716533444
5/13/2018 21:00,12.94400024,12.94400024,13.22305966490058
5/13/2018 22:00,12.6619997,12.6619997,12.899257455355125
5/13/2018 23:00,12.52200031,12.52200031,12.655131598625662
5/14/2018 0:00,12.45100021,12.45100021,12.501923052941123
5/14/2018 1:00,12.52200031,12.52200031,12.435515539224046
5/14/2018 2:00,12.7329998,12.7329998,12.511621204563985
5/14/2018 3:00,12.7329998,12.7329998,12.725399272164267
5/14/2018 4:00,12.59200001,12.59200001,12.740700256152547
5/14/2018 5:00,12.45100021,12.45100021,12.606460353594828
5/14/2018 6:00,12.7329998,12.7329998,12.451872109170727
5/14/2018 7:00,12.45100021,12.45100021,12.715935597356532
5/14/2018 8:00,13.22500038,13.22500038,12.456209446316192
5/14/2018 9:00,13.36600018,13.36600018,13.214485953947746
5/14/2018 10:00,13.71800041,13.71800041,13.362633356886946
5/14/2018 11:00,14.70300007,14.70300007,13.751667424181568
5/14/2018 12:00,13.9989996,13.9989996,14.692298053078298
5/14/2018 13:00,14.70300007,14.70300007,14.054067623030894
5/14/2018 14:00,15.0539999,15.0539999,14.722392344908583
5/14/2018 15:00,16.81299973,16.81299973,15.021860853912996
5/14/2018 16:00,16.32099915,16.32099915,16.81170511154594
5/14/2018 17:00,16.60199928,16.60199928,16.38984738816177
5/14/2018 18:00,16.18000031,16.18000031,16.679986263243904
5/14/2018 19:00,15.75800037,15.75800037,16.171665708502193
5/14/2018 20:00,15.33600044,15.33600044,15.768505301102682
5/14/2018 21:00,15.33600044,15.33600044,15.31168885563582
5/14/2018 22:00,14.98400021,14.98400021,15.304304858389711
5/14/2018 23:00,14.70300007,14.70300007,14.969978863840977
5/15/2018 0:00,14.56200027,14.56200027,14.703876186819063
5/15/2018 1:00,14.14000034,14.14000034,14.542917757102964
5/15/2018 2:00,14.49100018,14.49100018,14.13288385584301
5/15/2018 3:00,14.56200027,14.56200027,14.465725180802261
5/15/2018 4:00,14.27999973,14.27999973,14.546376698382348
5/15/2018 5:00,14.14000034,14.14000034,14.308065752498607
5/15/2018 6:00,14.35099983,14.35099983,14.143489010135788
5/15/2018 7:00,14.56200027,14.56200027,14.327795628806806
5/15/2018 8:00,16.03899956,16.03899956,14.551931303976993
5/15/2018 9:00,16.46100044,16.46100044,16.016147033422918
5/15/2018 10:00,15.19499969,15.19499969,16.49126131819711
5/15/2018 11:00,14.14000034,14.14000034,15.31250002501049
5/15/2018 12:00,15.40600014,15.40600014,14.16330240136706
5/15/2018 13:00,14.42099953,14.42099953,15.287504459632641
5/15/2018 14:00,15.75800037,15.75800037,14.416938387562501
5/15/2018 15:00,16.18000031,16.18000031,15.766602235429977
5/15/2018 16:00,16.88299942,16.88299942,16.14479271690297
5/15/2018 17:00,16.25,16.25,16.941476937273404
5/15/2018 18:00,17.16500092,17.16500092,16.303014820887842
5/15/2018 19:00,16.88299942,16.88299942,17.162535443404238
5/15/2018 20:00,16.32099915,16.32099915,16.87744830811726
5/15/2018 21:00,15.96899986,15.96899986,16.37739277445931
5/15/2018 22:00,15.89799976,15.89799976,15.95314726374324
5/15/2018 23:00,15.68700027,15.68700027,15.864412141446714
5/16/2018 0:00,15.96899986,15.96899986,15.67345571726197
5/16/2018 1:00,16.25,16.25,15.953420740961224
5/16/2018 2:00,16.10899925,16.10899925,16.237305636718347
5/16/2018 3:00,16.10899925,16.10899925,16.13279928959505
5/16/2018 4:00,16.25,16.25,16.120427046421476
5/16/2018 5:00,16.46100044,16.46100044,16.239000004523746
5/16/2018 6:00,16.88299942,16.88299942,16.458007036018063
5/16/2018 7:00,16.67200089,16.67200089,16.88262079918729
5/16/2018 8:00,15.68700027,15.68700027,16.696740999963875
5/16/2018 9:00,14.84300041,14.84300041,15.73135813891888
5/16/2018 10:00,15.33600044,15.33600044,14.836163993372983
5/16/2018 11:00,14.98400021,14.98400021,15.256898865705667
5/16/2018 12:00,14.70300007,14.70300007,14.9608089440202
5/16/2018 13:00,14.98400021,14.98400021,14.72854684963787
5/16/2018 14:00,15.68700027,15.68700027,14.953183766482745
5/16/2018 15:00,16.74300003,16.74300003,15.659287659332808
5/16/2018 16:00,16.10899925,16.10899925,16.74248880666095
5/16/2018 17:00,16.32099915,16.32099915,16.1816243897997
5/16/2018 18:00,15.82800007,15.82800007,16.358002290770486
5/16/2018 19:00,15.54699993,15.54699993,15.81328036066213
5/16/2018 20:00,16.32099915,16.32099915,15.555503925278341
5/16/2018 21:00,16.03899956,16.03899956,16.2701203908988
5/16/2018 22:00,16.67200089,16.67200089,16.047872872329187
5/16/2018 23:00,15.0539999,15.0539999,16.686908572141192
5/17/2018 0:00,16.10899925,16.10899925,15.09844273642831
5/17/2018 1:00,16.60199928,16.60199928,16.075296499057522
5/17/2018 2:00,14.63199997,14.63199997,16.52899307418445
5/17/2018 3:00,12.23999977,12.23999977,14.752317975149117
5/17/2018 4:00,9.708000183,9.708000183,12.292801835505841
5/17/2018 5:00,8.652999878,8.652999878,9.617082699606517
5/17/2018 6:00,9.98900032,9.98900032,8.487804253805155
5/17/2018 7:00,10.97399998,10.97399998,9.811472936525126
5/17/2018 8:00,8.090000153,8.090000153,10.926170588394351
5/17/2018 9:00,11.32600021,11.32600021,8.225815953411583
5/17/2018 10:00,12.38099957,12.38099957,11.4019855522034
5/17/2018 11:00,13.15499973,13.15499973,12.420408159405707
5/17/2018 12:00,12.52200031,12.52200031,13.15330157216595
5/17/2018 13:00,13.01399994,13.01399994,12.519799564304162
5/17/2018 14:00,13.50699997,13.50699997,12.985333541967838
5/17/2018 15:00,13.50699997,13.50699997,13.484523662318376
5/17/2018 16:00,13.9989996,13.9989996,13.522762607379986
5/17/2018 17:00,13.78800011,13.78800011,14.02851684718923
5/17/2018 18:00,14.14000034,14.14000034,13.82638730676708
5/17/2018 19:00,13.78800011,13.78800011,14.144022865863272
5/17/2018 20:00,13.50699997,13.50699997,13.775712391300237
5/17/2018 21:00,13.15499973,13.15499973,13.482773096797644
5/17/2018 22:00,13.43599987,13.43599987,13.135544802817662
5/17/2018 23:00,13.36600018,13.36600018,13.419391327524288
5/18/2018 0:00,12.94400024,12.94400024,13.374969731712769
5/18/2018 1:00,12.94400024,12.94400024,12.97325530028376
5/18/2018 2:00,13.36600018,13.36600018,12.95499700356404
5/18/2018 3:00,13.08500004,13.08500004,13.345789234763698
5/18/2018 4:00,13.08500004,13.08500004,13.070893797877849
5/18/2018 5:00,12.80300045,12.80300045,13.078056345052925
5/18/2018 6:00,13.01399994,13.01399994,12.812300358701865
5/18/2018 7:00,12.94400024,12.94400024,13.01781968596451
5/18/2018 8:00,12.8739996,12.8739996,12.94805300170775
5/18/2018 9:00,12.52200031,12.52200031,12.873928068060732
5/18/2018 10:00,12.52200031,12.52200031,12.521809448528465
5/18/2018 11:00,12.7329998,12.7329998,12.51047980779857
5/18/2018 12:00,12.80300045,12.80300045,12.717010802030678
5/18/2018 13:00,12.59200001,12.59200001,12.80119378320543
5/18/2018 14:00,12.8739996,12.8739996,12.609944439332343
5/18/2018 15:00,12.7329998,12.7329998,12.884034648601103
5/18/2018 16:00,9.425999641,9.425999641,12.740054096038184
5/18/2018 17:00,8.090000153,8.090000153,9.474871208342025
5/18/2018 18:00,6.330999851,6.330999851,8.051396708542919
5/18/2018 19:00,5.346000195,5.346000195,6.22703308404246
5/18/2018 20:00,6.40199995,6.40199995,5.2250336861586035
5/18/2018 21:00,8.300999641,8.300999641,6.318457823535546
5/18/2018 22:00,8.652999878,8.652999878,8.32334686323776
5/18/2018 23:00,8.512000084,8.512000084,8.799004343731616
5/19/2018 0:00,8.512000084,8.512000084,8.664539495047343
5/19/2018 1:00,8.512000084,8.512000084,8.550574636795586
5/19/2018 2:00,8.230999947,8.230999947,8.41835485711939
5/19/2018 3:00,8.512000084,8.512000084,8.096303754479514
5/19/2018 4:00,7.809000015,7.809000015,8.434056468992134
5/19/2018 5:00,7.737999916,7.737999916,7.855723586873797
5/19/2018 6:00,7.737999916,7.737999916,7.842397605815132
5/19/2018 7:00,7.948999882,7.948999882,7.812891485564234
5/19/2018 8:00,7.879000187,7.879000187,7.93673894142958
5/19/2018 9:00,7.105000019,7.105000019,7.805386076509991
5/19/2018 10:00,7.597000122,7.597000122,7.038255730599406
5/19/2018 11:00,7.456999779,7.456999779,7.559390528912256
5/19/2018 12:00,7.809000015,7.809000015,7.4893461858135035
5/19/2018 13:00,7.879000187,7.879000187,7.870987638405245
5/19/2018 14:00,8.020000458,8.020000458,7.931441391732588
5/19/2018 15:00,7.668000221,7.668000221,8.023203528354847
5/19/2018 16:00,7.456999779,7.456999779,7.632619178305829
5/19/2018 17:00,7.034999847,7.034999847,7.406448287685734
5/19/2018 18:00,7.175000191,7.175000191,7.007981348100216
5/19/2018 19:00,7.034999847,7.034999847,7.177882202705248
5/19/2018 20:00,6.894000053,6.894000053,7.06783145044583
5/19/2018 21:00,7.386000156,7.386000156,6.926302975324691
5/19/2018 22:00,7.315999985,7.315999985,7.383162186472366
5/19/2018 23:00,7.105000019,7.105000019,7.298645843759508
5/20/2018 0:00,7.105000019,7.105000019,7.088338415409243
5/20/2018 1:00,7.105000019,7.105000019,7.095683897599909
5/20/2018 2:00,6.964000225,6.964000225,7.109270292950436
5/20/2018 3:00,6.752999783,6.752999783,6.9795450914794035
5/20/2018 4:00,6.823999882,6.823999882,6.7654143026150315
5/20/2018 5:00,6.823999882,6.823999882,6.816121575682217
5/20/2018 6:00,6.752999783,6.752999783,6.806247975305425
5/20/2018 7:00,6.823999882,6.823999882,6.7405927821481475
5/20/2018 8:00,7.105000019,7.105000019,6.823235208968498
5/20/2018 9:00,7.245999813,7.245999813,7.11389125152064
5/20/2018 10:00,7.386000156,7.386000156,7.2630682087783525
5/20/2018 11:00,7.175000191,7.175000191,7.399905669344934
5/20/2018 12:00,6.964000225,6.964000225,7.181652426461796
5/20/2018 13:00,6.823999882,6.823999882,6.955585368631168
5/20/2018 14:00,6.683000088,6.683000088,6.803798355748868
5/20/2018 15:00,6.330999851,6.330999851,6.66538900905393
5/20/2018 16:00,6.541999817,6.541999817,6.329556535102315
5/20/2018 17:00,4.361999989,4.361999989,6.5431401972998735
5/20/2018 18:00,5.55700016,5.55700016,4.398452769561013
5/20/2018 19:00,5.627999783,5.627999783,5.516984936216685
5/20/2018 20:00,5.979000092,5.979000092,5.584569296661995
5/20/2018 21:00,5.697999954,5.697999954,5.9632056843499175
5/20/2018 22:00,5.90899992,5.90899992,5.734330083515647
5/20/2018 23:00,5.768000126,5.768000126,5.953054268689692
5/21/2018 0:00,5.697999954,5.697999954,5.79375060190261
5/21/2018 1:00,5.416999817,5.416999817,5.814583399947734
5/21/2018 2:00,5.768000126,5.768000126,5.379508144783757
5/21/2018 3:00,5.627999783,5.627999783,5.725041730301776
5/21/2018 4:00,5.697999954,5.697999954,5.6255567499276795
5/21/2018 5:00,6.050000191,6.050000191,5.728704583455668
5/21/2018 6:00,5.90899992,5.90899992,6.084725108867545
5/21/2018 7:00,5.979000092,5.979000092,5.933422456614214
5/21/2018 8:00,6.050000191,6.050000191,5.969755854035905
5/21/2018 9:00,6.472000122,6.472000122,6.018647951637221
5/21/2018 10:00,6.40199995,6.40199995,6.44161640235779
5/21/2018 11:00,6.40199995,6.40199995,6.409480782576055
5/21/2018 12:00,6.752999783,6.752999783,6.435634709046804
5/21/2018 13:00,7.105000019,7.105000019,6.78001830484692
5/21/2018 14:00,7.175000191,7.175000191,7.1112863278072425
5/21/2018 15:00,7.315999985,7.315999985,7.167181237861509
5/21/2018 16:00,5.627999783,5.627999783,7.301713922534519
5/21/2018 17:00,4.43200016,4.43200016,5.644594515360325
5/21/2018 18:00,6.472000122,6.472000122,4.427368981660135
5/21/2018 19:00,6.472000122,6.472000122,6.393237117766398
5/21/2018 20:00,6.894000053,6.894000053,6.443614226903289
5/21/2018 21:00,6.612999916,6.612999916,6.927734602843927
5/21/2018 22:00,6.894000053,6.894000053,6.692090967403072
5/21/2018 23:00,6.683000088,6.683000088,6.94225437924881
5/22/2018 0:00,6.964000225,6.964000225,6.676696912079611
5/22/2018 1:00,7.315999985,7.315999985,6.902882477773033
5/22/2018 2:00,7.456999779,7.456999779,7.2559873675109126
5/22/2018 3:00,7.879000187,7.879000187,7.452332062192327
5/22/2018 4:00,8.300999641,8.300999641,7.927015848435572
5/22/2018 5:00,9.00399971,9.00399971,8.366698903428759
5/22/2018 6:00,9.145000458,9.145000458,9.037913517644474
5/22/2018 7:00,7.456999779,7.456999779,9.142284184957127
5/22/2018 8:00,6.823999882,6.823999882,7.448741498515613
5/22/2018 9:00,6.683000088,6.683000088,6.775416578756137
5/22/2018 10:00,6.40199995,6.40199995,6.683000088
5/22/2018 11:00,3.727999926,3.727999926,6.40199995
5/22/2018 12:00,4.150000095,4.150000095,3.780080249573756
5/22/2018 13:00,6.541999817,6.541999817,4.151201714889102
5/22/2018 14:00,6.964000225,6.964000225,6.541999817
5/22/2018 15:00,6.261000156,6.261000156,6.964000225
5/22/2018 16:00,6.119999886,6.119999886,6.261000156
5/22/2018 17:00,6.894000053,6.894000053,6.119999886
5/22/2018 18:00,6.261000156,6.261000156,6.887932493911776
5/22/2018 19:00,7.034999847,7.034999847,6.230447228495997
5/22/2018 20:00,7.52699995,7.52699995,7.034999847
5/22/2018 21:00,7.737999916,7.737999916,7.52699995
5/22/2018 22:00,7.809000015,7.809000015,7.7743183240043
5/22/2018 23:00,6.752999783,6.752999783,7.883626808528233
5/23/2018 0:00,7.105000019,7.105000019,6.820412862735098
5/23/2018 1:00,6.612999916,6.612999916,7.0793728825865525
5/23/2018 2:00,6.823999882,6.823999882,6.538840466575568
5/23/2018 3:00,6.472000122,6.472000122,6.746058221763472
5/23/2018 4:00,7.597000122,7.597000122,6.461049644029078
5/23/2018 5:00,6.894000053,6.894000053,7.630795602967218
5/23/2018 6:00,7.668000221,7.668000221,6.984161580784434
5/23/2018 7:00,9.215000153,9.215000153,7.685355928229669
5/23/2018 8:00,9.848999977,9.848999977,9.181117867612373
5/23/2018 9:00,9.00399971,9.00399971,9.80880111053194
5/23/2018 10:00,9.286000252,9.286000252,9.00399971
5/23/2018 11:00,9.567000389,9.567000389,9.311296902271485
5/23/2018 12:00,9.215000153,9.215000153,9.58672711358479
5/23/2018 13:00,9.215000153,9.215000153,9.227242177416993
5/23/2018 14:00,10.48200035,10.48200035,9.200865134407145
5/23/2018 15:00,11.95899963,11.95899963,10.438172920740426
5/23/2018 16:00,11.67800045,11.67800045,11.94080824778518
5/23/2018 17:00,11.67800045,11.67800045,11.739558231904244
5/23/2018 18:00,11.46700001,11.46700001,11.757164750823804
5/23/2018 19:00,9.918999672,9.918999672,11.503422729870408
5/23/2018 20:00,9.496999741,9.496999741,9.900123593910397
5/23/2018 21:00,9.425999641,9.425999641,9.403045871792385
5/23/2018 22:00,9.286000252,9.286000252,9.325304376413772
5/23/2018 23:00,8.793000221,8.793000221,9.25578442970738
5/24/2018 0:00,8.442000389,8.442000389,8.8521885745875
5/24/2018 1:00,8.722999573,8.722999573,8.527743911208704
5/24/2018 2:00,8.37100029,8.37100029,8.754592358725
5/24/2018 3:00,8.300999641,8.300999641,8.340716534772447
5/24/2018 4:00,8.230999947,8.230999947,8.228639495428283
5/24/2018 5:00,8.159999847,8.159999847,8.1744632677185
5/24/2018 6:00,8.512000084,8.512000084,8.16029436819611
5/24/2018 7:00,9.145000458,9.145000458,8.557621099565672
5/24/2018 8:00,9.286000252,9.286000252,9.199018614689324
5/24/2018 9:00,9.637999535,9.637999535,9.322456098340503
5/24/2018 10:00,8.86400032,8.86400032,9.630267197982159
5/24/2018 11:00,9.567000389,9.567000389,8.873791908316043
5/24/2018 12:00,9.496999741,9.496999741,9.517651045867659
5/24/2018 13:00,9.074999809,9.074999809,9.507902097959136
5/24/2018 14:00,9.777999878,9.777999878,9.052870270619419
5/24/2018 15:00,11.18500042,11.18500042,9.806740035181356
5/24/2018 16:00,10.76299953,10.76299953,11.19338542937156
5/24/2018 17:00,9.918999672,9.918999672,10.790447106203624
5/24/2018 18:00,10.3409996,10.3409996,9.941782744135008
5/24/2018 19:00,9.918999672,9.918999672,10.313747685446366
5/24/2018 20:00,9.918999672,9.918999672,9.883990510287546
5/24/2018 21:00,9.425999641,9.425999641,9.891163713676898
5/24/2018 22:00,9.355999947,9.355999947,9.43277815848244
5/24/2018 23:00,9.215000153,9.215000153,9.375702156280722
5/25/2018 0:00,8.722999573,8.722999573,9.231090960157644
5/25/2018 1:00,8.512000084,8.512000084,8.725497972386467
5/25/2018 2:00,8.652999878,8.652999878,8.488594243213457
5/25/2018 3:00,7.737999916,7.737999916,8.616333190090248
5/25/2018 4:00,8.512000084,8.512000084,7.732987213666576
5/25/2018 5:00,9.00399971,9.00399971,8.512000084
5/25/2018 6:00,9.145000458,9.145000458,9.00399971
5/25/2018 7:00,9.425999641,9.425999641,9.177316599049007
5/25/2018 8:00,9.145000458,9.145000458,9.425999641
5/25/2018 9:00,9.777999878,9.777999878,9.145000458
5/25/2018 10:00,9.918999672,9.918999672,9.777999878
5/25/2018 11:00,9.425999641,9.425999641,9.918999672
5/25/2018 12:00,9.215000153,9.215000153,9.425999641
5/25/2018 13:00,9.215000153,9.215000153,9.215000153
5/25/2018 14:00,8.86400032,8.86400032,9.215000153
5/25/2018 15:00,8.652999878,8.652999878,8.864000320000002
5/25/2018 16:00,8.512000084,8.512000084,8.652999878
5/25/2018 17:00,8.86400032,8.86400032,8.512000084
5/25/2018 18:00,5.979000092,5.979000092,8.86400032
5/25/2018 19:00,6.823999882,6.823999882,5.979000092
5/25/2018 20:00,5.768000126,5.768000126,6.823999882
5/25/2018 21:00,6.261000156,6.261000156,5.768000126
5/25/2018 22:00,5.697999954,5.697999954,6.208981763952341
5/25/2018 23:00,6.261000156,6.261000156,5.689936387230182
5/26/2018 0:00,7.52699995,7.52699995,6.274759792953732
5/26/2018 1:00,8.090000153,8.090000153,7.576434049159851
5/26/2018 2:00,7.456999779,7.456999779,8.132981746158382
5/26/2018 3:00,7.52699995,7.52699995,7.456999779000001
5/26/2018 4:00,8.230999947,8.230999947,7.52699995
5/26/2018 5:00,8.512000084,8.512000084,8.178155780058695
5/26/2018 6:00,8.512000084,8.512000084,8.466503547600986
5/26/2018 7:00,8.37100029,8.37100029,8.515751177228683
5/26/2018 8:00,7.597000122,7.597000122,8.419164082741103
5/26/2018 9:00,8.442000389,8.442000389,7.654970623170535
5/26/2018 10:00,8.159999847,8.159999847,8.430246717173807
5/26/2018 11:00,8.300999641,8.300999641,8.196157000024924
5/26/2018 12:00,8.722999573,8.722999573,8.25905388479553
5/26/2018 13:00,9.425999641,9.425999641,8.708213899801864
5/26/2018 14:00,9.215000153,9.215000153,9.450473667483038
5/26/2018 15:00,9.355999947,9.355999947,9.278829543731916
5/26/2018 16:00,9.425999641,9.425999641,9.398257971829711
5/26/2018 17:00,9.074999809,9.074999809,9.425999641
5/26/2018 18:00,8.86400032,8.86400032,9.074999809
5/26/2018 19:00,8.934000015,8.934000015,8.86400032
5/26/2018 20:00,8.37100029,8.37100029,8.912487948254844
5/26/2018 21:00,9.425999641,9.425999641,8.387524656169468
5/26/2018 22:00,8.86400032,8.86400032,9.394933225347886
5/26/2018 23:00,9.00399971,9.00399971,8.880571170001154
5/27/2018 0:00,8.37100029,8.37100029,8.999869826727824
5/27/2018 1:00,8.86400032,8.86400032,8.389761296087073
5/27/2018 2:00,9.425999641,9.425999641,8.819049622784146
5/27/2018 3:00,9.215000153,9.215000153,9.392697163233057
5/27/2018 4:00,9.425999641,9.425999641,9.237029813462698
5/27/2018 5:00,9.355999947,9.355999947,9.472495865765563
5/27/2018 6:00,9.918999672,9.918999672,9.395348061021396
5/27/2018 7:00,9.777999878,9.777999878,9.902021403834485
5/27/2018 8:00,9.286000252,9.286000252,9.751318033502994
5/27/2018 9:00,9.567000389,9.567000389,9.26557713048577
5/27/2018 10:00,9.567000389,9.567000389,9.550264784045684
5/27/2018 11:00,9.215000153,9.215000153,9.54707346462671
5/27/2018 12:00,10.13000011,10.13000011,9.243929939211842
5/27/2018 13:00,10.76299953,10.76299953,10.102206448117006
5/27/2018 14:00,10.62199974,10.62199974,10.75686674958709
5/27/2018 15:00,11.5369997,11.5369997,10.569076975569889
5/27/2018 16:00,11.60700035,11.60700035,11.509384747859889
5/27/2018 17:00,11.32600021,11.32600021,11.604890769228307
5/27/2018 18:00,11.46700001,11.46700001,11.334471277938384
5/27/2018 19:00,10.48200035,10.48200035,11.46274684252473
5/27/2018 20:00,10.13000011,10.13000011,10.511778849158286
5/27/2018 21:00,9.918999672,9.918999672,10.140577064114431
5/27/2018 22:00,9.848999977,9.848999977,9.925331798747285
5/27/2018 23:00,10.19999981,10.19999981,9.85110011808532
5/28/2018 0:00,10.06000042,10.06000042,10.189464872374352
5/28/2018 1:00,10.13000011,10.13000011,10.064205483510236
5/28/2018 2:00,10.13000011,10.13000011,10.12789726352565
5/28/2018 3:00,9.918999672,9.918999672,10.13000011
5/28/2018 4:00,9.708000183,9.708000183,9.902420151503959
5/28/2018 5:00,9.918999672,9.918999672,9.714334030692356
5/28/2018 6:00,10.19999981,10.19999981,9.912661370149223
5/28/2018 7:00,10.97399998,10.97399998,10.191563099188555
5/28/2018 8:00,10.48200035,10.48200035,10.993310451987444
5/28/2018 9:00,10.41100025,10.41100025,10.535962615463717
5/28/2018 10:00,10.27099991,10.27099991,10.441417212439905
5/28/2018 11:00,10.69299984,10.69299984,10.256611702153563
5/28/2018 12:00,10.55200005,10.55200005,10.680259884187938
5/28/2018 13:00,10.69299984,10.69299984,10.556262412735004
5/28/2018 14:00,11.32600021,11.32600021,10.69782869963997
5/28/2018 15:00,11.95899963,11.95899963,11.357218465362273
5/28/2018 16:00,11.5369997,11.5369997,12.000299434325244
5/28/2018 17:00,11.46700001,11.46700001,11.579174318723828
5/28/2018 18:00,11.25599957,11.25599957,11.46912561121782
5/28/2018 19:00,11.11499977,11.11499977,11.218013069306009
5/28/2018 20:00,10.76299953,10.76299953,11.068438422045645
5/28/2018 21:00,10.69299984,10.69299984,10.746109272233717
5/28/2018 22:00,10.76299953,10.76299953,10.70558272601506
5/28/2018 23:00,10.55200005,10.55200005,10.717871290063513
5/29/2018 0:00,10.62199974,10.62199974,10.522596729147505
5/29/2018 1:00,10.48200035,10.48200035,10.617591668775901
5/29/2018 2:00,10.48200035,10.48200035,10.457006124829196
5/29/2018 3:00,10.69299984,10.69299984,10.455803556935162
5/29/2018 4:00,10.83300018,10.83300018,10.65296968139111
5/29/2018 5:00,10.69299984,10.69299984,10.846893077984154
5/29/2018 6:00,10.76299953,10.76299953,10.725818758195643
5/29/2018 7:00,10.69299984,10.69299984,10.782487024750328
5/29/2018 8:00,11.67800045,11.67800045,10.688268968076908
5/29/2018 9:00,11.74800014,11.74800014,11.638207674350502
5/29/2018 10:00,11.81799984,11.81799984,11.734215081072616
5/29/2018 11:00,11.88899994,11.88899994,11.839568445845606
5/29/2018 12:00,12.02900028,12.02900028,11.926947628303983
5/29/2018 13:00,11.81799984,11.81799984,12.05237174903889
5/29/2018 14:00,12.38099957,12.38099957,11.771597292734441
5/29/2018 15:00,11.60700035,11.60700035,12.344278640055434
5/29/2018 16:00,11.32600021,11.32600021,11.594080204225993
5/29/2018 17:00,11.60700035,11.60700035,11.326610657476861
5/29/2018 18:00,10.90400028,10.90400028,11.598438890936931
5/29/2018 19:00,10.76299953,10.76299953,10.922420799309261
5/29/2018 20:00,10.3409996,10.3409996,10.767380455345936
5/29/2018 21:00,9.637999535,9.637999535,10.340970683855332
5/29/2018 22:00,10.41100025,10.41100025,9.62164763919246
5/29/2018 23:00,10.13000011,10.13000011,10.369800781128564
5/30/2018 0:00,9.918999672,9.918999672,10.125600056309096
5/30/2018 1:00,10.13000011,10.13000011,9.946342651524759
5/30/2018 2:00,9.777999878,9.777999878,10.155302953390734
5/30/2018 3:00,10.19999981,10.19999981,9.793652520346598
5/30/2018 4:00,9.777999878,9.777999878,10.186621859173474
5/30/2018 5:00,9.145000458,9.145000458,9.808426049254273
5/30/2018 6:00,9.98900032,9.98900032,9.165052667433566
5/30/2018 7:00,10.55200005,10.55200005,9.969137467175893
5/30/2018 8:00,10.90400028,10.90400028,10.534170198965205
5/30/2018 9:00,11.46700001,11.46700001,10.892882433190273
5/30/2018 10:00,11.5369997,11.5369997,11.449346700629938
5/30/2018 11:00,11.60700035,11.60700035,11.534818428197243
5/30/2018 12:00,11.67800045,11.67800045,11.610070182325618
5/30/2018 13:00,11.5369997,11.5369997,11.628096833919853
5/30/2018 14:00,11.67800045,11.67800045,11.541416686503322
5/30/2018 15:00,12.02900028,12.02900028,11.673580230362335
5/30/2018 16:00,11.32600021,11.32600021,12.034008495631085
5/30/2018 17:00,11.25599957,11.25599957,11.364774799899873
5/30/2018 18:00,10.55200005,10.55200005,11.275342557174401
5/30/2018 19:00,10.62199974,10.62199974,10.57403653824715
5/30/2018 20:00,10.97399998,10.97399998,10.584300872257508
5/30/2018 21:00,10.3409996,10.3409996,10.924633652324644
5/30/2018 22:00,10.13000011,10.13000011,10.360981074616536
5/30/2018 23:00,9.918999672,9.918999672,10.164513599814681
5/31/2018 0:00,10.41100025,10.41100025,9.900750607186732
5/31/2018 1:00,10.41100025,10.41100025,10.401841787632879
5/31/2018 2:00,10.41100025,10.41100025,10.41100025
5/31/2018 3:00,10.41100025,10.41100025,10.391355284913809
5/31/2018 4:00,10.41100025,10.41100025,10.41120643490437
5/31/2018 5:00,10.41100025,10.41100025,10.428998822341532
5/31/2018 6:00,10.41100025,10.41100025,10.431185720963908
5/31/2018 7:00,10.41100025,10.41100025,10.418010075539609
5/31/2018 8:00,10.41100025,10.41100025,10.40003351327696
5/31/2018 9:00,10.41100025,10.41100025,10.392767822203265
5/31/2018 10:00,10.41100025,10.41100025,10.400342518896023
5/31/2018 11:00,10.41100025,10.41100025,10.415409870995694
5/31/2018 12:00,10.41100025,10.41100025,10.416950744239168
5/31/2018 13:00,10.41100025,10.41100025,10.424387819684036
5/31/2018 14:00,10.41100025,10.41100025,10.4118501361344
5/31/2018 15:00,10.41100025,10.41100025,10.401409352019439
5/31/2018 16:00,10.41100025,10.41100025,10.41100025
5/31/2018 17:00,10.41100025,10.41100025,10.41100025
5/31/2018 18:00,10.41100025,10.41100025,10.41100025
5/31/2018 19:00,10.41100025,10.41100025,10.41100025
5/31/2018 20:00,10.41100025,10.41100025,10.417505907810664
5/31/2018 21:00,10.41100025,10.41100025,10.41100025
5/31/2018 22:00,10.41100025,10.41100025,10.41100025
5/31/2018 23:00,10.41100025,10.41100025,10.41100025
6/1/2018 0:00,8.512000084,8.512000084,10.41100025
6/1/2018 1:00,8.512000084,8.512000084,8.572667680960114
6/1/2018 2:00,8.230999947,8.230999947,8.512000084
6/1/2018 3:00,8.300999641,8.300999641,8.187747360023323
6/1/2018 4:00,8.37100029,8.37100029,8.298763395812866
6/1/2018 5:00,8.230999947,8.230999947,8.368774054843541
6/1/2018 6:00,8.581999779,8.581999779,8.235491374667811
6/1/2018 7:00,9.425999641,9.425999641,8.570718440948955
6/1/2018 8:00,10.83300018,10.83300018,9.39894986485994
6/1/2018 9:00,10.48200035,10.48200035,10.788669260662479
6/1/2018 10:00,9.777999878,9.777999878,10.493148037183358
6/1/2018 11:00,9.848999977,9.848999977,9.800319960831304
6/1/2018 12:00,9.918999672,9.918999672,9.84674485240103
6/1/2018 13:00,10.41100025,10.41100025,9.916779847098521
6/1/2018 14:00,10.90400028,10.90400028,10.395435747501468
6/1/2018 15:00,11.67800045,11.67800045,10.88847692417744
6/1/2018 16:00,12.02900028,12.02900028,11.653745257047367
6/1/2018 17:00,11.88899994,11.88899994,12.01807163205024
6/1/2018 18:00,11.32600021,11.32600021,11.893354414699727
6/1/2018 19:00,10.90400028,10.90400028,11.343534368989003
6/1/2018 20:00,10.83300018,10.83300018,10.938008193492252
6/1/2018 21:00,10.48200035,10.48200035,10.835182730304455
6/1/2018 22:00,10.41100025,10.41100025,10.492828876632311
6/1/2018 23:00,10.27099991,10.27099991,10.413184380921594
6/2/2018 0:00,9.98900032,9.98900032,10.275309586270748
6/2/2018 1:00,9.567000389,9.567000389,9.997670177413072
6/2/2018 2:00,9.215000153,9.215000153,9.579970320673057
6/2/2018 3:00,9.215000153,9.215000153,9.225805203281238
6/2/2018 4:00,8.512000084,8.512000084,9.215000153
6/2/2018 5:00,8.934000015,8.934000015,8.533708170625301
6/2/2018 6:00,8.934000015,8.934000015,8.92090407679698
6/2/2018 7:00,8.652999878,8.652999878,8.934000015
6/2/2018 8:00,8.722999573,8.722999573,8.661720877781892
6/2/2018 9:00,8.722999573,8.722999573,8.72082206418276
6/2/2018 10:00,9.215000153,9.215000153,8.722999573
6/2/2018 11:00,9.637999535,9.637999535,9.199687458371388
6/2/2018 12:00,10.48200035,10.48200035,9.624894343462847
6/2/2018 13:00,10.19999981,10.19999981,10.455982860785177
6/2/2018 14:00,10.3409996,10.3409996,10.208727083064447
6/2/2018 15:00,10.19999981,10.19999981,10.336632996626685
6/2/2018 16:00,11.11499977,11.11499977,10.190190828075767
6/2/2018 17:00,10.48200035,10.48200035,11.145996783558282
6/2/2018 18:00,10.06000042,10.06000042,10.50349218426168
6/2/2018 19:00,9.567000389,9.567000389,10.073430335967094
6/2/2018 20:00,9.425999641,9.425999641,9.582592291823287
6/2/2018 21:00,9.567000389,9.567000389,9.430552474299791
6/2/2018 22:00,9.848999977,9.848999977,9.576532632992263
6/2/2018 23:00,9.637999535,9.637999535,9.843616166461262
6/3/2018 0:00,9.286000252,9.286000252,9.644778574855529
6/3/2018 1:00,9.496999741,9.496999741,9.293784009679431
6/3/2018 2:00,9.496999741,9.496999741,9.474885758056862
6/3/2018 3:00,9.637999535,9.637999535,9.496999741
6/3/2018 4:00,9.567000389,9.567000389,9.63341500249107
6/3/2018 5:00,9.848999977,9.848999977,9.56930781909668
6/3/2018 6:00,9.567000389,9.567000389,9.839833705281958
6/3/2018 7:00,9.355999947,9.355999947,9.57618038188676
6/3/2018 8:00,9.425999641,9.425999641,9.362865353807752
6/3/2018 9:00,9.637999535,9.637999535,9.426927774949895
6/3/2018 10:00,9.918999672,9.918999672,9.631096334306699
6/3/2018 11:00,10.62199974,10.62199974,9.909852487033625
6/3/2018 12:00,10.69299984,10.69299984,10.613822117073203
6/3/2018 13:00,10.97399998,10.97399998,10.690695869402859
6/3/2018 14:00,12.23999977,12.23999977,10.989979100452448
6/3/2018 15:00,12.6619997,12.6619997,12.199230302100053
6/3/2018 16:00,13.43599987,13.43599987,12.648667338112007
6/3/2018 17:00,13.08500004,13.08500004,13.41174187806806
6/3/2018 18:00,11.67800045,11.67800045,13.096041932990431
6/3/2018 19:00,11.04399967,11.04399967,11.721945394807035
6/3/2018 20:00,10.55200005,10.55200005,11.063427443465812
6/3/2018 21:00,9.567000389,9.567000389,10.567116156823946
6/3/2018 22:00,9.425999641,9.425999641,9.596917941983444
6/3/2018 23:00,8.722999573,8.722999573,9.430256550088837
6/4/2018 0:00,8.442000389,8.442000389,8.74402743115658
6/4/2018 1:00,9.215000153,9.215000153,8.450375798393695
6/4/2018 2:00,9.425999641,9.425999641,9.191877163602328
6/4/2018 3:00,9.637999535,9.637999535,9.419706916000317
6/4/2018 4:00,9.708000183,9.708000183,9.631681707711245
6/4/2018 5:00,9.425999641,9.425999641,9.70591714832712
6/4/2018 6:00,9.567000389,9.567000389,9.434400443797896
6/4/2018 7:00,9.777999878,9.777999878,9.562791961340348
6/4/2018 8:00,10.76299953,10.76299953,9.771702554747849
6/4/2018 9:00,11.18500042,11.18500042,10.733674822764744
6/4/2018 10:00,11.18500042,11.18500042,11.172595598783856
6/4/2018 11:00,11.18500042,11.18500042,11.18500042
6/4/2018 12:00,11.81799984,11.81799984,11.18500042
6/4/2018 13:00,11.67800045,11.67800045,11.799437162983628
6/4/2018 14:00,12.23999977,12.23999977,11.682112395704031
6/4/2018 15:00,12.38099957,12.38099957,12.223458258145058
6/4/2018 16:00,11.60700035,11.60700035,12.376893900924687
6/4/2018 17:00,10.76299953,10.76299953,11.629667602688151
6/4/2018 18:00,10.06000042,10.06000042,10.787428375892159
6/4/2018 19:00,9.637999535,9.637999535,10.080160205263356
6/4/2018 20:00,9.708000183,9.708000183,9.65024594804335
6/4/2018 21:00,9.848999977,9.848999977,9.705976944574715
6/4/2018 22:00,10.27099991,10.27099991,9.844923848424598
6/4/2018 23:00,10.13000011,10.13000011,10.258814078750744
6/5/2018 0:00,9.918999672,9.918999672,10.134075507592078
6/5/2018 1:00,9.637999535,9.637999535,9.925096028381857
6/5/2018 2:00,9.425999641,9.425999641,9.646185264260135
6/5/2018 3:00,9.708000183,9.708000183,9.432190165777321
6/5/2018 4:00,9.918999672,9.918999672,9.699750062188482
6/5/2018 5:00,9.848999977,9.848999977,9.912826292257359
6/5/2018 6:00,9.848999977,9.848999977,9.851058051790458
6/5/2018 7:00,10.06000042,10.06000042,9.848999977
6/5/2018 8:00,9.918999672,9.918999672,10.053795645428643
6/5/2018 9:00,10.13000011,10.13000011,9.92314877719675
6/5/2018 10:00,9.848999977,9.848999977,10.123788020882651
6/5/2018 11:00,9.918999672,9.918999672,9.857286863939724
6/5/2018 12:00,9.777999878,9.777999878,9.91693436378323
6/5/2018 13:00,10.13000011,10.13000011,9.782163280599942
6/5/2018 14:00,10.76299953,10.76299953,10.11959274785787
6/5/2018 15:00,10.90400028,10.90400028,10.744358728765434
6/5/2018 16:00,10.97399998,10.97399998,10.899847697404878
6/5/2018 17:00,10.83300018,10.83300018,10.971915705996231
6/5/2018 18:00,10.27099991,10.27099991,10.837237100612025
6/5/2018 19:00,9.567000389,9.567000389,10.28789925128837
6/5/2018 20:00,9.286000252,9.286000252,9.588226782938381
6/5/2018 21:00,9.215000153,9.215000153,9.2945295195412
6/5/2018 22:00,8.934000015,8.934000015,9.217151018853581
6/5/2018 23:00,8.934000015,8.934000015,8.94249047225121
6/6/2018 0:00,8.581999779,8.581999779,8.934000015
6/6/2018 1:00,8.581999779,8.581999779,8.59260241307324
6/6/2018 2:00,8.581999779,8.581999779,8.581999779
6/6/2018 3:00,8.512000084,8.512000084,8.581999779
6/6/2018 4:00,8.37100029,8.37100029,8.514141633107595
6/6/2018 5:00,8.159999847,8.159999847,8.37533094173241
6/6/2018 6:00,8.512000084,8.512000084,8.166495826991518
6/6/2018 7:00,9.496999741,9.496999741,8.501167214168769
6/6/2018 8:00,10.19999981,10.19999981,9.466809176135774
6/6/2018 9:00,10.27099991,10.27099991,10.178741114844046
6/6/2018 10:00,9.98900032,9.98900032,10.268866635367733
6/6/2018 11:00,10.13000011,10.13000011,9.997516165385925
6/6/2018 12:00,10.06000042,10.06000042,10.125744644411995
6/6/2018 13:00,10.55200005,10.55200005,10.06210761748044
6/6/2018 14:00,12.02900028,12.02900028,10.537247523175873
6/6/2018 15:00,13.15499973,13.15499973,11.99349325972605
6/6/2018 16:00,13.29599953,13.29599953,13.098284506008948
6/6/2018 17:00,12.94400024,12.94400024,13.291834279439698
6/6/2018 18:00,13.22500038,13.22500038,12.911817956472287
6/6/2018 19:00,11.39599991,11.39599991,13.216546725290838
6/6/2018 20:00,10.90400028,10.90400028,11.450457120192567
6/6/2018 21:00,11.04399967,11.04399967,10.918453355743303
6/6/2018 22:00,10.55200005,10.55200005,11.049718617427411
6/6/2018 23:00,10.27099991,10.27099991,10.566485756938041
6/7/2018 0:00,9.777999878,9.777999878,10.279259211433054
6/7/2018 1:00,10.13000011,10.13000011,9.792463084530112
6/7/2018 2:00,10.13000011,10.13000011,10.119668222178031
6/7/2018 3:00,9.848999977,9.848999977,10.13000011
6/7/2018 4:00,9.98900032,9.98900032,9.857339529728769
6/7/2018 5:00,9.918999672,9.918999672,9.984851560752842
6/7/2018 6:00,10.13000011,10.13000011,9.921076094957552
6/7/2018 7:00,10.48200035,10.48200035,10.123740679027485
6/7/2018 8:00,10.69299984,10.69299984,10.471562448795037
6/7/2018 9:00,10.83300018,10.83300018,10.686729320458289
6/7/2018 10:00,11.11499977,11.11499977,10.828818827083571
6/7/2018 11:00,11.5369997,11.5369997,11.106571472770318
6/7/2018 12:00,11.95899963,11.95899963,11.524392309262929
6/7/2018 13:00,12.02900028,12.02900028,11.946382766062069
6/7/2018 14:00,12.80300045,12.80300045,12.026908559106376
6/7/2018 15:00,12.7329998,12.7329998,12.779890799285113
6/7/2018 16:00,12.6619997,12.6619997,12.735094222692751
6/7/2018 17:00,12.6619997,12.6619997,12.664129945026176
6/7/2018 18:00,12.02900028,12.02900028,12.6619997
6/7/2018 19:00,11.67800045,11.67800045,12.048029821927392
6/7/2018 20:00,11.39599991,11.39599991,11.6887142523007
6/7/2018 21:00,10.83300018,10.83300018,11.404409252304323
6/7/2018 22:00,10.83300018,10.83300018,10.849715575038315
6/7/2018 23:00,10.3409996,10.3409996,10.83300018
6/8/2018 0:00,10.48200035,10.48200035,10.355587764098837
6/8/2018 1:00,10.41100025,10.41100025,10.477823651352116
6/8/2018 2:00,10.13000011,10.13000011,10.413092653342714
6/8/2018 3:00,10.06000042,10.06000042,10.138326485144926
6/8/2018 4:00,9.98900032,9.98900032,10.062077421042366
6/8/2018 5:00,9.708000183,9.708000183,9.991102864585825
6/8/2018 6:00,9.425999641,9.425999641,9.716305956325114
6/8/2018 7:00,9.777999878,9.777999878,9.434332086863725
6/8/2018 8:00,10.13000011,10.13000011,9.767563859293768
6/8/2018 9:00,10.19999981,10.19999981,10.119590653660095
6/8/2018 10:00,10.06000042,10.06000042,10.197930924167201
6/8/2018 11:00,10.3409996,10.3409996,10.064138201878654
6/8/2018 12:00,10.13000011,10.13000011,10.332686102024901
6/8/2018 13:00,9.918999672,9.918999672,10.136243089505463
6/8/2018 14:00,10.19999981,10.19999981,9.925247196323708
6/8/2018 15:00,10.3409996,10.3409996,10.191683024478031
6/8/2018 16:00,10.13000011,10.13000011,10.336814229122458
6/8/2018 17:00,9.918999672,9.918999672,10.136266482301341
6/8/2018 18:00,8.934000015,8.934000015,9.92526192132448
6/8/2018 19:00,9.00399971,9.00399971,8.963271951872114
6/8/2018 20:00,9.355999947,9.355999947,9.00189426286624
6/8/2018 21:00,8.86400032,8.86400032,9.345225342750801
6/8/2018 22:00,9.074999809,9.074999809,8.87903785832502
6/8/2018 23:00,8.722999573,8.722999573,9.068542927585746
6/9/2018 0:00,8.86400032,8.86400032,8.733778370869924
6/9/2018 1:00,8.86400032,8.86400032,8.85969038993959
6/9/2018 2:00,8.300999641,8.300999641,8.86400032
6/9/2018 3:00,8.020000458,8.020000458,8.318260688056341
6/9/2018 4:00,8.020000458,8.020000458,8.02857829872309
6/9/2018 5:00,8.159999847,8.159999847,8.020000458
6/9/2018 6:00,8.159999847,8.159999847,8.155720545174718
6/9/2018 7:00,8.159999847,8.159999847,8.157166707226889
6/9/2018 8:00,8.512000084,8.512000084,8.159999847
6/9/2018 9:00,8.442000389,8.442000389,8.510788590319475
6/9/2018 10:00,6.823999882,6.823999882,8.429281749530341
6/9/2018 11:00,3.025000095,3.025000095,6.829801236524352
6/9/2018 12:00,4.150000095,4.150000095,3.0386393621255605
6/9/2018 13:00,3.938999891,3.938999891,4.050754848895339
6/9/2018 14:00,4.78399992,4.78399992,3.8420853538224633
6/9/2018 15:00,5.768000126,5.768000126,4.75221581008673
6/9/2018 16:00,6.683000088,6.683000088,5.881223690859616
6/9/2018 17:00,6.894000053,6.894000053,6.79947527775301
6/9/2018 18:00,7.034999847,7.034999847,6.986634512891866
6/9/2018 19:00,6.40199995,6.40199995,7.037639250531382
6/9/2018 20:00,6.330999851,6.330999851,6.5064799617324205
6/9/2018 21:00,6.050000191,6.050000191,6.230364706464856
6/9/2018 22:00,6.894000053,6.894000053,6.002783542289489
6/9/2018 23:00,7.245999813,7.245999813,6.955952698646091
6/10/2018 0:00,6.261000156,6.261000156,7.33712440003974
6/10/2018 1:00,6.823999882,6.823999882,6.357400800988411
6/10/2018 2:00,7.315999985,7.315999985,6.824344074349457
6/10/2018 3:00,7.668000221,7.668000221,7.235721527160342
6/10/2018 4:00,7.737999916,7.737999916,7.585077330455589
6/10/2018 5:00,7.456999779,7.456999779,7.737999916
6/10/2018 6:00,7.668000221,7.668000221,7.523076470740301
6/10/2018 7:00,8.020000458,8.020000458,7.746977736887426
6/10/2018 8:00,8.300999641,8.300999641,8.050434399931207
6/10/2018 9:00,8.159999847,8.159999847,8.26989892859809
6/10/2018 10:00,8.090000153,8.090000153,8.20474615156117
6/10/2018 11:00,8.090000153,8.090000153,8.118844595840317
6/10/2018 12:00,8.37100029,8.37100029,8.090000153
6/10/2018 13:00,8.934000015,8.934000015,8.37100029
6/10/2018 14:00,9.425999641,9.425999641,8.934000015
6/10/2018 15:00,9.567000389,9.567000389,9.425999641
6/10/2018 16:00,9.98900032,9.98900032,9.567000389
6/10/2018 17:00,9.286000252,9.286000252,9.98900032
6/10/2018 18:00,9.286000252,9.286000252,9.286000252
6/10/2018 19:00,9.145000458,9.145000458,9.286000252
6/10/2018 20:00,8.442000389,8.442000389,9.145000458
6/10/2018 21:00,8.722999573,8.722999573,8.442000389
6/10/2018 22:00,8.442000389,8.442000389,8.722999573
6/10/2018 23:00,8.230999947,8.230999947,8.442000389
6/11/2018 0:00,8.300999641,8.300999641,8.230999947
6/11/2018 1:00,7.879000187,7.879000187,8.300999641
6/11/2018 2:00,7.809000015,7.809000015,7.879000187000001
6/11/2018 3:00,7.809000015,7.809000015,7.809000015
6/11/2018 4:00,7.948999882,7.948999882,7.840138183239321
6/11/2018 5:00,7.948999882,7.948999882,7.940450105283714
6/11/2018 6:00,8.159999847,8.159999847,7.948999882
6/11/2018 7:00,8.512000084,8.512000084,8.163993523105162
6/11/2018 8:00,9.074999809,9.074999809,8.511229501679356
6/11/2018 9:00,9.074999809,9.074999809,9.074999809
6/11/2018 10:00,9.00399971,9.00399971,9.074999809
6/11/2018 11:00,9.074999809,9.074999809,9.00399971
6/11/2018 12:00,9.567000389,9.567000389,9.074999809
6/11/2018 13:00,10.19999981,10.19999981,9.567000389
6/11/2018 14:00,11.04399967,11.04399967,10.199999810000001
6/11/2018 15:00,12.02900028,12.02900028,10.97430062342342
6/11/2018 16:00,12.17000008,12.17000008,12.071512597028354
6/11/2018 17:00,12.31099987,12.31099987,12.07031181473448
6/11/2018 18:00,10.55200005,10.55200005,12.341173353409191
6/11/2018 19:00,10.90400028,10.90400028,10.550749923609237
6/11/2018 20:00,10.27099991,10.27099991,10.826946878649737
6/11/2018 21:00,10.27099991,10.27099991,10.197145785027134
6/11/2018 22:00,9.777999878,9.777999878,10.241228331088553
6/11/2018 23:00,9.848999977,9.848999977,9.815547615706192
6/12/2018 0:00,10.06000042,10.06000042,9.906430404298382
6/12/2018 1:00,9.777999878,9.777999878,10.091602583262748
6/12/2018 2:00,9.496999741,9.496999741,9.769137255026614
6/12/2018 3:00,9.848999977,9.848999977,9.522733511430475
6/12/2018 4:00,9.708000183,9.708000183,9.81599040572675
6/12/2018 5:00,9.496999741,9.496999741,9.698537193468447
6/12/2018 6:00,9.567000389,9.567000389,9.496999741
6/12/2018 7:00,10.3409996,10.3409996,9.544700355829153
6/12/2018 8:00,10.41100025,10.41100025,10.355205710685704
6/12/2018 9:00,10.62199974,10.62199974,10.405863236114735
6/12/2018 10:00,10.27099991,10.27099991,10.603494522054426
6/12/2018 11:00,10.3409996,10.3409996,10.248700259250517
6/12/2018 12:00,10.83300018,10.83300018,10.33869769005997
6/12/2018 13:00,11.5369997,11.5369997,10.836246034440387
6/12/2018 14:00,12.10000038,12.10000038,11.551462420457865
6/12/2018 15:00,13.57699966,13.57699966,12.127810272582558
6/12/2018 16:00,14.27999973,14.27999973,13.600255721709694
6/12/2018 17:00,13.50699997,13.50699997,14.311032680358597
6/12/2018 18:00,13.9289999,13.9289999,13.50699997
6/12/2018 19:00,12.02900028,12.02900028,13.920800222185745
6/12/2018 20:00,11.67800045,11.67800045,12.006721787714179
6/12/2018 21:00,11.04399967,11.04399967,11.617600595606353
6/12/2018 22:00,10.90400028,10.90400028,10.988075622264356
6/12/2018 23:00,11.18500042,11.18500042,10.881511990095362
6/13/2018 0:00,11.18500042,11.18500042,11.205961533898728
6/13/2018 1:00,10.76299953,10.76299953,11.236790976796494
6/13/2018 2:00,10.90400028,10.90400028,10.741151855602512
6/13/2018 3:00,10.83300018,10.83300018,10.856544546226942
6/13/2018 4:00,10.83300018,10.83300018,10.787189310913181
6/13/2018 5:00,10.62199974,10.62199974,10.785443243531176
6/13/2018 6:00,10.97399998,10.97399998,10.61016531836353
6/13/2018 7:00,11.46700001,11.46700001,10.997540402833243
6/13/2018 8:00,11.81799984,11.81799984,11.511529430277777
6/13/2018 9:00,11.18500042,11.18500042,11.858125856048307
6/13/2018 10:00,11.18500042,11.18500042,11.201998993445851
6/13/2018 11:00,11.5369997,11.5369997,11.152430161858838
6/13/2018 12:00,11.32600021,11.32600021,11.486910654264467
6/13/2018 13:00,12.31099987,12.31099987,11.300368971762913
6/13/2018 14:00,13.29599953,13.29599953,12.323149672713974
6/13/2018 15:00,14.14000034,14.14000034,13.35302242435712
6/13/2018 16:00,14.35099983,14.35099983,14.049830090865758
6/13/2018 17:00,13.64700031,13.64700031,14.402862309157156
6/13/2018 18:00,12.59200001,12.59200001,13.544877203071307
6/13/2018 19:00,11.67800045,11.67800045,12.530601424306218
6/13/2018 20:00,10.90400028,10.90400028,11.587786747951634
6/13/2018 21:00,10.69299984,10.69299984,10.83579457436583
6/13/2018 22:00,10.55200005,10.55200005,10.714166225859893
6/13/2018 23:00,10.55200005,10.55200005,10.589044155070175
6/14/2018 0:00,10.90400028,10.90400028,10.615218067844113
6/14/2018 1:00,10.90400028,10.90400028,10.891677264187054
6/14/2018 2:00,10.69299984,10.69299984,10.884584672063323
6/14/2018 3:00,10.97399998,10.97399998,10.704426503341514
6/14/2018 4:00,11.11499977,11.11499977,10.928438808085458
6/14/2018 5:00,10.83300018,10.83300018,11.113054065164912
6/14/2018 6:00,10.97399998,10.97399998,10.873997028316197
6/14/2018 7:00,10.90400028,10.90400028,11.01825904265237
6/14/2018 8:00,11.11499977,11.11499977,10.922137985637022
6/14/2018 9:00,11.11499977,11.11499977,11.092076715146042
6/14/2018 10:00,11.18500042,11.18500042,11.077208771925731
6/14/2018 11:00,11.25599957,11.25599957,11.162083341719107
6/14/2018 12:00,11.18500042,11.18500042,11.265595645421344
6/14/2018 13:00,11.81799984,11.81799984,11.21949843759518
6/14/2018 14:00,13.29599953,13.29599953,11.844387631947063
6/14/2018 15:00,13.57699966,13.57699966,13.30527427145107
6/14/2018 16:00,13.22500038,13.22500038,13.600092587115547
6/14/2018 17:00,13.08500004,13.08500004,13.251607468123721
6/14/2018 18:00,11.46700001,11.46700001,13.086273579072493
6/14/2018 19:00,11.32600021,11.32600021,11.44620299898669
6/14/2018 20:00,11.32600021,11.32600021,11.261300380478044
6/14/2018 21:00,11.18500042,11.18500042,11.266374568764391
6/14/2018 22:00,11.32600021,11.32600021,11.175618051074057
6/14/2018 23:00,10.62199974,10.62199974,11.366240750277044
6/15/2018 0:00,10.19999981,10.19999981,10.683205397700773
6/15/2018 1:00,10.19999981,10.19999981,10.217935822703135
6/15/2018 2:00,9.848999977,9.848999977,10.15468078567716
6/15/2018 3:00,10.13000011,10.13000011,9.780322201091217
6/15/2018 4:00,10.97399998,10.97399998,10.157173571735337
6/15/2018 5:00,10.19999981,10.19999981,10.98614982383905
6/15/2018 6:00,10.83300018,10.83300018,10.280137891492437
6/15/2018 7:00,11.11499977,11.11499977,10.895919244597735
6/15/2018 8:00,11.5369997,11.5369997,11.128319773559763
6/15/2018 9:00,10.55200005,10.55200005,11.499415943902273
6/15/2018 10:00,10.48200035,10.48200035,10.572081760469738
6/15/2018 11:00,10.3409996,10.3409996,10.442800785374615
6/15/2018 12:00,10.90400028,10.90400028,10.333432762055203
6/15/2018 13:00,11.11499977,11.11499977,10.926137584663252
6/15/2018 14:00,11.25599957,11.25599957,11.161180468835198
6/15/2018 15:00,11.81799984,11.81799984,11.29429990611383
6/15/2018 16:00,12.38099957,12.38099957,11.821596719214583
6/15/2018 17:00,11.95899963,11.95899963,12.361710469813826
6/15/2018 18:00,11.74800014,11.74800014,11.948549487018902
6/15/2018 19:00,10.48200035,10.48200035,11.74387730725627
6/15/2018 20:00,9.848999977,9.848999977,10.485856275455584
6/15/2018 21:00,9.425999641,9.425999641,9.827856726250934
6/15/2018 22:00,9.496999741,9.496999741,9.383215706560888
6/15/2018 23:00,9.425999641,9.425999641,9.455947958707211
6/16/2018 0:00,9.215000153,9.215000153,9.419536678889237
6/16/2018 1:00,9.286000252,9.286000252,9.244389618126805
6/16/2018 2:00,9.00399971,9.00399971,9.321012491229355
6/16/2018 3:00,8.86400032,8.86400032,9.020326957756852
6/16/2018 4:00,8.512000084,8.512000084,8.928817414491354
6/16/2018 5:00,8.512000084,8.512000084,8.47117924258152
6/16/2018 6:00,8.581999779,8.581999779,8.4739369752176
6/16/2018 7:00,8.793000221,8.793000221,8.57508499689327
6/16/2018 8:00,9.425999641,9.425999641,8.864437025161164
6/16/2018 9:00,8.722999573,8.722999573,9.468940867665275
6/16/2018 10:00,9.145000458,9.145000458,8.764631372764487
6/16/2018 11:00,9.00399971,9.00399971,9.135446196313353
6/16/2018 12:00,9.215000153,9.215000153,8.965024081772729
6/16/2018 13:00,9.425999641,9.425999641,9.174075420251548
6/16/2018 14:00,10.13000011,10.13000011,9.418762641585202
6/16/2018 15:00,10.76299953,10.76299953,10.16274753439086
6/16/2018 16:00,10.55200005,10.55200005,10.823418268158793
6/16/2018 17:00,9.918999672,9.918999672,10.608334018111837
6/16/2018 18:00,9.355999947,9.355999947,9.925476586855687
6/16/2018 19:00,9.215000153,9.215000153,9.297597618116107
6/16/2018 20:00,9.215000153,9.215000153,9.127489909330237
6/16/2018 21:00,8.442000389,8.442000389,9.16342147502988
6/16/2018 22:00,8.512000084,8.512000084,8.464396306324069
6/16/2018 23:00,8.300999641,8.300999641,8.56776369573132
6/17/2018 0:00,8.159999847,8.159999847,8.34761899603301
6/17/2018 1:00,8.512000084,8.512000084,8.158322474949635
6/17/2018 2:00,8.020000458,8.020000458,8.462539770484751
6/17/2018 3:00,8.020000458,8.020000458,8.108706109461664
6/17/2018 4:00,8.020000458,8.020000458,7.9992525909533025
6/17/2018 5:00,7.948999882,7.948999882,8.039091230883557
6/17/2018 6:00,7.668000221,7.668000221,8.009978596126581
6/17/2018 7:00,7.948999882,7.948999882,7.69805688867206
6/17/2018 8:00,8.230999947,8.230999947,7.938212187732965
6/17/2018 9:00,8.37100029,8.37100029,8.292685875549164
6/17/2018 10:00,8.442000389,8.442000389,8.346904356255573
6/17/2018 11:00,8.652999878,8.652999878,8.487673915022066
6/17/2018 12:00,9.286000252,9.286000252,8.68470015488708
6/17/2018 13:00,10.27099991,10.27099991,9.320087653278371
6/17/2018 14:00,11.32600021,11.32600021,10.294828549645091
6/17/2018 15:00,12.45100021,12.45100021,11.34315896448266
6/17/2018 16:00,12.38099957,12.38099957,12.471553448867809
6/17/2018 17:00,11.5369997,11.5369997,12.415336259486732
6/17/2018 18:00,11.32600021,11.32600021,11.492099405982668
6/17/2018 19:00,10.83300018,10.83300018,11.300034033743792
6/17/2018 20:00,10.27099991,10.27099991,10.779348895572724
6/17/2018 21:00,10.19999981,10.19999981,10.220992822395413
6/17/2018 22:00,9.637999535,9.637999535,10.179075370602943
6/17/2018 23:00,9.567000389,9.567000389,9.65911640747396
6/18/2018 0:00,9.286000252,9.286000252,9.598369726318493
6/18/2018 1:00,9.215000153,9.215000153,9.301981990248938
6/18/2018 2:00,9.215000153,9.215000153,9.198402074176597
6/18/2018 3:00,8.86400032,8.86400032,9.178953937820019
6/18/2018 4:00,9.074999809,9.074999809,8.837436040190514
6/18/2018 5:00,9.00399971,9.00399971,9.090988152367487
6/18/2018 6:00,9.215000153,9.215000153,9.02657286152738
6/18/2018 7:00,9.286000252,9.286000252,9.245313794059387
6/18/2018 8:00,9.145000458,9.145000458,9.305471797630295
6/18/2018 9:00,9.777999878,9.777999878,9.141616652382842
6/18/2018 10:00,9.98900032,9.98900032,9.75148222708622
6/18/2018 11:00,10.06000042,10.06000042,9.97547557666
6/18/2018 12:00,10.83300018,10.83300018,10.07353923538991
6/18/2018 13:00,11.18500042,11.18500042,10.861972461430398
6/18/2018 14:00,11.95899963,11.95899963,11.224112671870222
6/18/2018 15:00,13.08500004,13.08500004,11.984970157282765
6/18/2018 16:00,11.95899963,11.95899963,13.095500141891478
6/18/2018 17:00,12.02900028,12.02900028,11.976290981633277
6/18/2018 18:00,12.02900028,12.02900028,12.012548193029154
6/18/2018 19:00,11.81799984,11.81799984,11.995174881394496
6/18/2018 20:00,10.62199974,10.62199974,11.793950364954338
6/18/2018 21:00,10.19999981,10.19999981,10.622361167357683
6/18/2018 22:00,10.13000011,10.13000011,10.194910733126541
6/18/2018 23:00,10.27099991,10.27099991,10.113736791700646
6/19/2018 0:00,9.777999878,9.777999878,10.254694045496393
6/19/2018 1:00,9.215000153,9.215000153,9.778141312024657
6/19/2018 2:00,9.215000153,9.215000153,9.219494899093435
6/19/2018 3:00,9.074999809,9.074999809,9.206727091559728
6/19/2018 4:00,9.00399971,9.00399971,9.061219628929871
6/19/2018 5:00,9.145000458,9.145000458,9.036113325202269
6/19/2018 6:00,9.637999535,9.637999535,9.142031127528524
6/19/2018 7:00,9.496999741,9.496999741,9.648008090536578
6/19/2018 8:00,9.074999809,9.074999809,9.523293646090986
6/19/2018 9:00,9.355999947,9.355999947,9.093959961117566
6/19/2018 10:00,9.777999878,9.777999878,9.343493236942626
6/19/2018 11:00,9.848999977,9.848999977,9.751557229394946
6/19/2018 12:00,10.13000011,10.13000011,9.875659474029574
6/19/2018 13:00,9.777999878,9.777999878,10.144505301767188
6/19/2018 14:00,5.55700016,5.55700016,9.791081790824588
6/19/2018 15:00,5.627999783,5.627999783,5.5795703059053725
6/19/2018 16:00,4.643000126,4.643000126,5.5285449955507975
6/19/2018 17:00,5.276000023,5.276000023,4.505108319119293
6/19/2018 18:00,6.683000088,6.683000088,5.349614611546919
6/19/2018 19:00,6.752999783,6.752999783,6.720009990186553
6/19/2018 20:00,7.105000019,7.105000019,6.904947551197697
6/19/2018 21:00,4.572999954,4.572999954,7.251763490166515
6/19/2018 22:00,5.135000229,5.135000229,4.604213558708484
6/19/2018 23:00,5.90899992,5.90899992,4.996533142366404
6/20/2018 0:00,6.541999817,6.541999817,5.727453616091573
6/20/2018 1:00,7.315999985,7.315999985,6.556149176579724
6/20/2018 2:00,6.964000225,6.964000225,7.408525265554196
6/20/2018 3:00,7.105000019,7.105000019,7.051955490901809
6/20/2018 4:00,7.105000019,7.105000019,7.100582114014962
6/20/2018 5:00,7.105000019,7.105000019,7.052364839750585
6/20/2018 6:00,7.315999985,7.315999985,7.067770748789566
6/20/2018 7:00,7.456999779,7.456999779,7.319127402306324
6/20/2018 8:00,7.105000019,7.105000019,7.51056336706267
6/20/2018 9:00,7.456999779,7.456999779,7.19375474854652
6/20/2018 10:00,8.090000153,8.090000153,7.4428485888301426
6/20/2018 11:00,8.090000153,8.090000153,8.065143077242002
6/20/2018 12:00,8.512000084,8.512000084,8.104043014994875
6/20/2018 13:00,8.37100029,8.37100029,8.53145855312122
6/20/2018 14:00,8.934000015,8.934000015,8.395505242902027
6/20/2018 15:00,8.722999573,8.722999573,8.926551174296494
6/20/2018 16:00,8.86400032,8.86400032,8.72762227138424
6/20/2018 17:00,9.286000252,9.286000252,8.861614855869373
6/20/2018 18:00,9.145000458,9.145000458,9.280547891071185
6/20/2018 19:00,9.286000252,9.286000252,9.161000300382172
6/20/2018 20:00,9.215000153,9.215000153,9.293419052966266
6/20/2018 21:00,8.652999878,8.652999878,9.217566959375354
6/20/2018 22:00,8.722999573,8.722999573,8.656383824825701
6/20/2018 23:00,9.00399971,9.00399971,8.700744810148898
6/21/2018 0:00,9.00399971,9.00399971,8.983867188093356
6/21/2018 1:00,8.934000015,8.934000015,9.013649293657659
6/21/2018 2:00,8.581999779,8.581999779,8.954367980191266
6/21/2018 3:00,8.37100029,8.37100029,8.59396711588373
6/21/2018 4:00,8.512000084,8.512000084,8.356995452564181
6/21/2018 5:00,8.512000084,8.512000084,8.484012880720678
6/21/2018 6:00,8.86400032,8.86400032,8.50532441330933
6/21/2018 7:00,8.300999641,8.300999641,8.870532573600034
6/21/2018 8:00,8.86400032,8.86400032,8.332417492516921
6/21/2018 9:00,8.512000084,8.512000084,8.852128914170267
6/21/2018 10:00,8.37100029,8.37100029,8.51193799923614
6/21/2018 11:00,8.512000084,8.512000084,8.366646240970626
6/21/2018 12:00,8.442000389,8.442000389,8.501096266818221
6/21/2018 13:00,8.86400032,8.86400032,8.443274558811328
6/21/2018 14:00,9.567000389,9.567000389,8.86207949897907
6/21/2018 15:00,9.918999672,9.918999672,9.570286256519625
6/21/2018 16:00,10.06000042,10.06000042,9.944974836660275
6/21/2018 17:00,9.848999977,9.848999977,10.088518057076705
6/21/2018 18:00,9.637999535,9.637999535,9.86334383148128
6/21/2018 19:00,9.00399971,9.00399971,9.626207204604107
6/21/2018 20:00,8.652999878,8.652999878,8.988205763944912
6/21/2018 21:00,8.37100029,8.37100029,8.628921011985744
6/21/2018 22:00,8.159999847,8.159999847,8.353307322229437
6/21/2018 23:00,8.090000153,8.090000153,8.153588183845676
6/22/2018 0:00,8.230999947,8.230999947,8.104508287938247
6/22/2018 1:00,8.37100029,8.37100029,8.2291574096033
6/22/2018 2:00,8.159999847,8.159999847,8.37367768417447
6/22/2018 3:00,8.020000458,8.020000458,8.171965725482703
6/22/2018 4:00,7.809000015,7.809000015,8.021075225727591
6/22/2018 5:00,7.668000221,7.668000221,7.800310428862119
6/22/2018 6:00,5.627999783,5.627999783,7.65471035167155
6/22/2018 7:00,7.034999847,7.034999847,5.648450562081626
6/22/2018 8:00,4.854000092,4.854000092,6.955142577742341
6/22/2018 9:00,6.683000088,6.683000088,4.876753012734935
6/22/2018 10:00,6.40199995,6.40199995,6.623317989725516
6/22/2018 11:00,6.752999783,6.752999783,6.428247678705032
6/22/2018 12:00,3.657999992,3.657999992,6.7879745493077746
6/22/2018 13:00,3.657999992,3.657999992,3.885313911755615
6/22/2018 14:00,4.150000095,4.150000095,3.565262456672226
6/22/2018 15:00,4.643000126,4.643000126,4.295426097122329
6/22/2018 16:00,5.979000092,5.979000092,4.82709680784287
6/22/2018 17:00,4.361999989,4.361999989,6.11944102340089
6/22/2018 18:00,4.643000126,4.643000126,4.62601113793928
6/22/2018 19:00,5.839000225,5.839000225,4.706713300916983
6/22/2018 20:00,5.90899992,5.90899992,5.835145182472691
6/22/2018 21:00,5.979000092,5.979000092,6.009199367727811
6/22/2018 22:00,5.839000225,5.839000225,5.925177617229425
6/22/2018 23:00,5.839000225,5.839000225,5.88141478389844
6/23/2018 0:00,5.346000195,5.346000195,5.839917334078281
6/23/2018 1:00,5.416999817,5.416999817,5.44590406240572
6/23/2018 2:00,5.416999817,5.416999817,5.386819244326667
6/23/2018 3:00,5.768000126,5.768000126,5.40783978926397
6/23/2018 4:00,5.90899992,5.90899992,5.771448918349381
6/23/2018 5:00,6.261000156,6.261000156,5.927142856183192
6/23/2018 6:00,6.683000088,6.683000088,6.269622678183732
6/23/2018 7:00,6.472000122,6.472000122,6.744336724121518
6/23/2018 8:00,6.40199995,6.40199995,6.5555787291865695
6/23/2018 9:00,6.964000225,6.964000225,6.405964339181408
6/23/2018 10:00,7.52699995,7.52699995,6.943089618991451
6/23/2018 11:00,7.737999916,7.737999916,7.5209142032462655
6/23/2018 12:00,7.809000015,7.809000015,7.763319635680987
6/23/2018 13:00,7.668000221,7.668000221,7.836395033709493
6/23/2018 14:00,8.159999847,8.159999847,7.683814786553439
6/23/2018 15:00,7.809000015,7.809000015,8.135521824437618
6/23/2018 16:00,8.159999847,8.159999847,7.813184762391747
6/23/2018 17:00,7.809000015,7.809000015,8.155951404487297
6/23/2018 18:00,8.300999641,8.300999641,7.8247423246694
6/23/2018 19:00,8.020000458,8.020000458,8.290146718571998
6/23/2018 20:00,7.668000221,7.668000221,7.9703452124624246
6/23/2018 21:00,7.386000156,7.386000156,7.676541195651334
6/23/2018 22:00,7.315999985,7.315999985,7.379182099787862
6/23/2018 23:00,7.175000191,7.175000191,7.297227578177417
6/24/2018 0:00,6.894000053,6.894000053,7.166561286698801
6/24/2018 1:00,6.612999916,6.612999916,6.921687961800613
6/24/2018 2:00,6.40199995,6.40199995,6.6164471951578685
6/24/2018 3:00,6.541999817,6.541999817,6.39466338242113
6/24/2018 4:00,6.964000225,6.964000225,6.524068093262487
6/24/2018 5:00,6.894000053,6.894000053,6.952740804391845
6/24/2018 6:00,7.456999779,7.456999779,6.932795584849093
6/24/2018 7:00,7.456999779,7.456999779,7.462423479949246
6/24/2018 8:00,8.442000389,8.442000389,7.470995596284102
6/24/2018 9:00,7.948999882,7.948999882,8.427483192750627
6/24/2018 10:00,8.512000084,8.512000084,8.001771345027299
6/24/2018 11:00,9.00399971,9.00399971,8.509867631133195
6/24/2018 12:00,9.286000252,9.286000252,8.996441706230133
6/24/2018 13:00,9.215000153,9.215000153,9.29551151720759
6/24/2018 14:00,9.286000252,9.286000252,9.238162862629164
6/24/2018 15:00,9.355999947,9.355999947,9.291740532100974
6/24/2018 16:00,9.496999741,9.496999741,9.348022829972239
6/24/2018 17:00,9.215000153,9.215000153,9.488366689281207
6/24/2018 18:00,9.145000458,9.145000458,9.225387019670526
6/24/2018 19:00,9.074999809,9.074999809,9.147011644698331
6/24/2018 20:00,8.86400032,8.86400032,9.069249013379126
6/24/2018 21:00,8.37100029,8.37100029,8.860867029864963
6/24/2018 22:00,8.37100029,8.37100029,8.374443553105852
6/24/2018 23:00,8.512000084,8.512000084,8.355572453194156
6/25/2018 0:00,8.722999573,8.722999573,8.496761503172877
6/25/2018 1:00,9.00399971,9.00399971,8.701072060582517
6/25/2018 2:00,9.567000389,9.567000389,9.014462614833514
6/25/2018 3:00,9.567000389,9.567000389,9.536149986054884
6/25/2018 4:00,8.512000084,8.512000084,9.58727466273541
6/25/2018 5:00,8.652999878,8.652999878,8.544968139072779
6/25/2018 6:00,8.934000015,8.934000015,8.578492291444045
6/25/2018 7:00,9.567000389,9.567000389,8.892830027291428
6/25/2018 8:00,10.97399998,10.97399998,9.557052523633194
6/25/2018 9:00,11.46700001,11.46700001,10.899332029106237
6/25/2018 10:00,11.18500042,11.18500042,11.525039058307238
6/25/2018 11:00,10.69299984,10.69299984,11.239885739362695
6/25/2018 12:00,10.27099991,10.27099991,10.619665326052564
6/25/2018 13:00,10.62199974,10.62199974,10.201422521636385
6/25/2018 14:00,11.25599957,11.25599957,10.523604009202291
6/25/2018 15:00,11.60700035,11.60700035,11.153067538533191
6/25/2018 16:00,12.38099957,12.38099957,11.49378726698166
6/25/2018 17:00,11.46700001,11.46700001,12.40769093320731
6/25/2018 18:00,11.18500042,11.18500042,11.386761744583817
6/25/2018 19:00,10.55200005,10.55200005,11.095523307423136
6/25/2018 20:00,9.98900032,9.98900032,10.499049650610324
6/25/2018 21:00,9.98900032,9.98900032,9.951487095645009
6/25/2018 22:00,9.567000389,9.567000389,9.947228236220894
6/25/2018 23:00,9.425999641,9.425999641,9.539509094312416
6/26/2018 0:00,9.708000183,9.708000183,9.429259916196244
6/26/2018 1:00,9.637999535,9.637999535,9.674153430983809
6/26/2018 2:00,9.777999878,9.777999878,9.607484472588782
6/26/2018 3:00,9.567000389,9.567000389,9.742875324441536
6/26/2018 4:00,9.425999641,9.425999641,9.541501702739438
6/26/2018 5:00,9.286000252,9.286000252,9.408609343532616
6/26/2018 6:00,9.286000252,9.286000252,9.280434765004667
6/26/2018 7:00,9.637999535,9.637999535,9.280579692936765
6/26/2018 8:00,9.425999641,9.425999641,9.610035948635193
6/26/2018 9:00,9.074999809,9.074999809,9.478914197677732
6/26/2018 10:00,8.934000015,8.934000015,9.110865543424627
6/26/2018 11:00,9.215000153,9.215000153,8.943771984642408
6/26/2018 12:00,9.215000153,9.215000153,9.214512572966083
6/26/2018 13:00,9.425999641,9.425999641,9.205592248215394
6/26/2018 14:00,10.19999981,10.19999981,9.40580787642948
6/26/2018 15:00,10.90400028,10.90400028,10.161043980866843
6/26/2018 16:00,11.04399967,11.04399967,10.842773784788402
6/26/2018 17:00,10.27099991,10.27099991,10.978979456949999
6/26/2018 18:00,9.777999878,9.777999878,10.250793333727184
6/26/2018 19:00,9.567000389,9.567000389,9.697237642980161
