date,OT,actual,forecast
2/1/2018 16:00,3.799000025,3.799000025,1.758999944
2/1/2018 17:00,3.588000059,3.588000059,1.758999944
2/1/2018 18:00,3.799000025,3.799000025,1.758999944
2/1/2018 19:00,3.588000059,3.588000059,1.758999944
2/1/2018 20:00,3.305999994,3.305999994,1.758999944
2/1/2018 21:00,3.657999992,3.657999992,1.758999944
2/1/2018 22:00,4.290999889,4.290999889,1.758999944
2/1/2018 23:00,3.938999891,3.938999891,1.758999944
2/2/2018 0:00,3.799000025,3.799000025,2.743999958
2/2/2018 1:00,4.361999989,4.361999989,3.025000095
2/2/2018 2:00,4.643000126,4.643000126,3.025000095
2/2/2018 3:00,4.221000195,4.221000195,3.236000061
2/2/2018 4:00,4.079999924,4.079999924,2.884000063
2/2/2018 5:00,3.868999958,3.868999958,2.743999958
2/2/2018 6:00,3.938999891,3.938999891,2.461999893
2/2/2018 7:00,3.727999926,3.727999926,2.039999962
2/2/2018 8:00,3.868999958,3.868999958,2.39199996
2/2/2018 9:00,4.43200016,4.43200016,3.165999889
2/2/2018 10:00,3.377000093,3.377000093,3.799000025
2/2/2018 11:00,4.079999924,4.079999924,4.712999821
2/2/2018 12:00,3.588000059,3.588000059,4.290999889
2/2/2018 13:00,3.447000027,3.447000027,4.290999889
2/2/2018 14:00,3.305999994,3.305999994,6.261000156
2/2/2018 15:00,3.868999958,3.868999958,3.938999891
2/2/2018 16:00,3.305999994,3.305999994,1.758999944
2/2/2018 17:00,3.51699996,3.51699996,1.758999944
2/2/2018 18:00,2.321000099,2.321000099,1.758999944
2/2/2018 19:00,2.039999962,2.039999962,1.758999944
2/2/2018 20:00,1.899000049,1.899000049,1.758999944
2/2/2018 21:00,2.461999893,2.461999893,1.758999944
2/2/2018 22:00,2.532000065,2.532000065,1.758999944
2/2/2018 23:00,2.039999962,2.039999962,1.758999944
2/3/2018 0:00,2.039999962,2.039999962,2.743999958
2/3/2018 1:00,0.843999982,0.843999982,3.025000095
2/3/2018 2:00,0.703000009,0.703000009,3.025000095
2/3/2018 3:00,0.703000009,0.703000009,3.236000061
2/3/2018 4:00,1.337000012,1.337000012,2.884000063
2/3/2018 5:00,0.773999989,0.773999989,2.743999958
2/3/2018 6:00,0.0,0.0,2.461999893
2/3/2018 7:00,0.0,0.0,2.039999962
2/3/2018 8:00,0.0,0.0,2.39199996
2/3/2018 9:00,0.773999989,0.773999989,3.165999889
2/3/2018 10:00,1.406999946,1.406999946,3.799000025
2/3/2018 11:00,2.039999962,2.039999962,4.712999821
2/3/2018 12:00,1.266000032,1.266000032,4.290999889
2/3/2018 13:00,1.970000029,1.970000029,4.290999889
2/3/2018 14:00,3.447000027,3.447000027,6.261000156
2/3/2018 15:00,3.447000027,3.447000027,3.938999891
2/3/2018 16:00,3.657999992,3.657999992,1.758999944
2/3/2018 17:00,3.236000061,3.236000061,1.758999944
2/3/2018 18:00,2.461999893,2.461999893,1.758999944
2/3/2018 19:00,2.39199996,2.39199996,1.758999944
2/3/2018 20:00,1.687999964,1.687999964,1.758999944
2/3/2018 21:00,1.266000032,1.266000032,1.758999944
2/3/2018 22:00,2.180999994,2.180999994,1.758999944
2/3/2018 23:00,0.773999989,0.773999989,1.758999944
2/4/2018 0:00,1.899000049,1.899000049,2.743999958
2/4/2018 1:00,1.828999996,1.828999996,3.025000095
2/4/2018 2:00,2.250999928,2.250999928,3.025000095
2/4/2018 3:00,2.039999962,2.039999962,3.236000061
2/4/2018 4:00,2.180999994,2.180999994,2.884000063
2/4/2018 5:00,2.39199996,2.39199996,2.743999958
2/4/2018 6:00,1.687999964,1.687999964,2.461999893
2/4/2018 7:00,1.547999978,1.547999978,2.039999962
2/4/2018 8:00,1.899000049,1.899000049,2.39199996
2/4/2018 9:00,2.673000097,2.673000097,3.165999889
2/4/2018 10:00,2.884000063,2.884000063,3.799000025
2/4/2018 11:00,3.799000025,3.799000025,4.712999821
2/4/2018 12:00,2.954999924,2.954999924,4.290999889
2/4/2018 13:00,3.377000093,3.377000093,4.290999889
2/4/2018 14:00,4.43200016,4.43200016,6.261000156
2/4/2018 15:00,3.868999958,3.868999958,3.938999891
2/4/2018 16:00,4.150000095,4.150000095,1.758999944
2/4/2018 17:00,4.150000095,4.150000095,1.758999944
2/4/2018 18:00,3.236000061,3.236000061,1.758999944
2/4/2018 19:00,2.884000063,2.884000063,1.758999944
2/4/2018 20:00,2.461999893,2.461999893,1.758999944
2/4/2018 21:00,3.447000027,3.447000027,1.758999944
2/4/2018 22:00,4.079999924,4.079999924,1.758999944
2/4/2018 23:00,3.588000059,3.588000059,1.758999944
2/5/2018 0:00,4.290999889,4.290999889,2.743999958
2/5/2018 1:00,3.799000025,3.799000025,3.025000095
2/5/2018 2:00,3.165999889,3.165999889,3.025000095
2/5/2018 3:00,4.079999924,4.079999924,3.236000061
2/5/2018 4:00,3.095000029,3.095000029,2.884000063
2/5/2018 5:00,3.588000059,3.588000059,2.743999958
2/5/2018 6:00,2.884000063,2.884000063,2.461999893
2/5/2018 7:00,3.025000095,3.025000095,2.039999962
2/5/2018 8:00,3.588000059,3.588000059,2.39199996
2/5/2018 9:00,3.447000027,3.447000027,3.165999889
2/5/2018 10:00,2.884000063,2.884000063,3.799000025
2/5/2018 11:00,3.868999958,3.868999958,4.712999821
2/5/2018 12:00,2.884000063,2.884000063,4.290999889
2/5/2018 13:00,3.305999994,3.305999994,4.290999889
2/5/2018 14:00,4.501999855,4.501999855,6.261000156
2/5/2018 15:00,4.010000229,4.010000229,3.938999891
2/5/2018 16:00,4.079999924,4.079999924,1.758999944
2/5/2018 17:00,5.205999851,5.205999851,1.758999944
2/5/2018 18:00,4.290999889,4.290999889,1.758999944
2/5/2018 19:00,4.290999889,4.290999889,1.758999944
2/5/2018 20:00,3.938999891,3.938999891,1.758999944
2/5/2018 21:00,4.221000195,4.221000195,1.758999944
2/5/2018 22:00,4.290999889,4.290999889,1.758999944
2/5/2018 23:00,3.799000025,3.799000025,1.758999944
2/6/2018 0:00,3.938999891,3.938999891,2.743999958
2/6/2018 1:00,4.221000195,4.221000195,3.025000095
2/6/2018 2:00,3.799000025,3.799000025,3.025000095
2/6/2018 3:00,3.51699996,3.51699996,3.236000061
2/6/2018 4:00,4.290999889,4.290999889,2.884000063
2/6/2018 5:00,4.010000229,4.010000229,2.743999958
2/6/2018 6:00,4.010000229,4.010000229,2.461999893
2/6/2018 7:00,1.547999978,1.547999978,2.039999962
2/6/2018 8:00,1.19599998,1.19599998,2.39199996
2/6/2018 9:00,1.126000047,1.126000047,3.165999889
2/6/2018 10:00,1.476999998,1.476999998,3.799000025
2/6/2018 11:00,1.687999964,1.687999964,4.712999821
2/6/2018 12:00,1.758999944,1.758999944,4.290999889
2/6/2018 13:00,2.461999893,2.461999893,4.290999889
2/6/2018 14:00,4.501999855,4.501999855,6.261000156
2/6/2018 15:00,3.799000025,3.799000025,3.938999891
2/6/2018 16:00,2.673000097,2.673000097,1.758999944
2/6/2018 17:00,2.673000097,2.673000097,1.758999944
2/6/2018 18:00,2.602999926,2.602999926,1.758999944
2/6/2018 19:00,2.250999928,2.250999928,1.758999944
2/6/2018 20:00,2.180999994,2.180999994,1.758999944
2/6/2018 21:00,2.532000065,2.532000065,1.758999944
2/6/2018 22:00,2.602999926,2.602999926,1.758999944
2/6/2018 23:00,2.250999928,2.250999928,1.758999944
2/7/2018 0:00,1.828999996,1.828999996,2.743999958
2/7/2018 1:00,2.039999962,2.039999962,3.025000095
2/7/2018 2:00,1.970000029,1.970000029,3.025000095
2/7/2018 3:00,2.461999893,2.461999893,3.236000061
2/7/2018 4:00,2.250999928,2.250999928,2.884000063
2/7/2018 5:00,2.321000099,2.321000099,2.743999958
2/7/2018 6:00,2.461999893,2.461999893,2.461999893
2/7/2018 7:00,2.602999926,2.602999926,2.039999962
2/7/2018 8:00,2.884000063,2.884000063,2.39199996
2/7/2018 9:00,3.588000059,3.588000059,3.165999889
2/7/2018 10:00,4.150000095,4.150000095,3.799000025
2/7/2018 11:00,4.501999855,4.501999855,4.712999821
2/7/2018 12:00,4.010000229,4.010000229,4.290999889
2/7/2018 13:00,4.290999889,4.290999889,4.290999889
2/7/2018 14:00,4.572999954,4.572999954,6.261000156
2/7/2018 15:00,4.923999786,4.923999786,3.938999891
2/7/2018 16:00,4.643000126,4.643000126,1.758999944
2/7/2018 17:00,5.065000057,5.065000057,1.758999944
2/7/2018 18:00,4.994999886,4.994999886,1.758999944
2/7/2018 19:00,5.135000229,5.135000229,1.758999944
2/7/2018 20:00,5.135000229,5.135000229,1.758999944
2/7/2018 21:00,4.643000126,4.643000126,1.758999944
2/7/2018 22:00,4.643000126,4.643000126,1.758999944
2/7/2018 23:00,3.588000059,3.588000059,1.758999944
2/8/2018 0:00,1.899000049,1.899000049,2.743999958
2/8/2018 1:00,2.109999895,2.109999895,3.025000095
2/8/2018 2:00,4.150000095,4.150000095,3.025000095
2/8/2018 3:00,4.221000195,4.221000195,3.236000061
2/8/2018 4:00,3.727999926,3.727999926,2.884000063
2/8/2018 5:00,3.588000059,3.588000059,2.743999958
2/8/2018 6:00,3.727999926,3.727999926,2.461999893
2/8/2018 7:00,3.165999889,3.165999889,2.039999962
2/8/2018 8:00,3.025000095,3.025000095,2.39199996
2/8/2018 9:00,2.180999994,2.180999994,3.165999889
2/8/2018 10:00,2.532000065,2.532000065,3.799000025
2/8/2018 11:00,2.884000063,2.884000063,4.712999821
2/8/2018 12:00,3.025000095,3.025000095,4.290999889
2/8/2018 13:00,2.884000063,2.884000063,4.290999889
2/8/2018 14:00,3.938999891,3.938999891,6.261000156
2/8/2018 15:00,3.588000059,3.588000059,3.938999891
2/8/2018 16:00,3.447000027,3.447000027,1.758999944
2/8/2018 17:00,3.868999958,3.868999958,1.758999944
2/8/2018 18:00,3.377000093,3.377000093,1.758999944
2/8/2018 19:00,2.813999891,2.813999891,1.758999944
2/8/2018 20:00,2.743999958,2.743999958,1.758999944
2/8/2018 21:00,2.884000063,2.884000063,1.758999944
2/8/2018 22:00,2.813999891,2.813999891,1.758999944
2/8/2018 23:00,2.602999926,2.602999926,1.758999944
2/9/2018 0:00,2.813999891,2.813999891,2.743999958
2/9/2018 1:00,2.602999926,2.602999926,3.025000095
2/9/2018 2:00,2.954999924,2.954999924,3.025000095
2/9/2018 3:00,2.884000063,2.884000063,3.236000061
2/9/2018 4:00,3.377000093,3.377000093,2.884000063
2/9/2018 5:00,3.305999994,3.305999994,2.743999958
2/9/2018 6:00,3.305999994,3.305999994,2.461999893
2/9/2018 7:00,3.305999994,3.305999994,2.039999962
2/9/2018 8:00,3.377000093,3.377000093,2.39199996
2/9/2018 9:00,3.588000059,3.588000059,3.165999889
2/9/2018 10:00,3.727999926,3.727999926,3.799000025
2/9/2018 11:00,4.643000126,4.643000126,4.712999821
2/9/2018 12:00,5.697999954,5.697999954,4.290999889
2/9/2018 13:00,5.486999989,5.486999989,4.290999889
2/9/2018 14:00,5.768000126,5.768000126,6.261000156
2/9/2018 15:00,5.768000126,5.768000126,3.938999891
2/9/2018 16:00,5.768000126,5.768000126,1.758999944
2/9/2018 17:00,5.768000126,5.768000126,1.758999944
2/9/2018 18:00,5.627999783,5.627999783,1.758999944
2/9/2018 19:00,5.346000195,5.346000195,1.758999944
2/9/2018 20:00,5.839000225,5.839000225,1.758999944
2/9/2018 21:00,5.697999954,5.697999954,1.758999944
2/9/2018 22:00,5.416999817,5.416999817,1.758999944
2/9/2018 23:00,5.768000126,5.768000126,1.758999944
2/10/2018 0:00,5.839000225,5.839000225,2.743999958
2/10/2018 1:00,5.90899992,5.90899992,3.025000095
2/10/2018 2:00,6.190999985,6.190999985,3.025000095
2/10/2018 3:00,5.697999954,5.697999954,3.236000061
2/10/2018 4:00,4.712999821,4.712999821,2.884000063
2/10/2018 5:00,4.643000126,4.643000126,2.743999958
2/10/2018 6:00,3.095000029,3.095000029,2.461999893
2/10/2018 7:00,2.813999891,2.813999891,2.039999962
2/10/2018 8:00,3.447000027,3.447000027,2.39199996
2/10/2018 9:00,2.321000099,2.321000099,3.165999889
2/10/2018 10:00,1.899000049,1.899000049,3.799000025
2/10/2018 11:00,2.250999928,2.250999928,4.712999821
2/10/2018 12:00,3.025000095,3.025000095,4.290999889
2/10/2018 13:00,3.025000095,3.025000095,4.290999889
2/10/2018 14:00,3.938999891,3.938999891,6.261000156
2/10/2018 15:00,3.236000061,3.236000061,3.938999891
2/10/2018 16:00,3.727999926,3.727999926,1.758999944
2/10/2018 17:00,4.150000095,4.150000095,1.758999944
2/10/2018 18:00,4.221000195,4.221000195,1.758999944
2/10/2018 19:00,3.727999926,3.727999926,1.758999944
2/10/2018 20:00,3.799000025,3.799000025,1.758999944
2/10/2018 21:00,3.868999958,3.868999958,1.758999944
2/10/2018 22:00,3.095000029,3.095000029,1.758999944
2/10/2018 23:00,1.337000012,1.337000012,1.758999944
2/11/2018 0:00,2.532000065,2.532000065,2.743999958
2/11/2018 1:00,3.095000029,3.095000029,3.025000095
2/11/2018 2:00,4.290999889,4.290999889,3.025000095
2/11/2018 3:00,3.938999891,3.938999891,3.236000061
2/11/2018 4:00,3.868999958,3.868999958,2.884000063
2/11/2018 5:00,3.657999992,3.657999992,2.743999958
2/11/2018 6:00,2.673000097,2.673000097,2.461999893
2/11/2018 7:00,3.095000029,3.095000029,2.039999962
2/11/2018 8:00,4.079999924,4.079999924,2.39199996
2/11/2018 9:00,3.377000093,3.377000093,3.165999889
2/11/2018 10:00,2.813999891,2.813999891,3.799000025
2/11/2018 11:00,3.377000093,3.377000093,4.712999821
2/11/2018 12:00,2.954999924,2.954999924,4.290999889
2/11/2018 13:00,2.743999958,2.743999958,4.290999889
2/11/2018 14:00,3.447000027,3.447000027,6.261000156
2/11/2018 15:00,3.095000029,3.095000029,3.938999891
2/11/2018 16:00,3.095000029,3.095000029,1.758999944
2/11/2018 17:00,2.461999893,2.461999893,1.758999944
2/11/2018 18:00,1.970000029,1.970000029,1.758999944
2/11/2018 19:00,3.095000029,3.095000029,1.758999944
2/11/2018 20:00,1.899000049,1.899000049,1.758999944
2/11/2018 21:00,2.743999958,2.743999958,1.758999944
2/11/2018 22:00,3.657999992,3.657999992,1.758999944
2/11/2018 23:00,3.165999889,3.165999889,1.758999944
2/12/2018 0:00,3.095000029,3.095000029,2.743999958
2/12/2018 1:00,3.095000029,3.095000029,3.025000095
2/12/2018 2:00,2.743999958,2.743999958,3.025000095
2/12/2018 3:00,2.743999958,2.743999958,3.236000061
2/12/2018 4:00,2.884000063,2.884000063,2.884000063
2/12/2018 5:00,2.884000063,2.884000063,2.743999958
2/12/2018 6:00,2.673000097,2.673000097,2.461999893
2/12/2018 7:00,2.532000065,2.532000065,2.039999962
2/12/2018 8:00,1.618000031,1.618000031,2.39199996
2/12/2018 9:00,1.758999944,1.758999944,3.165999889
2/12/2018 10:00,1.054999948,1.054999948,3.799000025
2/12/2018 11:00,1.618000031,1.618000031,4.712999821
2/12/2018 12:00,1.337000012,1.337000012,4.290999889
2/12/2018 13:00,1.899000049,1.899000049,4.290999889
2/12/2018 14:00,3.236000061,3.236000061,6.261000156
2/12/2018 15:00,2.602999926,2.602999926,3.938999891
2/12/2018 16:00,2.532000065,2.532000065,1.758999944
2/12/2018 17:00,2.180999994,2.180999994,1.758999944
2/12/2018 18:00,2.532000065,2.532000065,1.758999944
2/12/2018 19:00,3.095000029,3.095000029,1.758999944
2/12/2018 20:00,3.51699996,3.51699996,1.758999944
2/12/2018 21:00,3.799000025,3.799000025,1.758999944
2/12/2018 22:00,3.799000025,3.799000025,1.758999944
2/12/2018 23:00,4.150000095,4.150000095,1.758999944
2/13/2018 0:00,4.290999889,4.290999889,2.743999958
2/13/2018 1:00,4.290999889,4.290999889,3.025000095
2/13/2018 2:00,4.079999924,4.079999924,3.025000095
2/13/2018 3:00,3.305999994,3.305999994,3.236000061
2/13/2018 4:00,3.799000025,3.799000025,2.884000063
2/13/2018 5:00,3.447000027,3.447000027,2.743999958
2/13/2018 6:00,3.588000059,3.588000059,2.461999893
2/13/2018 7:00,3.305999994,3.305999994,2.039999962
2/13/2018 8:00,3.588000059,3.588000059,2.39199996
2/13/2018 9:00,4.079999924,4.079999924,3.165999889
2/13/2018 10:00,4.923999786,4.923999786,3.799000025
2/13/2018 11:00,5.697999954,5.697999954,4.712999821
2/13/2018 12:00,4.994999886,4.994999886,4.290999889
2/13/2018 13:00,4.994999886,4.994999886,4.290999889
2/13/2018 14:00,5.768000126,5.768000126,6.261000156
2/13/2018 15:00,6.190999985,6.190999985,3.938999891
2/13/2018 16:00,6.330999851,6.330999851,1.758999944
2/13/2018 17:00,6.050000191,6.050000191,1.758999944
2/13/2018 18:00,6.612999916,6.612999916,1.758999944
2/13/2018 19:00,6.050000191,6.050000191,1.758999944
2/13/2018 20:00,5.697999954,5.697999954,1.758999944
2/13/2018 21:00,6.119999886,6.119999886,1.758999944
2/13/2018 22:00,6.050000191,6.050000191,1.758999944
2/13/2018 23:00,6.472000122,6.472000122,1.758999944
2/14/2018 0:00,6.40199995,6.40199995,2.743999958
2/14/2018 1:00,6.472000122,6.472000122,3.025000095
2/14/2018 2:00,5.55700016,5.55700016,3.025000095
2/14/2018 3:00,6.40199995,6.40199995,3.236000061
2/14/2018 4:00,6.261000156,6.261000156,2.884000063
2/14/2018 5:00,5.55700016,5.55700016,2.743999958
2/14/2018 6:00,5.627999783,5.627999783,2.461999893
2/14/2018 7:00,4.923999786,4.923999786,2.039999962
2/14/2018 8:00,5.90899992,5.90899992,2.39199996
2/14/2018 9:00,6.472000122,6.472000122,3.165999889
2/14/2018 10:00,6.752999783,6.752999783,3.799000025
2/14/2018 11:00,6.964000225,6.964000225,4.712999821
2/14/2018 12:00,6.752999783,6.752999783,4.290999889
2/14/2018 13:00,7.668000221,7.668000221,4.290999889
2/14/2018 14:00,7.386000156,7.386000156,6.261000156
2/14/2018 15:00,7.456999779,7.456999779,3.938999891
2/14/2018 16:00,7.456999779,7.456999779,1.758999944
2/14/2018 17:00,7.456999779,7.456999779,1.758999944
2/14/2018 18:00,6.40199995,6.40199995,1.758999944
2/14/2018 19:00,7.105000019,7.105000019,1.758999944
2/14/2018 20:00,7.315999985,7.315999985,1.758999944
2/14/2018 21:00,7.315999985,7.315999985,1.758999944
2/14/2018 22:00,7.175000191,7.175000191,1.758999944
2/14/2018 23:00,6.683000088,6.683000088,1.758999944
2/15/2018 0:00,7.386000156,7.386000156,2.743999958
2/15/2018 1:00,5.90899992,5.90899992,3.025000095
2/15/2018 2:00,3.799000025,3.799000025,3.025000095
2/15/2018 3:00,3.727999926,3.727999926,3.236000061
2/15/2018 4:00,3.236000061,3.236000061,2.884000063
2/15/2018 5:00,3.588000059,3.588000059,2.743999958
2/15/2018 6:00,3.447000027,3.447000027,2.461999893
2/15/2018 7:00,3.236000061,3.236000061,2.039999962
2/15/2018 8:00,2.884000063,2.884000063,2.39199996
2/15/2018 9:00,2.884000063,2.884000063,3.165999889
2/15/2018 10:00,2.884000063,2.884000063,3.799000025
2/15/2018 11:00,2.813999891,2.813999891,4.712999821
2/15/2018 12:00,2.813999891,2.813999891,4.290999889
2/15/2018 13:00,3.095000029,3.095000029,4.290999889
2/15/2018 14:00,3.095000029,3.095000029,6.261000156
2/15/2018 15:00,3.165999889,3.165999889,3.938999891
2/15/2018 16:00,3.657999992,3.657999992,1.758999944
2/15/2018 17:00,3.236000061,3.236000061,1.758999944
2/15/2018 18:00,2.602999926,2.602999926,1.758999944
2/15/2018 19:00,2.532000065,2.532000065,1.758999944
2/15/2018 20:00,3.025000095,3.025000095,1.758999944
2/15/2018 21:00,3.236000061,3.236000061,1.758999944
2/15/2018 22:00,3.447000027,3.447000027,1.758999944
2/15/2018 23:00,3.305999994,3.305999994,1.758999944
2/16/2018 0:00,3.025000095,3.025000095,2.743999958
2/16/2018 1:00,3.447000027,3.447000027,3.025000095
2/16/2018 2:00,3.305999994,3.305999994,3.025000095
2/16/2018 3:00,3.657999992,3.657999992,3.236000061
2/16/2018 4:00,3.447000027,3.447000027,2.884000063
2/16/2018 5:00,3.305999994,3.305999994,2.743999958
2/16/2018 6:00,3.799000025,3.799000025,2.461999893
2/16/2018 7:00,4.150000095,4.150000095,2.039999962
2/16/2018 8:00,3.095000029,3.095000029,2.39199996
2/16/2018 9:00,3.51699996,3.51699996,3.165999889
2/16/2018 10:00,3.377000093,3.377000093,3.799000025
2/16/2018 11:00,4.43200016,4.43200016,4.712999821
2/16/2018 12:00,5.135000229,5.135000229,4.290999889
2/16/2018 13:00,5.416999817,5.416999817,4.290999889
2/16/2018 14:00,5.697999954,5.697999954,6.261000156
2/16/2018 15:00,5.697999954,5.697999954,3.938999891
2/16/2018 16:00,5.55700016,5.55700016,1.758999944
2/16/2018 17:00,5.205999851,5.205999851,1.758999944
2/16/2018 18:00,5.416999817,5.416999817,1.758999944
2/16/2018 19:00,5.135000229,5.135000229,1.758999944
2/16/2018 20:00,4.923999786,4.923999786,1.758999944
2/16/2018 21:00,4.994999886,4.994999886,1.758999944
2/16/2018 22:00,4.923999786,4.923999786,1.758999944
2/16/2018 23:00,5.135000229,5.135000229,1.758999944
2/17/2018 0:00,4.572999954,4.572999954,2.743999958
2/17/2018 1:00,4.010000229,4.010000229,3.025000095
2/17/2018 2:00,4.150000095,4.150000095,3.025000095
2/17/2018 3:00,4.994999886,4.994999886,3.236000061
2/17/2018 4:00,4.361999989,4.361999989,2.884000063
2/17/2018 5:00,4.221000195,4.221000195,2.743999958
2/17/2018 6:00,3.377000093,3.377000093,2.461999893
2/17/2018 7:00,2.039999962,2.039999962,2.039999962
2/17/2018 8:00,2.250999928,2.250999928,2.39199996
2/17/2018 9:00,1.828999996,1.828999996,3.165999889
2/17/2018 10:00,2.180999994,2.180999994,3.799000025
2/17/2018 11:00,2.954999924,2.954999924,4.712999821
2/17/2018 12:00,2.884000063,2.884000063,4.290999889
2/17/2018 13:00,3.377000093,3.377000093,4.290999889
2/17/2018 14:00,4.290999889,4.290999889,6.261000156
2/17/2018 15:00,4.221000195,4.221000195,3.938999891
2/17/2018 16:00,4.150000095,4.150000095,1.758999944
2/17/2018 17:00,3.236000061,3.236000061,1.758999944
2/17/2018 18:00,2.743999958,2.743999958,1.758999944
2/17/2018 19:00,2.602999926,2.602999926,1.758999944
2/17/2018 20:00,2.602999926,2.602999926,1.758999944
2/17/2018 21:00,2.532000065,2.532000065,1.758999944
2/17/2018 22:00,2.461999893,2.461999893,1.758999944
2/17/2018 23:00,2.39199996,2.39199996,1.758999944
2/18/2018 0:00,2.109999895,2.109999895,2.743999958
2/18/2018 1:00,2.180999994,2.180999994,3.025000095
2/18/2018 2:00,2.250999928,2.250999928,3.025000095
2/18/2018 3:00,2.532000065,2.532000065,3.236000061
2/18/2018 4:00,3.095000029,3.095000029,2.884000063
2/18/2018 5:00,3.799000025,3.799000025,2.743999958
2/18/2018 6:00,2.250999928,2.250999928,2.461999893
2/18/2018 7:00,4.150000095,4.150000095,2.039999962
2/18/2018 8:00,4.290999889,4.290999889,2.39199996
2/18/2018 9:00,4.854000092,4.854000092,3.165999889
2/18/2018 10:00,5.065000057,5.065000057,3.799000025
2/18/2018 11:00,4.994999886,4.994999886,4.712999821
2/18/2018 12:00,4.643000126,4.643000126,4.290999889
2/18/2018 13:00,4.501999855,4.501999855,4.290999889
2/18/2018 14:00,2.743999958,2.743999958,6.261000156
2/18/2018 15:00,2.39199996,2.39199996,3.938999891
2/18/2018 16:00,3.025000095,3.025000095,1.758999944
2/18/2018 17:00,1.547999978,1.547999978,1.758999944
2/18/2018 18:00,2.039999962,2.039999962,1.758999944
2/18/2018 19:00,2.673000097,2.673000097,1.758999944
2/18/2018 20:00,2.602999926,2.602999926,1.758999944
2/18/2018 21:00,2.250999928,2.250999928,1.758999944
2/18/2018 22:00,2.039999962,2.039999962,1.758999944
2/18/2018 23:00,1.337000012,1.337000012,1.758999944
2/19/2018 0:00,2.039999962,2.039999962,2.743999958
2/19/2018 1:00,2.321000099,2.321000099,3.025000095
2/19/2018 2:00,2.954999924,2.954999924,3.025000095
2/19/2018 3:00,3.727999926,3.727999926,3.236000061
2/19/2018 4:00,3.236000061,3.236000061,2.884000063
2/19/2018 5:00,2.954999924,2.954999924,2.743999958
2/19/2018 6:00,3.095000029,3.095000029,2.461999893
2/19/2018 7:00,2.39199996,2.39199996,2.039999962
2/19/2018 8:00,2.39199996,2.39199996,2.39199996
2/19/2018 9:00,1.547999978,1.547999978,3.165999889
2/19/2018 10:00,0.563000023,0.563000023,3.799000025
2/19/2018 11:00,0.773999989,0.773999989,4.712999821
2/19/2018 12:00,2.39199996,2.39199996,4.290999889
2/19/2018 13:00,2.109999895,2.109999895,4.290999889
2/19/2018 14:00,2.954999924,2.954999924,6.261000156
2/19/2018 15:00,2.954999924,2.954999924,3.938999891
2/19/2018 16:00,2.884000063,2.884000063,1.758999944
2/19/2018 17:00,3.025000095,3.025000095,1.758999944
2/19/2018 18:00,3.025000095,3.025000095,1.758999944
2/19/2018 19:00,3.51699996,3.51699996,1.758999944
2/19/2018 20:00,3.305999994,3.305999994,1.758999944
2/19/2018 21:00,3.657999992,3.657999992,1.758999944
2/19/2018 22:00,3.447000027,3.447000027,1.758999944
2/19/2018 23:00,3.727999926,3.727999926,1.758999944
2/20/2018 0:00,3.799000025,3.799000025,2.743999958
2/20/2018 1:00,4.079999924,4.079999924,3.025000095
2/20/2018 2:00,3.447000027,3.447000027,3.025000095
2/20/2018 3:00,3.657999992,3.657999992,3.236000061
2/20/2018 4:00,3.236000061,3.236000061,2.884000063
2/20/2018 5:00,3.51699996,3.51699996,2.743999958
2/20/2018 6:00,2.813999891,2.813999891,2.461999893
2/20/2018 7:00,2.461999893,2.461999893,2.039999962
2/20/2018 8:00,2.673000097,2.673000097,2.39199996
2/20/2018 9:00,2.673000097,2.673000097,3.165999889
2/20/2018 10:00,1.970000029,1.970000029,3.799000025
2/20/2018 11:00,0.703000009,0.703000009,4.712999821
2/20/2018 12:00,0.0,0.0,4.290999889
2/20/2018 13:00,0.0,0.0,4.290999889
2/20/2018 14:00,0.0,0.0,6.261000156
2/20/2018 15:00,0.633000016,0.633000016,3.938999891
2/20/2018 16:00,0.0,0.0,1.758999944
2/20/2018 17:00,0.0,0.0,1.758999944
2/20/2018 18:00,0.0,0.0,1.758999944
2/20/2018 19:00,0.0,0.0,1.758999944
2/20/2018 20:00,0.0,0.0,1.758999944
2/20/2018 21:00,1.899000049,1.899000049,1.758999944
2/20/2018 22:00,2.180999994,2.180999994,1.758999944
2/20/2018 23:00,2.321000099,2.321000099,1.758999944
2/21/2018 0:00,2.532000065,2.532000065,2.743999958
2/21/2018 1:00,2.461999893,2.461999893,3.025000095
2/21/2018 2:00,2.813999891,2.813999891,3.025000095
2/21/2018 3:00,2.461999893,2.461999893,3.236000061
2/21/2018 4:00,2.602999926,2.602999926,2.884000063
2/21/2018 5:00,2.532000065,2.532000065,2.743999958
2/21/2018 6:00,2.461999893,2.461999893,2.461999893
2/21/2018 7:00,2.673000097,2.673000097,2.039999962
2/21/2018 8:00,2.813999891,2.813999891,2.39199996
2/21/2018 9:00,2.743999958,2.743999958,3.165999889
2/21/2018 10:00,2.743999958,2.743999958,3.799000025
2/21/2018 11:00,2.884000063,2.884000063,4.712999821
2/21/2018 12:00,2.602999926,2.602999926,4.290999889
2/21/2018 13:00,2.743999958,2.743999958,4.290999889
2/21/2018 14:00,2.532000065,2.532000065,6.261000156
2/21/2018 15:00,2.954999924,2.954999924,3.938999891
2/21/2018 16:00,2.884000063,2.884000063,1.758999944
2/21/2018 17:00,3.165999889,3.165999889,1.758999944
2/21/2018 18:00,3.236000061,3.236000061,1.758999944
2/21/2018 19:00,3.868999958,3.868999958,1.758999944
2/21/2018 20:00,4.221000195,4.221000195,1.758999944
2/21/2018 21:00,5.346000195,5.346000195,1.758999944
2/21/2018 22:00,5.346000195,5.346000195,1.758999944
2/21/2018 23:00,5.205999851,5.205999851,1.758999944
2/22/2018 0:00,5.205999851,5.205999851,2.743999958
2/22/2018 1:00,5.486999989,5.486999989,3.025000095
2/22/2018 2:00,5.205999851,5.205999851,3.025000095
2/22/2018 3:00,4.854000092,4.854000092,3.236000061
2/22/2018 4:00,4.923999786,4.923999786,2.884000063
2/22/2018 5:00,4.994999886,4.994999886,2.743999958
2/22/2018 6:00,4.78399992,4.78399992,2.461999893
2/22/2018 7:00,4.78399992,4.78399992,2.039999962
2/22/2018 8:00,5.205999851,5.205999851,2.39199996
2/22/2018 9:00,5.276000023,5.276000023,3.165999889
2/22/2018 10:00,4.643000126,4.643000126,3.799000025
2/22/2018 11:00,5.346000195,5.346000195,4.712999821
2/22/2018 12:00,4.923999786,4.923999786,4.290999889
2/22/2018 13:00,4.361999989,4.361999989,4.290999889
2/22/2018 14:00,5.55700016,5.55700016,6.261000156
2/22/2018 15:00,4.78399992,4.78399992,3.938999891
2/22/2018 16:00,4.43200016,4.43200016,1.758999944
2/22/2018 17:00,4.43200016,4.43200016,1.758999944
2/22/2018 18:00,5.55700016,5.55700016,1.758999944
2/22/2018 19:00,4.643000126,4.643000126,1.758999944
2/22/2018 20:00,4.854000092,4.854000092,1.758999944
2/22/2018 21:00,5.416999817,5.416999817,1.758999944
2/22/2018 22:00,5.276000023,5.276000023,1.758999944
2/22/2018 23:00,5.697999954,5.697999954,1.758999944
2/23/2018 0:00,5.697999954,5.697999954,2.743999958
2/23/2018 1:00,4.994999886,4.994999886,3.025000095
2/23/2018 2:00,4.994999886,4.994999886,3.025000095
2/23/2018 3:00,5.276000023,5.276000023,3.236000061
2/23/2018 4:00,4.501999855,4.501999855,2.884000063
2/23/2018 5:00,4.501999855,4.501999855,2.743999958
2/23/2018 6:00,4.221000195,4.221000195,2.461999893
2/23/2018 7:00,3.938999891,3.938999891,2.039999962
2/23/2018 8:00,4.854000092,4.854000092,2.39199996
2/23/2018 9:00,4.643000126,4.643000126,3.165999889
2/23/2018 10:00,5.839000225,5.839000225,3.799000025
2/23/2018 11:00,5.768000126,5.768000126,4.712999821
2/23/2018 12:00,5.627999783,5.627999783,4.290999889
2/23/2018 13:00,4.854000092,4.854000092,4.290999889
2/23/2018 14:00,8.37100029,8.37100029,6.261000156
2/23/2018 15:00,6.894000053,6.894000053,3.938999891
2/23/2018 16:00,7.386000156,7.386000156,1.758999944
2/23/2018 17:00,7.105000019,7.105000019,1.758999944
2/23/2018 18:00,7.737999916,7.737999916,1.758999944
2/23/2018 19:00,6.894000053,6.894000053,1.758999944
2/23/2018 20:00,6.119999886,6.119999886,1.758999944
2/23/2018 21:00,5.768000126,5.768000126,1.758999944
2/23/2018 22:00,5.346000195,5.346000195,1.758999944
2/23/2018 23:00,5.135000229,5.135000229,1.758999944
2/24/2018 0:00,5.486999989,5.486999989,2.743999958
2/24/2018 1:00,4.994999886,4.994999886,3.025000095
2/24/2018 2:00,5.065000057,5.065000057,3.025000095
2/24/2018 3:00,4.923999786,4.923999786,3.236000061
2/24/2018 4:00,4.854000092,4.854000092,2.884000063
2/24/2018 5:00,4.854000092,4.854000092,2.743999958
2/24/2018 6:00,5.416999817,5.416999817,2.461999893
2/24/2018 7:00,4.361999989,4.361999989,2.039999962
2/24/2018 8:00,5.135000229,5.135000229,2.39199996
2/24/2018 9:00,5.346000195,5.346000195,3.165999889
2/24/2018 10:00,6.330999851,6.330999851,3.799000025
2/24/2018 11:00,5.205999851,5.205999851,4.712999821
2/24/2018 12:00,4.572999954,4.572999954,4.290999889
2/24/2018 13:00,4.361999989,4.361999989,4.290999889
2/24/2018 14:00,4.994999886,4.994999886,6.261000156
2/24/2018 15:00,4.994999886,4.994999886,3.938999891
2/24/2018 16:00,4.43200016,4.43200016,1.758999944
2/24/2018 17:00,4.78399992,4.78399992,1.758999944
2/24/2018 18:00,5.979000092,5.979000092,1.758999944
2/24/2018 19:00,5.768000126,5.768000126,1.758999944
2/24/2018 20:00,5.627999783,5.627999783,1.758999944
2/24/2018 21:00,5.486999989,5.486999989,1.758999944
2/24/2018 22:00,4.361999989,4.361999989,1.758999944
2/24/2018 23:00,4.643000126,4.643000126,1.758999944
2/25/2018 0:00,3.868999958,3.868999958,2.743999958
2/25/2018 1:00,3.868999958,3.868999958,3.025000095
2/25/2018 2:00,3.305999994,3.305999994,3.025000095
2/25/2018 3:00,3.447000027,3.447000027,3.236000061
2/25/2018 4:00,3.305999994,3.305999994,2.884000063
2/25/2018 5:00,2.743999958,2.743999958,2.743999958
2/25/2018 6:00,3.165999889,3.165999889,2.461999893
2/25/2018 7:00,4.079999924,4.079999924,2.039999962
2/25/2018 8:00,3.657999992,3.657999992,2.39199996
2/25/2018 9:00,2.813999891,2.813999891,3.165999889
2/25/2018 10:00,3.305999994,3.305999994,3.799000025
2/25/2018 11:00,4.43200016,4.43200016,4.712999821
2/25/2018 12:00,5.205999851,5.205999851,4.290999889
2/25/2018 13:00,4.994999886,4.994999886,4.290999889
2/25/2018 14:00,5.276000023,5.276000023,6.261000156
2/25/2018 15:00,5.205999851,5.205999851,3.938999891
2/25/2018 16:00,4.854000092,4.854000092,1.758999944
2/25/2018 17:00,5.55700016,5.55700016,1.758999944
2/25/2018 18:00,5.979000092,5.979000092,1.758999944
2/25/2018 19:00,4.994999886,4.994999886,1.758999944
2/25/2018 20:00,5.346000195,5.346000195,1.758999944
2/25/2018 21:00,5.205999851,5.205999851,1.758999944
2/25/2018 22:00,5.135000229,5.135000229,1.758999944
2/25/2018 23:00,4.923999786,4.923999786,1.758999944
2/26/2018 0:00,5.135000229,5.135000229,2.743999958
2/26/2018 1:00,4.643000126,4.643000126,3.025000095
2/26/2018 2:00,4.501999855,4.501999855,3.025000095
2/26/2018 3:00,4.572999954,4.572999954,3.236000061
2/26/2018 4:00,4.643000126,4.643000126,2.884000063
2/26/2018 5:00,4.501999855,4.501999855,2.743999958
2/26/2018 6:00,4.150000095,4.150000095,2.461999893
2/26/2018 7:00,4.572999954,4.572999954,2.039999962
2/26/2018 8:00,4.712999821,4.712999821,2.39199996
2/26/2018 9:00,5.346000195,5.346000195,3.165999889
2/26/2018 10:00,6.190999985,6.190999985,3.799000025
2/26/2018 11:00,6.330999851,6.330999851,4.712999821
2/26/2018 12:00,5.979000092,5.979000092,4.290999889
2/26/2018 13:00,6.752999783,6.752999783,4.290999889
2/26/2018 14:00,7.809000015,7.809000015,6.261000156
2/26/2018 15:00,8.159999847,8.159999847,3.938999891
2/26/2018 16:00,8.230999947,8.230999947,1.758999944
2/26/2018 17:00,8.37100029,8.37100029,1.758999944
2/26/2018 18:00,8.159999847,8.159999847,1.758999944
2/26/2018 19:00,7.315999985,7.315999985,1.758999944
2/26/2018 20:00,6.40199995,6.40199995,1.758999944
2/26/2018 21:00,6.119999886,6.119999886,1.758999944
2/26/2018 22:00,5.768000126,5.768000126,1.758999944
2/26/2018 23:00,5.839000225,5.839000225,1.758999944
2/27/2018 0:00,5.697999954,5.697999954,2.743999958
2/27/2018 1:00,5.416999817,5.416999817,3.025000095
2/27/2018 2:00,5.768000126,5.768000126,3.025000095
2/27/2018 3:00,5.346000195,5.346000195,3.236000061
2/27/2018 4:00,5.627999783,5.627999783,2.884000063
2/27/2018 5:00,4.994999886,4.994999886,2.743999958
2/27/2018 6:00,5.205999851,5.205999851,2.461999893
2/27/2018 7:00,5.135000229,5.135000229,2.039999962
2/27/2018 8:00,5.55700016,5.55700016,2.39199996
2/27/2018 9:00,5.135000229,5.135000229,3.165999889
2/27/2018 10:00,5.346000195,5.346000195,3.799000025
2/27/2018 11:00,5.346000195,5.346000195,4.712999821
2/27/2018 12:00,6.330999851,6.330999851,4.290999889
2/27/2018 13:00,7.456999779,7.456999779,4.290999889
2/27/2018 14:00,7.245999813,7.245999813,6.261000156
2/27/2018 15:00,7.315999985,7.315999985,3.938999891
2/27/2018 16:00,7.668000221,7.668000221,1.758999944
2/27/2018 17:00,7.315999985,7.315999985,1.758999944
2/27/2018 18:00,5.697999954,5.697999954,1.758999944
2/27/2018 19:00,4.854000092,4.854000092,1.758999944
2/27/2018 20:00,3.165999889,3.165999889,1.758999944
2/27/2018 21:00,1.828999996,1.828999996,1.758999944
2/27/2018 22:00,1.476999998,1.476999998,1.758999944
2/27/2018 23:00,2.39199996,2.39199996,1.758999944
2/28/2018 0:00,2.39199996,2.39199996,2.743999958
2/28/2018 1:00,2.884000063,2.884000063,3.025000095
2/28/2018 2:00,3.588000059,3.588000059,3.025000095
2/28/2018 3:00,3.377000093,3.377000093,3.236000061
2/28/2018 4:00,2.743999958,2.743999958,2.884000063
2/28/2018 5:00,3.165999889,3.165999889,2.743999958
2/28/2018 6:00,3.095000029,3.095000029,2.461999893
2/28/2018 7:00,3.025000095,3.025000095,2.039999962
2/28/2018 8:00,2.109999895,2.109999895,2.39199996
2/28/2018 9:00,1.266000032,1.266000032,3.165999889
2/28/2018 10:00,2.039999962,2.039999962,3.799000025
2/28/2018 11:00,1.970000029,1.970000029,4.712999821
2/28/2018 12:00,2.743999958,2.743999958,4.290999889
2/28/2018 13:00,3.025000095,3.025000095,4.290999889
2/28/2018 14:00,3.025000095,3.025000095,6.261000156
2/28/2018 15:00,3.868999958,3.868999958,3.938999891
2/28/2018 16:00,4.501999855,4.501999855,1.758999944
2/28/2018 17:00,5.205999851,5.205999851,1.758999944
2/28/2018 18:00,5.839000225,5.839000225,1.758999944
2/28/2018 19:00,5.768000126,5.768000126,1.758999944
2/28/2018 20:00,5.276000023,5.276000023,1.758999944
2/28/2018 21:00,4.994999886,4.994999886,1.758999944
2/28/2018 22:00,5.697999954,5.697999954,1.758999944
2/28/2018 23:00,5.979000092,5.979000092,1.758999944
3/1/2018 0:00,5.486999989,5.486999989,2.743999958
3/1/2018 1:00,5.346000195,5.346000195,3.025000095
3/1/2018 2:00,5.627999783,5.627999783,3.025000095
3/1/2018 3:00,5.768000126,5.768000126,3.236000061
3/1/2018 4:00,4.923999786,4.923999786,2.884000063
3/1/2018 5:00,5.697999954,5.697999954,2.743999958
3/1/2018 6:00,5.839000225,5.839000225,2.461999893
3/1/2018 7:00,4.150000095,4.150000095,2.039999962
3/1/2018 8:00,4.361999989,4.361999989,2.39199996
3/1/2018 9:00,4.572999954,4.572999954,3.165999889
3/1/2018 10:00,4.43200016,4.43200016,3.799000025
3/1/2018 11:00,4.572999954,4.572999954,4.712999821
3/1/2018 12:00,4.221000195,4.221000195,4.290999889
3/1/2018 13:00,3.51699996,3.51699996,4.290999889
3/1/2018 14:00,3.236000061,3.236000061,6.261000156
3/1/2018 15:00,3.095000029,3.095000029,3.938999891
3/1/2018 16:00,2.884000063,2.884000063,1.758999944
3/1/2018 17:00,2.602999926,2.602999926,1.758999944
3/1/2018 18:00,2.954999924,2.954999924,1.758999944
3/1/2018 19:00,2.461999893,2.461999893,1.758999944
3/1/2018 20:00,2.743999958,2.743999958,1.758999944
3/1/2018 21:00,2.109999895,2.109999895,1.758999944
3/1/2018 22:00,2.321000099,2.321000099,1.758999944
3/1/2018 23:00,2.673000097,2.673000097,1.758999944
3/2/2018 0:00,2.180999994,2.180999994,2.743999958
3/2/2018 1:00,0.0,0.0,3.025000095
3/2/2018 2:00,0.843999982,0.843999982,3.025000095
3/2/2018 3:00,-0.492000014,-0.492000014,3.236000061
3/2/2018 4:00,0.985000014,0.985000014,2.884000063
3/2/2018 5:00,2.039999962,2.039999962,2.743999958
3/2/2018 6:00,2.039999962,2.039999962,2.461999893
3/2/2018 7:00,1.687999964,1.687999964,2.039999962
3/2/2018 8:00,1.758999944,1.758999944,2.39199996
3/2/2018 9:00,1.899000049,1.899000049,3.165999889
3/2/2018 10:00,2.321000099,2.321000099,3.799000025
3/2/2018 11:00,2.321000099,2.321000099,4.712999821
3/2/2018 12:00,2.884000063,2.884000063,4.290999889
3/2/2018 13:00,3.165999889,3.165999889,4.290999889
3/2/2018 14:00,3.165999889,3.165999889,6.261000156
3/2/2018 15:00,3.236000061,3.236000061,3.938999891
3/2/2018 16:00,3.727999926,3.727999926,1.758999944
3/2/2018 17:00,3.657999992,3.657999992,1.758999944
3/2/2018 18:00,4.150000095,4.150000095,1.758999944
3/2/2018 19:00,4.361999989,4.361999989,1.758999944
3/2/2018 20:00,4.150000095,4.150000095,1.758999944
3/2/2018 21:00,4.150000095,4.150000095,1.758999944
3/2/2018 22:00,4.501999855,4.501999855,1.758999944
3/2/2018 23:00,4.079999924,4.079999924,1.758999944
3/3/2018 0:00,1.19599998,1.19599998,2.743999958
3/3/2018 1:00,1.476999998,1.476999998,3.025000095
3/3/2018 2:00,3.51699996,3.51699996,3.025000095
3/3/2018 3:00,4.923999786,4.923999786,3.236000061
3/3/2018 4:00,5.065000057,5.065000057,2.884000063
3/3/2018 5:00,4.994999886,4.994999886,2.743999958
3/3/2018 6:00,4.221000195,4.221000195,2.461999893
3/3/2018 7:00,4.43200016,4.43200016,2.039999962
3/3/2018 8:00,4.643000126,4.643000126,2.39199996
3/3/2018 9:00,5.205999851,5.205999851,3.165999889
3/3/2018 10:00,5.697999954,5.697999954,3.799000025
3/3/2018 11:00,6.823999882,6.823999882,4.712999821
3/3/2018 12:00,6.964000225,6.964000225,4.290999889
3/3/2018 13:00,7.597000122,7.597000122,4.290999889
3/3/2018 14:00,8.020000458,8.020000458,6.261000156
3/3/2018 15:00,7.668000221,7.668000221,3.938999891
3/3/2018 16:00,7.52699995,7.52699995,1.758999944
3/3/2018 17:00,7.456999779,7.456999779,1.758999944
3/3/2018 18:00,6.964000225,6.964000225,1.758999944
3/3/2018 19:00,6.330999851,6.330999851,1.758999944
3/3/2018 20:00,6.330999851,6.330999851,1.758999944
3/3/2018 21:00,6.190999985,6.190999985,1.758999944
3/3/2018 22:00,5.768000126,5.768000126,1.758999944
3/3/2018 23:00,5.486999989,5.486999989,1.758999944
3/4/2018 0:00,5.90899992,5.90899992,2.743999958
3/4/2018 1:00,5.768000126,5.768000126,3.025000095
3/4/2018 2:00,5.065000057,5.065000057,3.025000095
3/4/2018 3:00,5.135000229,5.135000229,3.236000061
3/4/2018 4:00,5.135000229,5.135000229,2.884000063
3/4/2018 5:00,5.065000057,5.065000057,2.743999958
3/4/2018 6:00,4.78399992,4.78399992,2.461999893
3/4/2018 7:00,5.065000057,5.065000057,2.039999962
3/4/2018 8:00,5.627999783,5.627999783,2.39199996
3/4/2018 9:00,6.472000122,6.472000122,3.165999889
3/4/2018 10:00,8.090000153,8.090000153,3.799000025
3/4/2018 11:00,9.145000458,9.145000458,4.712999821
3/4/2018 12:00,9.708000183,9.708000183,4.290999889
3/4/2018 13:00,9.496999741,9.496999741,4.290999889
3/4/2018 14:00,8.722999573,8.722999573,6.261000156
3/4/2018 15:00,7.879000187,7.879000187,3.938999891
3/4/2018 16:00,7.456999779,7.456999779,1.758999944
3/4/2018 17:00,6.612999916,6.612999916,1.758999944
3/4/2018 18:00,5.205999851,5.205999851,1.758999944
3/4/2018 19:00,4.501999855,4.501999855,1.758999944
3/4/2018 20:00,1.547999978,1.547999978,1.758999944
3/4/2018 21:00,0.0,0.0,1.758999944
3/4/2018 22:00,3.588000059,3.588000059,1.758999944
3/4/2018 23:00,1.337000012,1.337000012,1.758999944
3/5/2018 0:00,0.773999989,0.773999989,2.743999958
3/5/2018 1:00,0.0,0.0,3.025000095
3/5/2018 2:00,1.970000029,1.970000029,3.025000095
3/5/2018 3:00,2.250999928,2.250999928,3.236000061
3/5/2018 4:00,1.406999946,1.406999946,2.884000063
3/5/2018 5:00,1.337000012,1.337000012,2.743999958
3/5/2018 6:00,2.321000099,2.321000099,2.461999893
3/5/2018 7:00,2.532000065,2.532000065,2.039999962
3/5/2018 8:00,1.899000049,1.899000049,2.39199996
3/5/2018 9:00,1.970000029,1.970000029,3.165999889
3/5/2018 10:00,2.884000063,2.884000063,3.799000025
3/5/2018 11:00,3.588000059,3.588000059,4.712999821
3/5/2018 12:00,3.727999926,3.727999926,4.290999889
3/5/2018 13:00,3.938999891,3.938999891,4.290999889
3/5/2018 14:00,5.205999851,5.205999851,6.261000156
3/5/2018 15:00,4.854000092,4.854000092,3.938999891
3/5/2018 16:00,4.501999855,4.501999855,1.758999944
3/5/2018 17:00,4.290999889,4.290999889,1.758999944
3/5/2018 18:00,4.923999786,4.923999786,1.758999944
3/5/2018 19:00,4.712999821,4.712999821,1.758999944
3/5/2018 20:00,3.588000059,3.588000059,1.758999944
3/5/2018 21:00,3.377000093,3.377000093,1.758999944
3/5/2018 22:00,3.305999994,3.305999994,1.758999944
3/5/2018 23:00,3.025000095,3.025000095,1.758999944
3/6/2018 0:00,3.025000095,3.025000095,2.743999958
3/6/2018 1:00,2.673000097,2.673000097,3.025000095
3/6/2018 2:00,2.39199996,2.39199996,3.025000095
3/6/2018 3:00,1.899000049,1.899000049,3.236000061
3/6/2018 4:00,2.109999895,2.109999895,2.884000063
3/6/2018 5:00,1.970000029,1.970000029,2.743999958
3/6/2018 6:00,2.461999893,2.461999893,2.461999893
3/6/2018 7:00,1.970000029,1.970000029,2.039999962
3/6/2018 8:00,1.406999946,1.406999946,2.39199996
3/6/2018 9:00,1.406999946,1.406999946,3.165999889
3/6/2018 10:00,2.180999994,2.180999994,3.799000025
3/6/2018 11:00,1.828999996,1.828999996,4.712999821
3/6/2018 12:00,2.250999928,2.250999928,4.290999889
3/6/2018 13:00,2.321000099,2.321000099,4.290999889
3/6/2018 14:00,2.532000065,2.532000065,6.261000156
3/6/2018 15:00,3.025000095,3.025000095,3.938999891
3/6/2018 16:00,2.954999924,2.954999924,1.758999944
3/6/2018 17:00,2.884000063,2.884000063,1.758999944
3/6/2018 18:00,2.813999891,2.813999891,1.758999944
3/6/2018 19:00,2.109999895,2.109999895,1.758999944
3/6/2018 20:00,1.828999996,1.828999996,1.758999944
3/6/2018 21:00,1.476999998,1.476999998,1.758999944
3/6/2018 22:00,1.758999944,1.758999944,1.758999944
3/6/2018 23:00,1.828999996,1.828999996,1.758999944
3/7/2018 0:00,1.970000029,1.970000029,2.743999958
3/7/2018 1:00,1.899000049,1.899000049,3.025000095
3/7/2018 2:00,0.773999989,0.773999989,3.025000095
3/7/2018 3:00,-0.843999982,-0.843999982,3.236000061
3/7/2018 4:00,-0.633000016,-0.633000016,2.884000063
3/7/2018 5:00,-0.915000021,-0.915000021,2.743999958
3/7/2018 6:00,0.0,0.0,2.461999893
3/7/2018 7:00,-0.492000014,-0.492000014,2.039999962
3/7/2018 8:00,-0.773999989,-0.773999989,2.39199996
3/7/2018 9:00,-0.563000023,-0.563000023,3.165999889
3/7/2018 10:00,0.0,0.0,3.799000025
3/7/2018 11:00,1.19599998,1.19599998,4.712999821
3/7/2018 12:00,0.0,0.0,4.290999889
3/7/2018 13:00,0.633000016,0.633000016,4.290999889
3/7/2018 14:00,1.828999996,1.828999996,6.261000156
3/7/2018 15:00,1.547999978,1.547999978,3.938999891
3/7/2018 16:00,1.828999996,1.828999996,1.758999944
3/7/2018 17:00,1.687999964,1.687999964,1.758999944
3/7/2018 18:00,2.109999895,2.109999895,1.758999944
3/7/2018 19:00,1.828999996,1.828999996,1.758999944
3/7/2018 20:00,2.180999994,2.180999994,1.758999944
3/7/2018 21:00,2.180999994,2.180999994,1.758999944
3/7/2018 22:00,2.039999962,2.039999962,1.758999944
3/7/2018 23:00,2.743999958,2.743999958,1.758999944
3/8/2018 0:00,2.673000097,2.673000097,2.743999958
3/8/2018 1:00,2.532000065,2.532000065,3.025000095
3/8/2018 2:00,2.743999958,2.743999958,3.025000095
3/8/2018 3:00,4.221000195,4.221000195,3.236000061
3/8/2018 4:00,3.799000025,3.799000025,2.884000063
3/8/2018 5:00,4.150000095,4.150000095,2.743999958
3/8/2018 6:00,2.884000063,2.884000063,2.461999893
3/8/2018 7:00,4.010000229,4.010000229,2.039999962
3/8/2018 8:00,3.377000093,3.377000093,2.39199996
3/8/2018 9:00,3.377000093,3.377000093,3.165999889
3/8/2018 10:00,3.657999992,3.657999992,3.799000025
3/8/2018 11:00,4.150000095,4.150000095,4.712999821
3/8/2018 12:00,4.501999855,4.501999855,4.290999889
3/8/2018 13:00,4.854000092,4.854000092,4.290999889
3/8/2018 14:00,5.416999817,5.416999817,6.261000156
3/8/2018 15:00,4.572999954,4.572999954,3.938999891
3/8/2018 16:00,4.572999954,4.572999954,1.758999944
3/8/2018 17:00,4.501999855,4.501999855,1.758999944
3/8/2018 18:00,4.712999821,4.712999821,1.758999944
3/8/2018 19:00,4.712999821,4.712999821,1.758999944
3/8/2018 20:00,4.712999821,4.712999821,1.758999944
3/8/2018 21:00,5.065000057,5.065000057,1.758999944
3/8/2018 22:00,4.712999821,4.712999821,1.758999944
3/8/2018 23:00,4.643000126,4.643000126,1.758999944
3/9/2018 0:00,4.501999855,4.501999855,2.743999958
3/9/2018 1:00,5.205999851,5.205999851,3.025000095
3/9/2018 2:00,4.923999786,4.923999786,3.025000095
3/9/2018 3:00,5.276000023,5.276000023,3.236000061
3/9/2018 4:00,4.150000095,4.150000095,2.884000063
3/9/2018 5:00,4.150000095,4.150000095,2.743999958
3/9/2018 6:00,3.799000025,3.799000025,2.461999893
3/9/2018 7:00,4.010000229,4.010000229,2.039999962
3/9/2018 8:00,4.643000126,4.643000126,2.39199996
3/9/2018 9:00,4.079999924,4.079999924,3.165999889
3/9/2018 10:00,5.697999954,5.697999954,3.799000025
3/9/2018 11:00,5.697999954,5.697999954,4.712999821
3/9/2018 12:00,5.205999851,5.205999851,4.290999889
3/9/2018 13:00,5.486999989,5.486999989,4.290999889
3/9/2018 14:00,6.612999916,6.612999916,6.261000156
3/9/2018 15:00,6.964000225,6.964000225,3.938999891
3/9/2018 16:00,6.964000225,6.964000225,1.758999944
3/9/2018 17:00,7.034999847,7.034999847,1.758999944
3/9/2018 18:00,6.612999916,6.612999916,1.758999944
3/9/2018 19:00,5.697999954,5.697999954,1.758999944
3/9/2018 20:00,5.486999989,5.486999989,1.758999944
3/9/2018 21:00,5.135000229,5.135000229,1.758999944
3/9/2018 22:00,5.346000195,5.346000195,1.758999944
3/9/2018 23:00,4.78399992,4.78399992,1.758999944
3/10/2018 0:00,4.854000092,4.854000092,2.743999958
3/10/2018 1:00,5.065000057,5.065000057,3.025000095
3/10/2018 2:00,4.643000126,4.643000126,3.025000095
3/10/2018 3:00,4.78399992,4.78399992,3.236000061
3/10/2018 4:00,4.643000126,4.643000126,2.884000063
3/10/2018 5:00,4.501999855,4.501999855,2.743999958
3/10/2018 6:00,4.43200016,4.43200016,2.461999893
3/10/2018 7:00,4.572999954,4.572999954,2.039999962
3/10/2018 8:00,5.276000023,5.276000023,2.39199996
3/10/2018 9:00,5.55700016,5.55700016,3.165999889
3/10/2018 10:00,6.964000225,6.964000225,3.799000025
3/10/2018 11:00,6.472000122,6.472000122,4.712999821
3/10/2018 12:00,6.541999817,6.541999817,4.290999889
3/10/2018 13:00,7.245999813,7.245999813,4.290999889
3/10/2018 14:00,9.355999947,9.355999947,6.261000156
3/10/2018 15:00,8.512000084,8.512000084,3.938999891
3/10/2018 16:00,9.355999947,9.355999947,1.758999944
3/10/2018 17:00,9.708000183,9.708000183,1.758999944
3/10/2018 18:00,8.86400032,8.86400032,1.758999944
3/10/2018 19:00,8.020000458,8.020000458,1.758999944
3/10/2018 20:00,7.034999847,7.034999847,1.758999944
3/10/2018 21:00,6.823999882,6.823999882,1.758999944
3/10/2018 22:00,6.612999916,6.612999916,1.758999944
3/10/2018 23:00,6.40199995,6.40199995,1.758999944
3/11/2018 0:00,6.683000088,6.683000088,2.743999958
3/11/2018 1:00,6.823999882,6.823999882,3.025000095
3/11/2018 2:00,6.894000053,6.894000053,3.025000095
3/11/2018 3:00,6.894000053,6.894000053,3.236000061
3/11/2018 4:00,6.330999851,6.330999851,2.884000063
3/11/2018 5:00,6.330999851,6.330999851,2.743999958
3/11/2018 6:00,6.612999916,6.612999916,2.461999893
3/11/2018 7:00,5.627999783,5.627999783,2.039999962
3/11/2018 8:00,5.839000225,5.839000225,2.39199996
3/11/2018 9:00,5.697999954,5.697999954,3.165999889
3/11/2018 10:00,7.034999847,7.034999847,3.799000025
3/11/2018 11:00,6.683000088,6.683000088,4.712999821
3/11/2018 12:00,7.737999916,7.737999916,4.290999889
3/11/2018 13:00,8.300999641,8.300999641,4.290999889
3/11/2018 14:00,10.3409996,10.3409996,6.261000156
3/11/2018 15:00,9.918999672,9.918999672,3.938999891
3/11/2018 16:00,9.708000183,9.708000183,1.758999944
3/11/2018 17:00,9.708000183,9.708000183,1.758999944
3/11/2018 18:00,8.934000015,8.934000015,1.758999944
3/11/2018 19:00,8.512000084,8.512000084,1.758999944
3/11/2018 20:00,8.37100029,8.37100029,1.758999944
3/11/2018 21:00,7.879000187,7.879000187,1.758999944
3/11/2018 22:00,7.52699995,7.52699995,1.758999944
3/11/2018 23:00,7.668000221,7.668000221,1.758999944
3/12/2018 0:00,8.020000458,8.020000458,2.743999958
3/12/2018 1:00,7.948999882,7.948999882,3.025000095
3/12/2018 2:00,7.597000122,7.597000122,3.025000095
3/12/2018 3:00,7.668000221,7.668000221,3.236000061
3/12/2018 4:00,7.948999882,7.948999882,2.884000063
3/12/2018 5:00,8.159999847,8.159999847,2.743999958
3/12/2018 6:00,7.668000221,7.668000221,2.461999893
3/12/2018 7:00,7.456999779,7.456999779,2.039999962
3/12/2018 8:00,8.020000458,8.020000458,2.39199996
3/12/2018 9:00,8.300999641,8.300999641,3.165999889
3/12/2018 10:00,8.86400032,8.86400032,3.799000025
3/12/2018 11:00,8.722999573,8.722999573,4.712999821
3/12/2018 12:00,9.00399971,9.00399971,4.290999889
3/12/2018 13:00,9.355999947,9.355999947,4.290999889
3/12/2018 14:00,10.55200005,10.55200005,6.261000156
3/12/2018 15:00,10.13000011,10.13000011,3.938999891
3/12/2018 16:00,10.48200035,10.48200035,1.758999944
3/12/2018 17:00,11.18500042,11.18500042,1.758999944
3/12/2018 18:00,10.97399998,10.97399998,1.758999944
3/12/2018 19:00,9.918999672,9.918999672,1.758999944
3/12/2018 20:00,9.848999977,9.848999977,1.758999944
3/12/2018 21:00,9.425999641,9.425999641,1.758999944
3/12/2018 22:00,9.286000252,9.286000252,1.758999944
3/12/2018 23:00,9.215000153,9.215000153,1.758999944
3/13/2018 0:00,9.00399971,9.00399971,2.743999958
3/13/2018 1:00,8.722999573,8.722999573,3.025000095
3/13/2018 2:00,8.86400032,8.86400032,3.025000095
3/13/2018 3:00,8.793000221,8.793000221,3.236000061
3/13/2018 4:00,8.722999573,8.722999573,2.884000063
3/13/2018 5:00,8.722999573,8.722999573,2.743999958
3/13/2018 6:00,8.581999779,8.581999779,2.461999893
3/13/2018 7:00,8.230999947,8.230999947,2.039999962
3/13/2018 8:00,8.159999847,8.159999847,2.39199996
3/13/2018 9:00,9.286000252,9.286000252,3.165999889
3/13/2018 10:00,10.97399998,10.97399998,3.799000025
3/13/2018 11:00,10.83300018,10.83300018,4.712999821
3/13/2018 12:00,10.90400028,10.90400028,4.290999889
3/13/2018 13:00,11.60700035,11.60700035,4.290999889
3/13/2018 14:00,12.6619997,12.6619997,6.261000156
3/13/2018 15:00,11.74800014,11.74800014,3.938999891
3/13/2018 16:00,11.32600021,11.32600021,1.758999944
3/13/2018 17:00,11.5369997,11.5369997,1.758999944
3/13/2018 18:00,12.31099987,12.31099987,1.758999944
3/13/2018 19:00,11.88899994,11.88899994,1.758999944
3/13/2018 20:00,11.32600021,11.32600021,1.758999944
3/13/2018 21:00,11.04399967,11.04399967,1.758999944
3/13/2018 22:00,10.90400028,10.90400028,1.758999944
3/13/2018 23:00,10.62199974,10.62199974,1.758999944
3/14/2018 0:00,10.62199974,10.62199974,2.743999958
3/14/2018 1:00,10.48200035,10.48200035,3.025000095
3/14/2018 2:00,10.69299984,10.69299984,3.025000095
3/14/2018 3:00,10.76299953,10.76299953,3.236000061
3/14/2018 4:00,10.76299953,10.76299953,2.884000063
3/14/2018 5:00,9.98900032,9.98900032,2.743999958
3/14/2018 6:00,10.62199974,10.62199974,2.461999893
3/14/2018 7:00,10.19999981,10.19999981,2.039999962
3/14/2018 8:00,10.48200035,10.48200035,2.39199996
3/14/2018 9:00,10.83300018,10.83300018,3.165999889
3/14/2018 10:00,10.76299953,10.76299953,3.799000025
3/14/2018 11:00,10.76299953,10.76299953,4.712999821
3/14/2018 12:00,10.83300018,10.83300018,4.290999889
3/14/2018 13:00,9.496999741,9.496999741,4.290999889
3/14/2018 14:00,10.62199974,10.62199974,6.261000156
3/14/2018 15:00,10.69299984,10.69299984,3.938999891
3/14/2018 16:00,10.76299953,10.76299953,1.758999944
3/14/2018 17:00,10.19999981,10.19999981,1.758999944
3/14/2018 18:00,10.48200035,10.48200035,1.758999944
3/14/2018 19:00,9.777999878,9.777999878,1.758999944
3/14/2018 20:00,9.637999535,9.637999535,1.758999944
3/14/2018 21:00,9.496999741,9.496999741,1.758999944
3/14/2018 22:00,9.567000389,9.567000389,1.758999944
3/14/2018 23:00,9.425999641,9.425999641,1.758999944
3/15/2018 0:00,9.708000183,9.708000183,2.743999958
3/15/2018 1:00,9.708000183,9.708000183,3.025000095
3/15/2018 2:00,9.567000389,9.567000389,3.025000095
3/15/2018 3:00,9.496999741,9.496999741,3.236000061
3/15/2018 4:00,9.637999535,9.637999535,2.884000063
3/15/2018 5:00,9.777999878,9.777999878,2.743999958
3/15/2018 6:00,9.918999672,9.918999672,2.461999893
3/15/2018 7:00,9.637999535,9.637999535,2.039999962
3/15/2018 8:00,10.13000011,10.13000011,2.39199996
3/15/2018 9:00,10.13000011,10.13000011,3.165999889
3/15/2018 10:00,9.918999672,9.918999672,3.799000025
3/15/2018 11:00,9.708000183,9.708000183,4.712999821
3/15/2018 12:00,10.62199974,10.62199974,4.290999889
3/15/2018 13:00,10.83300018,10.83300018,4.290999889
3/15/2018 14:00,10.90400028,10.90400028,6.261000156
3/15/2018 15:00,10.83300018,10.83300018,3.938999891
3/15/2018 16:00,11.67800045,11.67800045,1.758999944
3/15/2018 17:00,11.88899994,11.88899994,1.758999944
3/15/2018 18:00,11.60700035,11.60700035,1.758999944
3/15/2018 19:00,7.668000221,7.668000221,1.758999944
3/15/2018 20:00,2.321000099,2.321000099,1.758999944
3/15/2018 21:00,0.985000014,0.985000014,1.758999944
3/15/2018 22:00,2.884000063,2.884000063,1.758999944
3/15/2018 23:00,1.687999964,1.687999964,1.758999944
3/16/2018 0:00,2.743999958,2.743999958,2.743999958
3/16/2018 1:00,2.250999928,2.250999928,3.025000095
3/16/2018 2:00,1.828999996,1.828999996,3.025000095
3/16/2018 3:00,2.602999926,2.602999926,3.236000061
3/16/2018 4:00,3.377000093,3.377000093,2.884000063
3/16/2018 5:00,3.165999889,3.165999889,2.743999958
3/16/2018 6:00,3.305999994,3.305999994,2.461999893
3/16/2018 7:00,2.743999958,2.743999958,2.039999962
3/16/2018 8:00,1.899000049,1.899000049,2.39199996
3/16/2018 9:00,2.109999895,2.109999895,3.165999889
3/16/2018 10:00,2.109999895,2.109999895,3.799000025
3/16/2018 11:00,3.025000095,3.025000095,4.712999821
3/16/2018 12:00,3.657999992,3.657999992,4.290999889
3/16/2018 13:00,4.010000229,4.010000229,4.290999889
3/16/2018 14:00,3.799000025,3.799000025,6.261000156
3/16/2018 15:00,3.868999958,3.868999958,3.938999891
3/16/2018 16:00,4.290999889,4.290999889,1.758999944
3/16/2018 17:00,4.501999855,4.501999855,1.758999944
3/16/2018 18:00,4.78399992,4.78399992,1.758999944
3/16/2018 19:00,4.994999886,4.994999886,1.758999944
3/16/2018 20:00,5.205999851,5.205999851,1.758999944
3/16/2018 21:00,5.346000195,5.346000195,1.758999944
3/16/2018 22:00,4.923999786,4.923999786,1.758999944
3/16/2018 23:00,4.150000095,4.150000095,1.758999944
3/17/2018 0:00,3.377000093,3.377000093,2.743999958
3/17/2018 1:00,3.165999889,3.165999889,3.025000095
3/17/2018 2:00,2.743999958,2.743999958,3.025000095
3/17/2018 3:00,3.025000095,3.025000095,3.236000061
3/17/2018 4:00,2.813999891,2.813999891,2.884000063
3/17/2018 5:00,2.743999958,2.743999958,2.743999958
3/17/2018 6:00,2.743999958,2.743999958,2.461999893
3/17/2018 7:00,2.321000099,2.321000099,2.039999962
3/17/2018 8:00,2.813999891,2.813999891,2.39199996
3/17/2018 9:00,3.095000029,3.095000029,3.165999889
3/17/2018 10:00,3.868999958,3.868999958,3.799000025
3/17/2018 11:00,4.43200016,4.43200016,4.712999821
3/17/2018 12:00,5.135000229,5.135000229,4.290999889
3/17/2018 13:00,5.276000023,5.276000023,4.290999889
3/17/2018 14:00,6.119999886,6.119999886,6.261000156
3/17/2018 15:00,6.472000122,6.472000122,3.938999891
3/17/2018 16:00,6.050000191,6.050000191,1.758999944
3/17/2018 17:00,5.839000225,5.839000225,1.758999944
3/17/2018 18:00,5.768000126,5.768000126,1.758999944
3/17/2018 19:00,5.627999783,5.627999783,1.758999944
3/17/2018 20:00,5.486999989,5.486999989,1.758999944
3/17/2018 21:00,5.486999989,5.486999989,1.758999944
3/17/2018 22:00,5.276000023,5.276000023,1.758999944
3/17/2018 23:00,3.51699996,3.51699996,1.758999944
3/18/2018 0:00,4.712999821,4.712999821,2.743999958
3/18/2018 1:00,4.854000092,4.854000092,3.025000095
3/18/2018 2:00,5.55700016,5.55700016,3.025000095
3/18/2018 3:00,5.90899992,5.90899992,3.236000061
3/18/2018 4:00,4.923999786,4.923999786,2.884000063
3/18/2018 5:00,3.799000025,3.799000025,2.743999958
3/18/2018 6:00,5.839000225,5.839000225,2.461999893
3/18/2018 7:00,7.737999916,7.737999916,2.039999962
3/18/2018 8:00,8.090000153,8.090000153,2.39199996
3/18/2018 9:00,7.105000019,7.105000019,3.165999889
3/18/2018 10:00,7.597000122,7.597000122,3.799000025
3/18/2018 11:00,7.948999882,7.948999882,4.712999821
3/18/2018 12:00,6.964000225,6.964000225,4.290999889
3/18/2018 13:00,7.809000015,7.809000015,4.290999889
3/18/2018 14:00,6.261000156,6.261000156,6.261000156
3/18/2018 15:00,5.697999954,5.697999954,3.938999891
3/18/2018 16:00,5.486999989,5.486999989,1.758999944
3/18/2018 17:00,5.416999817,5.416999817,1.758999944
3/18/2018 18:00,5.979000092,5.979000092,1.758999944
3/18/2018 19:00,5.486999989,5.486999989,1.758999944
3/18/2018 20:00,4.43200016,4.43200016,1.758999944
3/18/2018 21:00,5.979000092,5.979000092,1.758999944
3/18/2018 22:00,5.979000092,5.979000092,1.758999944
3/18/2018 23:00,5.768000126,5.768000126,1.758999944
3/19/2018 0:00,5.90899992,5.90899992,2.743999958
3/19/2018 1:00,6.119999886,6.119999886,3.025000095
3/19/2018 2:00,6.752999783,6.752999783,3.025000095
3/19/2018 3:00,4.854000092,4.854000092,3.236000061
3/19/2018 4:00,4.78399992,4.78399992,2.884000063
3/19/2018 5:00,4.361999989,4.361999989,2.743999958
3/19/2018 6:00,5.839000225,5.839000225,2.461999893
3/19/2018 7:00,4.854000092,4.854000092,2.039999962
3/19/2018 8:00,4.854000092,4.854000092,2.39199996
3/19/2018 9:00,5.276000023,5.276000023,3.165999889
3/19/2018 10:00,5.55700016,5.55700016,3.799000025
3/19/2018 11:00,5.135000229,5.135000229,4.712999821
3/19/2018 12:00,6.261000156,6.261000156,4.290999889
3/19/2018 13:00,5.205999851,5.205999851,4.290999889
3/19/2018 14:00,5.346000195,5.346000195,6.261000156
3/19/2018 15:00,5.416999817,5.416999817,3.938999891
3/19/2018 16:00,5.065000057,5.065000057,1.758999944
3/19/2018 17:00,6.050000191,6.050000191,1.758999944
3/19/2018 18:00,3.165999889,3.165999889,1.758999944
3/19/2018 19:00,3.868999958,3.868999958,1.758999944
3/19/2018 20:00,4.643000126,4.643000126,1.758999944
3/19/2018 21:00,4.572999954,4.572999954,1.758999944
3/19/2018 22:00,4.643000126,4.643000126,1.758999944
3/19/2018 23:00,4.079999924,4.079999924,1.758999944
3/20/2018 0:00,3.095000029,3.095000029,2.743999958
3/20/2018 1:00,3.236000061,3.236000061,3.025000095
3/20/2018 2:00,4.010000229,4.010000229,3.025000095
3/20/2018 3:00,3.727999926,3.727999926,3.236000061
3/20/2018 4:00,4.290999889,4.290999889,2.884000063
3/20/2018 5:00,4.643000126,4.643000126,2.743999958
3/20/2018 6:00,4.43200016,4.43200016,2.461999893
3/20/2018 7:00,3.165999889,3.165999889,2.039999962
3/20/2018 8:00,2.954999924,2.954999924,2.39199996
3/20/2018 9:00,3.727999926,3.727999926,3.165999889
3/20/2018 10:00,4.150000095,4.150000095,3.799000025
3/20/2018 11:00,3.588000059,3.588000059,4.712999821
3/20/2018 12:00,3.868999958,3.868999958,4.290999889
3/20/2018 13:00,3.447000027,3.447000027,4.290999889
3/20/2018 14:00,3.51699996,3.51699996,6.261000156
3/20/2018 15:00,3.51699996,3.51699996,3.938999891
3/20/2018 16:00,3.095000029,3.095000029,1.758999944
3/20/2018 17:00,2.461999893,2.461999893,1.758999944
3/20/2018 18:00,2.532000065,2.532000065,1.758999944
3/20/2018 19:00,2.884000063,2.884000063,1.758999944
3/20/2018 20:00,2.532000065,2.532000065,1.758999944
3/20/2018 21:00,2.602999926,2.602999926,1.758999944
3/20/2018 22:00,3.377000093,3.377000093,1.758999944
3/20/2018 23:00,3.377000093,3.377000093,1.758999944
3/21/2018 0:00,3.447000027,3.447000027,2.743999958
3/21/2018 1:00,2.743999958,2.743999958,3.025000095
3/21/2018 2:00,3.447000027,3.447000027,3.025000095
3/21/2018 3:00,3.799000025,3.799000025,3.236000061
3/21/2018 4:00,3.868999958,3.868999958,2.884000063
3/21/2018 5:00,4.079999924,4.079999924,2.743999958
3/21/2018 6:00,3.938999891,3.938999891,2.461999893
3/21/2018 7:00,4.010000229,4.010000229,2.039999962
3/21/2018 8:00,4.290999889,4.290999889,2.39199996
3/21/2018 9:00,3.165999889,3.165999889,3.165999889
3/21/2018 10:00,5.416999817,5.416999817,3.799000025
3/21/2018 11:00,5.205999851,5.205999851,4.712999821
3/21/2018 12:00,5.065000057,5.065000057,4.290999889
3/21/2018 13:00,6.190999985,6.190999985,4.290999889
3/21/2018 14:00,5.90899992,5.90899992,6.261000156
3/21/2018 15:00,6.683000088,6.683000088,3.938999891
3/21/2018 16:00,6.683000088,6.683000088,1.758999944
3/21/2018 17:00,6.40199995,6.40199995,1.758999944
3/21/2018 18:00,6.894000053,6.894000053,1.758999944
3/21/2018 19:00,7.034999847,7.034999847,1.758999944
3/21/2018 20:00,6.752999783,6.752999783,1.758999944
3/21/2018 21:00,6.752999783,6.752999783,1.758999944
3/21/2018 22:00,6.683000088,6.683000088,1.758999944
3/21/2018 23:00,6.683000088,6.683000088,1.758999944
3/22/2018 0:00,6.612999916,6.612999916,2.743999958
3/22/2018 1:00,6.330999851,6.330999851,3.025000095
3/22/2018 2:00,6.752999783,6.752999783,3.025000095
3/22/2018 3:00,6.261000156,6.261000156,3.236000061
3/22/2018 4:00,6.261000156,6.261000156,2.884000063
3/22/2018 5:00,6.472000122,6.472000122,2.743999958
3/22/2018 6:00,6.472000122,6.472000122,2.461999893
3/22/2018 7:00,6.119999886,6.119999886,2.039999962
3/22/2018 8:00,6.964000225,6.964000225,2.39199996
3/22/2018 9:00,7.948999882,7.948999882,3.165999889
3/22/2018 10:00,8.512000084,8.512000084,3.799000025
3/22/2018 11:00,7.456999779,7.456999779,4.712999821
3/22/2018 12:00,8.159999847,8.159999847,4.290999889
3/22/2018 13:00,9.425999641,9.425999641,4.290999889
3/22/2018 14:00,9.00399971,9.00399971,6.261000156
3/22/2018 15:00,8.512000084,8.512000084,3.938999891
3/22/2018 16:00,8.793000221,8.793000221,1.758999944
3/22/2018 17:00,8.581999779,8.581999779,1.758999944
3/22/2018 18:00,9.708000183,9.708000183,1.758999944
3/22/2018 19:00,9.215000153,9.215000153,1.758999944
3/22/2018 20:00,8.512000084,8.512000084,1.758999944
3/22/2018 21:00,8.37100029,8.37100029,1.758999944
3/22/2018 22:00,8.512000084,8.512000084,1.758999944
3/22/2018 23:00,8.37100029,8.37100029,1.758999944
3/23/2018 0:00,8.442000389,8.442000389,2.743999958
3/23/2018 1:00,8.159999847,8.159999847,3.025000095
3/23/2018 2:00,8.300999641,8.300999641,3.025000095
3/23/2018 3:00,8.722999573,8.722999573,3.236000061
3/23/2018 4:00,8.300999641,8.300999641,2.884000063
3/23/2018 5:00,8.020000458,8.020000458,2.743999958
3/23/2018 6:00,8.159999847,8.159999847,2.461999893
3/23/2018 7:00,8.230999947,8.230999947,2.039999962
3/23/2018 8:00,8.581999779,8.581999779,2.39199996
3/23/2018 9:00,8.230999947,8.230999947,3.165999889
3/23/2018 10:00,9.918999672,9.918999672,3.799000025
3/23/2018 11:00,9.98900032,9.98900032,4.712999821
3/23/2018 12:00,9.708000183,9.708000183,4.290999889
3/23/2018 13:00,10.27099991,10.27099991,4.290999889
3/23/2018 14:00,11.60700035,11.60700035,6.261000156
3/23/2018 15:00,12.52200031,12.52200031,3.938999891
3/23/2018 16:00,12.38099957,12.38099957,1.758999944
3/23/2018 17:00,12.7329998,12.7329998,1.758999944
3/23/2018 18:00,12.02900028,12.02900028,1.758999944
3/23/2018 19:00,10.83300018,10.83300018,1.758999944
3/23/2018 20:00,10.62199974,10.62199974,1.758999944
3/23/2018 21:00,9.425999641,9.425999641,1.758999944
3/23/2018 22:00,9.00399971,9.00399971,1.758999944
3/23/2018 23:00,9.286000252,9.286000252,1.758999944
3/24/2018 0:00,9.145000458,9.145000458,2.743999958
3/24/2018 1:00,9.496999741,9.496999741,3.025000095
3/24/2018 2:00,9.848999977,9.848999977,3.025000095
3/24/2018 3:00,9.286000252,9.286000252,3.236000061
3/24/2018 4:00,9.355999947,9.355999947,2.884000063
3/24/2018 5:00,9.074999809,9.074999809,2.743999958
3/24/2018 6:00,9.00399971,9.00399971,2.461999893
3/24/2018 7:00,10.62199974,10.62199974,2.039999962
3/24/2018 8:00,9.496999741,9.496999741,2.39199996
3/24/2018 9:00,9.848999977,9.848999977,3.165999889
3/24/2018 10:00,9.918999672,9.918999672,3.799000025
3/24/2018 11:00,10.27099991,10.27099991,4.712999821
3/24/2018 12:00,10.69299984,10.69299984,4.290999889
3/24/2018 13:00,10.69299984,10.69299984,4.290999889
3/24/2018 14:00,11.67800045,11.67800045,6.261000156
3/24/2018 15:00,12.7329998,12.7329998,3.938999891
3/24/2018 16:00,12.94400024,12.94400024,1.758999944
3/24/2018 17:00,13.29599953,13.29599953,1.758999944
3/24/2018 18:00,12.6619997,12.6619997,1.758999944
3/24/2018 19:00,12.02900028,12.02900028,1.758999944
3/24/2018 20:00,11.46700001,11.46700001,1.758999944
3/24/2018 21:00,11.11499977,11.11499977,1.758999944
3/24/2018 22:00,10.97399998,10.97399998,1.758999944
3/24/2018 23:00,10.62199974,10.62199974,1.758999944
3/25/2018 0:00,10.69299984,10.69299984,2.743999958
3/25/2018 1:00,9.777999878,9.777999878,3.025000095
3/25/2018 2:00,9.286000252,9.286000252,3.025000095
3/25/2018 3:00,10.55200005,10.55200005,3.236000061
3/25/2018 4:00,10.3409996,10.3409996,2.884000063
3/25/2018 5:00,10.69299984,10.69299984,2.743999958
3/25/2018 6:00,10.41100025,10.41100025,2.461999893
3/25/2018 7:00,9.98900032,9.98900032,2.039999962
3/25/2018 8:00,10.62199974,10.62199974,2.39199996
3/25/2018 9:00,10.97399998,10.97399998,3.165999889
3/25/2018 10:00,10.27099991,10.27099991,3.799000025
3/25/2018 11:00,9.98900032,9.98900032,4.712999821
3/25/2018 12:00,10.62199974,10.62199974,4.290999889
3/25/2018 13:00,10.3409996,10.3409996,4.290999889
3/25/2018 14:00,10.76299953,10.76299953,6.261000156
3/25/2018 15:00,10.90400028,10.90400028,3.938999891
3/25/2018 16:00,10.83300018,10.83300018,1.758999944
3/25/2018 17:00,10.97399998,10.97399998,1.758999944
3/25/2018 18:00,11.46700001,11.46700001,1.758999944
3/25/2018 19:00,10.3409996,10.3409996,1.758999944
3/25/2018 20:00,10.62199974,10.62199974,1.758999944
3/25/2018 21:00,10.55200005,10.55200005,1.758999944
3/25/2018 22:00,10.48200035,10.48200035,1.758999944
3/25/2018 23:00,10.48200035,10.48200035,1.758999944
3/26/2018 0:00,10.13000011,10.13000011,2.743999958
3/26/2018 1:00,9.918999672,9.918999672,3.025000095
3/26/2018 2:00,10.83300018,10.83300018,3.025000095
3/26/2018 3:00,10.3409996,10.3409996,3.236000061
3/26/2018 4:00,10.06000042,10.06000042,2.884000063
3/26/2018 5:00,10.76299953,10.76299953,2.743999958
3/26/2018 6:00,10.76299953,10.76299953,2.461999893
3/26/2018 7:00,10.76299953,10.76299953,2.039999962
3/26/2018 8:00,11.04399967,11.04399967,2.39199996
3/26/2018 9:00,10.62199974,10.62199974,3.165999889
3/26/2018 10:00,11.60700035,11.60700035,3.799000025
3/26/2018 11:00,10.19999981,10.19999981,4.712999821
3/26/2018 12:00,11.11499977,11.11499977,4.290999889
3/26/2018 13:00,12.23999977,12.23999977,4.290999889
3/26/2018 14:00,13.50699997,13.50699997,6.261000156
3/26/2018 15:00,13.36600018,13.36600018,3.938999891
3/26/2018 16:00,13.78800011,13.78800011,1.758999944
3/26/2018 17:00,13.71800041,13.71800041,1.758999944
3/26/2018 18:00,13.64700031,13.64700031,1.758999944
3/26/2018 19:00,12.45100021,12.45100021,1.758999944
3/26/2018 20:00,11.74800014,11.74800014,1.758999944
3/26/2018 21:00,11.60700035,11.60700035,1.758999944
3/26/2018 22:00,11.04399967,11.04399967,1.758999944
3/26/2018 23:00,10.83300018,10.83300018,1.758999944
3/27/2018 0:00,10.62199974,10.62199974,2.743999958
3/27/2018 1:00,10.69299984,10.69299984,3.025000095
3/27/2018 2:00,10.3409996,10.3409996,3.025000095
3/27/2018 3:00,10.62199974,10.62199974,3.236000061
3/27/2018 4:00,10.48200035,10.48200035,2.884000063
3/27/2018 5:00,10.27099991,10.27099991,2.743999958
3/27/2018 6:00,10.48200035,10.48200035,2.461999893
3/27/2018 7:00,10.3409996,10.3409996,2.039999962
3/27/2018 8:00,11.32600021,11.32600021,2.39199996
3/27/2018 9:00,11.04399967,11.04399967,3.165999889
3/27/2018 10:00,11.88899994,11.88899994,3.799000025
3/27/2018 11:00,12.02900028,12.02900028,4.712999821
3/27/2018 12:00,11.5369997,11.5369997,4.290999889
3/27/2018 13:00,11.5369997,11.5369997,4.290999889
3/27/2018 14:00,13.01399994,13.01399994,6.261000156
3/27/2018 15:00,13.08500004,13.08500004,3.938999891
3/27/2018 16:00,13.57699966,13.57699966,1.758999944
3/27/2018 17:00,13.64700031,13.64700031,1.758999944
3/27/2018 18:00,12.8739996,12.8739996,1.758999944
3/27/2018 19:00,11.5369997,11.5369997,1.758999944
3/27/2018 20:00,10.83300018,10.83300018,1.758999944
3/27/2018 21:00,10.48200035,10.48200035,1.758999944
3/27/2018 22:00,10.19999981,10.19999981,1.758999944
3/27/2018 23:00,9.708000183,9.708000183,1.758999944
3/28/2018 0:00,9.496999741,9.496999741,2.743999958
3/28/2018 1:00,8.86400032,8.86400032,3.025000095
3/28/2018 2:00,8.86400032,8.86400032,3.025000095
3/28/2018 3:00,8.934000015,8.934000015,3.236000061
3/28/2018 4:00,8.442000389,8.442000389,2.884000063
3/28/2018 5:00,8.581999779,8.581999779,2.743999958
3/28/2018 6:00,8.159999847,8.159999847,2.461999893
3/28/2018 7:00,8.934000015,8.934000015,2.039999962
3/28/2018 8:00,9.848999977,9.848999977,2.39199996
3/28/2018 9:00,9.98900032,9.98900032,3.165999889
3/28/2018 10:00,11.11499977,11.11499977,3.799000025
3/28/2018 11:00,10.3409996,10.3409996,4.712999821
3/28/2018 12:00,9.918999672,9.918999672,4.290999889
3/28/2018 13:00,10.83300018,10.83300018,4.290999889
3/28/2018 14:00,12.10000038,12.10000038,6.261000156
3/28/2018 15:00,12.59200001,12.59200001,3.938999891
3/28/2018 16:00,13.08500004,13.08500004,1.758999944
3/28/2018 17:00,13.08500004,13.08500004,1.758999944
3/28/2018 18:00,12.23999977,12.23999977,1.758999944
3/28/2018 19:00,11.32600021,11.32600021,1.758999944
3/28/2018 20:00,10.90400028,10.90400028,1.758999944
3/28/2018 21:00,9.848999977,9.848999977,1.758999944
3/28/2018 22:00,9.496999741,9.496999741,1.758999944
3/28/2018 23:00,9.567000389,9.567000389,1.758999944
3/29/2018 0:00,9.496999741,9.496999741,2.743999958
3/29/2018 1:00,9.074999809,9.074999809,3.025000095
3/29/2018 2:00,9.286000252,9.286000252,3.025000095
3/29/2018 3:00,9.567000389,9.567000389,3.236000061
3/29/2018 4:00,9.074999809,9.074999809,2.884000063
3/29/2018 5:00,8.581999779,8.581999779,2.743999958
3/29/2018 6:00,8.159999847,8.159999847,2.461999893
3/29/2018 7:00,8.020000458,8.020000458,2.039999962
3/29/2018 8:00,8.652999878,8.652999878,2.39199996
3/29/2018 9:00,8.512000084,8.512000084,3.165999889
3/29/2018 10:00,9.145000458,9.145000458,3.799000025
3/29/2018 11:00,8.86400032,8.86400032,4.712999821
3/29/2018 12:00,9.145000458,9.145000458,4.290999889
3/29/2018 13:00,9.637999535,9.637999535,4.290999889
3/29/2018 14:00,10.13000011,10.13000011,6.261000156
3/29/2018 15:00,10.69299984,10.69299984,3.938999891
3/29/2018 16:00,10.48200035,10.48200035,1.758999944
3/29/2018 17:00,10.3409996,10.3409996,1.758999944
3/29/2018 18:00,9.637999535,9.637999535,1.758999944
3/29/2018 19:00,9.355999947,9.355999947,1.758999944
3/29/2018 20:00,9.425999641,9.425999641,1.758999944
3/29/2018 21:00,8.230999947,8.230999947,1.758999944
3/29/2018 22:00,7.809000015,7.809000015,1.758999944
3/29/2018 23:00,7.315999985,7.315999985,1.758999944
3/30/2018 0:00,6.612999916,6.612999916,2.743999958
3/30/2018 1:00,6.823999882,6.823999882,3.025000095
3/30/2018 2:00,6.472000122,6.472000122,3.025000095
3/30/2018 3:00,6.119999886,6.119999886,3.236000061
3/30/2018 4:00,6.119999886,6.119999886,2.884000063
3/30/2018 5:00,5.839000225,5.839000225,2.743999958
3/30/2018 6:00,5.276000023,5.276000023,2.461999893
3/30/2018 7:00,5.205999851,5.205999851,2.039999962
3/30/2018 8:00,5.55700016,5.55700016,2.39199996
3/30/2018 9:00,5.768000126,5.768000126,3.165999889
3/30/2018 10:00,6.261000156,6.261000156,3.799000025
3/30/2018 11:00,6.261000156,6.261000156,4.712999821
3/30/2018 12:00,6.330999851,6.330999851,4.290999889
3/30/2018 13:00,7.034999847,7.034999847,4.290999889
3/30/2018 14:00,7.034999847,7.034999847,6.261000156
3/30/2018 15:00,7.386000156,7.386000156,3.938999891
3/30/2018 16:00,7.315999985,7.315999985,1.758999944
3/30/2018 17:00,7.809000015,7.809000015,1.758999944
3/30/2018 18:00,6.683000088,6.683000088,1.758999944
3/30/2018 19:00,5.768000126,5.768000126,1.758999944
3/30/2018 20:00,6.330999851,6.330999851,1.758999944
3/30/2018 21:00,6.40199995,6.40199995,1.758999944
3/30/2018 22:00,6.261000156,6.261000156,1.758999944
3/30/2018 23:00,5.979000092,5.979000092,1.758999944
3/31/2018 0:00,5.768000126,5.768000126,2.743999958
3/31/2018 1:00,5.768000126,5.768000126,3.025000095
3/31/2018 2:00,5.768000126,5.768000126,3.025000095
3/31/2018 3:00,5.768000126,5.768000126,3.236000061
3/31/2018 4:00,5.768000126,5.768000126,2.884000063
3/31/2018 5:00,5.768000126,5.768000126,2.743999958
3/31/2018 6:00,5.768000126,5.768000126,2.461999893
3/31/2018 7:00,5.768000126,5.768000126,2.039999962
3/31/2018 8:00,5.768000126,5.768000126,2.39199996
3/31/2018 9:00,5.768000126,5.768000126,3.165999889
3/31/2018 10:00,5.768000126,5.768000126,3.799000025
3/31/2018 11:00,5.768000126,5.768000126,4.712999821
3/31/2018 12:00,5.768000126,5.768000126,4.290999889
3/31/2018 13:00,5.768000126,5.768000126,4.290999889
3/31/2018 14:00,5.768000126,5.768000126,6.261000156
3/31/2018 15:00,5.768000126,5.768000126,3.938999891
3/31/2018 16:00,5.768000126,5.768000126,1.758999944
3/31/2018 17:00,5.768000126,5.768000126,1.758999944
3/31/2018 18:00,5.768000126,5.768000126,1.758999944
3/31/2018 19:00,5.768000126,5.768000126,1.758999944
3/31/2018 20:00,5.768000126,5.768000126,1.758999944
3/31/2018 21:00,5.768000126,5.768000126,1.758999944
3/31/2018 22:00,5.768000126,5.768000126,1.758999944
3/31/2018 23:00,5.768000126,5.768000126,1.758999944
4/1/2018 0:00,9.00399971,9.00399971,2.743999958
4/1/2018 1:00,9.215000153,9.215000153,3.025000095
4/1/2018 2:00,9.00399971,9.00399971,3.025000095
4/1/2018 3:00,8.652999878,8.652999878,3.236000061
4/1/2018 4:00,9.215000153,9.215000153,2.884000063
4/1/2018 5:00,9.215000153,9.215000153,2.743999958
4/1/2018 6:00,9.425999641,9.425999641,2.461999893
4/1/2018 7:00,9.567000389,9.567000389,2.039999962
4/1/2018 8:00,10.19999981,10.19999981,2.39199996
4/1/2018 9:00,10.69299984,10.69299984,3.165999889
4/1/2018 10:00,11.11499977,11.11499977,3.799000025
4/1/2018 11:00,10.97399998,10.97399998,4.712999821
4/1/2018 12:00,10.76299953,10.76299953,4.290999889
4/1/2018 13:00,11.60700035,11.60700035,4.290999889
4/1/2018 14:00,11.25599957,11.25599957,6.261000156
4/1/2018 15:00,12.94400024,12.94400024,3.938999891
4/1/2018 16:00,12.7329998,12.7329998,1.758999944
4/1/2018 17:00,11.81799984,11.81799984,1.758999944
4/1/2018 18:00,11.74800014,11.74800014,1.758999944
4/1/2018 19:00,10.76299953,10.76299953,1.758999944
4/1/2018 20:00,10.69299984,10.69299984,1.758999944
4/1/2018 21:00,10.55200005,10.55200005,1.758999944
4/1/2018 22:00,10.48200035,10.48200035,1.758999944
4/1/2018 23:00,10.13000011,10.13000011,1.758999944
4/2/2018 0:00,9.708000183,9.708000183,2.743999958
4/2/2018 1:00,10.19999981,10.19999981,3.025000095
4/2/2018 2:00,10.48200035,10.48200035,3.025000095
4/2/2018 3:00,10.83300018,10.83300018,3.236000061
4/2/2018 4:00,10.3409996,10.3409996,2.884000063
4/2/2018 5:00,10.3409996,10.3409996,2.743999958
4/2/2018 6:00,10.06000042,10.06000042,2.461999893
4/2/2018 7:00,10.48200035,10.48200035,2.039999962
4/2/2018 8:00,9.637999535,9.637999535,2.39199996
4/2/2018 9:00,10.55200005,10.55200005,3.165999889
4/2/2018 10:00,10.48200035,10.48200035,3.799000025
4/2/2018 11:00,10.13000011,10.13000011,4.712999821
4/2/2018 12:00,10.19999981,10.19999981,4.290999889
4/2/2018 13:00,11.67800045,11.67800045,4.290999889
4/2/2018 14:00,12.02900028,12.02900028,6.261000156
4/2/2018 15:00,12.10000038,12.10000038,3.938999891
4/2/2018 16:00,12.17000008,12.17000008,1.758999944
4/2/2018 17:00,12.02900028,12.02900028,1.758999944
4/2/2018 18:00,11.25599957,11.25599957,1.758999944
4/2/2018 19:00,10.97399998,10.97399998,1.758999944
4/2/2018 20:00,10.55200005,10.55200005,1.758999944
4/2/2018 21:00,10.19999981,10.19999981,1.758999944
4/2/2018 22:00,10.3409996,10.3409996,1.758999944
4/2/2018 23:00,9.848999977,9.848999977,1.758999944
4/3/2018 0:00,9.425999641,9.425999641,2.743999958
4/3/2018 1:00,9.355999947,9.355999947,3.025000095
4/3/2018 2:00,9.215000153,9.215000153,3.025000095
4/3/2018 3:00,9.145000458,9.145000458,3.236000061
4/3/2018 4:00,9.145000458,9.145000458,2.884000063
4/3/2018 5:00,9.425999641,9.425999641,2.743999958
4/3/2018 6:00,9.286000252,9.286000252,2.461999893
4/3/2018 7:00,9.496999741,9.496999741,2.039999962
4/3/2018 8:00,9.848999977,9.848999977,2.39199996
4/3/2018 9:00,10.69299984,10.69299984,3.165999889
4/3/2018 10:00,11.39599991,11.39599991,3.799000025
4/3/2018 11:00,11.32600021,11.32600021,4.712999821
4/3/2018 12:00,11.39599991,11.39599991,4.290999889
4/3/2018 13:00,11.32600021,11.32600021,4.290999889
4/3/2018 14:00,12.7329998,12.7329998,6.261000156
4/3/2018 15:00,12.94400024,12.94400024,3.938999891
4/3/2018 16:00,13.43599987,13.43599987,1.758999944
4/3/2018 17:00,13.71800041,13.71800041,1.758999944
4/3/2018 18:00,12.23999977,12.23999977,1.758999944
4/3/2018 19:00,12.17000008,12.17000008,1.758999944
4/3/2018 20:00,11.60700035,11.60700035,1.758999944
4/3/2018 21:00,11.32600021,11.32600021,1.758999944
4/3/2018 22:00,10.97399998,10.97399998,1.758999944
4/3/2018 23:00,10.90400028,10.90400028,1.758999944
4/4/2018 0:00,9.918999672,9.918999672,2.743999958
4/4/2018 1:00,8.86400032,8.86400032,3.025000095
4/4/2018 2:00,8.934000015,8.934000015,3.025000095
4/4/2018 3:00,7.809000015,7.809000015,3.236000061
4/4/2018 4:00,6.823999882,6.823999882,2.884000063
4/4/2018 5:00,7.105000019,7.105000019,2.743999958
4/4/2018 6:00,6.612999916,6.612999916,2.461999893
4/4/2018 7:00,5.135000229,5.135000229,2.039999962
4/4/2018 8:00,5.346000195,5.346000195,2.39199996
4/4/2018 9:00,5.065000057,5.065000057,3.165999889
4/4/2018 10:00,5.276000023,5.276000023,3.799000025
4/4/2018 11:00,5.276000023,5.276000023,4.712999821
4/4/2018 12:00,5.065000057,5.065000057,4.290999889
4/4/2018 13:00,4.572999954,4.572999954,4.290999889
4/4/2018 14:00,4.290999889,4.290999889,6.261000156
4/4/2018 15:00,4.43200016,4.43200016,3.938999891
4/4/2018 16:00,4.221000195,4.221000195,1.758999944
4/4/2018 17:00,4.079999924,4.079999924,1.758999944
4/4/2018 18:00,3.799000025,3.799000025,1.758999944
4/4/2018 19:00,3.657999992,3.657999992,1.758999944
4/4/2018 20:00,3.799000025,3.799000025,1.758999944
4/4/2018 21:00,3.799000025,3.799000025,1.758999944
4/4/2018 22:00,3.868999958,3.868999958,1.758999944
4/4/2018 23:00,3.938999891,3.938999891,1.758999944
4/5/2018 0:00,3.657999992,3.657999992,2.743999958
4/5/2018 1:00,3.799000025,3.799000025,3.025000095
4/5/2018 2:00,3.868999958,3.868999958,3.025000095
4/5/2018 3:00,3.799000025,3.799000025,3.236000061
4/5/2018 4:00,4.361999989,4.361999989,2.884000063
4/5/2018 5:00,3.657999992,3.657999992,2.743999958
4/5/2018 6:00,4.221000195,4.221000195,2.461999893
4/5/2018 7:00,3.51699996,3.51699996,2.039999962
4/5/2018 8:00,3.095000029,3.095000029,2.39199996
4/5/2018 9:00,0.421999991,0.421999991,3.165999889
4/5/2018 10:00,0.0,0.0,3.799000025
4/5/2018 11:00,-0.633000016,-0.633000016,4.712999821
4/5/2018 12:00,-0.703000009,-0.703000009,4.290999889
4/5/2018 13:00,0.0,0.0,4.290999889
4/5/2018 14:00,-0.633000016,-0.633000016,6.261000156
4/5/2018 15:00,-0.915000021,-0.915000021,3.938999891
4/5/2018 16:00,0.0,0.0,1.758999944
4/5/2018 17:00,0.563000023,0.563000023,1.758999944
4/5/2018 18:00,1.758999944,1.758999944,1.758999944
4/5/2018 19:00,0.563000023,0.563000023,1.758999944
4/5/2018 20:00,0.0,0.0,1.758999944
4/5/2018 21:00,2.039999962,2.039999962,1.758999944
4/5/2018 22:00,0.492000014,0.492000014,1.758999944
4/5/2018 23:00,1.126000047,1.126000047,1.758999944
4/6/2018 0:00,0.985000014,0.985000014,2.743999958
4/6/2018 1:00,0.0,0.0,3.025000095
4/6/2018 2:00,0.563000023,0.563000023,3.025000095
4/6/2018 3:00,1.970000029,1.970000029,3.236000061
4/6/2018 4:00,2.39199996,2.39199996,2.884000063
4/6/2018 5:00,1.476999998,1.476999998,2.743999958
4/6/2018 6:00,1.337000012,1.337000012,2.461999893
4/6/2018 7:00,1.054999948,1.054999948,2.039999962
4/6/2018 8:00,1.054999948,1.054999948,2.39199996
4/6/2018 9:00,1.337000012,1.337000012,3.165999889
4/6/2018 10:00,1.828999996,1.828999996,3.799000025
4/6/2018 11:00,3.095000029,3.095000029,4.712999821
4/6/2018 12:00,4.010000229,4.010000229,4.290999889
4/6/2018 13:00,4.643000126,4.643000126,4.290999889
4/6/2018 14:00,4.994999886,4.994999886,6.261000156
4/6/2018 15:00,4.994999886,4.994999886,3.938999891
4/6/2018 16:00,5.346000195,5.346000195,1.758999944
4/6/2018 17:00,5.486999989,5.486999989,1.758999944
4/6/2018 18:00,5.346000195,5.346000195,1.758999944
4/6/2018 19:00,5.346000195,5.346000195,1.758999944
4/6/2018 20:00,5.346000195,5.346000195,1.758999944
4/6/2018 21:00,4.221000195,4.221000195,1.758999944
4/6/2018 22:00,5.276000023,5.276000023,1.758999944
4/6/2018 23:00,4.854000092,4.854000092,1.758999944
4/7/2018 0:00,4.501999855,4.501999855,2.743999958
4/7/2018 1:00,4.221000195,4.221000195,3.025000095
4/7/2018 2:00,4.150000095,4.150000095,3.025000095
4/7/2018 3:00,4.221000195,4.221000195,3.236000061
4/7/2018 4:00,4.221000195,4.221000195,2.884000063
4/7/2018 5:00,4.150000095,4.150000095,2.743999958
4/7/2018 6:00,3.727999926,3.727999926,2.461999893
4/7/2018 7:00,4.994999886,4.994999886,2.039999962
4/7/2018 8:00,4.221000195,4.221000195,2.39199996
4/7/2018 9:00,3.727999926,3.727999926,3.165999889
4/7/2018 10:00,5.346000195,5.346000195,3.799000025
4/7/2018 11:00,3.305999994,3.305999994,4.712999821
4/7/2018 12:00,3.236000061,3.236000061,4.290999889
4/7/2018 13:00,3.51699996,3.51699996,4.290999889
4/7/2018 14:00,4.501999855,4.501999855,6.261000156
4/7/2018 15:00,4.994999886,4.994999886,3.938999891
4/7/2018 16:00,5.276000023,5.276000023,1.758999944
4/7/2018 17:00,5.768000126,5.768000126,1.758999944
4/7/2018 18:00,6.050000191,6.050000191,1.758999944
4/7/2018 19:00,5.697999954,5.697999954,1.758999944
4/7/2018 20:00,5.346000195,5.346000195,1.758999944
4/7/2018 21:00,4.923999786,4.923999786,1.758999944
4/7/2018 22:00,4.854000092,4.854000092,1.758999944
4/7/2018 23:00,5.065000057,5.065000057,1.758999944
4/8/2018 0:00,4.572999954,4.572999954,2.743999958
4/8/2018 1:00,4.712999821,4.712999821,3.025000095
4/8/2018 2:00,4.501999855,4.501999855,3.025000095
4/8/2018 3:00,4.501999855,4.501999855,3.236000061
4/8/2018 4:00,4.501999855,4.501999855,2.884000063
4/8/2018 5:00,4.643000126,4.643000126,2.743999958
4/8/2018 6:00,4.572999954,4.572999954,2.461999893
4/8/2018 7:00,5.697999954,5.697999954,2.039999962
4/8/2018 8:00,5.768000126,5.768000126,2.39199996
4/8/2018 9:00,5.627999783,5.627999783,3.165999889
4/8/2018 10:00,5.416999817,5.416999817,3.799000025
4/8/2018 11:00,5.697999954,5.697999954,4.712999821
4/8/2018 12:00,5.627999783,5.627999783,4.290999889
4/8/2018 13:00,6.261000156,6.261000156,4.290999889
4/8/2018 14:00,7.105000019,7.105000019,6.261000156
4/8/2018 15:00,7.668000221,7.668000221,3.938999891
4/8/2018 16:00,7.809000015,7.809000015,1.758999944
4/8/2018 17:00,7.879000187,7.879000187,1.758999944
4/8/2018 18:00,7.597000122,7.597000122,1.758999944
4/8/2018 19:00,8.230999947,8.230999947,1.758999944
4/8/2018 20:00,8.300999641,8.300999641,1.758999944
4/8/2018 21:00,7.879000187,7.879000187,1.758999944
4/8/2018 22:00,7.737999916,7.737999916,1.758999944
4/8/2018 23:00,7.245999813,7.245999813,1.758999944
4/9/2018 0:00,7.386000156,7.386000156,2.743999958
4/9/2018 1:00,7.668000221,7.668000221,3.025000095
4/9/2018 2:00,7.737999916,7.737999916,3.025000095
4/9/2018 3:00,7.456999779,7.456999779,3.236000061
4/9/2018 4:00,7.456999779,7.456999779,2.884000063
4/9/2018 5:00,7.245999813,7.245999813,2.743999958
4/9/2018 6:00,6.894000053,6.894000053,2.461999893
4/9/2018 7:00,8.020000458,8.020000458,2.039999962
4/9/2018 8:00,8.652999878,8.652999878,2.39199996
4/9/2018 9:00,9.425999641,9.425999641,3.165999889
4/9/2018 10:00,10.55200005,10.55200005,3.799000025
4/9/2018 11:00,9.777999878,9.777999878,4.712999821
4/9/2018 12:00,9.286000252,9.286000252,4.290999889
4/9/2018 13:00,9.98900032,9.98900032,4.290999889
4/9/2018 14:00,11.32600021,11.32600021,6.261000156
4/9/2018 15:00,10.90400028,10.90400028,3.938999891
4/9/2018 16:00,12.10000038,12.10000038,1.758999944
4/9/2018 17:00,12.45100021,12.45100021,1.758999944
4/9/2018 18:00,12.02900028,12.02900028,1.758999944
4/9/2018 19:00,10.48200035,10.48200035,1.758999944
4/9/2018 20:00,9.918999672,9.918999672,1.758999944
4/9/2018 21:00,9.708000183,9.708000183,1.758999944
4/9/2018 22:00,9.496999741,9.496999741,1.758999944
4/9/2018 23:00,9.215000153,9.215000153,1.758999944
4/10/2018 0:00,8.86400032,8.86400032,2.743999958
4/10/2018 1:00,8.722999573,8.722999573,3.025000095
4/10/2018 2:00,8.652999878,8.652999878,3.025000095
4/10/2018 3:00,8.722999573,8.722999573,3.236000061
4/10/2018 4:00,8.442000389,8.442000389,2.884000063
4/10/2018 5:00,8.581999779,8.581999779,2.743999958
4/10/2018 6:00,8.652999878,8.652999878,2.461999893
4/10/2018 7:00,9.215000153,9.215000153,2.039999962
4/10/2018 8:00,9.918999672,9.918999672,2.39199996
4/10/2018 9:00,10.48200035,10.48200035,3.165999889
4/10/2018 10:00,9.215000153,9.215000153,3.799000025
4/10/2018 11:00,9.567000389,9.567000389,4.712999821
4/10/2018 12:00,8.934000015,8.934000015,4.290999889
4/10/2018 13:00,9.425999641,9.425999641,4.290999889
4/10/2018 14:00,10.55200005,10.55200005,6.261000156
4/10/2018 15:00,10.62199974,10.62199974,3.938999891
4/10/2018 16:00,11.18500042,11.18500042,1.758999944
4/10/2018 17:00,10.90400028,10.90400028,1.758999944
4/10/2018 18:00,12.02900028,12.02900028,1.758999944
4/10/2018 19:00,11.60700035,11.60700035,1.758999944
4/10/2018 20:00,11.18500042,11.18500042,1.758999944
4/10/2018 21:00,11.04399967,11.04399967,1.758999944
4/10/2018 22:00,10.55200005,10.55200005,1.758999944
4/10/2018 23:00,11.04399967,11.04399967,1.758999944
4/11/2018 0:00,10.3409996,10.3409996,2.743999958
4/11/2018 1:00,10.48200035,10.48200035,3.025000095
4/11/2018 2:00,10.55200005,10.55200005,3.025000095
4/11/2018 3:00,10.41100025,10.41100025,3.236000061
4/11/2018 4:00,10.55200005,10.55200005,2.884000063
4/11/2018 5:00,10.55200005,10.55200005,2.743999958
4/11/2018 6:00,9.777999878,9.777999878,2.461999893
4/11/2018 7:00,9.918999672,9.918999672,2.039999962
4/11/2018 8:00,9.918999672,9.918999672,2.39199996
4/11/2018 9:00,9.708000183,9.708000183,3.165999889
4/11/2018 10:00,10.3409996,10.3409996,3.799000025
4/11/2018 11:00,10.13000011,10.13000011,4.712999821
4/11/2018 12:00,10.27099991,10.27099991,4.290999889
4/11/2018 13:00,10.3409996,10.3409996,4.290999889
4/11/2018 14:00,10.97399998,10.97399998,6.261000156
4/11/2018 15:00,10.97399998,10.97399998,3.938999891
4/11/2018 16:00,10.76299953,10.76299953,1.758999944
4/11/2018 17:00,9.777999878,9.777999878,1.758999944
4/11/2018 18:00,9.425999641,9.425999641,1.758999944
4/11/2018 19:00,8.722999573,8.722999573,1.758999944
4/11/2018 20:00,7.879000187,7.879000187,1.758999944
4/11/2018 21:00,7.668000221,7.668000221,1.758999944
4/11/2018 22:00,7.386000156,7.386000156,1.758999944
4/11/2018 23:00,6.964000225,6.964000225,1.758999944
4/12/2018 0:00,6.964000225,6.964000225,2.743999958
4/12/2018 1:00,6.612999916,6.612999916,3.025000095
4/12/2018 2:00,6.612999916,6.612999916,3.025000095
4/12/2018 3:00,6.050000191,6.050000191,3.236000061
4/12/2018 4:00,6.40199995,6.40199995,2.884000063
4/12/2018 5:00,5.90899992,5.90899992,2.743999958
4/12/2018 6:00,5.768000126,5.768000126,2.461999893
4/12/2018 7:00,5.627999783,5.627999783,2.039999962
4/12/2018 8:00,5.90899992,5.90899992,2.39199996
4/12/2018 9:00,5.90899992,5.90899992,3.165999889
4/12/2018 10:00,5.979000092,5.979000092,3.799000025
4/12/2018 11:00,6.330999851,6.330999851,4.712999821
4/12/2018 12:00,6.472000122,6.472000122,4.290999889
4/12/2018 13:00,6.050000191,6.050000191,4.290999889
4/12/2018 14:00,6.541999817,6.541999817,6.261000156
4/12/2018 15:00,6.472000122,6.472000122,3.938999891
4/12/2018 16:00,6.330999851,6.330999851,1.758999944
4/12/2018 17:00,5.768000126,5.768000126,1.758999944
4/12/2018 18:00,5.627999783,5.627999783,1.758999944
4/12/2018 19:00,5.346000195,5.346000195,1.758999944
4/12/2018 20:00,4.854000092,4.854000092,1.758999944
4/12/2018 21:00,5.135000229,5.135000229,1.758999944
4/12/2018 22:00,4.994999886,4.994999886,1.758999944
4/12/2018 23:00,4.643000126,4.643000126,1.758999944
4/13/2018 0:00,4.994999886,4.994999886,2.743999958
4/13/2018 1:00,4.923999786,4.923999786,3.025000095
4/13/2018 2:00,4.78399992,4.78399992,3.025000095
4/13/2018 3:00,4.854000092,4.854000092,3.236000061
4/13/2018 4:00,4.854000092,4.854000092,2.884000063
4/13/2018 5:00,4.78399992,4.78399992,2.743999958
4/13/2018 6:00,4.712999821,4.712999821,2.461999893
4/13/2018 7:00,4.572999954,4.572999954,2.039999962
4/13/2018 8:00,4.290999889,4.290999889,2.39199996
4/13/2018 9:00,4.290999889,4.290999889,3.165999889
4/13/2018 10:00,4.361999989,4.361999989,3.799000025
4/13/2018 11:00,4.572999954,4.572999954,4.712999821
4/13/2018 12:00,5.065000057,5.065000057,4.290999889
4/13/2018 13:00,4.643000126,4.643000126,4.290999889
4/13/2018 14:00,4.854000092,4.854000092,6.261000156
4/13/2018 15:00,5.276000023,5.276000023,3.938999891
4/13/2018 16:00,4.854000092,4.854000092,1.758999944
4/13/2018 17:00,5.839000225,5.839000225,1.758999944
4/13/2018 18:00,4.572999954,4.572999954,1.758999944
4/13/2018 19:00,3.095000029,3.095000029,1.758999944
4/13/2018 20:00,3.799000025,3.799000025,1.758999944
4/13/2018 21:00,4.854000092,4.854000092,1.758999944
4/13/2018 22:00,3.095000029,3.095000029,1.758999944
4/13/2018 23:00,3.588000059,3.588000059,1.758999944
4/14/2018 0:00,4.290999889,4.290999889,2.743999958
4/14/2018 1:00,4.361999989,4.361999989,3.025000095
4/14/2018 2:00,4.150000095,4.150000095,3.025000095
4/14/2018 3:00,4.643000126,4.643000126,3.236000061
4/14/2018 4:00,5.205999851,5.205999851,2.884000063
4/14/2018 5:00,4.854000092,4.854000092,2.743999958
4/14/2018 6:00,5.205999851,5.205999851,2.461999893
4/14/2018 7:00,4.854000092,4.854000092,2.039999962
4/14/2018 8:00,4.923999786,4.923999786,2.39199996
4/14/2018 9:00,3.447000027,3.447000027,3.165999889
4/14/2018 10:00,4.361999989,4.361999989,3.799000025
4/14/2018 11:00,3.799000025,3.799000025,4.712999821
4/14/2018 12:00,3.799000025,3.799000025,4.290999889
4/14/2018 13:00,3.938999891,3.938999891,4.290999889
4/14/2018 14:00,4.010000229,4.010000229,6.261000156
4/14/2018 15:00,4.43200016,4.43200016,3.938999891
4/14/2018 16:00,5.346000195,5.346000195,1.758999944
4/14/2018 17:00,5.205999851,5.205999851,1.758999944
4/14/2018 18:00,5.416999817,5.416999817,1.758999944
4/14/2018 19:00,5.065000057,5.065000057,1.758999944
4/14/2018 20:00,4.923999786,4.923999786,1.758999944
4/14/2018 21:00,3.868999958,3.868999958,1.758999944
4/14/2018 22:00,4.361999989,4.361999989,1.758999944
4/14/2018 23:00,4.501999855,4.501999855,1.758999944
4/15/2018 0:00,4.854000092,4.854000092,2.743999958
4/15/2018 1:00,5.346000195,5.346000195,3.025000095
4/15/2018 2:00,4.643000126,4.643000126,3.025000095
4/15/2018 3:00,4.854000092,4.854000092,3.236000061
4/15/2018 4:00,5.135000229,5.135000229,2.884000063
4/15/2018 5:00,5.276000023,5.276000023,2.743999958
4/15/2018 6:00,5.135000229,5.135000229,2.461999893
4/15/2018 7:00,5.768000126,5.768000126,2.039999962
4/15/2018 8:00,4.854000092,4.854000092,2.39199996
4/15/2018 9:00,5.979000092,5.979000092,3.165999889
4/15/2018 10:00,6.261000156,6.261000156,3.799000025
4/15/2018 11:00,6.190999985,6.190999985,4.712999821
4/15/2018 12:00,6.612999916,6.612999916,4.290999889
4/15/2018 13:00,6.823999882,6.823999882,4.290999889
4/15/2018 14:00,8.300999641,8.300999641,6.261000156
4/15/2018 15:00,8.722999573,8.722999573,3.938999891
4/15/2018 16:00,9.425999641,9.425999641,1.758999944
4/15/2018 17:00,9.355999947,9.355999947,1.758999944
4/15/2018 18:00,8.722999573,8.722999573,1.758999944
4/15/2018 19:00,7.809000015,7.809000015,1.758999944
4/15/2018 20:00,6.964000225,6.964000225,1.758999944
4/15/2018 21:00,6.261000156,6.261000156,1.758999944
4/15/2018 22:00,6.050000191,6.050000191,1.758999944
4/15/2018 23:00,6.050000191,6.050000191,1.758999944
4/16/2018 0:00,6.823999882,6.823999882,2.743999958
4/16/2018 1:00,6.472000122,6.472000122,3.025000095
4/16/2018 2:00,6.612999916,6.612999916,3.025000095
4/16/2018 3:00,6.541999817,6.541999817,3.236000061
4/16/2018 4:00,6.40199995,6.40199995,2.884000063
4/16/2018 5:00,5.90899992,5.90899992,2.743999958
4/16/2018 6:00,6.190999985,6.190999985,2.461999893
4/16/2018 7:00,6.330999851,6.330999851,2.039999962
4/16/2018 8:00,6.541999817,6.541999817,2.39199996
4/16/2018 9:00,6.683000088,6.683000088,3.165999889
4/16/2018 10:00,6.964000225,6.964000225,3.799000025
4/16/2018 11:00,7.315999985,7.315999985,4.712999821
4/16/2018 12:00,6.964000225,6.964000225,4.290999889
4/16/2018 13:00,7.245999813,7.245999813,4.290999889
4/16/2018 14:00,8.020000458,8.020000458,6.261000156
4/16/2018 15:00,8.652999878,8.652999878,3.938999891
4/16/2018 16:00,9.00399971,9.00399971,1.758999944
4/16/2018 17:00,8.512000084,8.512000084,1.758999944
4/16/2018 18:00,7.737999916,7.737999916,1.758999944
4/16/2018 19:00,7.668000221,7.668000221,1.758999944
4/16/2018 20:00,6.894000053,6.894000053,1.758999944
4/16/2018 21:00,6.823999882,6.823999882,1.758999944
4/16/2018 22:00,6.894000053,6.894000053,1.758999944
4/16/2018 23:00,6.190999985,6.190999985,1.758999944
4/17/2018 0:00,5.90899992,5.90899992,2.743999958
4/17/2018 1:00,6.261000156,6.261000156,3.025000095
4/17/2018 2:00,6.261000156,6.261000156,3.025000095
4/17/2018 3:00,5.90899992,5.90899992,3.236000061
4/17/2018 4:00,6.261000156,6.261000156,2.884000063
4/17/2018 5:00,5.768000126,5.768000126,2.743999958
4/17/2018 6:00,5.768000126,5.768000126,2.461999893
4/17/2018 7:00,6.683000088,6.683000088,2.039999962
4/17/2018 8:00,7.245999813,7.245999813,2.39199996
4/17/2018 9:00,8.159999847,8.159999847,3.165999889
4/17/2018 10:00,8.86400032,8.86400032,3.799000025
4/17/2018 11:00,7.879000187,7.879000187,4.712999821
4/17/2018 12:00,8.090000153,8.090000153,4.290999889
4/17/2018 13:00,8.934000015,8.934000015,4.290999889
4/17/2018 14:00,9.567000389,9.567000389,6.261000156
4/17/2018 15:00,10.27099991,10.27099991,3.938999891
4/17/2018 16:00,10.90400028,10.90400028,1.758999944
4/17/2018 17:00,10.90400028,10.90400028,1.758999944
4/17/2018 18:00,10.62199974,10.62199974,1.758999944
4/17/2018 19:00,8.934000015,8.934000015,1.758999944
4/17/2018 20:00,8.090000153,8.090000153,1.758999944
4/17/2018 21:00,8.159999847,8.159999847,1.758999944
4/17/2018 22:00,7.948999882,7.948999882,1.758999944
4/17/2018 23:00,7.668000221,7.668000221,1.758999944
4/18/2018 0:00,7.456999779,7.456999779,2.743999958
4/18/2018 1:00,7.245999813,7.245999813,3.025000095
4/18/2018 2:00,7.386000156,7.386000156,3.025000095
4/18/2018 3:00,7.245999813,7.245999813,3.236000061
4/18/2018 4:00,7.245999813,7.245999813,2.884000063
4/18/2018 5:00,7.245999813,7.245999813,2.743999958
4/18/2018 6:00,6.964000225,6.964000225,2.461999893
4/18/2018 7:00,7.737999916,7.737999916,2.039999962
4/18/2018 8:00,9.145000458,9.145000458,2.39199996
4/18/2018 9:00,8.722999573,8.722999573,3.165999889
4/18/2018 10:00,9.637999535,9.637999535,3.799000025
4/18/2018 11:00,9.215000153,9.215000153,4.712999821
4/18/2018 12:00,9.286000252,9.286000252,4.290999889
4/18/2018 13:00,9.98900032,9.98900032,4.290999889
4/18/2018 14:00,11.18500042,11.18500042,6.261000156
4/18/2018 15:00,11.5369997,11.5369997,3.938999891
4/18/2018 16:00,12.31099987,12.31099987,1.758999944
4/18/2018 17:00,12.6619997,12.6619997,1.758999944
4/18/2018 18:00,11.81799984,11.81799984,1.758999944
4/18/2018 19:00,10.13000011,10.13000011,1.758999944
4/18/2018 20:00,9.98900032,9.98900032,1.758999944
4/18/2018 21:00,9.355999947,9.355999947,1.758999944
4/18/2018 22:00,9.00399971,9.00399971,1.758999944
4/18/2018 23:00,8.934000015,8.934000015,1.758999944
4/19/2018 0:00,8.512000084,8.512000084,2.743999958
4/19/2018 1:00,8.442000389,8.442000389,3.025000095
4/19/2018 2:00,8.37100029,8.37100029,3.025000095
4/19/2018 3:00,8.230999947,8.230999947,3.236000061
4/19/2018 4:00,8.020000458,8.020000458,2.884000063
4/19/2018 5:00,8.020000458,8.020000458,2.743999958
4/19/2018 6:00,7.52699995,7.52699995,2.461999893
4/19/2018 7:00,8.090000153,8.090000153,2.039999962
4/19/2018 8:00,9.074999809,9.074999809,2.39199996
4/19/2018 9:00,9.286000252,9.286000252,3.165999889
4/19/2018 10:00,9.918999672,9.918999672,3.799000025
4/19/2018 11:00,9.777999878,9.777999878,4.712999821
4/19/2018 12:00,10.27099991,10.27099991,4.290999889
4/19/2018 13:00,11.04399967,11.04399967,4.290999889
4/19/2018 14:00,11.88899994,11.88899994,6.261000156
4/19/2018 15:00,12.59200001,12.59200001,3.938999891
4/19/2018 16:00,12.52200031,12.52200031,1.758999944
4/19/2018 17:00,12.17000008,12.17000008,1.758999944
4/19/2018 18:00,11.60700035,11.60700035,1.758999944
4/19/2018 19:00,10.41100025,10.41100025,1.758999944
4/19/2018 20:00,9.848999977,9.848999977,1.758999944
4/19/2018 21:00,9.355999947,9.355999947,1.758999944
4/19/2018 22:00,8.934000015,8.934000015,1.758999944
4/19/2018 23:00,8.512000084,8.512000084,1.758999944
4/20/2018 0:00,8.512000084,8.512000084,2.743999958
4/20/2018 1:00,8.652999878,8.652999878,3.025000095
4/20/2018 2:00,8.793000221,8.793000221,3.025000095
4/20/2018 3:00,8.37100029,8.37100029,3.236000061
4/20/2018 4:00,8.300999641,8.300999641,2.884000063
4/20/2018 5:00,8.090000153,8.090000153,2.743999958
4/20/2018 6:00,8.37100029,8.37100029,2.461999893
4/20/2018 7:00,9.145000458,9.145000458,2.039999962
4/20/2018 8:00,9.00399971,9.00399971,2.39199996
4/20/2018 9:00,8.86400032,8.86400032,3.165999889
4/20/2018 10:00,9.496999741,9.496999741,3.799000025
4/20/2018 11:00,9.98900032,9.98900032,4.712999821
4/20/2018 12:00,10.3409996,10.3409996,4.290999889
4/20/2018 13:00,11.74800014,11.74800014,4.290999889
4/20/2018 14:00,12.38099957,12.38099957,6.261000156
4/20/2018 15:00,12.94400024,12.94400024,3.938999891
4/20/2018 16:00,13.43599987,13.43599987,1.758999944
4/20/2018 17:00,12.8739996,12.8739996,1.758999944
4/20/2018 18:00,12.23999977,12.23999977,1.758999944
4/20/2018 19:00,11.74800014,11.74800014,1.758999944
4/20/2018 20:00,11.25599957,11.25599957,1.758999944
4/20/2018 21:00,11.88899994,11.88899994,1.758999944
4/20/2018 22:00,11.04399967,11.04399967,1.758999944
4/20/2018 23:00,10.90400028,10.90400028,1.758999944
4/21/2018 0:00,10.97399998,10.97399998,2.743999958
4/21/2018 1:00,10.90400028,10.90400028,3.025000095
4/21/2018 2:00,11.32600021,11.32600021,3.025000095
4/21/2018 3:00,10.3409996,10.3409996,3.236000061
4/21/2018 4:00,9.567000389,9.567000389,2.884000063
4/21/2018 5:00,10.27099991,10.27099991,2.743999958
4/21/2018 6:00,10.3409996,10.3409996,2.461999893
4/21/2018 7:00,10.3409996,10.3409996,2.039999962
4/21/2018 8:00,10.06000042,10.06000042,2.39199996
4/21/2018 9:00,10.62199974,10.62199974,3.165999889
4/21/2018 10:00,10.76299953,10.76299953,3.799000025
4/21/2018 11:00,10.48200035,10.48200035,4.712999821
4/21/2018 12:00,11.25599957,11.25599957,4.290999889
4/21/2018 13:00,11.25599957,11.25599957,4.290999889
4/21/2018 14:00,9.777999878,9.777999878,6.261000156
4/21/2018 15:00,10.27099991,10.27099991,3.938999891
4/21/2018 16:00,9.848999977,9.848999977,1.758999944
4/21/2018 17:00,9.567000389,9.567000389,1.758999944
4/21/2018 18:00,9.425999641,9.425999641,1.758999944
4/21/2018 19:00,9.355999947,9.355999947,1.758999944
4/21/2018 20:00,9.496999741,9.496999741,1.758999944
4/21/2018 21:00,9.00399971,9.00399971,1.758999944
4/21/2018 22:00,9.215000153,9.215000153,1.758999944
4/21/2018 23:00,9.145000458,9.145000458,1.758999944
4/22/2018 0:00,9.567000389,9.567000389,2.743999958
4/22/2018 1:00,9.708000183,9.708000183,3.025000095
4/22/2018 2:00,9.637999535,9.637999535,3.025000095
4/22/2018 3:00,9.708000183,9.708000183,3.236000061
4/22/2018 4:00,7.034999847,7.034999847,2.884000063
4/22/2018 5:00,8.652999878,8.652999878,2.743999958
4/22/2018 6:00,9.355999947,9.355999947,2.461999893
4/22/2018 7:00,8.512000084,8.512000084,2.039999962
4/22/2018 8:00,9.98900032,9.98900032,2.39199996
4/22/2018 9:00,10.3409996,10.3409996,3.165999889
4/22/2018 10:00,9.918999672,9.918999672,3.799000025
4/22/2018 11:00,9.425999641,9.425999641,4.712999821
4/22/2018 12:00,9.637999535,9.637999535,4.290999889
4/22/2018 13:00,9.496999741,9.496999741,4.290999889
4/22/2018 14:00,9.355999947,9.355999947,6.261000156
4/22/2018 15:00,9.918999672,9.918999672,3.938999891
4/22/2018 16:00,10.06000042,10.06000042,1.758999944
4/22/2018 17:00,10.27099991,10.27099991,1.758999944
4/22/2018 18:00,10.06000042,10.06000042,1.758999944
4/22/2018 19:00,9.98900032,9.98900032,1.758999944
4/22/2018 20:00,8.37100029,8.37100029,1.758999944
4/22/2018 21:00,8.442000389,8.442000389,1.758999944
4/22/2018 22:00,7.737999916,7.737999916,1.758999944
4/22/2018 23:00,7.105000019,7.105000019,1.758999944
4/23/2018 0:00,6.752999783,6.752999783,2.743999958
4/23/2018 1:00,6.40199995,6.40199995,3.025000095
4/23/2018 2:00,5.839000225,5.839000225,3.025000095
4/23/2018 3:00,5.90899992,5.90899992,3.236000061
4/23/2018 4:00,5.416999817,5.416999817,2.884000063
4/23/2018 5:00,4.994999886,4.994999886,2.743999958
4/23/2018 6:00,5.135000229,5.135000229,2.461999893
4/23/2018 7:00,4.643000126,4.643000126,2.039999962
4/23/2018 8:00,4.361999989,4.361999989,2.39199996
4/23/2018 9:00,4.290999889,4.290999889,3.165999889
4/23/2018 10:00,3.657999992,3.657999992,3.799000025
4/23/2018 11:00,3.165999889,3.165999889,4.712999821
4/23/2018 12:00,3.51699996,3.51699996,4.290999889
4/23/2018 13:00,3.236000061,3.236000061,4.290999889
4/23/2018 14:00,3.236000061,3.236000061,6.261000156
4/23/2018 15:00,3.727999926,3.727999926,3.938999891
4/23/2018 16:00,5.205999851,5.205999851,1.758999944
4/23/2018 17:00,5.697999954,5.697999954,1.758999944
4/23/2018 18:00,5.205999851,5.205999851,1.758999944
4/23/2018 19:00,5.55700016,5.55700016,1.758999944
4/23/2018 20:00,4.643000126,4.643000126,1.758999944
4/23/2018 21:00,5.486999989,5.486999989,1.758999944
4/23/2018 22:00,6.050000191,6.050000191,1.758999944
4/23/2018 23:00,5.135000229,5.135000229,1.758999944
4/24/2018 0:00,6.261000156,6.261000156,2.743999958
4/24/2018 1:00,6.40199995,6.40199995,3.025000095
4/24/2018 2:00,6.612999916,6.612999916,3.025000095
4/24/2018 3:00,6.261000156,6.261000156,3.236000061
4/24/2018 4:00,6.683000088,6.683000088,2.884000063
4/24/2018 5:00,6.330999851,6.330999851,2.743999958
4/24/2018 6:00,6.752999783,6.752999783,2.461999893
4/24/2018 7:00,6.541999817,6.541999817,2.039999962
4/24/2018 8:00,6.261000156,6.261000156,2.39199996
4/24/2018 9:00,6.964000225,6.964000225,3.165999889
4/24/2018 10:00,6.472000122,6.472000122,3.799000025
4/24/2018 11:00,7.105000019,7.105000019,4.712999821
4/24/2018 12:00,7.175000191,7.175000191,4.290999889
4/24/2018 13:00,8.020000458,8.020000458,4.290999889
4/24/2018 14:00,8.159999847,8.159999847,6.261000156
4/24/2018 15:00,8.652999878,8.652999878,3.938999891
4/24/2018 16:00,8.230999947,8.230999947,1.758999944
4/24/2018 17:00,7.668000221,7.668000221,1.758999944
4/24/2018 18:00,8.442000389,8.442000389,1.758999944
4/24/2018 19:00,7.948999882,7.948999882,1.758999944
4/24/2018 20:00,7.809000015,7.809000015,1.758999944
4/24/2018 21:00,7.737999916,7.737999916,1.758999944
4/24/2018 22:00,7.386000156,7.386000156,1.758999944
4/24/2018 23:00,7.668000221,7.668000221,1.758999944
4/25/2018 0:00,7.456999779,7.456999779,2.743999958
4/25/2018 1:00,7.315999985,7.315999985,3.025000095
4/25/2018 2:00,7.809000015,7.809000015,3.025000095
4/25/2018 3:00,7.52699995,7.52699995,3.236000061
4/25/2018 4:00,6.541999817,6.541999817,2.884000063
4/25/2018 5:00,7.034999847,7.034999847,2.743999958
4/25/2018 6:00,7.879000187,7.879000187,2.461999893
4/25/2018 7:00,9.074999809,9.074999809,2.039999962
4/25/2018 8:00,8.020000458,8.020000458,2.39199996
4/25/2018 9:00,8.512000084,8.512000084,3.165999889
4/25/2018 10:00,9.496999741,9.496999741,3.799000025
4/25/2018 11:00,9.145000458,9.145000458,4.712999821
4/25/2018 12:00,9.567000389,9.567000389,4.290999889
4/25/2018 13:00,8.86400032,8.86400032,4.290999889
4/25/2018 14:00,9.848999977,9.848999977,6.261000156
4/25/2018 15:00,10.19999981,10.19999981,3.938999891
4/25/2018 16:00,9.98900032,9.98900032,1.758999944
4/25/2018 17:00,10.55200005,10.55200005,1.758999944
4/25/2018 18:00,10.27099991,10.27099991,1.758999944
4/25/2018 19:00,9.425999641,9.425999641,1.758999944
4/25/2018 20:00,8.512000084,8.512000084,1.758999944
4/25/2018 21:00,9.074999809,9.074999809,1.758999944
4/25/2018 22:00,8.934000015,8.934000015,1.758999944
4/25/2018 23:00,8.512000084,8.512000084,1.758999944
4/26/2018 0:00,8.722999573,8.722999573,2.743999958
4/26/2018 1:00,8.512000084,8.512000084,3.025000095
4/26/2018 2:00,9.215000153,9.215000153,3.025000095
4/26/2018 3:00,9.425999641,9.425999641,3.236000061
4/26/2018 4:00,9.355999947,9.355999947,2.884000063
4/26/2018 5:00,9.567000389,9.567000389,2.743999958
4/26/2018 6:00,9.074999809,9.074999809,2.461999893
4/26/2018 7:00,9.848999977,9.848999977,2.039999962
4/26/2018 8:00,10.27099991,10.27099991,2.39199996
4/26/2018 9:00,9.848999977,9.848999977,3.165999889
4/26/2018 10:00,9.98900032,9.98900032,3.799000025
4/26/2018 11:00,10.69299984,10.69299984,4.712999821
4/26/2018 12:00,10.83300018,10.83300018,4.290999889
4/26/2018 13:00,10.62199974,10.62199974,4.290999889
4/26/2018 14:00,11.11499977,11.11499977,6.261000156
4/26/2018 15:00,10.48200035,10.48200035,3.938999891
4/26/2018 16:00,11.60700035,11.60700035,1.758999944
4/26/2018 17:00,11.32600021,11.32600021,1.758999944
4/26/2018 18:00,10.06000042,10.06000042,1.758999944
4/26/2018 19:00,10.3409996,10.3409996,1.758999944
4/26/2018 20:00,9.777999878,9.777999878,1.758999944
4/26/2018 21:00,10.13000011,10.13000011,1.758999944
4/26/2018 22:00,10.48200035,10.48200035,1.758999944
4/26/2018 23:00,9.848999977,9.848999977,1.758999944
4/27/2018 0:00,9.777999878,9.777999878,2.743999958
4/27/2018 1:00,9.918999672,9.918999672,3.025000095
4/27/2018 2:00,9.918999672,9.918999672,3.025000095
4/27/2018 3:00,9.425999641,9.425999641,3.236000061
4/27/2018 4:00,9.496999741,9.496999741,2.884000063
4/27/2018 5:00,9.637999535,9.637999535,2.743999958
4/27/2018 6:00,9.777999878,9.777999878,2.461999893
4/27/2018 7:00,10.3409996,10.3409996,2.039999962
4/27/2018 8:00,11.18500042,11.18500042,2.39199996
4/27/2018 9:00,11.25599957,11.25599957,3.165999889
4/27/2018 10:00,11.67800045,11.67800045,3.799000025
4/27/2018 11:00,11.32600021,11.32600021,4.712999821
4/27/2018 12:00,11.60700035,11.60700035,4.290999889
4/27/2018 13:00,12.7329998,12.7329998,4.290999889
4/27/2018 14:00,13.08500004,13.08500004,6.261000156
4/27/2018 15:00,13.9989996,13.9989996,3.938999891
4/27/2018 16:00,14.21000004,14.21000004,1.758999944
4/27/2018 17:00,13.9989996,13.9989996,1.758999944
4/27/2018 18:00,13.71800041,13.71800041,1.758999944
4/27/2018 19:00,12.45100021,12.45100021,1.758999944
4/27/2018 20:00,11.67800045,11.67800045,1.758999944
4/27/2018 21:00,11.32600021,11.32600021,1.758999944
4/27/2018 22:00,11.04399967,11.04399967,1.758999944
4/27/2018 23:00,10.97399998,10.97399998,1.758999944
4/28/2018 0:00,10.83300018,10.83300018,2.743999958
4/28/2018 1:00,10.69299984,10.69299984,3.025000095
4/28/2018 2:00,10.97399998,10.97399998,3.025000095
4/28/2018 3:00,9.567000389,9.567000389,3.236000061
4/28/2018 4:00,9.567000389,9.567000389,2.884000063
4/28/2018 5:00,9.496999741,9.496999741,2.743999958
4/28/2018 6:00,9.496999741,9.496999741,2.461999893
4/28/2018 7:00,9.637999535,9.637999535,2.039999962
4/28/2018 8:00,10.19999981,10.19999981,2.39199996
4/28/2018 9:00,10.06000042,10.06000042,3.165999889
4/28/2018 10:00,10.83300018,10.83300018,3.799000025
4/28/2018 11:00,10.83300018,10.83300018,4.712999821
4/28/2018 12:00,11.32600021,11.32600021,4.290999889
4/28/2018 13:00,11.81799984,11.81799984,4.290999889
4/28/2018 14:00,12.80300045,12.80300045,6.261000156
4/28/2018 15:00,13.22500038,13.22500038,3.938999891
4/28/2018 16:00,13.9289999,13.9289999,1.758999944
4/28/2018 17:00,13.08500004,13.08500004,1.758999944
4/28/2018 18:00,12.59200001,12.59200001,1.758999944
4/28/2018 19:00,11.81799984,11.81799984,1.758999944
4/28/2018 20:00,11.5369997,11.5369997,1.758999944
4/28/2018 21:00,11.11499977,11.11499977,1.758999944
4/28/2018 22:00,10.83300018,10.83300018,1.758999944
4/28/2018 23:00,10.69299984,10.69299984,1.758999944
4/29/2018 0:00,10.90400028,10.90400028,2.743999958
4/29/2018 1:00,11.60700035,11.60700035,3.025000095
4/29/2018 2:00,11.60700035,11.60700035,3.025000095
4/29/2018 3:00,11.18500042,11.18500042,3.236000061
4/29/2018 4:00,11.74800014,11.74800014,2.884000063
4/29/2018 5:00,11.60700035,11.60700035,2.743999958
4/29/2018 6:00,11.32600021,11.32600021,2.461999893
4/29/2018 7:00,11.95899963,11.95899963,2.039999962
4/29/2018 8:00,12.59200001,12.59200001,2.39199996
4/29/2018 9:00,12.6619997,12.6619997,3.165999889
4/29/2018 10:00,12.59200001,12.59200001,3.799000025
4/29/2018 11:00,12.02900028,12.02900028,4.712999821
4/29/2018 12:00,12.52200031,12.52200031,4.290999889
4/29/2018 13:00,11.95899963,11.95899963,4.290999889
4/29/2018 14:00,12.80300045,12.80300045,6.261000156
4/29/2018 15:00,12.6619997,12.6619997,3.938999891
4/29/2018 16:00,12.45100021,12.45100021,1.758999944
4/29/2018 17:00,13.29599953,13.29599953,1.758999944
4/29/2018 18:00,12.94400024,12.94400024,1.758999944
4/29/2018 19:00,12.7329998,12.7329998,1.758999944
4/29/2018 20:00,12.6619997,12.6619997,1.758999944
4/29/2018 21:00,12.45100021,12.45100021,1.758999944
4/29/2018 22:00,12.52200031,12.52200031,1.758999944
4/29/2018 23:00,12.38099957,12.38099957,1.758999944
4/30/2018 0:00,12.7329998,12.7329998,2.743999958
4/30/2018 1:00,12.52200031,12.52200031,3.025000095
4/30/2018 2:00,12.10000038,12.10000038,3.025000095
4/30/2018 3:00,11.67800045,11.67800045,3.236000061
4/30/2018 4:00,11.88899994,11.88899994,2.884000063
4/30/2018 5:00,12.59200001,12.59200001,2.743999958
4/30/2018 6:00,12.7329998,12.7329998,2.461999893
4/30/2018 7:00,12.94400024,12.94400024,2.039999962
4/30/2018 8:00,12.8739996,12.8739996,2.39199996
4/30/2018 9:00,12.52200031,12.52200031,3.165999889
4/30/2018 10:00,13.71800041,13.71800041,3.799000025
4/30/2018 11:00,13.64700031,13.64700031,4.712999821
4/30/2018 12:00,14.56200027,14.56200027,4.290999889
4/30/2018 13:00,14.84300041,14.84300041,4.290999889
4/30/2018 14:00,15.0539999,15.0539999,6.261000156
4/30/2018 15:00,15.89799976,15.89799976,3.938999891
4/30/2018 16:00,16.81299973,16.81299973,1.758999944
4/30/2018 17:00,15.82800007,15.82800007,1.758999944
4/30/2018 18:00,14.77299976,14.77299976,1.758999944
4/30/2018 19:00,14.49100018,14.49100018,1.758999944
4/30/2018 20:00,13.57699966,13.57699966,1.758999944
4/30/2018 21:00,13.22500038,13.22500038,1.758999944
4/30/2018 22:00,13.50699997,13.50699997,1.758999944
4/30/2018 23:00,13.36600018,13.36600018,1.758999944
5/1/2018 0:00,13.43599987,13.43599987,2.743999958
5/1/2018 1:00,13.43599987,13.43599987,3.025000095
5/1/2018 2:00,13.57699966,13.57699966,3.025000095
5/1/2018 3:00,13.43599987,13.43599987,3.236000061
5/1/2018 4:00,13.08500004,13.08500004,2.884000063
5/1/2018 5:00,13.64700031,13.64700031,2.743999958
5/1/2018 6:00,13.78800011,13.78800011,2.461999893
5/1/2018 7:00,13.9989996,13.9989996,2.039999962
5/1/2018 8:00,14.06900024,14.06900024,2.39199996
5/1/2018 9:00,13.43599987,13.43599987,3.165999889
5/1/2018 10:00,13.57699966,13.57699966,3.799000025
5/1/2018 11:00,12.8739996,12.8739996,4.712999821
5/1/2018 12:00,12.8739996,12.8739996,4.290999889
5/1/2018 13:00,12.38099957,12.38099957,4.290999889
5/1/2018 14:00,12.7329998,12.7329998,6.261000156
5/1/2018 15:00,13.50699997,13.50699997,3.938999891
5/1/2018 16:00,13.43599987,13.43599987,1.758999944
5/1/2018 17:00,13.64700031,13.64700031,1.758999944
5/1/2018 18:00,7.52699995,7.52699995,1.758999944
5/1/2018 19:00,5.768000126,5.768000126,1.758999944
5/1/2018 20:00,8.020000458,8.020000458,1.758999944
5/1/2018 21:00,9.777999878,9.777999878,1.758999944
5/1/2018 22:00,10.83300018,10.83300018,1.758999944
5/1/2018 23:00,10.48200035,10.48200035,1.758999944
5/2/2018 0:00,10.48200035,10.48200035,2.743999958
5/2/2018 1:00,10.3409996,10.3409996,3.025000095
5/2/2018 2:00,10.19999981,10.19999981,3.025000095
5/2/2018 3:00,10.06000042,10.06000042,3.236000061
5/2/2018 4:00,9.567000389,9.567000389,2.884000063
5/2/2018 5:00,9.637999535,9.637999535,2.743999958
5/2/2018 6:00,10.13000011,10.13000011,2.461999893
5/2/2018 7:00,9.215000153,9.215000153,2.039999962
5/2/2018 8:00,9.215000153,9.215000153,2.39199996
5/2/2018 9:00,9.708000183,9.708000183,3.165999889
5/2/2018 10:00,9.286000252,9.286000252,3.799000025
5/2/2018 11:00,9.425999641,9.425999641,4.712999821
5/2/2018 12:00,9.918999672,9.918999672,4.290999889
5/2/2018 13:00,9.918999672,9.918999672,4.290999889
5/2/2018 14:00,9.918999672,9.918999672,6.261000156
5/2/2018 15:00,10.27099991,10.27099991,3.938999891
5/2/2018 16:00,10.48200035,10.48200035,1.758999944
5/2/2018 17:00,10.62199974,10.62199974,1.758999944
5/2/2018 18:00,10.83300018,10.83300018,1.758999944
5/2/2018 19:00,10.06000042,10.06000042,1.758999944
5/2/2018 20:00,10.13000011,10.13000011,1.758999944
5/2/2018 21:00,9.074999809,9.074999809,1.758999944
5/2/2018 22:00,8.020000458,8.020000458,1.758999944
5/2/2018 23:00,7.737999916,7.737999916,1.758999944
5/3/2018 0:00,8.230999947,8.230999947,2.743999958
5/3/2018 1:00,7.809000015,7.809000015,3.025000095
5/3/2018 2:00,8.230999947,8.230999947,3.025000095
5/3/2018 3:00,8.722999573,8.722999573,3.236000061
5/3/2018 4:00,8.581999779,8.581999779,2.884000063
5/3/2018 5:00,8.37100029,8.37100029,2.743999958
5/3/2018 6:00,8.652999878,8.652999878,2.461999893
5/3/2018 7:00,9.637999535,9.637999535,2.039999962
5/3/2018 8:00,9.918999672,9.918999672,2.39199996
5/3/2018 9:00,9.708000183,9.708000183,3.165999889
5/3/2018 10:00,9.496999741,9.496999741,3.799000025
5/3/2018 11:00,9.215000153,9.215000153,4.712999821
5/3/2018 12:00,9.777999878,9.777999878,4.290999889
5/3/2018 13:00,10.62199974,10.62199974,4.290999889
5/3/2018 14:00,12.02900028,12.02900028,6.261000156
5/3/2018 15:00,12.94400024,12.94400024,3.938999891
5/3/2018 16:00,13.8579998,13.8579998,1.758999944
5/3/2018 17:00,12.94400024,12.94400024,1.758999944
5/3/2018 18:00,13.29599953,13.29599953,1.758999944
5/3/2018 19:00,11.5369997,11.5369997,1.758999944
5/3/2018 20:00,11.39599991,11.39599991,1.758999944
5/3/2018 21:00,11.32600021,11.32600021,1.758999944
5/3/2018 22:00,10.97399998,10.97399998,1.758999944
5/3/2018 23:00,10.90400028,10.90400028,1.758999944
5/4/2018 0:00,10.41100025,10.41100025,2.743999958
5/4/2018 1:00,10.3409996,10.3409996,3.025000095
5/4/2018 2:00,10.13000011,10.13000011,3.025000095
5/4/2018 3:00,10.06000042,10.06000042,3.236000061
5/4/2018 4:00,10.19999981,10.19999981,2.884000063
5/4/2018 5:00,10.27099991,10.27099991,2.743999958
5/4/2018 6:00,10.19999981,10.19999981,2.461999893
5/4/2018 7:00,11.04399967,11.04399967,2.039999962
5/4/2018 8:00,11.5369997,11.5369997,2.39199996
5/4/2018 9:00,10.97399998,10.97399998,3.165999889
5/4/2018 10:00,11.32600021,11.32600021,3.799000025
5/4/2018 11:00,12.02900028,12.02900028,4.712999821
5/4/2018 12:00,12.31099987,12.31099987,4.290999889
5/4/2018 13:00,13.15499973,13.15499973,4.290999889
5/4/2018 14:00,14.21000004,14.21000004,6.261000156
5/4/2018 15:00,14.49100018,14.49100018,3.938999891
5/4/2018 16:00,15.54699993,15.54699993,1.758999944
5/4/2018 17:00,13.78800011,13.78800011,1.758999944
5/4/2018 18:00,13.50699997,13.50699997,1.758999944
5/4/2018 19:00,12.6619997,12.6619997,1.758999944
5/4/2018 20:00,12.6619997,12.6619997,1.758999944
5/4/2018 21:00,12.6619997,12.6619997,1.758999944
5/4/2018 22:00,12.45100021,12.45100021,1.758999944
5/4/2018 23:00,12.52200031,12.52200031,1.758999944
5/5/2018 0:00,11.95899963,11.95899963,2.743999958
5/5/2018 1:00,12.23999977,12.23999977,3.025000095
5/5/2018 2:00,12.10000038,12.10000038,3.025000095
5/5/2018 3:00,11.88899994,11.88899994,3.236000061
5/5/2018 4:00,11.46700001,11.46700001,2.884000063
5/5/2018 5:00,8.722999573,8.722999573,2.743999958
5/5/2018 6:00,10.83300018,10.83300018,2.461999893
5/5/2018 7:00,7.315999985,7.315999985,2.039999962
5/5/2018 8:00,9.708000183,9.708000183,2.39199996
5/5/2018 9:00,6.683000088,6.683000088,3.165999889
5/5/2018 10:00,8.86400032,8.86400032,3.799000025
5/5/2018 11:00,10.13000011,10.13000011,4.712999821
5/5/2018 12:00,11.04399967,11.04399967,4.290999889
5/5/2018 13:00,11.18500042,11.18500042,4.290999889
5/5/2018 14:00,11.04399967,11.04399967,6.261000156
5/5/2018 15:00,11.32600021,11.32600021,3.938999891
5/5/2018 16:00,11.60700035,11.60700035,1.758999944
5/5/2018 17:00,11.60700035,11.60700035,1.758999944
5/5/2018 18:00,11.5369997,11.5369997,1.758999944
5/5/2018 19:00,11.5369997,11.5369997,1.758999944
5/5/2018 20:00,11.81799984,11.81799984,1.758999944
5/5/2018 21:00,11.5369997,11.5369997,1.758999944
5/5/2018 22:00,11.67800045,11.67800045,1.758999944
5/5/2018 23:00,11.74800014,11.74800014,1.758999944
5/6/2018 0:00,11.74800014,11.74800014,2.743999958
5/6/2018 1:00,12.02900028,12.02900028,3.025000095
5/6/2018 2:00,12.23999977,12.23999977,3.025000095
5/6/2018 3:00,12.23999977,12.23999977,3.236000061
5/6/2018 4:00,11.81799984,11.81799984,2.884000063
5/6/2018 5:00,12.45100021,12.45100021,2.743999958
5/6/2018 6:00,12.23999977,12.23999977,2.461999893
5/6/2018 7:00,12.38099957,12.38099957,2.039999962
5/6/2018 8:00,12.02900028,12.02900028,2.39199996
5/6/2018 9:00,10.69299984,10.69299984,3.165999889
5/6/2018 10:00,11.88899994,11.88899994,3.799000025
5/6/2018 11:00,10.90400028,10.90400028,4.712999821
5/6/2018 12:00,7.105000019,7.105000019,4.290999889
5/6/2018 13:00,8.934000015,8.934000015,4.290999889
5/6/2018 14:00,9.286000252,9.286000252,6.261000156
5/6/2018 15:00,9.074999809,9.074999809,3.938999891
5/6/2018 16:00,9.567000389,9.567000389,1.758999944
5/6/2018 17:00,7.668000221,7.668000221,1.758999944
5/6/2018 18:00,9.567000389,9.567000389,1.758999944
5/6/2018 19:00,8.934000015,8.934000015,1.758999944
5/6/2018 20:00,5.697999954,5.697999954,1.758999944
5/6/2018 21:00,8.020000458,8.020000458,1.758999944
5/6/2018 22:00,7.456999779,7.456999779,1.758999944
5/6/2018 23:00,7.597000122,7.597000122,1.758999944
5/7/2018 0:00,7.948999882,7.948999882,2.743999958
5/7/2018 1:00,7.456999779,7.456999779,3.025000095
5/7/2018 2:00,7.456999779,7.456999779,3.025000095
5/7/2018 3:00,7.668000221,7.668000221,3.236000061
5/7/2018 4:00,8.090000153,8.090000153,2.884000063
5/7/2018 5:00,8.442000389,8.442000389,2.743999958
5/7/2018 6:00,8.652999878,8.652999878,2.461999893
5/7/2018 7:00,8.512000084,8.512000084,2.039999962
5/7/2018 8:00,8.300999641,8.300999641,2.39199996
5/7/2018 9:00,7.948999882,7.948999882,3.165999889
5/7/2018 10:00,8.159999847,8.159999847,3.799000025
5/7/2018 11:00,8.230999947,8.230999947,4.712999821
5/7/2018 12:00,8.722999573,8.722999573,4.290999889
5/7/2018 13:00,8.230999947,8.230999947,4.290999889
5/7/2018 14:00,8.159999847,8.159999847,6.261000156
5/7/2018 15:00,7.737999916,7.737999916,3.938999891
5/7/2018 16:00,7.386000156,7.386000156,1.758999944
5/7/2018 17:00,7.315999985,7.315999985,1.758999944
5/7/2018 18:00,7.737999916,7.737999916,1.758999944
5/7/2018 19:00,8.722999573,8.722999573,1.758999944
5/7/2018 20:00,8.86400032,8.86400032,1.758999944
5/7/2018 21:00,9.074999809,9.074999809,1.758999944
5/7/2018 22:00,8.442000389,8.442000389,1.758999944
5/7/2018 23:00,8.300999641,8.300999641,1.758999944
5/8/2018 0:00,8.512000084,8.512000084,2.743999958
5/8/2018 1:00,8.020000458,8.020000458,3.025000095
5/8/2018 2:00,7.737999916,7.737999916,3.025000095
5/8/2018 3:00,7.245999813,7.245999813,3.236000061
5/8/2018 4:00,7.105000019,7.105000019,2.884000063
5/8/2018 5:00,7.597000122,7.597000122,2.743999958
5/8/2018 6:00,8.300999641,8.300999641,2.461999893
5/8/2018 7:00,6.964000225,6.964000225,2.039999962
5/8/2018 8:00,7.456999779,7.456999779,2.39199996
5/8/2018 9:00,7.809000015,7.809000015,3.165999889
5/8/2018 10:00,8.300999641,8.300999641,3.799000025
5/8/2018 11:00,8.581999779,8.581999779,4.712999821
5/8/2018 12:00,8.934000015,8.934000015,4.290999889
5/8/2018 13:00,10.13000011,10.13000011,4.290999889
5/8/2018 14:00,10.41100025,10.41100025,6.261000156
5/8/2018 15:00,11.88899994,11.88899994,3.938999891
5/8/2018 16:00,12.59200001,12.59200001,1.758999944
5/8/2018 17:00,12.31099987,12.31099987,1.758999944
5/8/2018 18:00,11.74800014,11.74800014,1.758999944
5/8/2018 19:00,10.62199974,10.62199974,1.758999944
5/8/2018 20:00,10.19999981,10.19999981,1.758999944
5/8/2018 21:00,9.496999741,9.496999741,1.758999944
5/8/2018 22:00,9.708000183,9.708000183,1.758999944
5/8/2018 23:00,9.074999809,9.074999809,1.758999944
5/9/2018 0:00,8.581999779,8.581999779,2.743999958
5/9/2018 1:00,8.230999947,8.230999947,3.025000095
5/9/2018 2:00,8.159999847,8.159999847,3.025000095
5/9/2018 3:00,7.809000015,7.809000015,3.236000061
5/9/2018 4:00,7.175000191,7.175000191,2.884000063
5/9/2018 5:00,7.034999847,7.034999847,2.743999958
5/9/2018 6:00,7.034999847,7.034999847,2.461999893
5/9/2018 7:00,7.879000187,7.879000187,2.039999962
5/9/2018 8:00,8.230999947,8.230999947,2.39199996
5/9/2018 9:00,8.230999947,8.230999947,3.165999889
5/9/2018 10:00,8.581999779,8.581999779,3.799000025
5/9/2018 11:00,9.074999809,9.074999809,4.712999821
5/9/2018 12:00,9.567000389,9.567000389,4.290999889
5/9/2018 13:00,10.3409996,10.3409996,4.290999889
5/9/2018 14:00,11.60700035,11.60700035,6.261000156
5/9/2018 15:00,12.38099957,12.38099957,3.938999891
5/9/2018 16:00,12.6619997,12.6619997,1.758999944
5/9/2018 17:00,12.8739996,12.8739996,1.758999944
5/9/2018 18:00,12.23999977,12.23999977,1.758999944
5/9/2018 19:00,11.60700035,11.60700035,1.758999944
5/9/2018 20:00,10.76299953,10.76299953,1.758999944
5/9/2018 21:00,9.708000183,9.708000183,1.758999944
5/9/2018 22:00,9.425999641,9.425999641,1.758999944
5/9/2018 23:00,8.722999573,8.722999573,1.758999944
5/10/2018 0:00,7.948999882,7.948999882,2.743999958
5/10/2018 1:00,7.668000221,7.668000221,3.025000095
5/10/2018 2:00,7.315999985,7.315999985,3.025000095
5/10/2018 3:00,6.752999783,6.752999783,3.236000061
5/10/2018 4:00,6.330999851,6.330999851,2.884000063
5/10/2018 5:00,6.119999886,6.119999886,2.743999958
5/10/2018 6:00,6.050000191,6.050000191,2.461999893
5/10/2018 7:00,6.40199995,6.40199995,2.039999962
5/10/2018 8:00,6.612999916,6.612999916,2.39199996
5/10/2018 9:00,6.683000088,6.683000088,3.165999889
5/10/2018 10:00,7.456999779,7.456999779,3.799000025
5/10/2018 11:00,7.105000019,7.105000019,4.712999821
5/10/2018 12:00,8.159999847,8.159999847,4.290999889
5/10/2018 13:00,8.512000084,8.512000084,4.290999889
5/10/2018 14:00,9.637999535,9.637999535,6.261000156
5/10/2018 15:00,10.13000011,10.13000011,3.938999891
5/10/2018 16:00,10.06000042,10.06000042,1.758999944
5/10/2018 17:00,9.918999672,9.918999672,1.758999944
5/10/2018 18:00,9.567000389,9.567000389,1.758999944
5/10/2018 19:00,9.286000252,9.286000252,1.758999944
5/10/2018 20:00,8.581999779,8.581999779,1.758999944
5/10/2018 21:00,8.230999947,8.230999947,1.758999944
5/10/2018 22:00,8.37100029,8.37100029,1.758999944
5/10/2018 23:00,7.948999882,7.948999882,1.758999944
5/11/2018 0:00,7.809000015,7.809000015,2.743999958
5/11/2018 1:00,7.597000122,7.597000122,3.025000095
5/11/2018 2:00,7.809000015,7.809000015,3.025000095
5/11/2018 3:00,7.737999916,7.737999916,3.236000061
5/11/2018 4:00,7.809000015,7.809000015,2.884000063
5/11/2018 5:00,8.300999641,8.300999641,2.743999958
5/11/2018 6:00,8.652999878,8.652999878,2.461999893
5/11/2018 7:00,8.793000221,8.793000221,2.039999962
5/11/2018 8:00,8.722999573,8.722999573,2.39199996
5/11/2018 9:00,9.496999741,9.496999741,3.165999889
5/11/2018 10:00,10.48200035,10.48200035,3.799000025
5/11/2018 11:00,11.04399967,11.04399967,4.712999821
5/11/2018 12:00,11.60700035,11.60700035,4.290999889
5/11/2018 13:00,12.10000038,12.10000038,4.290999889
5/11/2018 14:00,11.25599957,11.25599957,6.261000156
5/11/2018 15:00,10.97399998,10.97399998,3.938999891
5/11/2018 16:00,11.39599991,11.39599991,1.758999944
5/11/2018 17:00,11.11499977,11.11499977,1.758999944
5/11/2018 18:00,10.69299984,10.69299984,1.758999944
5/11/2018 19:00,10.76299953,10.76299953,1.758999944
5/11/2018 20:00,11.46700001,11.46700001,1.758999944
5/11/2018 21:00,11.39599991,11.39599991,1.758999944
5/11/2018 22:00,11.88899994,11.88899994,1.758999944
5/11/2018 23:00,11.88899994,11.88899994,1.758999944
5/12/2018 0:00,11.81799984,11.81799984,2.743999958
5/12/2018 1:00,11.46700001,11.46700001,3.025000095
5/12/2018 2:00,11.60700035,11.60700035,3.025000095
5/12/2018 3:00,9.848999977,9.848999977,3.236000061
5/12/2018 4:00,8.37100029,8.37100029,2.884000063
5/12/2018 5:00,10.13000011,10.13000011,2.743999958
5/12/2018 6:00,10.76299953,10.76299953,2.461999893
5/12/2018 7:00,8.442000389,8.442000389,2.039999962
5/12/2018 8:00,8.300999641,8.300999641,2.39199996
5/12/2018 9:00,9.777999878,9.777999878,3.165999889
5/12/2018 10:00,10.55200005,10.55200005,3.799000025
5/12/2018 11:00,10.90400028,10.90400028,4.712999821
5/12/2018 12:00,11.04399967,11.04399967,4.290999889
5/12/2018 13:00,10.62199974,10.62199974,4.290999889
5/12/2018 14:00,10.83300018,10.83300018,6.261000156
5/12/2018 15:00,10.69299984,10.69299984,3.938999891
5/12/2018 16:00,10.90400028,10.90400028,1.758999944
5/12/2018 17:00,10.55200005,10.55200005,1.758999944
5/12/2018 18:00,11.11499977,11.11499977,1.758999944
5/12/2018 19:00,11.04399967,11.04399967,1.758999944
5/12/2018 20:00,10.69299984,10.69299984,1.758999944
5/12/2018 21:00,10.27099991,10.27099991,1.758999944
5/12/2018 22:00,10.13000011,10.13000011,1.758999944
5/12/2018 23:00,10.3409996,10.3409996,1.758999944
5/13/2018 0:00,10.48200035,10.48200035,2.743999958
5/13/2018 1:00,10.3409996,10.3409996,3.025000095
5/13/2018 2:00,9.918999672,9.918999672,3.025000095
5/13/2018 3:00,9.98900032,9.98900032,3.236000061
5/13/2018 4:00,10.19999981,10.19999981,2.884000063
5/13/2018 5:00,9.98900032,9.98900032,2.743999958
5/13/2018 6:00,10.27099991,10.27099991,2.461999893
5/13/2018 7:00,10.83300018,10.83300018,2.039999962
5/13/2018 8:00,10.55200005,10.55200005,2.39199996
5/13/2018 9:00,11.32600021,11.32600021,3.165999889
5/13/2018 10:00,11.5369997,11.5369997,3.799000025
5/13/2018 11:00,12.38099957,12.38099957,4.712999821
5/13/2018 12:00,12.45100021,12.45100021,4.290999889
5/13/2018 13:00,13.08500004,13.08500004,4.290999889
5/13/2018 14:00,13.36600018,13.36600018,6.261000156
5/13/2018 15:00,14.49100018,14.49100018,3.938999891
5/13/2018 16:00,15.26500034,15.26500034,1.758999944
5/13/2018 17:00,15.54699993,15.54699993,1.758999944
5/13/2018 18:00,14.42099953,14.42099953,1.758999944
5/13/2018 19:00,13.43599987,13.43599987,1.758999944
5/13/2018 20:00,13.29599953,13.29599953,1.758999944
5/13/2018 21:00,12.94400024,12.94400024,1.758999944
5/13/2018 22:00,12.6619997,12.6619997,1.758999944
5/13/2018 23:00,12.52200031,12.52200031,1.758999944
5/14/2018 0:00,12.45100021,12.45100021,2.743999958
5/14/2018 1:00,12.52200031,12.52200031,3.025000095
5/14/2018 2:00,12.7329998,12.7329998,3.025000095
5/14/2018 3:00,12.7329998,12.7329998,3.236000061
5/14/2018 4:00,12.59200001,12.59200001,2.884000063
5/14/2018 5:00,12.45100021,12.45100021,2.743999958
5/14/2018 6:00,12.7329998,12.7329998,2.461999893
5/14/2018 7:00,12.45100021,12.45100021,2.039999962
5/14/2018 8:00,13.22500038,13.22500038,2.39199996
5/14/2018 9:00,13.36600018,13.36600018,3.165999889
5/14/2018 10:00,13.71800041,13.71800041,3.799000025
5/14/2018 11:00,14.70300007,14.70300007,4.712999821
5/14/2018 12:00,13.9989996,13.9989996,4.290999889
5/14/2018 13:00,14.70300007,14.70300007,4.290999889
5/14/2018 14:00,15.0539999,15.0539999,6.261000156
5/14/2018 15:00,16.81299973,16.81299973,3.938999891
5/14/2018 16:00,16.32099915,16.32099915,1.758999944
5/14/2018 17:00,16.60199928,16.60199928,1.758999944
5/14/2018 18:00,16.18000031,16.18000031,1.758999944
5/14/2018 19:00,15.75800037,15.75800037,1.758999944
5/14/2018 20:00,15.33600044,15.33600044,1.758999944
5/14/2018 21:00,15.33600044,15.33600044,1.758999944
5/14/2018 22:00,14.98400021,14.98400021,1.758999944
5/14/2018 23:00,14.70300007,14.70300007,1.758999944
5/15/2018 0:00,14.56200027,14.56200027,2.743999958
5/15/2018 1:00,14.14000034,14.14000034,3.025000095
5/15/2018 2:00,14.49100018,14.49100018,3.025000095
5/15/2018 3:00,14.56200027,14.56200027,3.236000061
5/15/2018 4:00,14.27999973,14.27999973,2.884000063
5/15/2018 5:00,14.14000034,14.14000034,2.743999958
5/15/2018 6:00,14.35099983,14.35099983,2.461999893
5/15/2018 7:00,14.56200027,14.56200027,2.039999962
5/15/2018 8:00,16.03899956,16.03899956,2.39199996
5/15/2018 9:00,16.46100044,16.46100044,3.165999889
5/15/2018 10:00,15.19499969,15.19499969,3.799000025
5/15/2018 11:00,14.14000034,14.14000034,4.712999821
5/15/2018 12:00,15.40600014,15.40600014,4.290999889
5/15/2018 13:00,14.42099953,14.42099953,4.290999889
5/15/2018 14:00,15.75800037,15.75800037,6.261000156
5/15/2018 15:00,16.18000031,16.18000031,3.938999891
5/15/2018 16:00,16.88299942,16.88299942,1.758999944
5/15/2018 17:00,16.25,16.25,1.758999944
5/15/2018 18:00,17.16500092,17.16500092,1.758999944
5/15/2018 19:00,16.88299942,16.88299942,1.758999944
5/15/2018 20:00,16.32099915,16.32099915,1.758999944
5/15/2018 21:00,15.96899986,15.96899986,1.758999944
5/15/2018 22:00,15.89799976,15.89799976,1.758999944
5/15/2018 23:00,15.68700027,15.68700027,1.758999944
5/16/2018 0:00,15.96899986,15.96899986,2.743999958
5/16/2018 1:00,16.25,16.25,3.025000095
5/16/2018 2:00,16.10899925,16.10899925,3.025000095
5/16/2018 3:00,16.10899925,16.10899925,3.236000061
5/16/2018 4:00,16.25,16.25,2.884000063
5/16/2018 5:00,16.46100044,16.46100044,2.743999958
5/16/2018 6:00,16.88299942,16.88299942,2.461999893
5/16/2018 7:00,16.67200089,16.67200089,2.039999962
5/16/2018 8:00,15.68700027,15.68700027,2.39199996
5/16/2018 9:00,14.84300041,14.84300041,3.165999889
5/16/2018 10:00,15.33600044,15.33600044,3.799000025
5/16/2018 11:00,14.98400021,14.98400021,4.712999821
5/16/2018 12:00,14.70300007,14.70300007,4.290999889
5/16/2018 13:00,14.98400021,14.98400021,4.290999889
5/16/2018 14:00,15.68700027,15.68700027,6.261000156
5/16/2018 15:00,16.74300003,16.74300003,3.938999891
5/16/2018 16:00,16.10899925,16.10899925,1.758999944
5/16/2018 17:00,16.32099915,16.32099915,1.758999944
5/16/2018 18:00,15.82800007,15.82800007,1.758999944
5/16/2018 19:00,15.54699993,15.54699993,1.758999944
5/16/2018 20:00,16.32099915,16.32099915,1.758999944
5/16/2018 21:00,16.03899956,16.03899956,1.758999944
5/16/2018 22:00,16.67200089,16.67200089,1.758999944
5/16/2018 23:00,15.0539999,15.0539999,1.758999944
5/17/2018 0:00,16.10899925,16.10899925,2.743999958
5/17/2018 1:00,16.60199928,16.60199928,3.025000095
5/17/2018 2:00,14.63199997,14.63199997,3.025000095
5/17/2018 3:00,12.23999977,12.23999977,3.236000061
5/17/2018 4:00,9.708000183,9.708000183,2.884000063
5/17/2018 5:00,8.652999878,8.652999878,2.743999958
5/17/2018 6:00,9.98900032,9.98900032,2.461999893
5/17/2018 7:00,10.97399998,10.97399998,2.039999962
5/17/2018 8:00,8.090000153,8.090000153,2.39199996
5/17/2018 9:00,11.32600021,11.32600021,3.165999889
5/17/2018 10:00,12.38099957,12.38099957,3.799000025
5/17/2018 11:00,13.15499973,13.15499973,4.712999821
5/17/2018 12:00,12.52200031,12.52200031,4.290999889
5/17/2018 13:00,13.01399994,13.01399994,4.290999889
5/17/2018 14:00,13.50699997,13.50699997,6.261000156
5/17/2018 15:00,13.50699997,13.50699997,3.938999891
5/17/2018 16:00,13.9989996,13.9989996,1.758999944
5/17/2018 17:00,13.78800011,13.78800011,1.758999944
5/17/2018 18:00,14.14000034,14.14000034,1.758999944
5/17/2018 19:00,13.78800011,13.78800011,1.758999944
5/17/2018 20:00,13.50699997,13.50699997,1.758999944
5/17/2018 21:00,13.15499973,13.15499973,1.758999944
5/17/2018 22:00,13.43599987,13.43599987,1.758999944
5/17/2018 23:00,13.36600018,13.36600018,1.758999944
5/18/2018 0:00,12.94400024,12.94400024,2.743999958
5/18/2018 1:00,12.94400024,12.94400024,3.025000095
5/18/2018 2:00,13.36600018,13.36600018,3.025000095
5/18/2018 3:00,13.08500004,13.08500004,3.236000061
5/18/2018 4:00,13.08500004,13.08500004,2.884000063
5/18/2018 5:00,12.80300045,12.80300045,2.743999958
5/18/2018 6:00,13.01399994,13.01399994,2.461999893
5/18/2018 7:00,12.94400024,12.94400024,2.039999962
5/18/2018 8:00,12.8739996,12.8739996,2.39199996
5/18/2018 9:00,12.52200031,12.52200031,3.165999889
5/18/2018 10:00,12.52200031,12.52200031,3.799000025
5/18/2018 11:00,12.7329998,12.7329998,4.712999821
5/18/2018 12:00,12.80300045,12.80300045,4.290999889
5/18/2018 13:00,12.59200001,12.59200001,4.290999889
5/18/2018 14:00,12.8739996,12.8739996,6.261000156
5/18/2018 15:00,12.7329998,12.7329998,3.938999891
5/18/2018 16:00,9.425999641,9.425999641,1.758999944
5/18/2018 17:00,8.090000153,8.090000153,1.758999944
5/18/2018 18:00,6.330999851,6.330999851,1.758999944
5/18/2018 19:00,5.346000195,5.346000195,1.758999944
5/18/2018 20:00,6.40199995,6.40199995,1.758999944
5/18/2018 21:00,8.300999641,8.300999641,1.758999944
5/18/2018 22:00,8.652999878,8.652999878,1.758999944
5/18/2018 23:00,8.512000084,8.512000084,1.758999944
5/19/2018 0:00,8.512000084,8.512000084,2.743999958
5/19/2018 1:00,8.512000084,8.512000084,3.025000095
5/19/2018 2:00,8.230999947,8.230999947,3.025000095
5/19/2018 3:00,8.512000084,8.512000084,3.236000061
5/19/2018 4:00,7.809000015,7.809000015,2.884000063
5/19/2018 5:00,7.737999916,7.737999916,2.743999958
5/19/2018 6:00,7.737999916,7.737999916,2.461999893
5/19/2018 7:00,7.948999882,7.948999882,2.039999962
5/19/2018 8:00,7.879000187,7.879000187,2.39199996
5/19/2018 9:00,7.105000019,7.105000019,3.165999889
5/19/2018 10:00,7.597000122,7.597000122,3.799000025
5/19/2018 11:00,7.456999779,7.456999779,4.712999821
5/19/2018 12:00,7.809000015,7.809000015,4.290999889
5/19/2018 13:00,7.879000187,7.879000187,4.290999889
5/19/2018 14:00,8.020000458,8.020000458,6.261000156
5/19/2018 15:00,7.668000221,7.668000221,3.938999891
5/19/2018 16:00,7.456999779,7.456999779,1.758999944
5/19/2018 17:00,7.034999847,7.034999847,1.758999944
5/19/2018 18:00,7.175000191,7.175000191,1.758999944
5/19/2018 19:00,7.034999847,7.034999847,1.758999944
5/19/2018 20:00,6.894000053,6.894000053,1.758999944
5/19/2018 21:00,7.386000156,7.386000156,1.758999944
5/19/2018 22:00,7.315999985,7.315999985,1.758999944
5/19/2018 23:00,7.105000019,7.105000019,1.758999944
5/20/2018 0:00,7.105000019,7.105000019,2.743999958
5/20/2018 1:00,7.105000019,7.105000019,3.025000095
5/20/2018 2:00,6.964000225,6.964000225,3.025000095
5/20/2018 3:00,6.752999783,6.752999783,3.236000061
5/20/2018 4:00,6.823999882,6.823999882,2.884000063
5/20/2018 5:00,6.823999882,6.823999882,2.743999958
5/20/2018 6:00,6.752999783,6.752999783,2.461999893
5/20/2018 7:00,6.823999882,6.823999882,2.039999962
5/20/2018 8:00,7.105000019,7.105000019,2.39199996
5/20/2018 9:00,7.245999813,7.245999813,3.165999889
5/20/2018 10:00,7.386000156,7.386000156,3.799000025
5/20/2018 11:00,7.175000191,7.175000191,4.712999821
5/20/2018 12:00,6.964000225,6.964000225,4.290999889
5/20/2018 13:00,6.823999882,6.823999882,4.290999889
5/20/2018 14:00,6.683000088,6.683000088,6.261000156
5/20/2018 15:00,6.330999851,6.330999851,3.938999891
5/20/2018 16:00,6.541999817,6.541999817,1.758999944
5/20/2018 17:00,4.361999989,4.361999989,1.758999944
5/20/2018 18:00,5.55700016,5.55700016,1.758999944
5/20/2018 19:00,5.627999783,5.627999783,1.758999944
5/20/2018 20:00,5.979000092,5.979000092,1.758999944
5/20/2018 21:00,5.697999954,5.697999954,1.758999944
5/20/2018 22:00,5.90899992,5.90899992,1.758999944
5/20/2018 23:00,5.768000126,5.768000126,1.758999944
5/21/2018 0:00,5.697999954,5.697999954,2.743999958
5/21/2018 1:00,5.416999817,5.416999817,3.025000095
5/21/2018 2:00,5.768000126,5.768000126,3.025000095
5/21/2018 3:00,5.627999783,5.627999783,3.236000061
5/21/2018 4:00,5.697999954,5.697999954,2.884000063
5/21/2018 5:00,6.050000191,6.050000191,2.743999958
5/21/2018 6:00,5.90899992,5.90899992,2.461999893
5/21/2018 7:00,5.979000092,5.979000092,2.039999962
5/21/2018 8:00,6.050000191,6.050000191,2.39199996
5/21/2018 9:00,6.472000122,6.472000122,3.165999889
5/21/2018 10:00,6.40199995,6.40199995,3.799000025
5/21/2018 11:00,6.40199995,6.40199995,4.712999821
5/21/2018 12:00,6.752999783,6.752999783,4.290999889
5/21/2018 13:00,7.105000019,7.105000019,4.290999889
5/21/2018 14:00,7.175000191,7.175000191,6.261000156
5/21/2018 15:00,7.315999985,7.315999985,3.938999891
5/21/2018 16:00,5.627999783,5.627999783,1.758999944
5/21/2018 17:00,4.43200016,4.43200016,1.758999944
5/21/2018 18:00,6.472000122,6.472000122,1.758999944
5/21/2018 19:00,6.472000122,6.472000122,1.758999944
5/21/2018 20:00,6.894000053,6.894000053,1.758999944
5/21/2018 21:00,6.612999916,6.612999916,1.758999944
5/21/2018 22:00,6.894000053,6.894000053,1.758999944
5/21/2018 23:00,6.683000088,6.683000088,1.758999944
5/22/2018 0:00,6.964000225,6.964000225,2.743999958
5/22/2018 1:00,7.315999985,7.315999985,3.025000095
5/22/2018 2:00,7.456999779,7.456999779,3.025000095
5/22/2018 3:00,7.879000187,7.879000187,3.236000061
5/22/2018 4:00,8.300999641,8.300999641,2.884000063
5/22/2018 5:00,9.00399971,9.00399971,2.743999958
5/22/2018 6:00,9.145000458,9.145000458,2.461999893
5/22/2018 7:00,7.456999779,7.456999779,2.039999962
5/22/2018 8:00,6.823999882,6.823999882,2.39199996
5/22/2018 9:00,6.683000088,6.683000088,3.165999889
5/22/2018 10:00,6.40199995,6.40199995,3.799000025
5/22/2018 11:00,3.727999926,3.727999926,4.712999821
5/22/2018 12:00,4.150000095,4.150000095,4.290999889
5/22/2018 13:00,6.541999817,6.541999817,4.290999889
5/22/2018 14:00,6.964000225,6.964000225,6.261000156
5/22/2018 15:00,6.261000156,6.261000156,3.938999891
5/22/2018 16:00,6.119999886,6.119999886,1.758999944
5/22/2018 17:00,6.894000053,6.894000053,1.758999944
5/22/2018 18:00,6.261000156,6.261000156,1.758999944
5/22/2018 19:00,7.034999847,7.034999847,1.758999944
5/22/2018 20:00,7.52699995,7.52699995,1.758999944
5/22/2018 21:00,7.737999916,7.737999916,1.758999944
5/22/2018 22:00,7.809000015,7.809000015,1.758999944
5/22/2018 23:00,6.752999783,6.752999783,1.758999944
5/23/2018 0:00,7.105000019,7.105000019,2.743999958
5/23/2018 1:00,6.612999916,6.612999916,3.025000095
5/23/2018 2:00,6.823999882,6.823999882,3.025000095
5/23/2018 3:00,6.472000122,6.472000122,3.236000061
5/23/2018 4:00,7.597000122,7.597000122,2.884000063
5/23/2018 5:00,6.894000053,6.894000053,2.743999958
5/23/2018 6:00,7.668000221,7.668000221,2.461999893
5/23/2018 7:00,9.215000153,9.215000153,2.039999962
5/23/2018 8:00,9.848999977,9.848999977,2.39199996
5/23/2018 9:00,9.00399971,9.00399971,3.165999889
5/23/2018 10:00,9.286000252,9.286000252,3.799000025
5/23/2018 11:00,9.567000389,9.567000389,4.712999821
5/23/2018 12:00,9.215000153,9.215000153,4.290999889
5/23/2018 13:00,9.215000153,9.215000153,4.290999889
5/23/2018 14:00,10.48200035,10.48200035,6.261000156
5/23/2018 15:00,11.95899963,11.95899963,3.938999891
5/23/2018 16:00,11.67800045,11.67800045,1.758999944
5/23/2018 17:00,11.67800045,11.67800045,1.758999944
5/23/2018 18:00,11.46700001,11.46700001,1.758999944
5/23/2018 19:00,9.918999672,9.918999672,1.758999944
5/23/2018 20:00,9.496999741,9.496999741,1.758999944
5/23/2018 21:00,9.425999641,9.425999641,1.758999944
5/23/2018 22:00,9.286000252,9.286000252,1.758999944
5/23/2018 23:00,8.793000221,8.793000221,1.758999944
5/24/2018 0:00,8.442000389,8.442000389,2.743999958
5/24/2018 1:00,8.722999573,8.722999573,3.025000095
5/24/2018 2:00,8.37100029,8.37100029,3.025000095
5/24/2018 3:00,8.300999641,8.300999641,3.236000061
5/24/2018 4:00,8.230999947,8.230999947,2.884000063
5/24/2018 5:00,8.159999847,8.159999847,2.743999958
5/24/2018 6:00,8.512000084,8.512000084,2.461999893
5/24/2018 7:00,9.145000458,9.145000458,2.039999962
5/24/2018 8:00,9.286000252,9.286000252,2.39199996
5/24/2018 9:00,9.637999535,9.637999535,3.165999889
5/24/2018 10:00,8.86400032,8.86400032,3.799000025
5/24/2018 11:00,9.567000389,9.567000389,4.712999821
5/24/2018 12:00,9.496999741,9.496999741,4.290999889
5/24/2018 13:00,9.074999809,9.074999809,4.290999889
5/24/2018 14:00,9.777999878,9.777999878,6.261000156
5/24/2018 15:00,11.18500042,11.18500042,3.938999891
5/24/2018 16:00,10.76299953,10.76299953,1.758999944
5/24/2018 17:00,9.918999672,9.918999672,1.758999944
5/24/2018 18:00,10.3409996,10.3409996,1.758999944
5/24/2018 19:00,9.918999672,9.918999672,1.758999944
5/24/2018 20:00,9.918999672,9.918999672,1.758999944
5/24/2018 21:00,9.425999641,9.425999641,1.758999944
5/24/2018 22:00,9.355999947,9.355999947,1.758999944
5/24/2018 23:00,9.215000153,9.215000153,1.758999944
5/25/2018 0:00,8.722999573,8.722999573,2.743999958
5/25/2018 1:00,8.512000084,8.512000084,3.025000095
5/25/2018 2:00,8.652999878,8.652999878,3.025000095
5/25/2018 3:00,7.737999916,7.737999916,3.236000061
5/25/2018 4:00,8.512000084,8.512000084,2.884000063
5/25/2018 5:00,9.00399971,9.00399971,2.743999958
5/25/2018 6:00,9.145000458,9.145000458,2.461999893
5/25/2018 7:00,9.425999641,9.425999641,2.039999962
5/25/2018 8:00,9.145000458,9.145000458,2.39199996
5/25/2018 9:00,9.777999878,9.777999878,3.165999889
5/25/2018 10:00,9.918999672,9.918999672,3.799000025
5/25/2018 11:00,9.425999641,9.425999641,4.712999821
5/25/2018 12:00,9.215000153,9.215000153,4.290999889
5/25/2018 13:00,9.215000153,9.215000153,4.290999889
5/25/2018 14:00,8.86400032,8.86400032,6.261000156
5/25/2018 15:00,8.652999878,8.652999878,3.938999891
5/25/2018 16:00,8.512000084,8.512000084,1.758999944
5/25/2018 17:00,8.86400032,8.86400032,1.758999944
5/25/2018 18:00,5.979000092,5.979000092,1.758999944
5/25/2018 19:00,6.823999882,6.823999882,1.758999944
5/25/2018 20:00,5.768000126,5.768000126,1.758999944
5/25/2018 21:00,6.261000156,6.261000156,1.758999944
5/25/2018 22:00,5.697999954,5.697999954,1.758999944
5/25/2018 23:00,6.261000156,6.261000156,1.758999944
5/26/2018 0:00,7.52699995,7.52699995,2.743999958
5/26/2018 1:00,8.090000153,8.090000153,3.025000095
5/26/2018 2:00,7.456999779,7.456999779,3.025000095
5/26/2018 3:00,7.52699995,7.52699995,3.236000061
5/26/2018 4:00,8.230999947,8.230999947,2.884000063
5/26/2018 5:00,8.512000084,8.512000084,2.743999958
5/26/2018 6:00,8.512000084,8.512000084,2.461999893
5/26/2018 7:00,8.37100029,8.37100029,2.039999962
5/26/2018 8:00,7.597000122,7.597000122,2.39199996
5/26/2018 9:00,8.442000389,8.442000389,3.165999889
5/26/2018 10:00,8.159999847,8.159999847,3.799000025
5/26/2018 11:00,8.300999641,8.300999641,4.712999821
5/26/2018 12:00,8.722999573,8.722999573,4.290999889
5/26/2018 13:00,9.425999641,9.425999641,4.290999889
5/26/2018 14:00,9.215000153,9.215000153,6.261000156
5/26/2018 15:00,9.355999947,9.355999947,3.938999891
5/26/2018 16:00,9.425999641,9.425999641,1.758999944
5/26/2018 17:00,9.074999809,9.074999809,1.758999944
5/26/2018 18:00,8.86400032,8.86400032,1.758999944
5/26/2018 19:00,8.934000015,8.934000015,1.758999944
5/26/2018 20:00,8.37100029,8.37100029,1.758999944
5/26/2018 21:00,9.425999641,9.425999641,1.758999944
5/26/2018 22:00,8.86400032,8.86400032,1.758999944
5/26/2018 23:00,9.00399971,9.00399971,1.758999944
5/27/2018 0:00,8.37100029,8.37100029,2.743999958
5/27/2018 1:00,8.86400032,8.86400032,3.025000095
5/27/2018 2:00,9.425999641,9.425999641,3.025000095
5/27/2018 3:00,9.215000153,9.215000153,3.236000061
5/27/2018 4:00,9.425999641,9.425999641,2.884000063
5/27/2018 5:00,9.355999947,9.355999947,2.743999958
5/27/2018 6:00,9.918999672,9.918999672,2.461999893
5/27/2018 7:00,9.777999878,9.777999878,2.039999962
5/27/2018 8:00,9.286000252,9.286000252,2.39199996
5/27/2018 9:00,9.567000389,9.567000389,3.165999889
5/27/2018 10:00,9.567000389,9.567000389,3.799000025
5/27/2018 11:00,9.215000153,9.215000153,4.712999821
5/27/2018 12:00,10.13000011,10.13000011,4.290999889
5/27/2018 13:00,10.76299953,10.76299953,4.290999889
5/27/2018 14:00,10.62199974,10.62199974,6.261000156
5/27/2018 15:00,11.5369997,11.5369997,3.938999891
5/27/2018 16:00,11.60700035,11.60700035,1.758999944
5/27/2018 17:00,11.32600021,11.32600021,1.758999944
5/27/2018 18:00,11.46700001,11.46700001,1.758999944
5/27/2018 19:00,10.48200035,10.48200035,1.758999944
5/27/2018 20:00,10.13000011,10.13000011,1.758999944
5/27/2018 21:00,9.918999672,9.918999672,1.758999944
5/27/2018 22:00,9.848999977,9.848999977,1.758999944
5/27/2018 23:00,10.19999981,10.19999981,1.758999944
5/28/2018 0:00,10.06000042,10.06000042,2.743999958
5/28/2018 1:00,10.13000011,10.13000011,3.025000095
5/28/2018 2:00,10.13000011,10.13000011,3.025000095
5/28/2018 3:00,9.918999672,9.918999672,3.236000061
5/28/2018 4:00,9.708000183,9.708000183,2.884000063
5/28/2018 5:00,9.918999672,9.918999672,2.743999958
5/28/2018 6:00,10.19999981,10.19999981,2.461999893
5/28/2018 7:00,10.97399998,10.97399998,2.039999962
5/28/2018 8:00,10.48200035,10.48200035,2.39199996
5/28/2018 9:00,10.41100025,10.41100025,3.165999889
5/28/2018 10:00,10.27099991,10.27099991,3.799000025
5/28/2018 11:00,10.69299984,10.69299984,4.712999821
5/28/2018 12:00,10.55200005,10.55200005,4.290999889
5/28/2018 13:00,10.69299984,10.69299984,4.290999889
5/28/2018 14:00,11.32600021,11.32600021,6.261000156
5/28/2018 15:00,11.95899963,11.95899963,3.938999891
5/28/2018 16:00,11.5369997,11.5369997,1.758999944
5/28/2018 17:00,11.46700001,11.46700001,1.758999944
5/28/2018 18:00,11.25599957,11.25599957,1.758999944
5/28/2018 19:00,11.11499977,11.11499977,1.758999944
5/28/2018 20:00,10.76299953,10.76299953,1.758999944
5/28/2018 21:00,10.69299984,10.69299984,1.758999944
5/28/2018 22:00,10.76299953,10.76299953,1.758999944
5/28/2018 23:00,10.55200005,10.55200005,1.758999944
5/29/2018 0:00,10.62199974,10.62199974,2.743999958
5/29/2018 1:00,10.48200035,10.48200035,3.025000095
5/29/2018 2:00,10.48200035,10.48200035,3.025000095
5/29/2018 3:00,10.69299984,10.69299984,3.236000061
5/29/2018 4:00,10.83300018,10.83300018,2.884000063
5/29/2018 5:00,10.69299984,10.69299984,2.743999958
5/29/2018 6:00,10.76299953,10.76299953,2.461999893
5/29/2018 7:00,10.69299984,10.69299984,2.039999962
5/29/2018 8:00,11.67800045,11.67800045,2.39199996
5/29/2018 9:00,11.74800014,11.74800014,3.165999889
5/29/2018 10:00,11.81799984,11.81799984,3.799000025
5/29/2018 11:00,11.88899994,11.88899994,4.712999821
5/29/2018 12:00,12.02900028,12.02900028,4.290999889
5/29/2018 13:00,11.81799984,11.81799984,4.290999889
5/29/2018 14:00,12.38099957,12.38099957,6.261000156
5/29/2018 15:00,11.60700035,11.60700035,3.938999891
5/29/2018 16:00,11.32600021,11.32600021,1.758999944
5/29/2018 17:00,11.60700035,11.60700035,1.758999944
5/29/2018 18:00,10.90400028,10.90400028,1.758999944
5/29/2018 19:00,10.76299953,10.76299953,1.758999944
5/29/2018 20:00,10.3409996,10.3409996,1.758999944
5/29/2018 21:00,9.637999535,9.637999535,1.758999944
5/29/2018 22:00,10.41100025,10.41100025,1.758999944
5/29/2018 23:00,10.13000011,10.13000011,1.758999944
5/30/2018 0:00,9.918999672,9.918999672,2.743999958
5/30/2018 1:00,10.13000011,10.13000011,3.025000095
5/30/2018 2:00,9.777999878,9.777999878,3.025000095
5/30/2018 3:00,10.19999981,10.19999981,3.236000061
5/30/2018 4:00,9.777999878,9.777999878,2.884000063
5/30/2018 5:00,9.145000458,9.145000458,2.743999958
5/30/2018 6:00,9.98900032,9.98900032,2.461999893
5/30/2018 7:00,10.55200005,10.55200005,2.039999962
5/30/2018 8:00,10.90400028,10.90400028,2.39199996
5/30/2018 9:00,11.46700001,11.46700001,3.165999889
5/30/2018 10:00,11.5369997,11.5369997,3.799000025
5/30/2018 11:00,11.60700035,11.60700035,4.712999821
5/30/2018 12:00,11.67800045,11.67800045,4.290999889
5/30/2018 13:00,11.5369997,11.5369997,4.290999889
5/30/2018 14:00,11.67800045,11.67800045,6.261000156
5/30/2018 15:00,12.02900028,12.02900028,3.938999891
5/30/2018 16:00,11.32600021,11.32600021,1.758999944
5/30/2018 17:00,11.25599957,11.25599957,1.758999944
5/30/2018 18:00,10.55200005,10.55200005,1.758999944
5/30/2018 19:00,10.62199974,10.62199974,1.758999944
5/30/2018 20:00,10.97399998,10.97399998,1.758999944
5/30/2018 21:00,10.3409996,10.3409996,1.758999944
5/30/2018 22:00,10.13000011,10.13000011,1.758999944
5/30/2018 23:00,9.918999672,9.918999672,1.758999944
5/31/2018 0:00,10.41100025,10.41100025,2.743999958
5/31/2018 1:00,10.41100025,10.41100025,3.025000095
5/31/2018 2:00,10.41100025,10.41100025,3.025000095
5/31/2018 3:00,10.41100025,10.41100025,3.236000061
5/31/2018 4:00,10.41100025,10.41100025,2.884000063
5/31/2018 5:00,10.41100025,10.41100025,2.743999958
5/31/2018 6:00,10.41100025,10.41100025,2.461999893
5/31/2018 7:00,10.41100025,10.41100025,2.039999962
5/31/2018 8:00,10.41100025,10.41100025,2.39199996
5/31/2018 9:00,10.41100025,10.41100025,3.165999889
5/31/2018 10:00,10.41100025,10.41100025,3.799000025
5/31/2018 11:00,10.41100025,10.41100025,4.712999821
5/31/2018 12:00,10.41100025,10.41100025,4.290999889
5/31/2018 13:00,10.41100025,10.41100025,4.290999889
5/31/2018 14:00,10.41100025,10.41100025,6.261000156
5/31/2018 15:00,10.41100025,10.41100025,3.938999891
5/31/2018 16:00,10.41100025,10.41100025,1.758999944
5/31/2018 17:00,10.41100025,10.41100025,1.758999944
5/31/2018 18:00,10.41100025,10.41100025,1.758999944
5/31/2018 19:00,10.41100025,10.41100025,1.758999944
5/31/2018 20:00,10.41100025,10.41100025,1.758999944
5/31/2018 21:00,10.41100025,10.41100025,1.758999944
5/31/2018 22:00,10.41100025,10.41100025,1.758999944
5/31/2018 23:00,10.41100025,10.41100025,1.758999944
6/1/2018 0:00,8.512000084,8.512000084,2.743999958
6/1/2018 1:00,8.512000084,8.512000084,3.025000095
6/1/2018 2:00,8.230999947,8.230999947,3.025000095
6/1/2018 3:00,8.300999641,8.300999641,3.236000061
6/1/2018 4:00,8.37100029,8.37100029,2.884000063
6/1/2018 5:00,8.230999947,8.230999947,2.743999958
6/1/2018 6:00,8.581999779,8.581999779,2.461999893
6/1/2018 7:00,9.425999641,9.425999641,2.039999962
6/1/2018 8:00,10.83300018,10.83300018,2.39199996
6/1/2018 9:00,10.48200035,10.48200035,3.165999889
6/1/2018 10:00,9.777999878,9.777999878,3.799000025
6/1/2018 11:00,9.848999977,9.848999977,4.712999821
6/1/2018 12:00,9.918999672,9.918999672,4.290999889
6/1/2018 13:00,10.41100025,10.41100025,4.290999889
6/1/2018 14:00,10.90400028,10.90400028,6.261000156
6/1/2018 15:00,11.67800045,11.67800045,3.938999891
6/1/2018 16:00,12.02900028,12.02900028,1.758999944
6/1/2018 17:00,11.88899994,11.88899994,1.758999944
6/1/2018 18:00,11.32600021,11.32600021,1.758999944
6/1/2018 19:00,10.90400028,10.90400028,1.758999944
6/1/2018 20:00,10.83300018,10.83300018,1.758999944
6/1/2018 21:00,10.48200035,10.48200035,1.758999944
6/1/2018 22:00,10.41100025,10.41100025,1.758999944
6/1/2018 23:00,10.27099991,10.27099991,1.758999944
6/2/2018 0:00,9.98900032,9.98900032,2.743999958
6/2/2018 1:00,9.567000389,9.567000389,3.025000095
6/2/2018 2:00,9.215000153,9.215000153,3.025000095
6/2/2018 3:00,9.215000153,9.215000153,3.236000061
6/2/2018 4:00,8.512000084,8.512000084,2.884000063
6/2/2018 5:00,8.934000015,8.934000015,2.743999958
6/2/2018 6:00,8.934000015,8.934000015,2.461999893
6/2/2018 7:00,8.652999878,8.652999878,2.039999962
6/2/2018 8:00,8.722999573,8.722999573,2.39199996
6/2/2018 9:00,8.722999573,8.722999573,3.165999889
6/2/2018 10:00,9.215000153,9.215000153,3.799000025
6/2/2018 11:00,9.637999535,9.637999535,4.712999821
6/2/2018 12:00,10.48200035,10.48200035,4.290999889
6/2/2018 13:00,10.19999981,10.19999981,4.290999889
6/2/2018 14:00,10.3409996,10.3409996,6.261000156
6/2/2018 15:00,10.19999981,10.19999981,3.938999891
6/2/2018 16:00,11.11499977,11.11499977,1.758999944
6/2/2018 17:00,10.48200035,10.48200035,1.758999944
6/2/2018 18:00,10.06000042,10.06000042,1.758999944
6/2/2018 19:00,9.567000389,9.567000389,1.758999944
6/2/2018 20:00,9.425999641,9.425999641,1.758999944
6/2/2018 21:00,9.567000389,9.567000389,1.758999944
6/2/2018 22:00,9.848999977,9.848999977,1.758999944
6/2/2018 23:00,9.637999535,9.637999535,1.758999944
6/3/2018 0:00,9.286000252,9.286000252,2.743999958
6/3/2018 1:00,9.496999741,9.496999741,3.025000095
6/3/2018 2:00,9.496999741,9.496999741,3.025000095
6/3/2018 3:00,9.637999535,9.637999535,3.236000061
6/3/2018 4:00,9.567000389,9.567000389,2.884000063
6/3/2018 5:00,9.848999977,9.848999977,2.743999958
6/3/2018 6:00,9.567000389,9.567000389,2.461999893
6/3/2018 7:00,9.355999947,9.355999947,2.039999962
6/3/2018 8:00,9.425999641,9.425999641,2.39199996
6/3/2018 9:00,9.637999535,9.637999535,3.165999889
6/3/2018 10:00,9.918999672,9.918999672,3.799000025
6/3/2018 11:00,10.62199974,10.62199974,4.712999821
6/3/2018 12:00,10.69299984,10.69299984,4.290999889
6/3/2018 13:00,10.97399998,10.97399998,4.290999889
6/3/2018 14:00,12.23999977,12.23999977,6.261000156
6/3/2018 15:00,12.6619997,12.6619997,3.938999891
6/3/2018 16:00,13.43599987,13.43599987,1.758999944
6/3/2018 17:00,13.08500004,13.08500004,1.758999944
6/3/2018 18:00,11.67800045,11.67800045,1.758999944
6/3/2018 19:00,11.04399967,11.04399967,1.758999944
6/3/2018 20:00,10.55200005,10.55200005,1.758999944
6/3/2018 21:00,9.567000389,9.567000389,1.758999944
6/3/2018 22:00,9.425999641,9.425999641,1.758999944
6/3/2018 23:00,8.722999573,8.722999573,1.758999944
6/4/2018 0:00,8.442000389,8.442000389,2.743999958
6/4/2018 1:00,9.215000153,9.215000153,3.025000095
6/4/2018 2:00,9.425999641,9.425999641,3.025000095
6/4/2018 3:00,9.637999535,9.637999535,3.236000061
6/4/2018 4:00,9.708000183,9.708000183,2.884000063
6/4/2018 5:00,9.425999641,9.425999641,2.743999958
6/4/2018 6:00,9.567000389,9.567000389,2.461999893
6/4/2018 7:00,9.777999878,9.777999878,2.039999962
6/4/2018 8:00,10.76299953,10.76299953,2.39199996
6/4/2018 9:00,11.18500042,11.18500042,3.165999889
6/4/2018 10:00,11.18500042,11.18500042,3.799000025
6/4/2018 11:00,11.18500042,11.18500042,4.712999821
6/4/2018 12:00,11.81799984,11.81799984,4.290999889
6/4/2018 13:00,11.67800045,11.67800045,4.290999889
6/4/2018 14:00,12.23999977,12.23999977,6.261000156
6/4/2018 15:00,12.38099957,12.38099957,3.938999891
6/4/2018 16:00,11.60700035,11.60700035,1.758999944
6/4/2018 17:00,10.76299953,10.76299953,1.758999944
6/4/2018 18:00,10.06000042,10.06000042,1.758999944
6/4/2018 19:00,9.637999535,9.637999535,1.758999944
6/4/2018 20:00,9.708000183,9.708000183,1.758999944
6/4/2018 21:00,9.848999977,9.848999977,1.758999944
6/4/2018 22:00,10.27099991,10.27099991,1.758999944
6/4/2018 23:00,10.13000011,10.13000011,1.758999944
6/5/2018 0:00,9.918999672,9.918999672,2.743999958
6/5/2018 1:00,9.637999535,9.637999535,3.025000095
6/5/2018 2:00,9.425999641,9.425999641,3.025000095
6/5/2018 3:00,9.708000183,9.708000183,3.236000061
6/5/2018 4:00,9.918999672,9.918999672,2.884000063
6/5/2018 5:00,9.848999977,9.848999977,2.743999958
6/5/2018 6:00,9.848999977,9.848999977,2.461999893
6/5/2018 7:00,10.06000042,10.06000042,2.039999962
6/5/2018 8:00,9.918999672,9.918999672,2.39199996
6/5/2018 9:00,10.13000011,10.13000011,3.165999889
6/5/2018 10:00,9.848999977,9.848999977,3.799000025
6/5/2018 11:00,9.918999672,9.918999672,4.712999821
6/5/2018 12:00,9.777999878,9.777999878,4.290999889
6/5/2018 13:00,10.13000011,10.13000011,4.290999889
6/5/2018 14:00,10.76299953,10.76299953,6.261000156
6/5/2018 15:00,10.90400028,10.90400028,3.938999891
6/5/2018 16:00,10.97399998,10.97399998,1.758999944
6/5/2018 17:00,10.83300018,10.83300018,1.758999944
6/5/2018 18:00,10.27099991,10.27099991,1.758999944
6/5/2018 19:00,9.567000389,9.567000389,1.758999944
6/5/2018 20:00,9.286000252,9.286000252,1.758999944
6/5/2018 21:00,9.215000153,9.215000153,1.758999944
6/5/2018 22:00,8.934000015,8.934000015,1.758999944
6/5/2018 23:00,8.934000015,8.934000015,1.758999944
6/6/2018 0:00,8.581999779,8.581999779,2.743999958
6/6/2018 1:00,8.581999779,8.581999779,3.025000095
6/6/2018 2:00,8.581999779,8.581999779,3.025000095
6/6/2018 3:00,8.512000084,8.512000084,3.236000061
6/6/2018 4:00,8.37100029,8.37100029,2.884000063
6/6/2018 5:00,8.159999847,8.159999847,2.743999958
6/6/2018 6:00,8.512000084,8.512000084,2.461999893
6/6/2018 7:00,9.496999741,9.496999741,2.039999962
6/6/2018 8:00,10.19999981,10.19999981,2.39199996
6/6/2018 9:00,10.27099991,10.27099991,3.165999889
6/6/2018 10:00,9.98900032,9.98900032,3.799000025
6/6/2018 11:00,10.13000011,10.13000011,4.712999821
6/6/2018 12:00,10.06000042,10.06000042,4.290999889
6/6/2018 13:00,10.55200005,10.55200005,4.290999889
6/6/2018 14:00,12.02900028,12.02900028,6.261000156
6/6/2018 15:00,13.15499973,13.15499973,3.938999891
6/6/2018 16:00,13.29599953,13.29599953,1.758999944
6/6/2018 17:00,12.94400024,12.94400024,1.758999944
6/6/2018 18:00,13.22500038,13.22500038,1.758999944
6/6/2018 19:00,11.39599991,11.39599991,1.758999944
6/6/2018 20:00,10.90400028,10.90400028,1.758999944
6/6/2018 21:00,11.04399967,11.04399967,1.758999944
6/6/2018 22:00,10.55200005,10.55200005,1.758999944
6/6/2018 23:00,10.27099991,10.27099991,1.758999944
6/7/2018 0:00,9.777999878,9.777999878,2.743999958
6/7/2018 1:00,10.13000011,10.13000011,3.025000095
6/7/2018 2:00,10.13000011,10.13000011,3.025000095
6/7/2018 3:00,9.848999977,9.848999977,3.236000061
6/7/2018 4:00,9.98900032,9.98900032,2.884000063
6/7/2018 5:00,9.918999672,9.918999672,2.743999958
6/7/2018 6:00,10.13000011,10.13000011,2.461999893
6/7/2018 7:00,10.48200035,10.48200035,2.039999962
6/7/2018 8:00,10.69299984,10.69299984,2.39199996
6/7/2018 9:00,10.83300018,10.83300018,3.165999889
6/7/2018 10:00,11.11499977,11.11499977,3.799000025
6/7/2018 11:00,11.5369997,11.5369997,4.712999821
6/7/2018 12:00,11.95899963,11.95899963,4.290999889
6/7/2018 13:00,12.02900028,12.02900028,4.290999889
6/7/2018 14:00,12.80300045,12.80300045,6.261000156
6/7/2018 15:00,12.7329998,12.7329998,3.938999891
6/7/2018 16:00,12.6619997,12.6619997,1.758999944
6/7/2018 17:00,12.6619997,12.6619997,1.758999944
6/7/2018 18:00,12.02900028,12.02900028,1.758999944
6/7/2018 19:00,11.67800045,11.67800045,1.758999944
6/7/2018 20:00,11.39599991,11.39599991,1.758999944
6/7/2018 21:00,10.83300018,10.83300018,1.758999944
6/7/2018 22:00,10.83300018,10.83300018,1.758999944
6/7/2018 23:00,10.3409996,10.3409996,1.758999944
6/8/2018 0:00,10.48200035,10.48200035,2.743999958
6/8/2018 1:00,10.41100025,10.41100025,3.025000095
6/8/2018 2:00,10.13000011,10.13000011,3.025000095
6/8/2018 3:00,10.06000042,10.06000042,3.236000061
6/8/2018 4:00,9.98900032,9.98900032,2.884000063
6/8/2018 5:00,9.708000183,9.708000183,2.743999958
6/8/2018 6:00,9.425999641,9.425999641,2.461999893
6/8/2018 7:00,9.777999878,9.777999878,2.039999962
6/8/2018 8:00,10.13000011,10.13000011,2.39199996
6/8/2018 9:00,10.19999981,10.19999981,3.165999889
6/8/2018 10:00,10.06000042,10.06000042,3.799000025
6/8/2018 11:00,10.3409996,10.3409996,4.712999821
6/8/2018 12:00,10.13000011,10.13000011,4.290999889
6/8/2018 13:00,9.918999672,9.918999672,4.290999889
6/8/2018 14:00,10.19999981,10.19999981,6.261000156
6/8/2018 15:00,10.3409996,10.3409996,3.938999891
6/8/2018 16:00,10.13000011,10.13000011,1.758999944
6/8/2018 17:00,9.918999672,9.918999672,1.758999944
6/8/2018 18:00,8.934000015,8.934000015,1.758999944
6/8/2018 19:00,9.00399971,9.00399971,1.758999944
6/8/2018 20:00,9.355999947,9.355999947,1.758999944
6/8/2018 21:00,8.86400032,8.86400032,1.758999944
6/8/2018 22:00,9.074999809,9.074999809,1.758999944
6/8/2018 23:00,8.722999573,8.722999573,1.758999944
6/9/2018 0:00,8.86400032,8.86400032,2.743999958
6/9/2018 1:00,8.86400032,8.86400032,3.025000095
6/9/2018 2:00,8.300999641,8.300999641,3.025000095
6/9/2018 3:00,8.020000458,8.020000458,3.236000061
6/9/2018 4:00,8.020000458,8.020000458,2.884000063
6/9/2018 5:00,8.159999847,8.159999847,2.743999958
6/9/2018 6:00,8.159999847,8.159999847,2.461999893
6/9/2018 7:00,8.159999847,8.159999847,2.039999962
6/9/2018 8:00,8.512000084,8.512000084,2.39199996
6/9/2018 9:00,8.442000389,8.442000389,3.165999889
6/9/2018 10:00,6.823999882,6.823999882,3.799000025
6/9/2018 11:00,3.025000095,3.025000095,4.712999821
6/9/2018 12:00,4.150000095,4.150000095,4.290999889
6/9/2018 13:00,3.938999891,3.938999891,4.290999889
6/9/2018 14:00,4.78399992,4.78399992,6.261000156
6/9/2018 15:00,5.768000126,5.768000126,3.938999891
6/9/2018 16:00,6.683000088,6.683000088,1.758999944
6/9/2018 17:00,6.894000053,6.894000053,1.758999944
6/9/2018 18:00,7.034999847,7.034999847,1.758999944
6/9/2018 19:00,6.40199995,6.40199995,1.758999944
6/9/2018 20:00,6.330999851,6.330999851,1.758999944
6/9/2018 21:00,6.050000191,6.050000191,1.758999944
6/9/2018 22:00,6.894000053,6.894000053,1.758999944
6/9/2018 23:00,7.245999813,7.245999813,1.758999944
6/10/2018 0:00,6.261000156,6.261000156,2.743999958
6/10/2018 1:00,6.823999882,6.823999882,3.025000095
6/10/2018 2:00,7.315999985,7.315999985,3.025000095
6/10/2018 3:00,7.668000221,7.668000221,3.236000061
6/10/2018 4:00,7.737999916,7.737999916,2.884000063
6/10/2018 5:00,7.456999779,7.456999779,2.743999958
6/10/2018 6:00,7.668000221,7.668000221,2.461999893
6/10/2018 7:00,8.020000458,8.020000458,2.039999962
6/10/2018 8:00,8.300999641,8.300999641,2.39199996
6/10/2018 9:00,8.159999847,8.159999847,3.165999889
6/10/2018 10:00,8.090000153,8.090000153,3.799000025
6/10/2018 11:00,8.090000153,8.090000153,4.712999821
6/10/2018 12:00,8.37100029,8.37100029,4.290999889
6/10/2018 13:00,8.934000015,8.934000015,4.290999889
6/10/2018 14:00,9.425999641,9.425999641,6.261000156
6/10/2018 15:00,9.567000389,9.567000389,3.938999891
6/10/2018 16:00,9.98900032,9.98900032,1.758999944
6/10/2018 17:00,9.286000252,9.286000252,1.758999944
6/10/2018 18:00,9.286000252,9.286000252,1.758999944
6/10/2018 19:00,9.145000458,9.145000458,1.758999944
6/10/2018 20:00,8.442000389,8.442000389,1.758999944
6/10/2018 21:00,8.722999573,8.722999573,1.758999944
6/10/2018 22:00,8.442000389,8.442000389,1.758999944
6/10/2018 23:00,8.230999947,8.230999947,1.758999944
6/11/2018 0:00,8.300999641,8.300999641,2.743999958
6/11/2018 1:00,7.879000187,7.879000187,3.025000095
6/11/2018 2:00,7.809000015,7.809000015,3.025000095
6/11/2018 3:00,7.809000015,7.809000015,3.236000061
6/11/2018 4:00,7.948999882,7.948999882,2.884000063
6/11/2018 5:00,7.948999882,7.948999882,2.743999958
6/11/2018 6:00,8.159999847,8.159999847,2.461999893
6/11/2018 7:00,8.512000084,8.512000084,2.039999962
6/11/2018 8:00,9.074999809,9.074999809,2.39199996
6/11/2018 9:00,9.074999809,9.074999809,3.165999889
6/11/2018 10:00,9.00399971,9.00399971,3.799000025
6/11/2018 11:00,9.074999809,9.074999809,4.712999821
6/11/2018 12:00,9.567000389,9.567000389,4.290999889
6/11/2018 13:00,10.19999981,10.19999981,4.290999889
6/11/2018 14:00,11.04399967,11.04399967,6.261000156
6/11/2018 15:00,12.02900028,12.02900028,3.938999891
6/11/2018 16:00,12.17000008,12.17000008,1.758999944
6/11/2018 17:00,12.31099987,12.31099987,1.758999944
6/11/2018 18:00,10.55200005,10.55200005,1.758999944
6/11/2018 19:00,10.90400028,10.90400028,1.758999944
6/11/2018 20:00,10.27099991,10.27099991,1.758999944
6/11/2018 21:00,10.27099991,10.27099991,1.758999944
6/11/2018 22:00,9.777999878,9.777999878,1.758999944
6/11/2018 23:00,9.848999977,9.848999977,1.758999944
6/12/2018 0:00,10.06000042,10.06000042,2.743999958
6/12/2018 1:00,9.777999878,9.777999878,3.025000095
6/12/2018 2:00,9.496999741,9.496999741,3.025000095
6/12/2018 3:00,9.848999977,9.848999977,3.236000061
6/12/2018 4:00,9.708000183,9.708000183,2.884000063
6/12/2018 5:00,9.496999741,9.496999741,2.743999958
6/12/2018 6:00,9.567000389,9.567000389,2.461999893
6/12/2018 7:00,10.3409996,10.3409996,2.039999962
6/12/2018 8:00,10.41100025,10.41100025,2.39199996
6/12/2018 9:00,10.62199974,10.62199974,3.165999889
6/12/2018 10:00,10.27099991,10.27099991,3.799000025
6/12/2018 11:00,10.3409996,10.3409996,4.712999821
6/12/2018 12:00,10.83300018,10.83300018,4.290999889
6/12/2018 13:00,11.5369997,11.5369997,4.290999889
6/12/2018 14:00,12.10000038,12.10000038,6.261000156
6/12/2018 15:00,13.57699966,13.57699966,3.938999891
6/12/2018 16:00,14.27999973,14.27999973,1.758999944
6/12/2018 17:00,13.50699997,13.50699997,1.758999944
6/12/2018 18:00,13.9289999,13.9289999,1.758999944
6/12/2018 19:00,12.02900028,12.02900028,1.758999944
6/12/2018 20:00,11.67800045,11.67800045,1.758999944
6/12/2018 21:00,11.04399967,11.04399967,1.758999944
6/12/2018 22:00,10.90400028,10.90400028,1.758999944
6/12/2018 23:00,11.18500042,11.18500042,1.758999944
6/13/2018 0:00,11.18500042,11.18500042,2.743999958
6/13/2018 1:00,10.76299953,10.76299953,3.025000095
6/13/2018 2:00,10.90400028,10.90400028,3.025000095
6/13/2018 3:00,10.83300018,10.83300018,3.236000061
6/13/2018 4:00,10.83300018,10.83300018,2.884000063
6/13/2018 5:00,10.62199974,10.62199974,2.743999958
6/13/2018 6:00,10.97399998,10.97399998,2.461999893
6/13/2018 7:00,11.46700001,11.46700001,2.039999962
6/13/2018 8:00,11.81799984,11.81799984,2.39199996
6/13/2018 9:00,11.18500042,11.18500042,3.165999889
6/13/2018 10:00,11.18500042,11.18500042,3.799000025
6/13/2018 11:00,11.5369997,11.5369997,4.712999821
6/13/2018 12:00,11.32600021,11.32600021,4.290999889
6/13/2018 13:00,12.31099987,12.31099987,4.290999889
6/13/2018 14:00,13.29599953,13.29599953,6.261000156
6/13/2018 15:00,14.14000034,14.14000034,3.938999891
6/13/2018 16:00,14.35099983,14.35099983,1.758999944
6/13/2018 17:00,13.64700031,13.64700031,1.758999944
6/13/2018 18:00,12.59200001,12.59200001,1.758999944
6/13/2018 19:00,11.67800045,11.67800045,1.758999944
6/13/2018 20:00,10.90400028,10.90400028,1.758999944
6/13/2018 21:00,10.69299984,10.69299984,1.758999944
6/13/2018 22:00,10.55200005,10.55200005,1.758999944
6/13/2018 23:00,10.55200005,10.55200005,1.758999944
6/14/2018 0:00,10.90400028,10.90400028,2.743999958
6/14/2018 1:00,10.90400028,10.90400028,3.025000095
6/14/2018 2:00,10.69299984,10.69299984,3.025000095
6/14/2018 3:00,10.97399998,10.97399998,3.236000061
6/14/2018 4:00,11.11499977,11.11499977,2.884000063
6/14/2018 5:00,10.83300018,10.83300018,2.743999958
6/14/2018 6:00,10.97399998,10.97399998,2.461999893
6/14/2018 7:00,10.90400028,10.90400028,2.039999962
6/14/2018 8:00,11.11499977,11.11499977,2.39199996
6/14/2018 9:00,11.11499977,11.11499977,3.165999889
6/14/2018 10:00,11.18500042,11.18500042,3.799000025
6/14/2018 11:00,11.25599957,11.25599957,4.712999821
6/14/2018 12:00,11.18500042,11.18500042,4.290999889
6/14/2018 13:00,11.81799984,11.81799984,4.290999889
6/14/2018 14:00,13.29599953,13.29599953,6.261000156
6/14/2018 15:00,13.57699966,13.57699966,3.938999891
6/14/2018 16:00,13.22500038,13.22500038,1.758999944
6/14/2018 17:00,13.08500004,13.08500004,1.758999944
6/14/2018 18:00,11.46700001,11.46700001,1.758999944
6/14/2018 19:00,11.32600021,11.32600021,1.758999944
6/14/2018 20:00,11.32600021,11.32600021,1.758999944
6/14/2018 21:00,11.18500042,11.18500042,1.758999944
6/14/2018 22:00,11.32600021,11.32600021,1.758999944
6/14/2018 23:00,10.62199974,10.62199974,1.758999944
6/15/2018 0:00,10.19999981,10.19999981,2.743999958
6/15/2018 1:00,10.19999981,10.19999981,3.025000095
6/15/2018 2:00,9.848999977,9.848999977,3.025000095
6/15/2018 3:00,10.13000011,10.13000011,3.236000061
6/15/2018 4:00,10.97399998,10.97399998,2.884000063
6/15/2018 5:00,10.19999981,10.19999981,2.743999958
6/15/2018 6:00,10.83300018,10.83300018,2.461999893
6/15/2018 7:00,11.11499977,11.11499977,2.039999962
6/15/2018 8:00,11.5369997,11.5369997,2.39199996
6/15/2018 9:00,10.55200005,10.55200005,3.165999889
6/15/2018 10:00,10.48200035,10.48200035,3.799000025
6/15/2018 11:00,10.3409996,10.3409996,4.712999821
6/15/2018 12:00,10.90400028,10.90400028,4.290999889
6/15/2018 13:00,11.11499977,11.11499977,4.290999889
6/15/2018 14:00,11.25599957,11.25599957,6.261000156
6/15/2018 15:00,11.81799984,11.81799984,3.938999891
6/15/2018 16:00,12.38099957,12.38099957,1.758999944
6/15/2018 17:00,11.95899963,11.95899963,1.758999944
6/15/2018 18:00,11.74800014,11.74800014,1.758999944
6/15/2018 19:00,10.48200035,10.48200035,1.758999944
6/15/2018 20:00,9.848999977,9.848999977,1.758999944
6/15/2018 21:00,9.425999641,9.425999641,1.758999944
6/15/2018 22:00,9.496999741,9.496999741,1.758999944
6/15/2018 23:00,9.425999641,9.425999641,1.758999944
6/16/2018 0:00,9.215000153,9.215000153,2.743999958
6/16/2018 1:00,9.286000252,9.286000252,3.025000095
6/16/2018 2:00,9.00399971,9.00399971,3.025000095
6/16/2018 3:00,8.86400032,8.86400032,3.236000061
6/16/2018 4:00,8.512000084,8.512000084,2.884000063
6/16/2018 5:00,8.512000084,8.512000084,2.743999958
6/16/2018 6:00,8.581999779,8.581999779,2.461999893
6/16/2018 7:00,8.793000221,8.793000221,2.039999962
6/16/2018 8:00,9.425999641,9.425999641,2.39199996
6/16/2018 9:00,8.722999573,8.722999573,3.165999889
6/16/2018 10:00,9.145000458,9.145000458,3.799000025
6/16/2018 11:00,9.00399971,9.00399971,4.712999821
6/16/2018 12:00,9.215000153,9.215000153,4.290999889
6/16/2018 13:00,9.425999641,9.425999641,4.290999889
6/16/2018 14:00,10.13000011,10.13000011,6.261000156
6/16/2018 15:00,10.76299953,10.76299953,3.938999891
6/16/2018 16:00,10.55200005,10.55200005,1.758999944
6/16/2018 17:00,9.918999672,9.918999672,1.758999944
6/16/2018 18:00,9.355999947,9.355999947,1.758999944
6/16/2018 19:00,9.215000153,9.215000153,1.758999944
6/16/2018 20:00,9.215000153,9.215000153,1.758999944
6/16/2018 21:00,8.442000389,8.442000389,1.758999944
6/16/2018 22:00,8.512000084,8.512000084,1.758999944
6/16/2018 23:00,8.300999641,8.300999641,1.758999944
6/17/2018 0:00,8.159999847,8.159999847,2.743999958
6/17/2018 1:00,8.512000084,8.512000084,3.025000095
6/17/2018 2:00,8.020000458,8.020000458,3.025000095
6/17/2018 3:00,8.020000458,8.020000458,3.236000061
6/17/2018 4:00,8.020000458,8.020000458,2.884000063
6/17/2018 5:00,7.948999882,7.948999882,2.743999958
6/17/2018 6:00,7.668000221,7.668000221,2.461999893
6/17/2018 7:00,7.948999882,7.948999882,2.039999962
6/17/2018 8:00,8.230999947,8.230999947,2.39199996
6/17/2018 9:00,8.37100029,8.37100029,3.165999889
6/17/2018 10:00,8.442000389,8.442000389,3.799000025
6/17/2018 11:00,8.652999878,8.652999878,4.712999821
6/17/2018 12:00,9.286000252,9.286000252,4.290999889
6/17/2018 13:00,10.27099991,10.27099991,4.290999889
6/17/2018 14:00,11.32600021,11.32600021,6.261000156
6/17/2018 15:00,12.45100021,12.45100021,3.938999891
6/17/2018 16:00,12.38099957,12.38099957,1.758999944
6/17/2018 17:00,11.5369997,11.5369997,1.758999944
6/17/2018 18:00,11.32600021,11.32600021,1.758999944
6/17/2018 19:00,10.83300018,10.83300018,1.758999944
6/17/2018 20:00,10.27099991,10.27099991,1.758999944
6/17/2018 21:00,10.19999981,10.19999981,1.758999944
6/17/2018 22:00,9.637999535,9.637999535,1.758999944
6/17/2018 23:00,9.567000389,9.567000389,1.758999944
6/18/2018 0:00,9.286000252,9.286000252,2.743999958
6/18/2018 1:00,9.215000153,9.215000153,3.025000095
6/18/2018 2:00,9.215000153,9.215000153,3.025000095
6/18/2018 3:00,8.86400032,8.86400032,3.236000061
6/18/2018 4:00,9.074999809,9.074999809,2.884000063
6/18/2018 5:00,9.00399971,9.00399971,2.743999958
6/18/2018 6:00,9.215000153,9.215000153,2.461999893
6/18/2018 7:00,9.286000252,9.286000252,2.039999962
6/18/2018 8:00,9.145000458,9.145000458,2.39199996
6/18/2018 9:00,9.777999878,9.777999878,3.165999889
6/18/2018 10:00,9.98900032,9.98900032,3.799000025
6/18/2018 11:00,10.06000042,10.06000042,4.712999821
6/18/2018 12:00,10.83300018,10.83300018,4.290999889
6/18/2018 13:00,11.18500042,11.18500042,4.290999889
6/18/2018 14:00,11.95899963,11.95899963,6.261000156
6/18/2018 15:00,13.08500004,13.08500004,3.938999891
6/18/2018 16:00,11.95899963,11.95899963,1.758999944
6/18/2018 17:00,12.02900028,12.02900028,1.758999944
6/18/2018 18:00,12.02900028,12.02900028,1.758999944
6/18/2018 19:00,11.81799984,11.81799984,1.758999944
6/18/2018 20:00,10.62199974,10.62199974,1.758999944
6/18/2018 21:00,10.19999981,10.19999981,1.758999944
6/18/2018 22:00,10.13000011,10.13000011,1.758999944
6/18/2018 23:00,10.27099991,10.27099991,1.758999944
6/19/2018 0:00,9.777999878,9.777999878,2.743999958
6/19/2018 1:00,9.215000153,9.215000153,3.025000095
6/19/2018 2:00,9.215000153,9.215000153,3.025000095
6/19/2018 3:00,9.074999809,9.074999809,3.236000061
6/19/2018 4:00,9.00399971,9.00399971,2.884000063
6/19/2018 5:00,9.145000458,9.145000458,2.743999958
6/19/2018 6:00,9.637999535,9.637999535,2.461999893
6/19/2018 7:00,9.496999741,9.496999741,2.039999962
6/19/2018 8:00,9.074999809,9.074999809,2.39199996
6/19/2018 9:00,9.355999947,9.355999947,3.165999889
6/19/2018 10:00,9.777999878,9.777999878,3.799000025
6/19/2018 11:00,9.848999977,9.848999977,4.712999821
6/19/2018 12:00,10.13000011,10.13000011,4.290999889
6/19/2018 13:00,9.777999878,9.777999878,4.290999889
6/19/2018 14:00,5.55700016,5.55700016,6.261000156
6/19/2018 15:00,5.627999783,5.627999783,3.938999891
6/19/2018 16:00,4.643000126,4.643000126,1.758999944
6/19/2018 17:00,5.276000023,5.276000023,1.758999944
6/19/2018 18:00,6.683000088,6.683000088,1.758999944
6/19/2018 19:00,6.752999783,6.752999783,1.758999944
6/19/2018 20:00,7.105000019,7.105000019,1.758999944
6/19/2018 21:00,4.572999954,4.572999954,1.758999944
6/19/2018 22:00,5.135000229,5.135000229,1.758999944
6/19/2018 23:00,5.90899992,5.90899992,1.758999944
6/20/2018 0:00,6.541999817,6.541999817,2.743999958
6/20/2018 1:00,7.315999985,7.315999985,3.025000095
6/20/2018 2:00,6.964000225,6.964000225,3.025000095
6/20/2018 3:00,7.105000019,7.105000019,3.236000061
6/20/2018 4:00,7.105000019,7.105000019,2.884000063
6/20/2018 5:00,7.105000019,7.105000019,2.743999958
6/20/2018 6:00,7.315999985,7.315999985,2.461999893
6/20/2018 7:00,7.456999779,7.456999779,2.039999962
6/20/2018 8:00,7.105000019,7.105000019,2.39199996
6/20/2018 9:00,7.456999779,7.456999779,3.165999889
6/20/2018 10:00,8.090000153,8.090000153,3.799000025
6/20/2018 11:00,8.090000153,8.090000153,4.712999821
6/20/2018 12:00,8.512000084,8.512000084,4.290999889
6/20/2018 13:00,8.37100029,8.37100029,4.290999889
6/20/2018 14:00,8.934000015,8.934000015,6.261000156
6/20/2018 15:00,8.722999573,8.722999573,3.938999891
6/20/2018 16:00,8.86400032,8.86400032,1.758999944
6/20/2018 17:00,9.286000252,9.286000252,1.758999944
6/20/2018 18:00,9.145000458,9.145000458,1.758999944
6/20/2018 19:00,9.286000252,9.286000252,1.758999944
6/20/2018 20:00,9.215000153,9.215000153,1.758999944
6/20/2018 21:00,8.652999878,8.652999878,1.758999944
6/20/2018 22:00,8.722999573,8.722999573,1.758999944
6/20/2018 23:00,9.00399971,9.00399971,1.758999944
6/21/2018 0:00,9.00399971,9.00399971,2.743999958
6/21/2018 1:00,8.934000015,8.934000015,3.025000095
6/21/2018 2:00,8.581999779,8.581999779,3.025000095
6/21/2018 3:00,8.37100029,8.37100029,3.236000061
6/21/2018 4:00,8.512000084,8.512000084,2.884000063
6/21/2018 5:00,8.512000084,8.512000084,2.743999958
6/21/2018 6:00,8.86400032,8.86400032,2.461999893
6/21/2018 7:00,8.300999641,8.300999641,2.039999962
6/21/2018 8:00,8.86400032,8.86400032,2.39199996
6/21/2018 9:00,8.512000084,8.512000084,3.165999889
6/21/2018 10:00,8.37100029,8.37100029,3.799000025
6/21/2018 11:00,8.512000084,8.512000084,4.712999821
6/21/2018 12:00,8.442000389,8.442000389,4.290999889
6/21/2018 13:00,8.86400032,8.86400032,4.290999889
6/21/2018 14:00,9.567000389,9.567000389,6.261000156
6/21/2018 15:00,9.918999672,9.918999672,3.938999891
6/21/2018 16:00,10.06000042,10.06000042,1.758999944
6/21/2018 17:00,9.848999977,9.848999977,1.758999944
6/21/2018 18:00,9.637999535,9.637999535,1.758999944
6/21/2018 19:00,9.00399971,9.00399971,1.758999944
6/21/2018 20:00,8.652999878,8.652999878,1.758999944
6/21/2018 21:00,8.37100029,8.37100029,1.758999944
6/21/2018 22:00,8.159999847,8.159999847,1.758999944
6/21/2018 23:00,8.090000153,8.090000153,1.758999944
6/22/2018 0:00,8.230999947,8.230999947,2.743999958
6/22/2018 1:00,8.37100029,8.37100029,3.025000095
6/22/2018 2:00,8.159999847,8.159999847,3.025000095
6/22/2018 3:00,8.020000458,8.020000458,3.236000061
6/22/2018 4:00,7.809000015,7.809000015,2.884000063
6/22/2018 5:00,7.668000221,7.668000221,2.743999958
6/22/2018 6:00,5.627999783,5.627999783,2.461999893
6/22/2018 7:00,7.034999847,7.034999847,2.039999962
6/22/2018 8:00,4.854000092,4.854000092,2.39199996
6/22/2018 9:00,6.683000088,6.683000088,3.165999889
6/22/2018 10:00,6.40199995,6.40199995,3.799000025
6/22/2018 11:00,6.752999783,6.752999783,4.712999821
6/22/2018 12:00,3.657999992,3.657999992,4.290999889
6/22/2018 13:00,3.657999992,3.657999992,4.290999889
6/22/2018 14:00,4.150000095,4.150000095,6.261000156
6/22/2018 15:00,4.643000126,4.643000126,3.938999891
6/22/2018 16:00,5.979000092,5.979000092,1.758999944
6/22/2018 17:00,4.361999989,4.361999989,1.758999944
6/22/2018 18:00,4.643000126,4.643000126,1.758999944
6/22/2018 19:00,5.839000225,5.839000225,1.758999944
6/22/2018 20:00,5.90899992,5.90899992,1.758999944
6/22/2018 21:00,5.979000092,5.979000092,1.758999944
6/22/2018 22:00,5.839000225,5.839000225,1.758999944
6/22/2018 23:00,5.839000225,5.839000225,1.758999944
6/23/2018 0:00,5.346000195,5.346000195,2.743999958
6/23/2018 1:00,5.416999817,5.416999817,3.025000095
6/23/2018 2:00,5.416999817,5.416999817,3.025000095
6/23/2018 3:00,5.768000126,5.768000126,3.236000061
6/23/2018 4:00,5.90899992,5.90899992,2.884000063
6/23/2018 5:00,6.261000156,6.261000156,2.743999958
6/23/2018 6:00,6.683000088,6.683000088,2.461999893
6/23/2018 7:00,6.472000122,6.472000122,2.039999962
6/23/2018 8:00,6.40199995,6.40199995,2.39199996
6/23/2018 9:00,6.964000225,6.964000225,3.165999889
6/23/2018 10:00,7.52699995,7.52699995,3.799000025
6/23/2018 11:00,7.737999916,7.737999916,4.712999821
6/23/2018 12:00,7.809000015,7.809000015,4.290999889
6/23/2018 13:00,7.668000221,7.668000221,4.290999889
6/23/2018 14:00,8.159999847,8.159999847,6.261000156
6/23/2018 15:00,7.809000015,7.809000015,3.938999891
6/23/2018 16:00,8.159999847,8.159999847,1.758999944
6/23/2018 17:00,7.809000015,7.809000015,1.758999944
6/23/2018 18:00,8.300999641,8.300999641,1.758999944
6/23/2018 19:00,8.020000458,8.020000458,1.758999944
6/23/2018 20:00,7.668000221,7.668000221,1.758999944
6/23/2018 21:00,7.386000156,7.386000156,1.758999944
6/23/2018 22:00,7.315999985,7.315999985,1.758999944
6/23/2018 23:00,7.175000191,7.175000191,1.758999944
6/24/2018 0:00,6.894000053,6.894000053,2.743999958
6/24/2018 1:00,6.612999916,6.612999916,3.025000095
6/24/2018 2:00,6.40199995,6.40199995,3.025000095
6/24/2018 3:00,6.541999817,6.541999817,3.236000061
6/24/2018 4:00,6.964000225,6.964000225,2.884000063
6/24/2018 5:00,6.894000053,6.894000053,2.743999958
6/24/2018 6:00,7.456999779,7.456999779,2.461999893
6/24/2018 7:00,7.456999779,7.456999779,2.039999962
6/24/2018 8:00,8.442000389,8.442000389,2.39199996
6/24/2018 9:00,7.948999882,7.948999882,3.165999889
6/24/2018 10:00,8.512000084,8.512000084,3.799000025
6/24/2018 11:00,9.00399971,9.00399971,4.712999821
6/24/2018 12:00,9.286000252,9.286000252,4.290999889
6/24/2018 13:00,9.215000153,9.215000153,4.290999889
6/24/2018 14:00,9.286000252,9.286000252,6.261000156
6/24/2018 15:00,9.355999947,9.355999947,3.938999891
6/24/2018 16:00,9.496999741,9.496999741,1.758999944
6/24/2018 17:00,9.215000153,9.215000153,1.758999944
6/24/2018 18:00,9.145000458,9.145000458,1.758999944
6/24/2018 19:00,9.074999809,9.074999809,1.758999944
6/24/2018 20:00,8.86400032,8.86400032,1.758999944
6/24/2018 21:00,8.37100029,8.37100029,1.758999944
6/24/2018 22:00,8.37100029,8.37100029,1.758999944
6/24/2018 23:00,8.512000084,8.512000084,1.758999944
6/25/2018 0:00,8.722999573,8.722999573,2.743999958
6/25/2018 1:00,9.00399971,9.00399971,3.025000095
6/25/2018 2:00,9.567000389,9.567000389,3.025000095
6/25/2018 3:00,9.567000389,9.567000389,3.236000061
6/25/2018 4:00,8.512000084,8.512000084,2.884000063
6/25/2018 5:00,8.652999878,8.652999878,2.743999958
6/25/2018 6:00,8.934000015,8.934000015,2.461999893
6/25/2018 7:00,9.567000389,9.567000389,2.039999962
6/25/2018 8:00,10.97399998,10.97399998,2.39199996
6/25/2018 9:00,11.46700001,11.46700001,3.165999889
6/25/2018 10:00,11.18500042,11.18500042,3.799000025
6/25/2018 11:00,10.69299984,10.69299984,4.712999821
6/25/2018 12:00,10.27099991,10.27099991,4.290999889
6/25/2018 13:00,10.62199974,10.62199974,4.290999889
6/25/2018 14:00,11.25599957,11.25599957,6.261000156
6/25/2018 15:00,11.60700035,11.60700035,3.938999891
6/25/2018 16:00,12.38099957,12.38099957,1.758999944
6/25/2018 17:00,11.46700001,11.46700001,1.758999944
6/25/2018 18:00,11.18500042,11.18500042,1.758999944
6/25/2018 19:00,10.55200005,10.55200005,1.758999944
6/25/2018 20:00,9.98900032,9.98900032,1.758999944
6/25/2018 21:00,9.98900032,9.98900032,1.758999944
6/25/2018 22:00,9.567000389,9.567000389,1.758999944
6/25/2018 23:00,9.425999641,9.425999641,1.758999944
6/26/2018 0:00,9.708000183,9.708000183,2.743999958
6/26/2018 1:00,9.637999535,9.637999535,3.025000095
6/26/2018 2:00,9.777999878,9.777999878,3.025000095
6/26/2018 3:00,9.567000389,9.567000389,3.236000061
6/26/2018 4:00,9.425999641,9.425999641,2.884000063
6/26/2018 5:00,9.286000252,9.286000252,2.743999958
6/26/2018 6:00,9.286000252,9.286000252,2.461999893
6/26/2018 7:00,9.637999535,9.637999535,2.039999962
6/26/2018 8:00,9.425999641,9.425999641,2.39199996
6/26/2018 9:00,9.074999809,9.074999809,3.165999889
6/26/2018 10:00,8.934000015,8.934000015,3.799000025
6/26/2018 11:00,9.215000153,9.215000153,4.712999821
6/26/2018 12:00,9.215000153,9.215000153,4.290999889
6/26/2018 13:00,9.425999641,9.425999641,4.290999889
6/26/2018 14:00,10.19999981,10.19999981,6.261000156
6/26/2018 15:00,10.90400028,10.90400028,3.938999891
6/26/2018 16:00,11.04399967,11.04399967,1.758999944
6/26/2018 17:00,10.27099991,10.27099991,1.758999944
6/26/2018 18:00,9.777999878,9.777999878,1.758999944
6/26/2018 19:00,9.567000389,9.567000389,1.758999944
