date,OT,actual,forecast
2/1/2018 16:00,3.799000025,3.799000025,1.758999944
2/1/2018 17:00,3.588000059,3.588000059,1.758999944
2/1/2018 18:00,3.799000025,3.799000025,1.758999944
2/1/2018 19:00,3.588000059,3.588000059,1.758999944
2/1/2018 20:00,3.305999994,3.305999994,1.758999944
2/1/2018 21:00,3.657999992,3.657999992,1.758999944
2/1/2018 22:00,4.290999889,4.290999889,1.758999944
2/1/2018 23:00,3.938999891,3.938999891,1.758999944
2/2/2018 0:00,3.799000025,3.799000025,2.743999958
2/2/2018 1:00,4.361999989,4.361999989,3.025000095
2/2/2018 2:00,4.643000126,4.643000126,3.025000095
2/2/2018 3:00,4.221000195,4.221000195,3.236000061
2/2/2018 4:00,4.079999924,4.079999924,2.884000063
2/2/2018 5:00,3.868999958,3.868999958,2.743999958
2/2/2018 6:00,3.938999891,3.938999891,2.461999893
2/2/2018 7:00,3.727999926,3.727999926,2.039999962
2/2/2018 8:00,3.868999958,3.868999958,2.39199996
2/2/2018 9:00,4.43200016,4.43200016,3.165999889
2/2/2018 10:00,3.377000093,3.377000093,3.799000025
2/2/2018 11:00,4.079999924,4.079999924,4.712999821
2/2/2018 12:00,3.588000059,3.588000059,4.290999889
2/2/2018 13:00,3.447000027,3.447000027,4.290999889
2/2/2018 14:00,3.305999994,3.305999994,6.261000156
2/2/2018 15:00,3.868999958,3.868999958,3.938999891
2/2/2018 16:00,3.305999994,3.305999994,3.799000025
2/2/2018 17:00,3.51699996,3.51699996,3.588000059
2/2/2018 18:00,2.321000099,2.321000099,3.799000025
2/2/2018 19:00,2.039999962,2.039999962,3.588000059
2/2/2018 20:00,1.899000049,1.899000049,3.305999994
2/2/2018 21:00,2.461999893,2.461999893,3.657999992
2/2/2018 22:00,2.532000065,2.532000065,4.290999889
2/2/2018 23:00,2.039999962,2.039999962,3.938999891
2/3/2018 0:00,2.039999962,2.039999962,3.799000025
2/3/2018 1:00,0.843999982,0.843999982,4.361999989
2/3/2018 2:00,0.703000009,0.703000009,4.643000126
2/3/2018 3:00,0.703000009,0.703000009,4.221000195
2/3/2018 4:00,1.337000012,1.337000012,4.079999924
2/3/2018 5:00,0.773999989,0.773999989,3.868999958
2/3/2018 6:00,0.0,0.0,3.938999891
2/3/2018 7:00,0.0,0.0,3.727999926
2/3/2018 8:00,0.0,0.0,3.868999958
2/3/2018 9:00,0.773999989,0.773999989,4.43200016
2/3/2018 10:00,1.406999946,1.406999946,3.377000093
2/3/2018 11:00,2.039999962,2.039999962,4.079999924
2/3/2018 12:00,1.266000032,1.266000032,3.588000059
2/3/2018 13:00,1.970000029,1.970000029,3.447000027
2/3/2018 14:00,3.447000027,3.447000027,3.305999994
2/3/2018 15:00,3.447000027,3.447000027,3.868999958
2/3/2018 16:00,3.657999992,3.657999992,3.305999994
2/3/2018 17:00,3.236000061,3.236000061,3.51699996
2/3/2018 18:00,2.461999893,2.461999893,2.321000099
2/3/2018 19:00,2.39199996,2.39199996,2.039999962
2/3/2018 20:00,1.687999964,1.687999964,1.899000049
2/3/2018 21:00,1.266000032,1.266000032,2.461999893
2/3/2018 22:00,2.180999994,2.180999994,2.532000065
2/3/2018 23:00,0.773999989,0.773999989,2.039999962
2/4/2018 0:00,1.899000049,1.899000049,2.039999962
2/4/2018 1:00,1.828999996,1.828999996,0.843999982
2/4/2018 2:00,2.250999928,2.250999928,0.703000009
2/4/2018 3:00,2.039999962,2.039999962,0.703000009
2/4/2018 4:00,2.180999994,2.180999994,1.337000012
2/4/2018 5:00,2.39199996,2.39199996,0.773999989
2/4/2018 6:00,1.687999964,1.687999964,0.0
2/4/2018 7:00,1.547999978,1.547999978,0.0
2/4/2018 8:00,1.899000049,1.899000049,0.0
2/4/2018 9:00,2.673000097,2.673000097,0.773999989
2/4/2018 10:00,2.884000063,2.884000063,1.406999946
2/4/2018 11:00,3.799000025,3.799000025,2.039999962
2/4/2018 12:00,2.954999924,2.954999924,1.266000032
2/4/2018 13:00,3.377000093,3.377000093,1.970000029
2/4/2018 14:00,4.43200016,4.43200016,3.447000027
2/4/2018 15:00,3.868999958,3.868999958,3.447000027
2/4/2018 16:00,4.150000095,4.150000095,3.657999992
2/4/2018 17:00,4.150000095,4.150000095,3.236000061
2/4/2018 18:00,3.236000061,3.236000061,2.461999893
2/4/2018 19:00,2.884000063,2.884000063,2.39199996
2/4/2018 20:00,2.461999893,2.461999893,1.687999964
2/4/2018 21:00,3.447000027,3.447000027,1.266000032
2/4/2018 22:00,4.079999924,4.079999924,2.180999994
2/4/2018 23:00,3.588000059,3.588000059,0.773999989
2/5/2018 0:00,4.290999889,4.290999889,1.899000049
2/5/2018 1:00,3.799000025,3.799000025,1.828999996
2/5/2018 2:00,3.165999889,3.165999889,2.250999928
2/5/2018 3:00,4.079999924,4.079999924,2.039999962
2/5/2018 4:00,3.095000029,3.095000029,2.180999994
2/5/2018 5:00,3.588000059,3.588000059,2.39199996
2/5/2018 6:00,2.884000063,2.884000063,1.687999964
2/5/2018 7:00,3.025000095,3.025000095,1.547999978
2/5/2018 8:00,3.588000059,3.588000059,1.899000049
2/5/2018 9:00,3.447000027,3.447000027,2.673000097
2/5/2018 10:00,2.884000063,2.884000063,2.884000063
2/5/2018 11:00,3.868999958,3.868999958,3.799000025
2/5/2018 12:00,2.884000063,2.884000063,2.954999924
2/5/2018 13:00,3.305999994,3.305999994,3.377000093
2/5/2018 14:00,4.501999855,4.501999855,4.43200016
2/5/2018 15:00,4.010000229,4.010000229,3.868999958
2/5/2018 16:00,4.079999924,4.079999924,4.150000095
2/5/2018 17:00,5.205999851,5.205999851,4.150000095
2/5/2018 18:00,4.290999889,4.290999889,3.236000061
2/5/2018 19:00,4.290999889,4.290999889,2.884000063
2/5/2018 20:00,3.938999891,3.938999891,2.461999893
2/5/2018 21:00,4.221000195,4.221000195,3.447000027
2/5/2018 22:00,4.290999889,4.290999889,4.079999924
2/5/2018 23:00,3.799000025,3.799000025,3.588000059
2/6/2018 0:00,3.938999891,3.938999891,4.290999889
2/6/2018 1:00,4.221000195,4.221000195,3.799000025
2/6/2018 2:00,3.799000025,3.799000025,3.165999889
2/6/2018 3:00,3.51699996,3.51699996,4.079999924
2/6/2018 4:00,4.290999889,4.290999889,3.095000029
2/6/2018 5:00,4.010000229,4.010000229,3.588000059
2/6/2018 6:00,4.010000229,4.010000229,2.884000063
2/6/2018 7:00,1.547999978,1.547999978,3.025000095
2/6/2018 8:00,1.19599998,1.19599998,3.588000059
2/6/2018 9:00,1.126000047,1.126000047,3.447000027
2/6/2018 10:00,1.476999998,1.476999998,2.884000063
2/6/2018 11:00,1.687999964,1.687999964,3.868999958
2/6/2018 12:00,1.758999944,1.758999944,2.884000063
2/6/2018 13:00,2.461999893,2.461999893,3.305999994
2/6/2018 14:00,4.501999855,4.501999855,4.501999855
2/6/2018 15:00,3.799000025,3.799000025,4.010000229
2/6/2018 16:00,2.673000097,2.673000097,4.079999924
2/6/2018 17:00,2.673000097,2.673000097,5.205999851
2/6/2018 18:00,2.602999926,2.602999926,4.290999889
2/6/2018 19:00,2.250999928,2.250999928,4.290999889
2/6/2018 20:00,2.180999994,2.180999994,3.938999891
2/6/2018 21:00,2.532000065,2.532000065,4.221000195
2/6/2018 22:00,2.602999926,2.602999926,4.290999889
2/6/2018 23:00,2.250999928,2.250999928,3.799000025
2/7/2018 0:00,1.828999996,1.828999996,3.938999891
2/7/2018 1:00,2.039999962,2.039999962,4.221000195
2/7/2018 2:00,1.970000029,1.970000029,3.799000025
2/7/2018 3:00,2.461999893,2.461999893,3.51699996
2/7/2018 4:00,2.250999928,2.250999928,4.290999889
2/7/2018 5:00,2.321000099,2.321000099,4.010000229
2/7/2018 6:00,2.461999893,2.461999893,4.010000229
2/7/2018 7:00,2.602999926,2.602999926,1.547999978
2/7/2018 8:00,2.884000063,2.884000063,1.19599998
2/7/2018 9:00,3.588000059,3.588000059,1.126000047
2/7/2018 10:00,4.150000095,4.150000095,1.476999998
2/7/2018 11:00,4.501999855,4.501999855,1.687999964
2/7/2018 12:00,4.010000229,4.010000229,1.758999944
2/7/2018 13:00,4.290999889,4.290999889,2.461999893
2/7/2018 14:00,4.572999954,4.572999954,4.501999855
2/7/2018 15:00,4.923999786,4.923999786,3.799000025
2/7/2018 16:00,4.643000126,4.643000126,2.673000097
2/7/2018 17:00,5.065000057,5.065000057,2.673000097
2/7/2018 18:00,4.994999886,4.994999886,2.602999926
2/7/2018 19:00,5.135000229,5.135000229,2.250999928
2/7/2018 20:00,5.135000229,5.135000229,2.180999994
2/7/2018 21:00,4.643000126,4.643000126,2.532000065
2/7/2018 22:00,4.643000126,4.643000126,2.602999926
2/7/2018 23:00,3.588000059,3.588000059,2.250999928
2/8/2018 0:00,1.899000049,1.899000049,1.828999996
2/8/2018 1:00,2.109999895,2.109999895,2.039999962
2/8/2018 2:00,4.150000095,4.150000095,1.970000029
2/8/2018 3:00,4.221000195,4.221000195,2.461999893
2/8/2018 4:00,3.727999926,3.727999926,2.250999928
2/8/2018 5:00,3.588000059,3.588000059,2.321000099
2/8/2018 6:00,3.727999926,3.727999926,2.461999893
2/8/2018 7:00,3.165999889,3.165999889,2.602999926
2/8/2018 8:00,3.025000095,3.025000095,2.884000063
2/8/2018 9:00,2.180999994,2.180999994,3.588000059
2/8/2018 10:00,2.532000065,2.532000065,4.150000095
2/8/2018 11:00,2.884000063,2.884000063,4.501999855
2/8/2018 12:00,3.025000095,3.025000095,4.010000229
2/8/2018 13:00,2.884000063,2.884000063,4.290999889
2/8/2018 14:00,3.938999891,3.938999891,4.572999954
2/8/2018 15:00,3.588000059,3.588000059,4.923999786
2/8/2018 16:00,3.447000027,3.447000027,4.643000126
2/8/2018 17:00,3.868999958,3.868999958,5.065000057
2/8/2018 18:00,3.377000093,3.377000093,4.994999886
2/8/2018 19:00,2.813999891,2.813999891,5.135000229
2/8/2018 20:00,2.743999958,2.743999958,5.135000229
2/8/2018 21:00,2.884000063,2.884000063,4.643000126
2/8/2018 22:00,2.813999891,2.813999891,4.643000126
2/8/2018 23:00,2.602999926,2.602999926,3.588000059
2/9/2018 0:00,2.813999891,2.813999891,1.899000049
2/9/2018 1:00,2.602999926,2.602999926,2.109999895
2/9/2018 2:00,2.954999924,2.954999924,4.150000095
2/9/2018 3:00,2.884000063,2.884000063,4.221000195
2/9/2018 4:00,3.377000093,3.377000093,3.727999926
2/9/2018 5:00,3.305999994,3.305999994,3.588000059
2/9/2018 6:00,3.305999994,3.305999994,3.727999926
2/9/2018 7:00,3.305999994,3.305999994,3.165999889
2/9/2018 8:00,3.377000093,3.377000093,3.025000095
2/9/2018 9:00,3.588000059,3.588000059,2.180999994
2/9/2018 10:00,3.727999926,3.727999926,2.532000065
2/9/2018 11:00,4.643000126,4.643000126,2.884000063
2/9/2018 12:00,5.697999954,5.697999954,3.025000095
2/9/2018 13:00,5.486999989,5.486999989,2.884000063
2/9/2018 14:00,5.768000126,5.768000126,3.938999891
2/9/2018 15:00,5.768000126,5.768000126,3.588000059
2/9/2018 16:00,5.768000126,5.768000126,3.447000027
2/9/2018 17:00,5.768000126,5.768000126,3.868999958
2/9/2018 18:00,5.627999783,5.627999783,3.377000093
2/9/2018 19:00,5.346000195,5.346000195,2.813999891
2/9/2018 20:00,5.839000225,5.839000225,2.743999958
2/9/2018 21:00,5.697999954,5.697999954,2.884000063
2/9/2018 22:00,5.416999817,5.416999817,2.813999891
2/9/2018 23:00,5.768000126,5.768000126,2.602999926
2/10/2018 0:00,5.839000225,5.839000225,2.813999891
2/10/2018 1:00,5.90899992,5.90899992,2.602999926
2/10/2018 2:00,6.190999985,6.190999985,2.954999924
2/10/2018 3:00,5.697999954,5.697999954,2.884000063
2/10/2018 4:00,4.712999821,4.712999821,3.377000093
2/10/2018 5:00,4.643000126,4.643000126,3.305999994
2/10/2018 6:00,3.095000029,3.095000029,3.305999994
2/10/2018 7:00,2.813999891,2.813999891,3.305999994
2/10/2018 8:00,3.447000027,3.447000027,3.377000093
2/10/2018 9:00,2.321000099,2.321000099,3.588000059
2/10/2018 10:00,1.899000049,1.899000049,3.727999926
2/10/2018 11:00,2.250999928,2.250999928,4.643000126
2/10/2018 12:00,3.025000095,3.025000095,5.697999954
2/10/2018 13:00,3.025000095,3.025000095,5.486999989
2/10/2018 14:00,3.938999891,3.938999891,5.768000126
2/10/2018 15:00,3.236000061,3.236000061,5.768000126
2/10/2018 16:00,3.727999926,3.727999926,5.768000126
2/10/2018 17:00,4.150000095,4.150000095,5.768000126
2/10/2018 18:00,4.221000195,4.221000195,5.627999783
2/10/2018 19:00,3.727999926,3.727999926,5.346000195
2/10/2018 20:00,3.799000025,3.799000025,5.839000225
2/10/2018 21:00,3.868999958,3.868999958,5.697999954
2/10/2018 22:00,3.095000029,3.095000029,5.416999817
2/10/2018 23:00,1.337000012,1.337000012,5.768000126
2/11/2018 0:00,2.532000065,2.532000065,5.839000225
2/11/2018 1:00,3.095000029,3.095000029,5.90899992
2/11/2018 2:00,4.290999889,4.290999889,6.190999985
2/11/2018 3:00,3.938999891,3.938999891,5.697999954
2/11/2018 4:00,3.868999958,3.868999958,4.712999821
2/11/2018 5:00,3.657999992,3.657999992,4.643000126
2/11/2018 6:00,2.673000097,2.673000097,3.095000029
2/11/2018 7:00,3.095000029,3.095000029,2.813999891
2/11/2018 8:00,4.079999924,4.079999924,3.447000027
2/11/2018 9:00,3.377000093,3.377000093,2.321000099
2/11/2018 10:00,2.813999891,2.813999891,1.899000049
2/11/2018 11:00,3.377000093,3.377000093,2.250999928
2/11/2018 12:00,2.954999924,2.954999924,3.025000095
2/11/2018 13:00,2.743999958,2.743999958,3.025000095
2/11/2018 14:00,3.447000027,3.447000027,3.938999891
2/11/2018 15:00,3.095000029,3.095000029,3.236000061
2/11/2018 16:00,3.095000029,3.095000029,3.727999926
2/11/2018 17:00,2.461999893,2.461999893,4.150000095
2/11/2018 18:00,1.970000029,1.970000029,4.221000195
2/11/2018 19:00,3.095000029,3.095000029,3.727999926
2/11/2018 20:00,1.899000049,1.899000049,3.799000025
2/11/2018 21:00,2.743999958,2.743999958,3.868999958
2/11/2018 22:00,3.657999992,3.657999992,3.095000029
2/11/2018 23:00,3.165999889,3.165999889,1.337000012
2/12/2018 0:00,3.095000029,3.095000029,2.532000065
2/12/2018 1:00,3.095000029,3.095000029,3.095000029
2/12/2018 2:00,2.743999958,2.743999958,4.290999889
2/12/2018 3:00,2.743999958,2.743999958,3.938999891
2/12/2018 4:00,2.884000063,2.884000063,3.868999958
2/12/2018 5:00,2.884000063,2.884000063,3.657999992
2/12/2018 6:00,2.673000097,2.673000097,2.673000097
2/12/2018 7:00,2.532000065,2.532000065,3.095000029
2/12/2018 8:00,1.618000031,1.618000031,4.079999924
2/12/2018 9:00,1.758999944,1.758999944,3.377000093
2/12/2018 10:00,1.054999948,1.054999948,2.813999891
2/12/2018 11:00,1.618000031,1.618000031,3.377000093
2/12/2018 12:00,1.337000012,1.337000012,2.954999924
2/12/2018 13:00,1.899000049,1.899000049,2.743999958
2/12/2018 14:00,3.236000061,3.236000061,3.447000027
2/12/2018 15:00,2.602999926,2.602999926,3.095000029
2/12/2018 16:00,2.532000065,2.532000065,3.095000029
2/12/2018 17:00,2.180999994,2.180999994,2.461999893
2/12/2018 18:00,2.532000065,2.532000065,1.970000029
2/12/2018 19:00,3.095000029,3.095000029,3.095000029
2/12/2018 20:00,3.51699996,3.51699996,1.899000049
2/12/2018 21:00,3.799000025,3.799000025,2.743999958
2/12/2018 22:00,3.799000025,3.799000025,3.657999992
2/12/2018 23:00,4.150000095,4.150000095,3.165999889
2/13/2018 0:00,4.290999889,4.290999889,3.095000029
2/13/2018 1:00,4.290999889,4.290999889,3.095000029
2/13/2018 2:00,4.079999924,4.079999924,2.743999958
2/13/2018 3:00,3.305999994,3.305999994,2.743999958
2/13/2018 4:00,3.799000025,3.799000025,2.884000063
2/13/2018 5:00,3.447000027,3.447000027,2.884000063
2/13/2018 6:00,3.588000059,3.588000059,2.673000097
2/13/2018 7:00,3.305999994,3.305999994,2.532000065
2/13/2018 8:00,3.588000059,3.588000059,1.618000031
2/13/2018 9:00,4.079999924,4.079999924,1.758999944
2/13/2018 10:00,4.923999786,4.923999786,1.054999948
2/13/2018 11:00,5.697999954,5.697999954,1.618000031
2/13/2018 12:00,4.994999886,4.994999886,1.337000012
2/13/2018 13:00,4.994999886,4.994999886,1.899000049
2/13/2018 14:00,5.768000126,5.768000126,3.236000061
2/13/2018 15:00,6.190999985,6.190999985,2.602999926
2/13/2018 16:00,6.330999851,6.330999851,2.532000065
2/13/2018 17:00,6.050000191,6.050000191,2.180999994
2/13/2018 18:00,6.612999916,6.612999916,2.532000065
2/13/2018 19:00,6.050000191,6.050000191,3.095000029
2/13/2018 20:00,5.697999954,5.697999954,3.51699996
2/13/2018 21:00,6.119999886,6.119999886,3.799000025
2/13/2018 22:00,6.050000191,6.050000191,3.799000025
2/13/2018 23:00,6.472000122,6.472000122,4.150000095
2/14/2018 0:00,6.40199995,6.40199995,4.290999889
2/14/2018 1:00,6.472000122,6.472000122,4.290999889
2/14/2018 2:00,5.55700016,5.55700016,4.079999924
2/14/2018 3:00,6.40199995,6.40199995,3.305999994
2/14/2018 4:00,6.261000156,6.261000156,3.799000025
2/14/2018 5:00,5.55700016,5.55700016,3.447000027
2/14/2018 6:00,5.627999783,5.627999783,3.588000059
2/14/2018 7:00,4.923999786,4.923999786,3.305999994
2/14/2018 8:00,5.90899992,5.90899992,3.588000059
2/14/2018 9:00,6.472000122,6.472000122,4.079999924
2/14/2018 10:00,6.752999783,6.752999783,4.923999786
2/14/2018 11:00,6.964000225,6.964000225,5.697999954
2/14/2018 12:00,6.752999783,6.752999783,4.994999886
2/14/2018 13:00,7.668000221,7.668000221,4.994999886
2/14/2018 14:00,7.386000156,7.386000156,5.768000126
2/14/2018 15:00,7.456999779,7.456999779,6.190999985
2/14/2018 16:00,7.456999779,7.456999779,6.330999851
2/14/2018 17:00,7.456999779,7.456999779,6.050000191
2/14/2018 18:00,6.40199995,6.40199995,6.612999916
2/14/2018 19:00,7.105000019,7.105000019,6.050000191
2/14/2018 20:00,7.315999985,7.315999985,5.697999954
2/14/2018 21:00,7.315999985,7.315999985,6.119999886
2/14/2018 22:00,7.175000191,7.175000191,6.050000191
2/14/2018 23:00,6.683000088,6.683000088,6.472000122
2/15/2018 0:00,7.386000156,7.386000156,6.40199995
2/15/2018 1:00,5.90899992,5.90899992,6.472000122
2/15/2018 2:00,3.799000025,3.799000025,5.55700016
2/15/2018 3:00,3.727999926,3.727999926,6.40199995
2/15/2018 4:00,3.236000061,3.236000061,6.261000156
2/15/2018 5:00,3.588000059,3.588000059,5.55700016
2/15/2018 6:00,3.447000027,3.447000027,5.627999783
2/15/2018 7:00,3.236000061,3.236000061,4.923999786
2/15/2018 8:00,2.884000063,2.884000063,5.90899992
2/15/2018 9:00,2.884000063,2.884000063,6.472000122
2/15/2018 10:00,2.884000063,2.884000063,6.752999783
2/15/2018 11:00,2.813999891,2.813999891,6.964000225
2/15/2018 12:00,2.813999891,2.813999891,6.752999783
2/15/2018 13:00,3.095000029,3.095000029,7.668000221
2/15/2018 14:00,3.095000029,3.095000029,7.386000156
2/15/2018 15:00,3.165999889,3.165999889,7.456999779
2/15/2018 16:00,3.657999992,3.657999992,7.456999779
2/15/2018 17:00,3.236000061,3.236000061,7.456999779
2/15/2018 18:00,2.602999926,2.602999926,6.40199995
2/15/2018 19:00,2.532000065,2.532000065,7.105000019
2/15/2018 20:00,3.025000095,3.025000095,7.315999985
2/15/2018 21:00,3.236000061,3.236000061,7.315999985
2/15/2018 22:00,3.447000027,3.447000027,7.175000191
2/15/2018 23:00,3.305999994,3.305999994,6.683000088
2/16/2018 0:00,3.025000095,3.025000095,7.386000156
2/16/2018 1:00,3.447000027,3.447000027,5.90899992
2/16/2018 2:00,3.305999994,3.305999994,3.799000025
2/16/2018 3:00,3.657999992,3.657999992,3.727999926
2/16/2018 4:00,3.447000027,3.447000027,3.236000061
2/16/2018 5:00,3.305999994,3.305999994,3.588000059
2/16/2018 6:00,3.799000025,3.799000025,3.447000027
2/16/2018 7:00,4.150000095,4.150000095,3.236000061
2/16/2018 8:00,3.095000029,3.095000029,2.884000063
2/16/2018 9:00,3.51699996,3.51699996,2.884000063
2/16/2018 10:00,3.377000093,3.377000093,2.884000063
2/16/2018 11:00,4.43200016,4.43200016,2.813999891
2/16/2018 12:00,5.135000229,5.135000229,2.813999891
2/16/2018 13:00,5.416999817,5.416999817,3.095000029
2/16/2018 14:00,5.697999954,5.697999954,3.095000029
2/16/2018 15:00,5.697999954,5.697999954,3.165999889
2/16/2018 16:00,5.55700016,5.55700016,3.657999992
2/16/2018 17:00,5.205999851,5.205999851,3.236000061
2/16/2018 18:00,5.416999817,5.416999817,2.602999926
2/16/2018 19:00,5.135000229,5.135000229,2.532000065
2/16/2018 20:00,4.923999786,4.923999786,3.025000095
2/16/2018 21:00,4.994999886,4.994999886,3.236000061
2/16/2018 22:00,4.923999786,4.923999786,3.447000027
2/16/2018 23:00,5.135000229,5.135000229,3.305999994
2/17/2018 0:00,4.572999954,4.572999954,3.025000095
2/17/2018 1:00,4.010000229,4.010000229,3.447000027
2/17/2018 2:00,4.150000095,4.150000095,3.305999994
2/17/2018 3:00,4.994999886,4.994999886,3.657999992
2/17/2018 4:00,4.361999989,4.361999989,3.447000027
2/17/2018 5:00,4.221000195,4.221000195,3.305999994
2/17/2018 6:00,3.377000093,3.377000093,3.799000025
2/17/2018 7:00,2.039999962,2.039999962,4.150000095
2/17/2018 8:00,2.250999928,2.250999928,3.095000029
2/17/2018 9:00,1.828999996,1.828999996,3.51699996
2/17/2018 10:00,2.180999994,2.180999994,3.377000093
2/17/2018 11:00,2.954999924,2.954999924,4.43200016
2/17/2018 12:00,2.884000063,2.884000063,5.135000229
2/17/2018 13:00,3.377000093,3.377000093,5.416999817
2/17/2018 14:00,4.290999889,4.290999889,5.697999954
2/17/2018 15:00,4.221000195,4.221000195,5.697999954
2/17/2018 16:00,4.150000095,4.150000095,5.55700016
2/17/2018 17:00,3.236000061,3.236000061,5.205999851
2/17/2018 18:00,2.743999958,2.743999958,5.416999817
2/17/2018 19:00,2.602999926,2.602999926,5.135000229
2/17/2018 20:00,2.602999926,2.602999926,4.923999786
2/17/2018 21:00,2.532000065,2.532000065,4.994999886
2/17/2018 22:00,2.461999893,2.461999893,4.923999786
2/17/2018 23:00,2.39199996,2.39199996,5.135000229
2/18/2018 0:00,2.109999895,2.109999895,4.572999954
2/18/2018 1:00,2.180999994,2.180999994,4.010000229
2/18/2018 2:00,2.250999928,2.250999928,4.150000095
2/18/2018 3:00,2.532000065,2.532000065,4.994999886
2/18/2018 4:00,3.095000029,3.095000029,4.361999989
2/18/2018 5:00,3.799000025,3.799000025,4.221000195
2/18/2018 6:00,2.250999928,2.250999928,3.377000093
2/18/2018 7:00,4.150000095,4.150000095,2.039999962
2/18/2018 8:00,4.290999889,4.290999889,2.250999928
2/18/2018 9:00,4.854000092,4.854000092,1.828999996
2/18/2018 10:00,5.065000057,5.065000057,2.180999994
2/18/2018 11:00,4.994999886,4.994999886,2.954999924
2/18/2018 12:00,4.643000126,4.643000126,2.884000063
2/18/2018 13:00,4.501999855,4.501999855,3.377000093
2/18/2018 14:00,2.743999958,2.743999958,4.290999889
2/18/2018 15:00,2.39199996,2.39199996,4.221000195
2/18/2018 16:00,3.025000095,3.025000095,4.150000095
2/18/2018 17:00,1.547999978,1.547999978,3.236000061
2/18/2018 18:00,2.039999962,2.039999962,2.743999958
2/18/2018 19:00,2.673000097,2.673000097,2.602999926
2/18/2018 20:00,2.602999926,2.602999926,2.602999926
2/18/2018 21:00,2.250999928,2.250999928,2.532000065
2/18/2018 22:00,2.039999962,2.039999962,2.461999893
2/18/2018 23:00,1.337000012,1.337000012,2.39199996
2/19/2018 0:00,2.039999962,2.039999962,2.109999895
2/19/2018 1:00,2.321000099,2.321000099,2.180999994
2/19/2018 2:00,2.954999924,2.954999924,2.250999928
2/19/2018 3:00,3.727999926,3.727999926,2.532000065
2/19/2018 4:00,3.236000061,3.236000061,3.095000029
2/19/2018 5:00,2.954999924,2.954999924,3.799000025
2/19/2018 6:00,3.095000029,3.095000029,2.250999928
2/19/2018 7:00,2.39199996,2.39199996,4.150000095
2/19/2018 8:00,2.39199996,2.39199996,4.290999889
2/19/2018 9:00,1.547999978,1.547999978,4.854000092
2/19/2018 10:00,0.563000023,0.563000023,5.065000057
2/19/2018 11:00,0.773999989,0.773999989,4.994999886
2/19/2018 12:00,2.39199996,2.39199996,4.643000126
2/19/2018 13:00,2.109999895,2.109999895,4.501999855
2/19/2018 14:00,2.954999924,2.954999924,2.743999958
2/19/2018 15:00,2.954999924,2.954999924,2.39199996
2/19/2018 16:00,2.884000063,2.884000063,3.025000095
2/19/2018 17:00,3.025000095,3.025000095,1.547999978
2/19/2018 18:00,3.025000095,3.025000095,2.039999962
2/19/2018 19:00,3.51699996,3.51699996,2.673000097
2/19/2018 20:00,3.305999994,3.305999994,2.602999926
2/19/2018 21:00,3.657999992,3.657999992,2.250999928
2/19/2018 22:00,3.447000027,3.447000027,2.039999962
2/19/2018 23:00,3.727999926,3.727999926,1.337000012
2/20/2018 0:00,3.799000025,3.799000025,2.039999962
2/20/2018 1:00,4.079999924,4.079999924,2.321000099
2/20/2018 2:00,3.447000027,3.447000027,2.954999924
2/20/2018 3:00,3.657999992,3.657999992,3.727999926
2/20/2018 4:00,3.236000061,3.236000061,3.236000061
2/20/2018 5:00,3.51699996,3.51699996,2.954999924
2/20/2018 6:00,2.813999891,2.813999891,3.095000029
2/20/2018 7:00,2.461999893,2.461999893,2.39199996
2/20/2018 8:00,2.673000097,2.673000097,2.39199996
2/20/2018 9:00,2.673000097,2.673000097,1.547999978
2/20/2018 10:00,1.970000029,1.970000029,0.563000023
2/20/2018 11:00,0.703000009,0.703000009,0.773999989
2/20/2018 12:00,0.0,0.0,2.39199996
2/20/2018 13:00,0.0,0.0,2.109999895
2/20/2018 14:00,0.0,0.0,2.954999924
2/20/2018 15:00,0.633000016,0.633000016,2.954999924
2/20/2018 16:00,0.0,0.0,2.884000063
2/20/2018 17:00,0.0,0.0,3.025000095
2/20/2018 18:00,0.0,0.0,3.025000095
2/20/2018 19:00,0.0,0.0,3.51699996
2/20/2018 20:00,0.0,0.0,3.305999994
2/20/2018 21:00,1.899000049,1.899000049,3.657999992
2/20/2018 22:00,2.180999994,2.180999994,3.447000027
2/20/2018 23:00,2.321000099,2.321000099,3.727999926
2/21/2018 0:00,2.532000065,2.532000065,3.799000025
2/21/2018 1:00,2.461999893,2.461999893,4.079999924
2/21/2018 2:00,2.813999891,2.813999891,3.447000027
2/21/2018 3:00,2.461999893,2.461999893,3.657999992
2/21/2018 4:00,2.602999926,2.602999926,3.236000061
2/21/2018 5:00,2.532000065,2.532000065,3.51699996
2/21/2018 6:00,2.461999893,2.461999893,2.813999891
2/21/2018 7:00,2.673000097,2.673000097,2.461999893
2/21/2018 8:00,2.813999891,2.813999891,2.673000097
2/21/2018 9:00,2.743999958,2.743999958,2.673000097
2/21/2018 10:00,2.743999958,2.743999958,1.970000029
2/21/2018 11:00,2.884000063,2.884000063,0.703000009
2/21/2018 12:00,2.602999926,2.602999926,0.0
2/21/2018 13:00,2.743999958,2.743999958,0.0
2/21/2018 14:00,2.532000065,2.532000065,0.0
2/21/2018 15:00,2.954999924,2.954999924,0.633000016
2/21/2018 16:00,2.884000063,2.884000063,0.0
2/21/2018 17:00,3.165999889,3.165999889,0.0
2/21/2018 18:00,3.236000061,3.236000061,0.0
2/21/2018 19:00,3.868999958,3.868999958,0.0
2/21/2018 20:00,4.221000195,4.221000195,0.0
2/21/2018 21:00,5.346000195,5.346000195,1.899000049
2/21/2018 22:00,5.346000195,5.346000195,2.180999994
2/21/2018 23:00,5.205999851,5.205999851,2.321000099
2/22/2018 0:00,5.205999851,5.205999851,2.532000065
2/22/2018 1:00,5.486999989,5.486999989,2.461999893
2/22/2018 2:00,5.205999851,5.205999851,2.813999891
2/22/2018 3:00,4.854000092,4.854000092,2.461999893
2/22/2018 4:00,4.923999786,4.923999786,2.602999926
2/22/2018 5:00,4.994999886,4.994999886,2.532000065
2/22/2018 6:00,4.78399992,4.78399992,2.461999893
2/22/2018 7:00,4.78399992,4.78399992,2.673000097
2/22/2018 8:00,5.205999851,5.205999851,2.813999891
2/22/2018 9:00,5.276000023,5.276000023,2.743999958
2/22/2018 10:00,4.643000126,4.643000126,2.743999958
2/22/2018 11:00,5.346000195,5.346000195,2.884000063
2/22/2018 12:00,4.923999786,4.923999786,2.602999926
2/22/2018 13:00,4.361999989,4.361999989,2.743999958
2/22/2018 14:00,5.55700016,5.55700016,2.532000065
2/22/2018 15:00,4.78399992,4.78399992,2.954999924
2/22/2018 16:00,4.43200016,4.43200016,2.884000063
2/22/2018 17:00,4.43200016,4.43200016,3.165999889
2/22/2018 18:00,5.55700016,5.55700016,3.236000061
2/22/2018 19:00,4.643000126,4.643000126,3.868999958
2/22/2018 20:00,4.854000092,4.854000092,4.221000195
2/22/2018 21:00,5.416999817,5.416999817,5.346000195
2/22/2018 22:00,5.276000023,5.276000023,5.346000195
2/22/2018 23:00,5.697999954,5.697999954,5.205999851
2/23/2018 0:00,5.697999954,5.697999954,5.205999851
2/23/2018 1:00,4.994999886,4.994999886,5.486999989
2/23/2018 2:00,4.994999886,4.994999886,5.205999851
2/23/2018 3:00,5.276000023,5.276000023,4.854000092
2/23/2018 4:00,4.501999855,4.501999855,4.923999786
2/23/2018 5:00,4.501999855,4.501999855,4.994999886
2/23/2018 6:00,4.221000195,4.221000195,4.78399992
2/23/2018 7:00,3.938999891,3.938999891,4.78399992
2/23/2018 8:00,4.854000092,4.854000092,5.205999851
2/23/2018 9:00,4.643000126,4.643000126,5.276000023
2/23/2018 10:00,5.839000225,5.839000225,4.643000126
2/23/2018 11:00,5.768000126,5.768000126,5.346000195
2/23/2018 12:00,5.627999783,5.627999783,4.923999786
2/23/2018 13:00,4.854000092,4.854000092,4.361999989
2/23/2018 14:00,8.37100029,8.37100029,5.55700016
2/23/2018 15:00,6.894000053,6.894000053,4.78399992
2/23/2018 16:00,7.386000156,7.386000156,4.43200016
2/23/2018 17:00,7.105000019,7.105000019,4.43200016
2/23/2018 18:00,7.737999916,7.737999916,5.55700016
2/23/2018 19:00,6.894000053,6.894000053,4.643000126
2/23/2018 20:00,6.119999886,6.119999886,4.854000092
2/23/2018 21:00,5.768000126,5.768000126,5.416999817
2/23/2018 22:00,5.346000195,5.346000195,5.276000023
2/23/2018 23:00,5.135000229,5.135000229,5.697999954
2/24/2018 0:00,5.486999989,5.486999989,5.697999954
2/24/2018 1:00,4.994999886,4.994999886,4.994999886
2/24/2018 2:00,5.065000057,5.065000057,4.994999886
2/24/2018 3:00,4.923999786,4.923999786,5.276000023
2/24/2018 4:00,4.854000092,4.854000092,4.501999855
2/24/2018 5:00,4.854000092,4.854000092,4.501999855
2/24/2018 6:00,5.416999817,5.416999817,4.221000195
2/24/2018 7:00,4.361999989,4.361999989,3.938999891
2/24/2018 8:00,5.135000229,5.135000229,4.854000092
2/24/2018 9:00,5.346000195,5.346000195,4.643000126
2/24/2018 10:00,6.330999851,6.330999851,5.839000225
2/24/2018 11:00,5.205999851,5.205999851,5.768000126
2/24/2018 12:00,4.572999954,4.572999954,5.627999783
2/24/2018 13:00,4.361999989,4.361999989,4.854000092
2/24/2018 14:00,4.994999886,4.994999886,8.37100029
2/24/2018 15:00,4.994999886,4.994999886,6.894000053
2/24/2018 16:00,4.43200016,4.43200016,7.386000156
2/24/2018 17:00,4.78399992,4.78399992,7.105000019
2/24/2018 18:00,5.979000092,5.979000092,7.737999916
2/24/2018 19:00,5.768000126,5.768000126,6.894000053
2/24/2018 20:00,5.627999783,5.627999783,6.119999886
2/24/2018 21:00,5.486999989,5.486999989,5.768000126
2/24/2018 22:00,4.361999989,4.361999989,5.346000195
2/24/2018 23:00,4.643000126,4.643000126,5.135000229
2/25/2018 0:00,3.868999958,3.868999958,5.486999989
2/25/2018 1:00,3.868999958,3.868999958,4.994999886
2/25/2018 2:00,3.305999994,3.305999994,5.065000057
2/25/2018 3:00,3.447000027,3.447000027,4.923999786
2/25/2018 4:00,3.305999994,3.305999994,4.854000092
2/25/2018 5:00,2.743999958,2.743999958,4.854000092
2/25/2018 6:00,3.165999889,3.165999889,5.416999817
2/25/2018 7:00,4.079999924,4.079999924,4.361999989
2/25/2018 8:00,3.657999992,3.657999992,5.135000229
2/25/2018 9:00,2.813999891,2.813999891,5.346000195
2/25/2018 10:00,3.305999994,3.305999994,6.330999851
2/25/2018 11:00,4.43200016,4.43200016,5.205999851
2/25/2018 12:00,5.205999851,5.205999851,4.572999954
2/25/2018 13:00,4.994999886,4.994999886,4.361999989
2/25/2018 14:00,5.276000023,5.276000023,4.994999886
2/25/2018 15:00,5.205999851,5.205999851,4.994999886
2/25/2018 16:00,4.854000092,4.854000092,4.43200016
2/25/2018 17:00,5.55700016,5.55700016,4.78399992
2/25/2018 18:00,5.979000092,5.979000092,5.979000092
2/25/2018 19:00,4.994999886,4.994999886,5.768000126
2/25/2018 20:00,5.346000195,5.346000195,5.627999783
2/25/2018 21:00,5.205999851,5.205999851,5.486999989
2/25/2018 22:00,5.135000229,5.135000229,4.361999989
2/25/2018 23:00,4.923999786,4.923999786,4.643000126
2/26/2018 0:00,5.135000229,5.135000229,3.868999958
2/26/2018 1:00,4.643000126,4.643000126,3.868999958
2/26/2018 2:00,4.501999855,4.501999855,3.305999994
2/26/2018 3:00,4.572999954,4.572999954,3.447000027
2/26/2018 4:00,4.643000126,4.643000126,3.305999994
2/26/2018 5:00,4.501999855,4.501999855,2.743999958
2/26/2018 6:00,4.150000095,4.150000095,3.165999889
2/26/2018 7:00,4.572999954,4.572999954,4.079999924
2/26/2018 8:00,4.712999821,4.712999821,3.657999992
2/26/2018 9:00,5.346000195,5.346000195,2.813999891
2/26/2018 10:00,6.190999985,6.190999985,3.305999994
2/26/2018 11:00,6.330999851,6.330999851,4.43200016
2/26/2018 12:00,5.979000092,5.979000092,5.205999851
2/26/2018 13:00,6.752999783,6.752999783,4.994999886
2/26/2018 14:00,7.809000015,7.809000015,5.276000023
2/26/2018 15:00,8.159999847,8.159999847,5.205999851
2/26/2018 16:00,8.230999947,8.230999947,4.854000092
2/26/2018 17:00,8.37100029,8.37100029,5.55700016
2/26/2018 18:00,8.159999847,8.159999847,5.979000092
2/26/2018 19:00,7.315999985,7.315999985,4.994999886
2/26/2018 20:00,6.40199995,6.40199995,5.346000195
2/26/2018 21:00,6.119999886,6.119999886,5.205999851
2/26/2018 22:00,5.768000126,5.768000126,5.135000229
2/26/2018 23:00,5.839000225,5.839000225,4.923999786
2/27/2018 0:00,5.697999954,5.697999954,5.135000229
2/27/2018 1:00,5.416999817,5.416999817,4.643000126
2/27/2018 2:00,5.768000126,5.768000126,4.501999855
2/27/2018 3:00,5.346000195,5.346000195,4.572999954
2/27/2018 4:00,5.627999783,5.627999783,4.643000126
2/27/2018 5:00,4.994999886,4.994999886,4.501999855
2/27/2018 6:00,5.205999851,5.205999851,4.150000095
2/27/2018 7:00,5.135000229,5.135000229,4.572999954
2/27/2018 8:00,5.55700016,5.55700016,4.712999821
2/27/2018 9:00,5.135000229,5.135000229,5.346000195
2/27/2018 10:00,5.346000195,5.346000195,6.190999985
2/27/2018 11:00,5.346000195,5.346000195,6.330999851
2/27/2018 12:00,6.330999851,6.330999851,5.979000092
2/27/2018 13:00,7.456999779,7.456999779,6.752999783
2/27/2018 14:00,7.245999813,7.245999813,7.809000015
2/27/2018 15:00,7.315999985,7.315999985,8.159999847
2/27/2018 16:00,7.668000221,7.668000221,8.230999947
2/27/2018 17:00,7.315999985,7.315999985,8.37100029
2/27/2018 18:00,5.697999954,5.697999954,8.159999847
2/27/2018 19:00,4.854000092,4.854000092,7.315999985
2/27/2018 20:00,3.165999889,3.165999889,6.40199995
2/27/2018 21:00,1.828999996,1.828999996,6.119999886
2/27/2018 22:00,1.476999998,1.476999998,5.768000126
2/27/2018 23:00,2.39199996,2.39199996,5.839000225
2/28/2018 0:00,2.39199996,2.39199996,5.697999954
2/28/2018 1:00,2.884000063,2.884000063,5.416999817
2/28/2018 2:00,3.588000059,3.588000059,5.768000126
2/28/2018 3:00,3.377000093,3.377000093,5.346000195
2/28/2018 4:00,2.743999958,2.743999958,5.627999783
2/28/2018 5:00,3.165999889,3.165999889,4.994999886
2/28/2018 6:00,3.095000029,3.095000029,5.205999851
2/28/2018 7:00,3.025000095,3.025000095,5.135000229
2/28/2018 8:00,2.109999895,2.109999895,5.55700016
2/28/2018 9:00,1.266000032,1.266000032,5.135000229
2/28/2018 10:00,2.039999962,2.039999962,5.346000195
2/28/2018 11:00,1.970000029,1.970000029,5.346000195
2/28/2018 12:00,2.743999958,2.743999958,6.330999851
2/28/2018 13:00,3.025000095,3.025000095,7.456999779
2/28/2018 14:00,3.025000095,3.025000095,7.245999813
2/28/2018 15:00,3.868999958,3.868999958,7.315999985
2/28/2018 16:00,4.501999855,4.501999855,7.668000221
2/28/2018 17:00,5.205999851,5.205999851,7.315999985
2/28/2018 18:00,5.839000225,5.839000225,5.697999954
2/28/2018 19:00,5.768000126,5.768000126,4.854000092
2/28/2018 20:00,5.276000023,5.276000023,3.165999889
2/28/2018 21:00,4.994999886,4.994999886,1.828999996
2/28/2018 22:00,5.697999954,5.697999954,1.476999998
2/28/2018 23:00,5.979000092,5.979000092,2.39199996
3/1/2018 0:00,5.486999989,5.486999989,2.39199996
3/1/2018 1:00,5.346000195,5.346000195,2.884000063
3/1/2018 2:00,5.627999783,5.627999783,3.588000059
3/1/2018 3:00,5.768000126,5.768000126,3.377000093
3/1/2018 4:00,4.923999786,4.923999786,2.743999958
3/1/2018 5:00,5.697999954,5.697999954,3.165999889
3/1/2018 6:00,5.839000225,5.839000225,3.095000029
3/1/2018 7:00,4.150000095,4.150000095,3.025000095
3/1/2018 8:00,4.361999989,4.361999989,2.109999895
3/1/2018 9:00,4.572999954,4.572999954,1.266000032
3/1/2018 10:00,4.43200016,4.43200016,2.039999962
3/1/2018 11:00,4.572999954,4.572999954,1.970000029
3/1/2018 12:00,4.221000195,4.221000195,2.743999958
3/1/2018 13:00,3.51699996,3.51699996,3.025000095
3/1/2018 14:00,3.236000061,3.236000061,3.025000095
3/1/2018 15:00,3.095000029,3.095000029,3.868999958
3/1/2018 16:00,2.884000063,2.884000063,4.501999855
3/1/2018 17:00,2.602999926,2.602999926,5.205999851
3/1/2018 18:00,2.954999924,2.954999924,5.839000225
3/1/2018 19:00,2.461999893,2.461999893,5.768000126
3/1/2018 20:00,2.743999958,2.743999958,5.276000023
3/1/2018 21:00,2.109999895,2.109999895,4.994999886
3/1/2018 22:00,2.321000099,2.321000099,5.697999954
3/1/2018 23:00,2.673000097,2.673000097,5.979000092
3/2/2018 0:00,2.180999994,2.180999994,5.486999989
3/2/2018 1:00,0.0,0.0,5.346000195
3/2/2018 2:00,0.843999982,0.843999982,5.627999783
3/2/2018 3:00,-0.492000014,-0.492000014,5.768000126
3/2/2018 4:00,0.985000014,0.985000014,4.923999786
3/2/2018 5:00,2.039999962,2.039999962,5.697999954
3/2/2018 6:00,2.039999962,2.039999962,5.839000225
3/2/2018 7:00,1.687999964,1.687999964,4.150000095
3/2/2018 8:00,1.758999944,1.758999944,4.361999989
3/2/2018 9:00,1.899000049,1.899000049,4.572999954
3/2/2018 10:00,2.321000099,2.321000099,4.43200016
3/2/2018 11:00,2.321000099,2.321000099,4.572999954
3/2/2018 12:00,2.884000063,2.884000063,4.221000195
3/2/2018 13:00,3.165999889,3.165999889,3.51699996
3/2/2018 14:00,3.165999889,3.165999889,3.236000061
3/2/2018 15:00,3.236000061,3.236000061,3.095000029
3/2/2018 16:00,3.727999926,3.727999926,2.884000063
3/2/2018 17:00,3.657999992,3.657999992,2.602999926
3/2/2018 18:00,4.150000095,4.150000095,2.954999924
3/2/2018 19:00,4.361999989,4.361999989,2.461999893
3/2/2018 20:00,4.150000095,4.150000095,2.743999958
3/2/2018 21:00,4.150000095,4.150000095,2.109999895
3/2/2018 22:00,4.501999855,4.501999855,2.321000099
3/2/2018 23:00,4.079999924,4.079999924,2.673000097
3/3/2018 0:00,1.19599998,1.19599998,2.180999994
3/3/2018 1:00,1.476999998,1.476999998,0.0
3/3/2018 2:00,3.51699996,3.51699996,0.843999982
3/3/2018 3:00,4.923999786,4.923999786,-0.492000014
3/3/2018 4:00,5.065000057,5.065000057,0.985000014
3/3/2018 5:00,4.994999886,4.994999886,2.039999962
3/3/2018 6:00,4.221000195,4.221000195,2.039999962
3/3/2018 7:00,4.43200016,4.43200016,1.687999964
3/3/2018 8:00,4.643000126,4.643000126,1.758999944
3/3/2018 9:00,5.205999851,5.205999851,1.899000049
3/3/2018 10:00,5.697999954,5.697999954,2.321000099
3/3/2018 11:00,6.823999882,6.823999882,2.321000099
3/3/2018 12:00,6.964000225,6.964000225,2.884000063
3/3/2018 13:00,7.597000122,7.597000122,3.165999889
3/3/2018 14:00,8.020000458,8.020000458,3.165999889
3/3/2018 15:00,7.668000221,7.668000221,3.236000061
3/3/2018 16:00,7.52699995,7.52699995,3.727999926
3/3/2018 17:00,7.456999779,7.456999779,3.657999992
3/3/2018 18:00,6.964000225,6.964000225,4.150000095
3/3/2018 19:00,6.330999851,6.330999851,4.361999989
3/3/2018 20:00,6.330999851,6.330999851,4.150000095
3/3/2018 21:00,6.190999985,6.190999985,4.150000095
3/3/2018 22:00,5.768000126,5.768000126,4.501999855
3/3/2018 23:00,5.486999989,5.486999989,4.079999924
3/4/2018 0:00,5.90899992,5.90899992,1.19599998
3/4/2018 1:00,5.768000126,5.768000126,1.476999998
3/4/2018 2:00,5.065000057,5.065000057,3.51699996
3/4/2018 3:00,5.135000229,5.135000229,4.923999786
3/4/2018 4:00,5.135000229,5.135000229,5.065000057
3/4/2018 5:00,5.065000057,5.065000057,4.994999886
3/4/2018 6:00,4.78399992,4.78399992,4.221000195
3/4/2018 7:00,5.065000057,5.065000057,4.43200016
3/4/2018 8:00,5.627999783,5.627999783,4.643000126
3/4/2018 9:00,6.472000122,6.472000122,5.205999851
3/4/2018 10:00,8.090000153,8.090000153,5.697999954
3/4/2018 11:00,9.145000458,9.145000458,6.823999882
3/4/2018 12:00,9.708000183,9.708000183,6.964000225
3/4/2018 13:00,9.496999741,9.496999741,7.597000122
3/4/2018 14:00,8.722999573,8.722999573,8.020000458
3/4/2018 15:00,7.879000187,7.879000187,7.668000221
3/4/2018 16:00,7.456999779,7.456999779,7.52699995
3/4/2018 17:00,6.612999916,6.612999916,7.456999779
3/4/2018 18:00,5.205999851,5.205999851,6.964000225
3/4/2018 19:00,4.501999855,4.501999855,6.330999851
3/4/2018 20:00,1.547999978,1.547999978,6.330999851
3/4/2018 21:00,0.0,0.0,6.190999985
3/4/2018 22:00,3.588000059,3.588000059,5.768000126
3/4/2018 23:00,1.337000012,1.337000012,5.486999989
3/5/2018 0:00,0.773999989,0.773999989,5.90899992
3/5/2018 1:00,0.0,0.0,5.768000126
3/5/2018 2:00,1.970000029,1.970000029,5.065000057
3/5/2018 3:00,2.250999928,2.250999928,5.135000229
3/5/2018 4:00,1.406999946,1.406999946,5.135000229
3/5/2018 5:00,1.337000012,1.337000012,5.065000057
3/5/2018 6:00,2.321000099,2.321000099,4.78399992
3/5/2018 7:00,2.532000065,2.532000065,5.065000057
3/5/2018 8:00,1.899000049,1.899000049,5.627999783
3/5/2018 9:00,1.970000029,1.970000029,6.472000122
3/5/2018 10:00,2.884000063,2.884000063,8.090000153
3/5/2018 11:00,3.588000059,3.588000059,9.145000458
3/5/2018 12:00,3.727999926,3.727999926,9.708000183
3/5/2018 13:00,3.938999891,3.938999891,9.496999741
3/5/2018 14:00,5.205999851,5.205999851,8.722999573
3/5/2018 15:00,4.854000092,4.854000092,7.879000187
3/5/2018 16:00,4.501999855,4.501999855,7.456999779
3/5/2018 17:00,4.290999889,4.290999889,6.612999916
3/5/2018 18:00,4.923999786,4.923999786,5.205999851
3/5/2018 19:00,4.712999821,4.712999821,4.501999855
3/5/2018 20:00,3.588000059,3.588000059,1.547999978
3/5/2018 21:00,3.377000093,3.377000093,0.0
3/5/2018 22:00,3.305999994,3.305999994,3.588000059
3/5/2018 23:00,3.025000095,3.025000095,1.337000012
3/6/2018 0:00,3.025000095,3.025000095,0.773999989
3/6/2018 1:00,2.673000097,2.673000097,0.0
3/6/2018 2:00,2.39199996,2.39199996,1.970000029
3/6/2018 3:00,1.899000049,1.899000049,2.250999928
3/6/2018 4:00,2.109999895,2.109999895,1.406999946
3/6/2018 5:00,1.970000029,1.970000029,1.337000012
3/6/2018 6:00,2.461999893,2.461999893,2.321000099
3/6/2018 7:00,1.970000029,1.970000029,2.532000065
3/6/2018 8:00,1.406999946,1.406999946,1.899000049
3/6/2018 9:00,1.406999946,1.406999946,1.970000029
3/6/2018 10:00,2.180999994,2.180999994,2.884000063
3/6/2018 11:00,1.828999996,1.828999996,3.588000059
3/6/2018 12:00,2.250999928,2.250999928,3.727999926
3/6/2018 13:00,2.321000099,2.321000099,3.938999891
3/6/2018 14:00,2.532000065,2.532000065,5.205999851
3/6/2018 15:00,3.025000095,3.025000095,4.854000092
3/6/2018 16:00,2.954999924,2.954999924,4.501999855
3/6/2018 17:00,2.884000063,2.884000063,4.290999889
3/6/2018 18:00,2.813999891,2.813999891,4.923999786
3/6/2018 19:00,2.109999895,2.109999895,4.712999821
3/6/2018 20:00,1.828999996,1.828999996,3.588000059
3/6/2018 21:00,1.476999998,1.476999998,3.377000093
3/6/2018 22:00,1.758999944,1.758999944,3.305999994
3/6/2018 23:00,1.828999996,1.828999996,3.025000095
3/7/2018 0:00,1.970000029,1.970000029,3.025000095
3/7/2018 1:00,1.899000049,1.899000049,2.673000097
3/7/2018 2:00,0.773999989,0.773999989,2.39199996
3/7/2018 3:00,-0.843999982,-0.843999982,1.899000049
3/7/2018 4:00,-0.633000016,-0.633000016,2.109999895
3/7/2018 5:00,-0.915000021,-0.915000021,1.970000029
3/7/2018 6:00,0.0,0.0,2.461999893
3/7/2018 7:00,-0.492000014,-0.492000014,1.970000029
3/7/2018 8:00,-0.773999989,-0.773999989,1.406999946
3/7/2018 9:00,-0.563000023,-0.563000023,1.406999946
3/7/2018 10:00,0.0,0.0,2.180999994
3/7/2018 11:00,1.19599998,1.19599998,1.828999996
3/7/2018 12:00,0.0,0.0,2.250999928
3/7/2018 13:00,0.633000016,0.633000016,2.321000099
3/7/2018 14:00,1.828999996,1.828999996,2.532000065
3/7/2018 15:00,1.547999978,1.547999978,3.025000095
3/7/2018 16:00,1.828999996,1.828999996,2.954999924
3/7/2018 17:00,1.687999964,1.687999964,2.884000063
3/7/2018 18:00,2.109999895,2.109999895,2.813999891
3/7/2018 19:00,1.828999996,1.828999996,2.109999895
3/7/2018 20:00,2.180999994,2.180999994,1.828999996
3/7/2018 21:00,2.180999994,2.180999994,1.476999998
3/7/2018 22:00,2.039999962,2.039999962,1.758999944
3/7/2018 23:00,2.743999958,2.743999958,1.828999996
3/8/2018 0:00,2.673000097,2.673000097,1.970000029
3/8/2018 1:00,2.532000065,2.532000065,1.899000049
3/8/2018 2:00,2.743999958,2.743999958,0.773999989
3/8/2018 3:00,4.221000195,4.221000195,-0.843999982
3/8/2018 4:00,3.799000025,3.799000025,-0.633000016
3/8/2018 5:00,4.150000095,4.150000095,-0.915000021
3/8/2018 6:00,2.884000063,2.884000063,0.0
3/8/2018 7:00,4.010000229,4.010000229,-0.492000014
3/8/2018 8:00,3.377000093,3.377000093,-0.773999989
3/8/2018 9:00,3.377000093,3.377000093,-0.563000023
3/8/2018 10:00,3.657999992,3.657999992,0.0
3/8/2018 11:00,4.150000095,4.150000095,1.19599998
3/8/2018 12:00,4.501999855,4.501999855,0.0
3/8/2018 13:00,4.854000092,4.854000092,0.633000016
3/8/2018 14:00,5.416999817,5.416999817,1.828999996
3/8/2018 15:00,4.572999954,4.572999954,1.547999978
3/8/2018 16:00,4.572999954,4.572999954,1.828999996
3/8/2018 17:00,4.501999855,4.501999855,1.687999964
3/8/2018 18:00,4.712999821,4.712999821,2.109999895
3/8/2018 19:00,4.712999821,4.712999821,1.828999996
3/8/2018 20:00,4.712999821,4.712999821,2.180999994
3/8/2018 21:00,5.065000057,5.065000057,2.180999994
3/8/2018 22:00,4.712999821,4.712999821,2.039999962
3/8/2018 23:00,4.643000126,4.643000126,2.743999958
3/9/2018 0:00,4.501999855,4.501999855,2.673000097
3/9/2018 1:00,5.205999851,5.205999851,2.532000065
3/9/2018 2:00,4.923999786,4.923999786,2.743999958
3/9/2018 3:00,5.276000023,5.276000023,4.221000195
3/9/2018 4:00,4.150000095,4.150000095,3.799000025
3/9/2018 5:00,4.150000095,4.150000095,4.150000095
3/9/2018 6:00,3.799000025,3.799000025,2.884000063
3/9/2018 7:00,4.010000229,4.010000229,4.010000229
3/9/2018 8:00,4.643000126,4.643000126,3.377000093
3/9/2018 9:00,4.079999924,4.079999924,3.377000093
3/9/2018 10:00,5.697999954,5.697999954,3.657999992
3/9/2018 11:00,5.697999954,5.697999954,4.150000095
3/9/2018 12:00,5.205999851,5.205999851,4.501999855
3/9/2018 13:00,5.486999989,5.486999989,4.854000092
3/9/2018 14:00,6.612999916,6.612999916,5.416999817
3/9/2018 15:00,6.964000225,6.964000225,4.572999954
3/9/2018 16:00,6.964000225,6.964000225,4.572999954
3/9/2018 17:00,7.034999847,7.034999847,4.501999855
3/9/2018 18:00,6.612999916,6.612999916,4.712999821
3/9/2018 19:00,5.697999954,5.697999954,4.712999821
3/9/2018 20:00,5.486999989,5.486999989,4.712999821
3/9/2018 21:00,5.135000229,5.135000229,5.065000057
3/9/2018 22:00,5.346000195,5.346000195,4.712999821
3/9/2018 23:00,4.78399992,4.78399992,4.643000126
3/10/2018 0:00,4.854000092,4.854000092,4.501999855
3/10/2018 1:00,5.065000057,5.065000057,5.205999851
3/10/2018 2:00,4.643000126,4.643000126,4.923999786
3/10/2018 3:00,4.78399992,4.78399992,5.276000023
3/10/2018 4:00,4.643000126,4.643000126,4.150000095
3/10/2018 5:00,4.501999855,4.501999855,4.150000095
3/10/2018 6:00,4.43200016,4.43200016,3.799000025
3/10/2018 7:00,4.572999954,4.572999954,4.010000229
3/10/2018 8:00,5.276000023,5.276000023,4.643000126
3/10/2018 9:00,5.55700016,5.55700016,4.079999924
3/10/2018 10:00,6.964000225,6.964000225,5.697999954
3/10/2018 11:00,6.472000122,6.472000122,5.697999954
3/10/2018 12:00,6.541999817,6.541999817,5.205999851
3/10/2018 13:00,7.245999813,7.245999813,5.486999989
3/10/2018 14:00,9.355999947,9.355999947,6.612999916
3/10/2018 15:00,8.512000084,8.512000084,6.964000225
3/10/2018 16:00,9.355999947,9.355999947,6.964000225
3/10/2018 17:00,9.708000183,9.708000183,7.034999847
3/10/2018 18:00,8.86400032,8.86400032,6.612999916
3/10/2018 19:00,8.020000458,8.020000458,5.697999954
3/10/2018 20:00,7.034999847,7.034999847,5.486999989
3/10/2018 21:00,6.823999882,6.823999882,5.135000229
3/10/2018 22:00,6.612999916,6.612999916,5.346000195
3/10/2018 23:00,6.40199995,6.40199995,4.78399992
3/11/2018 0:00,6.683000088,6.683000088,4.854000092
3/11/2018 1:00,6.823999882,6.823999882,5.065000057
3/11/2018 2:00,6.894000053,6.894000053,4.643000126
3/11/2018 3:00,6.894000053,6.894000053,4.78399992
3/11/2018 4:00,6.330999851,6.330999851,4.643000126
3/11/2018 5:00,6.330999851,6.330999851,4.501999855
3/11/2018 6:00,6.612999916,6.612999916,4.43200016
3/11/2018 7:00,5.627999783,5.627999783,4.572999954
3/11/2018 8:00,5.839000225,5.839000225,5.276000023
3/11/2018 9:00,5.697999954,5.697999954,5.55700016
3/11/2018 10:00,7.034999847,7.034999847,6.964000225
3/11/2018 11:00,6.683000088,6.683000088,6.472000122
3/11/2018 12:00,7.737999916,7.737999916,6.541999817
3/11/2018 13:00,8.300999641,8.300999641,7.245999813
3/11/2018 14:00,10.3409996,10.3409996,9.355999947
3/11/2018 15:00,9.918999672,9.918999672,8.512000084
3/11/2018 16:00,9.708000183,9.708000183,9.355999947
3/11/2018 17:00,9.708000183,9.708000183,9.708000183
3/11/2018 18:00,8.934000015,8.934000015,8.86400032
3/11/2018 19:00,8.512000084,8.512000084,8.020000458
3/11/2018 20:00,8.37100029,8.37100029,7.034999847
3/11/2018 21:00,7.879000187,7.879000187,6.823999882
3/11/2018 22:00,7.52699995,7.52699995,6.612999916
3/11/2018 23:00,7.668000221,7.668000221,6.40199995
3/12/2018 0:00,8.020000458,8.020000458,6.683000088
3/12/2018 1:00,7.948999882,7.948999882,6.823999882
3/12/2018 2:00,7.597000122,7.597000122,6.894000053
3/12/2018 3:00,7.668000221,7.668000221,6.894000053
3/12/2018 4:00,7.948999882,7.948999882,6.330999851
3/12/2018 5:00,8.159999847,8.159999847,6.330999851
3/12/2018 6:00,7.668000221,7.668000221,6.612999916
3/12/2018 7:00,7.456999779,7.456999779,5.627999783
3/12/2018 8:00,8.020000458,8.020000458,5.839000225
3/12/2018 9:00,8.300999641,8.300999641,5.697999954
3/12/2018 10:00,8.86400032,8.86400032,7.034999847
3/12/2018 11:00,8.722999573,8.722999573,6.683000088
3/12/2018 12:00,9.00399971,9.00399971,7.737999916
3/12/2018 13:00,9.355999947,9.355999947,8.300999641
3/12/2018 14:00,10.55200005,10.55200005,10.3409996
3/12/2018 15:00,10.13000011,10.13000011,9.918999672
3/12/2018 16:00,10.48200035,10.48200035,9.708000183
3/12/2018 17:00,11.18500042,11.18500042,9.708000183
3/12/2018 18:00,10.97399998,10.97399998,8.934000015
3/12/2018 19:00,9.918999672,9.918999672,8.512000084
3/12/2018 20:00,9.848999977,9.848999977,8.37100029
3/12/2018 21:00,9.425999641,9.425999641,7.879000187
3/12/2018 22:00,9.286000252,9.286000252,7.52699995
3/12/2018 23:00,9.215000153,9.215000153,7.668000221
3/13/2018 0:00,9.00399971,9.00399971,8.020000458
3/13/2018 1:00,8.722999573,8.722999573,7.948999882
3/13/2018 2:00,8.86400032,8.86400032,7.597000122
3/13/2018 3:00,8.793000221,8.793000221,7.668000221
3/13/2018 4:00,8.722999573,8.722999573,7.948999882
3/13/2018 5:00,8.722999573,8.722999573,8.159999847
3/13/2018 6:00,8.581999779,8.581999779,7.668000221
3/13/2018 7:00,8.230999947,8.230999947,7.456999779
3/13/2018 8:00,8.159999847,8.159999847,8.020000458
3/13/2018 9:00,9.286000252,9.286000252,8.300999641
3/13/2018 10:00,10.97399998,10.97399998,8.86400032
3/13/2018 11:00,10.83300018,10.83300018,8.722999573
3/13/2018 12:00,10.90400028,10.90400028,9.00399971
3/13/2018 13:00,11.60700035,11.60700035,9.355999947
3/13/2018 14:00,12.6619997,12.6619997,10.55200005
3/13/2018 15:00,11.74800014,11.74800014,10.13000011
3/13/2018 16:00,11.32600021,11.32600021,10.48200035
3/13/2018 17:00,11.5369997,11.5369997,11.18500042
3/13/2018 18:00,12.31099987,12.31099987,10.97399998
3/13/2018 19:00,11.88899994,11.88899994,9.918999672
3/13/2018 20:00,11.32600021,11.32600021,9.848999977
3/13/2018 21:00,11.04399967,11.04399967,9.425999641
3/13/2018 22:00,10.90400028,10.90400028,9.286000252
3/13/2018 23:00,10.62199974,10.62199974,9.215000153
3/14/2018 0:00,10.62199974,10.62199974,9.00399971
3/14/2018 1:00,10.48200035,10.48200035,8.722999573
3/14/2018 2:00,10.69299984,10.69299984,8.86400032
3/14/2018 3:00,10.76299953,10.76299953,8.793000221
3/14/2018 4:00,10.76299953,10.76299953,8.722999573
3/14/2018 5:00,9.98900032,9.98900032,8.722999573
3/14/2018 6:00,10.62199974,10.62199974,8.581999779
3/14/2018 7:00,10.19999981,10.19999981,8.230999947
3/14/2018 8:00,10.48200035,10.48200035,8.159999847
3/14/2018 9:00,10.83300018,10.83300018,9.286000252
3/14/2018 10:00,10.76299953,10.76299953,10.97399998
3/14/2018 11:00,10.76299953,10.76299953,10.83300018
3/14/2018 12:00,10.83300018,10.83300018,10.90400028
3/14/2018 13:00,9.496999741,9.496999741,11.60700035
3/14/2018 14:00,10.62199974,10.62199974,12.6619997
3/14/2018 15:00,10.69299984,10.69299984,11.74800014
3/14/2018 16:00,10.76299953,10.76299953,11.32600021
3/14/2018 17:00,10.19999981,10.19999981,11.5369997
3/14/2018 18:00,10.48200035,10.48200035,12.31099987
3/14/2018 19:00,9.777999878,9.777999878,11.88899994
3/14/2018 20:00,9.637999535,9.637999535,11.32600021
3/14/2018 21:00,9.496999741,9.496999741,11.04399967
3/14/2018 22:00,9.567000389,9.567000389,10.90400028
3/14/2018 23:00,9.425999641,9.425999641,10.62199974
3/15/2018 0:00,9.708000183,9.708000183,10.62199974
3/15/2018 1:00,9.708000183,9.708000183,10.48200035
3/15/2018 2:00,9.567000389,9.567000389,10.69299984
3/15/2018 3:00,9.496999741,9.496999741,10.76299953
3/15/2018 4:00,9.637999535,9.637999535,10.76299953
3/15/2018 5:00,9.777999878,9.777999878,9.98900032
3/15/2018 6:00,9.918999672,9.918999672,10.62199974
3/15/2018 7:00,9.637999535,9.637999535,10.19999981
3/15/2018 8:00,10.13000011,10.13000011,10.48200035
3/15/2018 9:00,10.13000011,10.13000011,10.83300018
3/15/2018 10:00,9.918999672,9.918999672,10.76299953
3/15/2018 11:00,9.708000183,9.708000183,10.76299953
3/15/2018 12:00,10.62199974,10.62199974,10.83300018
3/15/2018 13:00,10.83300018,10.83300018,9.496999741
3/15/2018 14:00,10.90400028,10.90400028,10.62199974
3/15/2018 15:00,10.83300018,10.83300018,10.69299984
3/15/2018 16:00,11.67800045,11.67800045,10.76299953
3/15/2018 17:00,11.88899994,11.88899994,10.19999981
3/15/2018 18:00,11.60700035,11.60700035,10.48200035
3/15/2018 19:00,7.668000221,7.668000221,9.777999878
3/15/2018 20:00,2.321000099,2.321000099,9.637999535
3/15/2018 21:00,0.985000014,0.985000014,9.496999741
3/15/2018 22:00,2.884000063,2.884000063,9.567000389
3/15/2018 23:00,1.687999964,1.687999964,9.425999641
3/16/2018 0:00,2.743999958,2.743999958,9.708000183
3/16/2018 1:00,2.250999928,2.250999928,9.708000183
3/16/2018 2:00,1.828999996,1.828999996,9.567000389
3/16/2018 3:00,2.602999926,2.602999926,9.496999741
3/16/2018 4:00,3.377000093,3.377000093,9.637999535
3/16/2018 5:00,3.165999889,3.165999889,9.777999878
3/16/2018 6:00,3.305999994,3.305999994,9.918999672
3/16/2018 7:00,2.743999958,2.743999958,9.637999535
3/16/2018 8:00,1.899000049,1.899000049,10.13000011
3/16/2018 9:00,2.109999895,2.109999895,10.13000011
3/16/2018 10:00,2.109999895,2.109999895,9.918999672
3/16/2018 11:00,3.025000095,3.025000095,9.708000183
3/16/2018 12:00,3.657999992,3.657999992,10.62199974
3/16/2018 13:00,4.010000229,4.010000229,10.83300018
3/16/2018 14:00,3.799000025,3.799000025,10.90400028
3/16/2018 15:00,3.868999958,3.868999958,10.83300018
3/16/2018 16:00,4.290999889,4.290999889,11.67800045
3/16/2018 17:00,4.501999855,4.501999855,11.88899994
3/16/2018 18:00,4.78399992,4.78399992,11.60700035
3/16/2018 19:00,4.994999886,4.994999886,7.668000221
3/16/2018 20:00,5.205999851,5.205999851,2.321000099
3/16/2018 21:00,5.346000195,5.346000195,0.985000014
3/16/2018 22:00,4.923999786,4.923999786,2.884000063
3/16/2018 23:00,4.150000095,4.150000095,1.687999964
3/17/2018 0:00,3.377000093,3.377000093,2.743999958
3/17/2018 1:00,3.165999889,3.165999889,2.250999928
3/17/2018 2:00,2.743999958,2.743999958,1.828999996
3/17/2018 3:00,3.025000095,3.025000095,2.602999926
3/17/2018 4:00,2.813999891,2.813999891,3.377000093
3/17/2018 5:00,2.743999958,2.743999958,3.165999889
3/17/2018 6:00,2.743999958,2.743999958,3.305999994
3/17/2018 7:00,2.321000099,2.321000099,2.743999958
3/17/2018 8:00,2.813999891,2.813999891,1.899000049
3/17/2018 9:00,3.095000029,3.095000029,2.109999895
3/17/2018 10:00,3.868999958,3.868999958,2.109999895
3/17/2018 11:00,4.43200016,4.43200016,3.025000095
3/17/2018 12:00,5.135000229,5.135000229,3.657999992
3/17/2018 13:00,5.276000023,5.276000023,4.010000229
3/17/2018 14:00,6.119999886,6.119999886,3.799000025
3/17/2018 15:00,6.472000122,6.472000122,3.868999958
3/17/2018 16:00,6.050000191,6.050000191,4.290999889
3/17/2018 17:00,5.839000225,5.839000225,4.501999855
3/17/2018 18:00,5.768000126,5.768000126,4.78399992
3/17/2018 19:00,5.627999783,5.627999783,4.994999886
3/17/2018 20:00,5.486999989,5.486999989,5.205999851
3/17/2018 21:00,5.486999989,5.486999989,5.346000195
3/17/2018 22:00,5.276000023,5.276000023,4.923999786
3/17/2018 23:00,3.51699996,3.51699996,4.150000095
3/18/2018 0:00,4.712999821,4.712999821,3.377000093
3/18/2018 1:00,4.854000092,4.854000092,3.165999889
3/18/2018 2:00,5.55700016,5.55700016,2.743999958
3/18/2018 3:00,5.90899992,5.90899992,3.025000095
3/18/2018 4:00,4.923999786,4.923999786,2.813999891
3/18/2018 5:00,3.799000025,3.799000025,2.743999958
3/18/2018 6:00,5.839000225,5.839000225,2.743999958
3/18/2018 7:00,7.737999916,7.737999916,2.321000099
3/18/2018 8:00,8.090000153,8.090000153,2.813999891
3/18/2018 9:00,7.105000019,7.105000019,3.095000029
3/18/2018 10:00,7.597000122,7.597000122,3.868999958
3/18/2018 11:00,7.948999882,7.948999882,4.43200016
3/18/2018 12:00,6.964000225,6.964000225,5.135000229
3/18/2018 13:00,7.809000015,7.809000015,5.276000023
3/18/2018 14:00,6.261000156,6.261000156,6.119999886
3/18/2018 15:00,5.697999954,5.697999954,6.472000122
3/18/2018 16:00,5.486999989,5.486999989,6.050000191
3/18/2018 17:00,5.416999817,5.416999817,5.839000225
3/18/2018 18:00,5.979000092,5.979000092,5.768000126
3/18/2018 19:00,5.486999989,5.486999989,5.627999783
3/18/2018 20:00,4.43200016,4.43200016,5.486999989
3/18/2018 21:00,5.979000092,5.979000092,5.486999989
3/18/2018 22:00,5.979000092,5.979000092,5.276000023
3/18/2018 23:00,5.768000126,5.768000126,3.51699996
3/19/2018 0:00,5.90899992,5.90899992,4.712999821
3/19/2018 1:00,6.119999886,6.119999886,4.854000092
3/19/2018 2:00,6.752999783,6.752999783,5.55700016
3/19/2018 3:00,4.854000092,4.854000092,5.90899992
3/19/2018 4:00,4.78399992,4.78399992,4.923999786
3/19/2018 5:00,4.361999989,4.361999989,3.799000025
3/19/2018 6:00,5.839000225,5.839000225,5.839000225
3/19/2018 7:00,4.854000092,4.854000092,7.737999916
3/19/2018 8:00,4.854000092,4.854000092,8.090000153
3/19/2018 9:00,5.276000023,5.276000023,7.105000019
3/19/2018 10:00,5.55700016,5.55700016,7.597000122
3/19/2018 11:00,5.135000229,5.135000229,7.948999882
3/19/2018 12:00,6.261000156,6.261000156,6.964000225
3/19/2018 13:00,5.205999851,5.205999851,7.809000015
3/19/2018 14:00,5.346000195,5.346000195,6.261000156
3/19/2018 15:00,5.416999817,5.416999817,5.697999954
3/19/2018 16:00,5.065000057,5.065000057,5.486999989
3/19/2018 17:00,6.050000191,6.050000191,5.416999817
3/19/2018 18:00,3.165999889,3.165999889,5.979000092
3/19/2018 19:00,3.868999958,3.868999958,5.486999989
3/19/2018 20:00,4.643000126,4.643000126,4.43200016
3/19/2018 21:00,4.572999954,4.572999954,5.979000092
3/19/2018 22:00,4.643000126,4.643000126,5.979000092
3/19/2018 23:00,4.079999924,4.079999924,5.768000126
3/20/2018 0:00,3.095000029,3.095000029,5.90899992
3/20/2018 1:00,3.236000061,3.236000061,6.119999886
3/20/2018 2:00,4.010000229,4.010000229,6.752999783
3/20/2018 3:00,3.727999926,3.727999926,4.854000092
3/20/2018 4:00,4.290999889,4.290999889,4.78399992
3/20/2018 5:00,4.643000126,4.643000126,4.361999989
3/20/2018 6:00,4.43200016,4.43200016,5.839000225
3/20/2018 7:00,3.165999889,3.165999889,4.854000092
3/20/2018 8:00,2.954999924,2.954999924,4.854000092
3/20/2018 9:00,3.727999926,3.727999926,5.276000023
3/20/2018 10:00,4.150000095,4.150000095,5.55700016
3/20/2018 11:00,3.588000059,3.588000059,5.135000229
3/20/2018 12:00,3.868999958,3.868999958,6.261000156
3/20/2018 13:00,3.447000027,3.447000027,5.205999851
3/20/2018 14:00,3.51699996,3.51699996,5.346000195
3/20/2018 15:00,3.51699996,3.51699996,5.416999817
3/20/2018 16:00,3.095000029,3.095000029,5.065000057
3/20/2018 17:00,2.461999893,2.461999893,6.050000191
3/20/2018 18:00,2.532000065,2.532000065,3.165999889
3/20/2018 19:00,2.884000063,2.884000063,3.868999958
3/20/2018 20:00,2.532000065,2.532000065,4.643000126
3/20/2018 21:00,2.602999926,2.602999926,4.572999954
3/20/2018 22:00,3.377000093,3.377000093,4.643000126
3/20/2018 23:00,3.377000093,3.377000093,4.079999924
3/21/2018 0:00,3.447000027,3.447000027,3.095000029
3/21/2018 1:00,2.743999958,2.743999958,3.236000061
3/21/2018 2:00,3.447000027,3.447000027,4.010000229
3/21/2018 3:00,3.799000025,3.799000025,3.727999926
3/21/2018 4:00,3.868999958,3.868999958,4.290999889
3/21/2018 5:00,4.079999924,4.079999924,4.643000126
3/21/2018 6:00,3.938999891,3.938999891,4.43200016
3/21/2018 7:00,4.010000229,4.010000229,3.165999889
3/21/2018 8:00,4.290999889,4.290999889,2.954999924
3/21/2018 9:00,3.165999889,3.165999889,3.727999926
3/21/2018 10:00,5.416999817,5.416999817,4.150000095
3/21/2018 11:00,5.205999851,5.205999851,3.588000059
3/21/2018 12:00,5.065000057,5.065000057,3.868999958
3/21/2018 13:00,6.190999985,6.190999985,3.447000027
3/21/2018 14:00,5.90899992,5.90899992,3.51699996
3/21/2018 15:00,6.683000088,6.683000088,3.51699996
3/21/2018 16:00,6.683000088,6.683000088,3.095000029
3/21/2018 17:00,6.40199995,6.40199995,2.461999893
3/21/2018 18:00,6.894000053,6.894000053,2.532000065
3/21/2018 19:00,7.034999847,7.034999847,2.884000063
3/21/2018 20:00,6.752999783,6.752999783,2.532000065
3/21/2018 21:00,6.752999783,6.752999783,2.602999926
3/21/2018 22:00,6.683000088,6.683000088,3.377000093
3/21/2018 23:00,6.683000088,6.683000088,3.377000093
3/22/2018 0:00,6.612999916,6.612999916,3.447000027
3/22/2018 1:00,6.330999851,6.330999851,2.743999958
3/22/2018 2:00,6.752999783,6.752999783,3.447000027
3/22/2018 3:00,6.261000156,6.261000156,3.799000025
3/22/2018 4:00,6.261000156,6.261000156,3.868999958
3/22/2018 5:00,6.472000122,6.472000122,4.079999924
3/22/2018 6:00,6.472000122,6.472000122,3.938999891
3/22/2018 7:00,6.119999886,6.119999886,4.010000229
3/22/2018 8:00,6.964000225,6.964000225,4.290999889
3/22/2018 9:00,7.948999882,7.948999882,3.165999889
3/22/2018 10:00,8.512000084,8.512000084,5.416999817
3/22/2018 11:00,7.456999779,7.456999779,5.205999851
3/22/2018 12:00,8.159999847,8.159999847,5.065000057
3/22/2018 13:00,9.425999641,9.425999641,6.190999985
3/22/2018 14:00,9.00399971,9.00399971,5.90899992
3/22/2018 15:00,8.512000084,8.512000084,6.683000088
3/22/2018 16:00,8.793000221,8.793000221,6.683000088
3/22/2018 17:00,8.581999779,8.581999779,6.40199995
3/22/2018 18:00,9.708000183,9.708000183,6.894000053
3/22/2018 19:00,9.215000153,9.215000153,7.034999847
3/22/2018 20:00,8.512000084,8.512000084,6.752999783
3/22/2018 21:00,8.37100029,8.37100029,6.752999783
3/22/2018 22:00,8.512000084,8.512000084,6.683000088
3/22/2018 23:00,8.37100029,8.37100029,6.683000088
3/23/2018 0:00,8.442000389,8.442000389,6.612999916
3/23/2018 1:00,8.159999847,8.159999847,6.330999851
3/23/2018 2:00,8.300999641,8.300999641,6.752999783
3/23/2018 3:00,8.722999573,8.722999573,6.261000156
3/23/2018 4:00,8.300999641,8.300999641,6.261000156
3/23/2018 5:00,8.020000458,8.020000458,6.472000122
3/23/2018 6:00,8.159999847,8.159999847,6.472000122
3/23/2018 7:00,8.230999947,8.230999947,6.119999886
3/23/2018 8:00,8.581999779,8.581999779,6.964000225
3/23/2018 9:00,8.230999947,8.230999947,7.948999882
3/23/2018 10:00,9.918999672,9.918999672,8.512000084
3/23/2018 11:00,9.98900032,9.98900032,7.456999779
3/23/2018 12:00,9.708000183,9.708000183,8.159999847
3/23/2018 13:00,10.27099991,10.27099991,9.425999641
3/23/2018 14:00,11.60700035,11.60700035,9.00399971
3/23/2018 15:00,12.52200031,12.52200031,8.512000084
3/23/2018 16:00,12.38099957,12.38099957,8.793000221
3/23/2018 17:00,12.7329998,12.7329998,8.581999779
3/23/2018 18:00,12.02900028,12.02900028,9.708000183
3/23/2018 19:00,10.83300018,10.83300018,9.215000153
3/23/2018 20:00,10.62199974,10.62199974,8.512000084
3/23/2018 21:00,9.425999641,9.425999641,8.37100029
3/23/2018 22:00,9.00399971,9.00399971,8.512000084
3/23/2018 23:00,9.286000252,9.286000252,8.37100029
3/24/2018 0:00,9.145000458,9.145000458,8.442000389
3/24/2018 1:00,9.496999741,9.496999741,8.159999847
3/24/2018 2:00,9.848999977,9.848999977,8.300999641
3/24/2018 3:00,9.286000252,9.286000252,8.722999573
3/24/2018 4:00,9.355999947,9.355999947,8.300999641
3/24/2018 5:00,9.074999809,9.074999809,8.020000458
3/24/2018 6:00,9.00399971,9.00399971,8.159999847
3/24/2018 7:00,10.62199974,10.62199974,8.230999947
3/24/2018 8:00,9.496999741,9.496999741,8.581999779
3/24/2018 9:00,9.848999977,9.848999977,8.230999947
3/24/2018 10:00,9.918999672,9.918999672,9.918999672
3/24/2018 11:00,10.27099991,10.27099991,9.98900032
3/24/2018 12:00,10.69299984,10.69299984,9.708000183
3/24/2018 13:00,10.69299984,10.69299984,10.27099991
3/24/2018 14:00,11.67800045,11.67800045,11.60700035
3/24/2018 15:00,12.7329998,12.7329998,12.52200031
3/24/2018 16:00,12.94400024,12.94400024,12.38099957
3/24/2018 17:00,13.29599953,13.29599953,12.7329998
3/24/2018 18:00,12.6619997,12.6619997,12.02900028
3/24/2018 19:00,12.02900028,12.02900028,10.83300018
3/24/2018 20:00,11.46700001,11.46700001,10.62199974
3/24/2018 21:00,11.11499977,11.11499977,9.425999641
3/24/2018 22:00,10.97399998,10.97399998,9.00399971
3/24/2018 23:00,10.62199974,10.62199974,9.286000252
3/25/2018 0:00,10.69299984,10.69299984,9.145000458
3/25/2018 1:00,9.777999878,9.777999878,9.496999741
3/25/2018 2:00,9.286000252,9.286000252,9.848999977
3/25/2018 3:00,10.55200005,10.55200005,9.286000252
3/25/2018 4:00,10.3409996,10.3409996,9.355999947
3/25/2018 5:00,10.69299984,10.69299984,9.074999809
3/25/2018 6:00,10.41100025,10.41100025,9.00399971
3/25/2018 7:00,9.98900032,9.98900032,10.62199974
3/25/2018 8:00,10.62199974,10.62199974,9.496999741
3/25/2018 9:00,10.97399998,10.97399998,9.848999977
3/25/2018 10:00,10.27099991,10.27099991,9.918999672
3/25/2018 11:00,9.98900032,9.98900032,10.27099991
3/25/2018 12:00,10.62199974,10.62199974,10.69299984
3/25/2018 13:00,10.3409996,10.3409996,10.69299984
3/25/2018 14:00,10.76299953,10.76299953,11.67800045
3/25/2018 15:00,10.90400028,10.90400028,12.7329998
3/25/2018 16:00,10.83300018,10.83300018,12.94400024
3/25/2018 17:00,10.97399998,10.97399998,13.29599953
3/25/2018 18:00,11.46700001,11.46700001,12.6619997
3/25/2018 19:00,10.3409996,10.3409996,12.02900028
3/25/2018 20:00,10.62199974,10.62199974,11.46700001
3/25/2018 21:00,10.55200005,10.55200005,11.11499977
3/25/2018 22:00,10.48200035,10.48200035,10.97399998
3/25/2018 23:00,10.48200035,10.48200035,10.62199974
3/26/2018 0:00,10.13000011,10.13000011,10.69299984
3/26/2018 1:00,9.918999672,9.918999672,9.777999878
3/26/2018 2:00,10.83300018,10.83300018,9.286000252
3/26/2018 3:00,10.3409996,10.3409996,10.55200005
3/26/2018 4:00,10.06000042,10.06000042,10.3409996
3/26/2018 5:00,10.76299953,10.76299953,10.69299984
3/26/2018 6:00,10.76299953,10.76299953,10.41100025
3/26/2018 7:00,10.76299953,10.76299953,9.98900032
3/26/2018 8:00,11.04399967,11.04399967,10.62199974
3/26/2018 9:00,10.62199974,10.62199974,10.97399998
3/26/2018 10:00,11.60700035,11.60700035,10.27099991
3/26/2018 11:00,10.19999981,10.19999981,9.98900032
3/26/2018 12:00,11.11499977,11.11499977,10.62199974
3/26/2018 13:00,12.23999977,12.23999977,10.3409996
3/26/2018 14:00,13.50699997,13.50699997,10.76299953
3/26/2018 15:00,13.36600018,13.36600018,10.90400028
3/26/2018 16:00,13.78800011,13.78800011,10.83300018
3/26/2018 17:00,13.71800041,13.71800041,10.97399998
3/26/2018 18:00,13.64700031,13.64700031,11.46700001
3/26/2018 19:00,12.45100021,12.45100021,10.3409996
3/26/2018 20:00,11.74800014,11.74800014,10.62199974
3/26/2018 21:00,11.60700035,11.60700035,10.55200005
3/26/2018 22:00,11.04399967,11.04399967,10.48200035
3/26/2018 23:00,10.83300018,10.83300018,10.48200035
3/27/2018 0:00,10.62199974,10.62199974,10.13000011
3/27/2018 1:00,10.69299984,10.69299984,9.918999672
3/27/2018 2:00,10.3409996,10.3409996,10.83300018
3/27/2018 3:00,10.62199974,10.62199974,10.3409996
3/27/2018 4:00,10.48200035,10.48200035,10.06000042
3/27/2018 5:00,10.27099991,10.27099991,10.76299953
3/27/2018 6:00,10.48200035,10.48200035,10.76299953
3/27/2018 7:00,10.3409996,10.3409996,10.76299953
3/27/2018 8:00,11.32600021,11.32600021,11.04399967
3/27/2018 9:00,11.04399967,11.04399967,10.62199974
3/27/2018 10:00,11.88899994,11.88899994,11.60700035
3/27/2018 11:00,12.02900028,12.02900028,10.19999981
3/27/2018 12:00,11.5369997,11.5369997,11.11499977
3/27/2018 13:00,11.5369997,11.5369997,12.23999977
3/27/2018 14:00,13.01399994,13.01399994,13.50699997
3/27/2018 15:00,13.08500004,13.08500004,13.36600018
3/27/2018 16:00,13.57699966,13.57699966,13.78800011
3/27/2018 17:00,13.64700031,13.64700031,13.71800041
3/27/2018 18:00,12.8739996,12.8739996,13.64700031
3/27/2018 19:00,11.5369997,11.5369997,12.45100021
3/27/2018 20:00,10.83300018,10.83300018,11.74800014
3/27/2018 21:00,10.48200035,10.48200035,11.60700035
3/27/2018 22:00,10.19999981,10.19999981,11.04399967
3/27/2018 23:00,9.708000183,9.708000183,10.83300018
3/28/2018 0:00,9.496999741,9.496999741,10.62199974
3/28/2018 1:00,8.86400032,8.86400032,10.69299984
3/28/2018 2:00,8.86400032,8.86400032,10.3409996
3/28/2018 3:00,8.934000015,8.934000015,10.62199974
3/28/2018 4:00,8.442000389,8.442000389,10.48200035
3/28/2018 5:00,8.581999779,8.581999779,10.27099991
3/28/2018 6:00,8.159999847,8.159999847,10.48200035
3/28/2018 7:00,8.934000015,8.934000015,10.3409996
3/28/2018 8:00,9.848999977,9.848999977,11.32600021
3/28/2018 9:00,9.98900032,9.98900032,11.04399967
3/28/2018 10:00,11.11499977,11.11499977,11.88899994
3/28/2018 11:00,10.3409996,10.3409996,12.02900028
3/28/2018 12:00,9.918999672,9.918999672,11.5369997
3/28/2018 13:00,10.83300018,10.83300018,11.5369997
3/28/2018 14:00,12.10000038,12.10000038,13.01399994
3/28/2018 15:00,12.59200001,12.59200001,13.08500004
3/28/2018 16:00,13.08500004,13.08500004,13.57699966
3/28/2018 17:00,13.08500004,13.08500004,13.64700031
3/28/2018 18:00,12.23999977,12.23999977,12.8739996
3/28/2018 19:00,11.32600021,11.32600021,11.5369997
3/28/2018 20:00,10.90400028,10.90400028,10.83300018
3/28/2018 21:00,9.848999977,9.848999977,10.48200035
3/28/2018 22:00,9.496999741,9.496999741,10.19999981
3/28/2018 23:00,9.567000389,9.567000389,9.708000183
3/29/2018 0:00,9.496999741,9.496999741,9.496999741
3/29/2018 1:00,9.074999809,9.074999809,8.86400032
3/29/2018 2:00,9.286000252,9.286000252,8.86400032
3/29/2018 3:00,9.567000389,9.567000389,8.934000015
3/29/2018 4:00,9.074999809,9.074999809,8.442000389
3/29/2018 5:00,8.581999779,8.581999779,8.581999779
3/29/2018 6:00,8.159999847,8.159999847,8.159999847
3/29/2018 7:00,8.020000458,8.020000458,8.934000015
3/29/2018 8:00,8.652999878,8.652999878,9.848999977
3/29/2018 9:00,8.512000084,8.512000084,9.98900032
3/29/2018 10:00,9.145000458,9.145000458,11.11499977
3/29/2018 11:00,8.86400032,8.86400032,10.3409996
3/29/2018 12:00,9.145000458,9.145000458,9.918999672
3/29/2018 13:00,9.637999535,9.637999535,10.83300018
3/29/2018 14:00,10.13000011,10.13000011,12.10000038
3/29/2018 15:00,10.69299984,10.69299984,12.59200001
3/29/2018 16:00,10.48200035,10.48200035,13.08500004
3/29/2018 17:00,10.3409996,10.3409996,13.08500004
3/29/2018 18:00,9.637999535,9.637999535,12.23999977
3/29/2018 19:00,9.355999947,9.355999947,11.32600021
3/29/2018 20:00,9.425999641,9.425999641,10.90400028
3/29/2018 21:00,8.230999947,8.230999947,9.848999977
3/29/2018 22:00,7.809000015,7.809000015,9.496999741
3/29/2018 23:00,7.315999985,7.315999985,9.567000389
3/30/2018 0:00,6.612999916,6.612999916,9.496999741
3/30/2018 1:00,6.823999882,6.823999882,9.074999809
3/30/2018 2:00,6.472000122,6.472000122,9.286000252
3/30/2018 3:00,6.119999886,6.119999886,9.567000389
3/30/2018 4:00,6.119999886,6.119999886,9.074999809
3/30/2018 5:00,5.839000225,5.839000225,8.581999779
3/30/2018 6:00,5.276000023,5.276000023,8.159999847
3/30/2018 7:00,5.205999851,5.205999851,8.020000458
3/30/2018 8:00,5.55700016,5.55700016,8.652999878
3/30/2018 9:00,5.768000126,5.768000126,8.512000084
3/30/2018 10:00,6.261000156,6.261000156,9.145000458
3/30/2018 11:00,6.261000156,6.261000156,8.86400032
3/30/2018 12:00,6.330999851,6.330999851,9.145000458
3/30/2018 13:00,7.034999847,7.034999847,9.637999535
3/30/2018 14:00,7.034999847,7.034999847,10.13000011
3/30/2018 15:00,7.386000156,7.386000156,10.69299984
3/30/2018 16:00,7.315999985,7.315999985,10.48200035
3/30/2018 17:00,7.809000015,7.809000015,10.3409996
3/30/2018 18:00,6.683000088,6.683000088,9.637999535
3/30/2018 19:00,5.768000126,5.768000126,9.355999947
3/30/2018 20:00,6.330999851,6.330999851,9.425999641
3/30/2018 21:00,6.40199995,6.40199995,8.230999947
3/30/2018 22:00,6.261000156,6.261000156,7.809000015
3/30/2018 23:00,5.979000092,5.979000092,7.315999985
3/31/2018 0:00,5.768000126,5.768000126,6.612999916
3/31/2018 1:00,5.768000126,5.768000126,6.823999882
3/31/2018 2:00,5.768000126,5.768000126,6.472000122
3/31/2018 3:00,5.768000126,5.768000126,6.119999886
3/31/2018 4:00,5.768000126,5.768000126,6.119999886
3/31/2018 5:00,5.768000126,5.768000126,5.839000225
3/31/2018 6:00,5.768000126,5.768000126,5.276000023
3/31/2018 7:00,5.768000126,5.768000126,5.205999851
3/31/2018 8:00,5.768000126,5.768000126,5.55700016
3/31/2018 9:00,5.768000126,5.768000126,5.768000126
3/31/2018 10:00,5.768000126,5.768000126,6.261000156
3/31/2018 11:00,5.768000126,5.768000126,6.261000156
3/31/2018 12:00,5.768000126,5.768000126,6.330999851
3/31/2018 13:00,5.768000126,5.768000126,7.034999847
3/31/2018 14:00,5.768000126,5.768000126,7.034999847
3/31/2018 15:00,5.768000126,5.768000126,7.386000156
3/31/2018 16:00,5.768000126,5.768000126,7.315999985
3/31/2018 17:00,5.768000126,5.768000126,7.809000015
3/31/2018 18:00,5.768000126,5.768000126,6.683000088
3/31/2018 19:00,5.768000126,5.768000126,5.768000126
3/31/2018 20:00,5.768000126,5.768000126,6.330999851
3/31/2018 21:00,5.768000126,5.768000126,6.40199995
3/31/2018 22:00,5.768000126,5.768000126,6.261000156
3/31/2018 23:00,5.768000126,5.768000126,5.979000092
4/1/2018 0:00,9.00399971,9.00399971,5.768000126
4/1/2018 1:00,9.215000153,9.215000153,5.768000126
4/1/2018 2:00,9.00399971,9.00399971,5.768000126
4/1/2018 3:00,8.652999878,8.652999878,5.768000126
4/1/2018 4:00,9.215000153,9.215000153,5.768000126
4/1/2018 5:00,9.215000153,9.215000153,5.768000126
4/1/2018 6:00,9.425999641,9.425999641,5.768000126
4/1/2018 7:00,9.567000389,9.567000389,5.768000126
4/1/2018 8:00,10.19999981,10.19999981,5.768000126
4/1/2018 9:00,10.69299984,10.69299984,5.768000126
4/1/2018 10:00,11.11499977,11.11499977,5.768000126
4/1/2018 11:00,10.97399998,10.97399998,5.768000126
4/1/2018 12:00,10.76299953,10.76299953,5.768000126
4/1/2018 13:00,11.60700035,11.60700035,5.768000126
4/1/2018 14:00,11.25599957,11.25599957,5.768000126
4/1/2018 15:00,12.94400024,12.94400024,5.768000126
4/1/2018 16:00,12.7329998,12.7329998,5.768000126
4/1/2018 17:00,11.81799984,11.81799984,5.768000126
4/1/2018 18:00,11.74800014,11.74800014,5.768000126
4/1/2018 19:00,10.76299953,10.76299953,5.768000126
4/1/2018 20:00,10.69299984,10.69299984,5.768000126
4/1/2018 21:00,10.55200005,10.55200005,5.768000126
4/1/2018 22:00,10.48200035,10.48200035,5.768000126
4/1/2018 23:00,10.13000011,10.13000011,5.768000126
4/2/2018 0:00,9.708000183,9.708000183,9.00399971
4/2/2018 1:00,10.19999981,10.19999981,9.215000153
4/2/2018 2:00,10.48200035,10.48200035,9.00399971
4/2/2018 3:00,10.83300018,10.83300018,8.652999878
4/2/2018 4:00,10.3409996,10.3409996,9.215000153
4/2/2018 5:00,10.3409996,10.3409996,9.215000153
4/2/2018 6:00,10.06000042,10.06000042,9.425999641
4/2/2018 7:00,10.48200035,10.48200035,9.567000389
4/2/2018 8:00,9.637999535,9.637999535,10.19999981
4/2/2018 9:00,10.55200005,10.55200005,10.69299984
4/2/2018 10:00,10.48200035,10.48200035,11.11499977
4/2/2018 11:00,10.13000011,10.13000011,10.97399998
4/2/2018 12:00,10.19999981,10.19999981,10.76299953
4/2/2018 13:00,11.67800045,11.67800045,11.60700035
4/2/2018 14:00,12.02900028,12.02900028,11.25599957
4/2/2018 15:00,12.10000038,12.10000038,12.94400024
4/2/2018 16:00,12.17000008,12.17000008,12.7329998
4/2/2018 17:00,12.02900028,12.02900028,11.81799984
4/2/2018 18:00,11.25599957,11.25599957,11.74800014
4/2/2018 19:00,10.97399998,10.97399998,10.76299953
4/2/2018 20:00,10.55200005,10.55200005,10.69299984
4/2/2018 21:00,10.19999981,10.19999981,10.55200005
4/2/2018 22:00,10.3409996,10.3409996,10.48200035
4/2/2018 23:00,9.848999977,9.848999977,10.13000011
4/3/2018 0:00,9.425999641,9.425999641,9.708000183
4/3/2018 1:00,9.355999947,9.355999947,10.19999981
4/3/2018 2:00,9.215000153,9.215000153,10.48200035
4/3/2018 3:00,9.145000458,9.145000458,10.83300018
4/3/2018 4:00,9.145000458,9.145000458,10.3409996
4/3/2018 5:00,9.425999641,9.425999641,10.3409996
4/3/2018 6:00,9.286000252,9.286000252,10.06000042
4/3/2018 7:00,9.496999741,9.496999741,10.48200035
4/3/2018 8:00,9.848999977,9.848999977,9.637999535
4/3/2018 9:00,10.69299984,10.69299984,10.55200005
4/3/2018 10:00,11.39599991,11.39599991,10.48200035
4/3/2018 11:00,11.32600021,11.32600021,10.13000011
4/3/2018 12:00,11.39599991,11.39599991,10.19999981
4/3/2018 13:00,11.32600021,11.32600021,11.67800045
4/3/2018 14:00,12.7329998,12.7329998,12.02900028
4/3/2018 15:00,12.94400024,12.94400024,12.10000038
4/3/2018 16:00,13.43599987,13.43599987,12.17000008
4/3/2018 17:00,13.71800041,13.71800041,12.02900028
4/3/2018 18:00,12.23999977,12.23999977,11.25599957
4/3/2018 19:00,12.17000008,12.17000008,10.97399998
4/3/2018 20:00,11.60700035,11.60700035,10.55200005
4/3/2018 21:00,11.32600021,11.32600021,10.19999981
4/3/2018 22:00,10.97399998,10.97399998,10.3409996
4/3/2018 23:00,10.90400028,10.90400028,9.848999977
4/4/2018 0:00,9.918999672,9.918999672,9.425999641
4/4/2018 1:00,8.86400032,8.86400032,9.355999947
4/4/2018 2:00,8.934000015,8.934000015,9.215000153
4/4/2018 3:00,7.809000015,7.809000015,9.145000458
4/4/2018 4:00,6.823999882,6.823999882,9.145000458
4/4/2018 5:00,7.105000019,7.105000019,9.425999641
4/4/2018 6:00,6.612999916,6.612999916,9.286000252
4/4/2018 7:00,5.135000229,5.135000229,9.496999741
4/4/2018 8:00,5.346000195,5.346000195,9.848999977
4/4/2018 9:00,5.065000057,5.065000057,10.69299984
4/4/2018 10:00,5.276000023,5.276000023,11.39599991
4/4/2018 11:00,5.276000023,5.276000023,11.32600021
4/4/2018 12:00,5.065000057,5.065000057,11.39599991
4/4/2018 13:00,4.572999954,4.572999954,11.32600021
4/4/2018 14:00,4.290999889,4.290999889,12.7329998
4/4/2018 15:00,4.43200016,4.43200016,12.94400024
4/4/2018 16:00,4.221000195,4.221000195,13.43599987
4/4/2018 17:00,4.079999924,4.079999924,13.71800041
4/4/2018 18:00,3.799000025,3.799000025,12.23999977
4/4/2018 19:00,3.657999992,3.657999992,12.17000008
4/4/2018 20:00,3.799000025,3.799000025,11.60700035
4/4/2018 21:00,3.799000025,3.799000025,11.32600021
4/4/2018 22:00,3.868999958,3.868999958,10.97399998
4/4/2018 23:00,3.938999891,3.938999891,10.90400028
4/5/2018 0:00,3.657999992,3.657999992,9.918999672
4/5/2018 1:00,3.799000025,3.799000025,8.86400032
4/5/2018 2:00,3.868999958,3.868999958,8.934000015
4/5/2018 3:00,3.799000025,3.799000025,7.809000015
4/5/2018 4:00,4.361999989,4.361999989,6.823999882
4/5/2018 5:00,3.657999992,3.657999992,7.105000019
4/5/2018 6:00,4.221000195,4.221000195,6.612999916
4/5/2018 7:00,3.51699996,3.51699996,5.135000229
4/5/2018 8:00,3.095000029,3.095000029,5.346000195
4/5/2018 9:00,0.421999991,0.421999991,5.065000057
4/5/2018 10:00,0.0,0.0,5.276000023
4/5/2018 11:00,-0.633000016,-0.633000016,5.276000023
4/5/2018 12:00,-0.703000009,-0.703000009,5.065000057
4/5/2018 13:00,0.0,0.0,4.572999954
4/5/2018 14:00,-0.633000016,-0.633000016,4.290999889
4/5/2018 15:00,-0.915000021,-0.915000021,4.43200016
4/5/2018 16:00,0.0,0.0,4.221000195
4/5/2018 17:00,0.563000023,0.563000023,4.079999924
4/5/2018 18:00,1.758999944,1.758999944,3.799000025
4/5/2018 19:00,0.563000023,0.563000023,3.657999992
4/5/2018 20:00,0.0,0.0,3.799000025
4/5/2018 21:00,2.039999962,2.039999962,3.799000025
4/5/2018 22:00,0.492000014,0.492000014,3.868999958
4/5/2018 23:00,1.126000047,1.126000047,3.938999891
4/6/2018 0:00,0.985000014,0.985000014,3.657999992
4/6/2018 1:00,0.0,0.0,3.799000025
4/6/2018 2:00,0.563000023,0.563000023,3.868999958
4/6/2018 3:00,1.970000029,1.970000029,3.799000025
4/6/2018 4:00,2.39199996,2.39199996,4.361999989
4/6/2018 5:00,1.476999998,1.476999998,3.657999992
4/6/2018 6:00,1.337000012,1.337000012,4.221000195
4/6/2018 7:00,1.054999948,1.054999948,3.51699996
4/6/2018 8:00,1.054999948,1.054999948,3.095000029
4/6/2018 9:00,1.337000012,1.337000012,0.421999991
4/6/2018 10:00,1.828999996,1.828999996,0.0
4/6/2018 11:00,3.095000029,3.095000029,-0.633000016
4/6/2018 12:00,4.010000229,4.010000229,-0.703000009
4/6/2018 13:00,4.643000126,4.643000126,0.0
4/6/2018 14:00,4.994999886,4.994999886,-0.633000016
4/6/2018 15:00,4.994999886,4.994999886,-0.915000021
4/6/2018 16:00,5.346000195,5.346000195,0.0
4/6/2018 17:00,5.486999989,5.486999989,0.563000023
4/6/2018 18:00,5.346000195,5.346000195,1.758999944
4/6/2018 19:00,5.346000195,5.346000195,0.563000023
4/6/2018 20:00,5.346000195,5.346000195,0.0
4/6/2018 21:00,4.221000195,4.221000195,2.039999962
4/6/2018 22:00,5.276000023,5.276000023,0.492000014
4/6/2018 23:00,4.854000092,4.854000092,1.126000047
4/7/2018 0:00,4.501999855,4.501999855,0.985000014
4/7/2018 1:00,4.221000195,4.221000195,0.0
4/7/2018 2:00,4.150000095,4.150000095,0.563000023
4/7/2018 3:00,4.221000195,4.221000195,1.970000029
4/7/2018 4:00,4.221000195,4.221000195,2.39199996
4/7/2018 5:00,4.150000095,4.150000095,1.476999998
4/7/2018 6:00,3.727999926,3.727999926,1.337000012
4/7/2018 7:00,4.994999886,4.994999886,1.054999948
4/7/2018 8:00,4.221000195,4.221000195,1.054999948
4/7/2018 9:00,3.727999926,3.727999926,1.337000012
4/7/2018 10:00,5.346000195,5.346000195,1.828999996
4/7/2018 11:00,3.305999994,3.305999994,3.095000029
4/7/2018 12:00,3.236000061,3.236000061,4.010000229
4/7/2018 13:00,3.51699996,3.51699996,4.643000126
4/7/2018 14:00,4.501999855,4.501999855,4.994999886
4/7/2018 15:00,4.994999886,4.994999886,4.994999886
4/7/2018 16:00,5.276000023,5.276000023,5.346000195
4/7/2018 17:00,5.768000126,5.768000126,5.486999989
4/7/2018 18:00,6.050000191,6.050000191,5.346000195
4/7/2018 19:00,5.697999954,5.697999954,5.346000195
4/7/2018 20:00,5.346000195,5.346000195,5.346000195
4/7/2018 21:00,4.923999786,4.923999786,4.221000195
4/7/2018 22:00,4.854000092,4.854000092,5.276000023
4/7/2018 23:00,5.065000057,5.065000057,4.854000092
4/8/2018 0:00,4.572999954,4.572999954,4.501999855
4/8/2018 1:00,4.712999821,4.712999821,4.221000195
4/8/2018 2:00,4.501999855,4.501999855,4.150000095
4/8/2018 3:00,4.501999855,4.501999855,4.221000195
4/8/2018 4:00,4.501999855,4.501999855,4.221000195
4/8/2018 5:00,4.643000126,4.643000126,4.150000095
4/8/2018 6:00,4.572999954,4.572999954,3.727999926
4/8/2018 7:00,5.697999954,5.697999954,4.994999886
4/8/2018 8:00,5.768000126,5.768000126,4.221000195
4/8/2018 9:00,5.627999783,5.627999783,3.727999926
4/8/2018 10:00,5.416999817,5.416999817,5.346000195
4/8/2018 11:00,5.697999954,5.697999954,3.305999994
4/8/2018 12:00,5.627999783,5.627999783,3.236000061
4/8/2018 13:00,6.261000156,6.261000156,3.51699996
4/8/2018 14:00,7.105000019,7.105000019,4.501999855
4/8/2018 15:00,7.668000221,7.668000221,4.994999886
4/8/2018 16:00,7.809000015,7.809000015,5.276000023
4/8/2018 17:00,7.879000187,7.879000187,5.768000126
4/8/2018 18:00,7.597000122,7.597000122,6.050000191
4/8/2018 19:00,8.230999947,8.230999947,5.697999954
4/8/2018 20:00,8.300999641,8.300999641,5.346000195
4/8/2018 21:00,7.879000187,7.879000187,4.923999786
4/8/2018 22:00,7.737999916,7.737999916,4.854000092
4/8/2018 23:00,7.245999813,7.245999813,5.065000057
4/9/2018 0:00,7.386000156,7.386000156,4.572999954
4/9/2018 1:00,7.668000221,7.668000221,4.712999821
4/9/2018 2:00,7.737999916,7.737999916,4.501999855
4/9/2018 3:00,7.456999779,7.456999779,4.501999855
4/9/2018 4:00,7.456999779,7.456999779,4.501999855
4/9/2018 5:00,7.245999813,7.245999813,4.643000126
4/9/2018 6:00,6.894000053,6.894000053,4.572999954
4/9/2018 7:00,8.020000458,8.020000458,5.697999954
4/9/2018 8:00,8.652999878,8.652999878,5.768000126
4/9/2018 9:00,9.425999641,9.425999641,5.627999783
4/9/2018 10:00,10.55200005,10.55200005,5.416999817
4/9/2018 11:00,9.777999878,9.777999878,5.697999954
4/9/2018 12:00,9.286000252,9.286000252,5.627999783
4/9/2018 13:00,9.98900032,9.98900032,6.261000156
4/9/2018 14:00,11.32600021,11.32600021,7.105000019
4/9/2018 15:00,10.90400028,10.90400028,7.668000221
4/9/2018 16:00,12.10000038,12.10000038,7.809000015
4/9/2018 17:00,12.45100021,12.45100021,7.879000187
4/9/2018 18:00,12.02900028,12.02900028,7.597000122
4/9/2018 19:00,10.48200035,10.48200035,8.230999947
4/9/2018 20:00,9.918999672,9.918999672,8.300999641
4/9/2018 21:00,9.708000183,9.708000183,7.879000187
4/9/2018 22:00,9.496999741,9.496999741,7.737999916
4/9/2018 23:00,9.215000153,9.215000153,7.245999813
4/10/2018 0:00,8.86400032,8.86400032,7.386000156
4/10/2018 1:00,8.722999573,8.722999573,7.668000221
4/10/2018 2:00,8.652999878,8.652999878,7.737999916
4/10/2018 3:00,8.722999573,8.722999573,7.456999779
4/10/2018 4:00,8.442000389,8.442000389,7.456999779
4/10/2018 5:00,8.581999779,8.581999779,7.245999813
4/10/2018 6:00,8.652999878,8.652999878,6.894000053
4/10/2018 7:00,9.215000153,9.215000153,8.020000458
4/10/2018 8:00,9.918999672,9.918999672,8.652999878
4/10/2018 9:00,10.48200035,10.48200035,9.425999641
4/10/2018 10:00,9.215000153,9.215000153,10.55200005
4/10/2018 11:00,9.567000389,9.567000389,9.777999878
4/10/2018 12:00,8.934000015,8.934000015,9.286000252
4/10/2018 13:00,9.425999641,9.425999641,9.98900032
4/10/2018 14:00,10.55200005,10.55200005,11.32600021
4/10/2018 15:00,10.62199974,10.62199974,10.90400028
4/10/2018 16:00,11.18500042,11.18500042,12.10000038
4/10/2018 17:00,10.90400028,10.90400028,12.45100021
4/10/2018 18:00,12.02900028,12.02900028,12.02900028
4/10/2018 19:00,11.60700035,11.60700035,10.48200035
4/10/2018 20:00,11.18500042,11.18500042,9.918999672
4/10/2018 21:00,11.04399967,11.04399967,9.708000183
4/10/2018 22:00,10.55200005,10.55200005,9.496999741
4/10/2018 23:00,11.04399967,11.04399967,9.215000153
4/11/2018 0:00,10.3409996,10.3409996,8.86400032
4/11/2018 1:00,10.48200035,10.48200035,8.722999573
4/11/2018 2:00,10.55200005,10.55200005,8.652999878
4/11/2018 3:00,10.41100025,10.41100025,8.722999573
4/11/2018 4:00,10.55200005,10.55200005,8.442000389
4/11/2018 5:00,10.55200005,10.55200005,8.581999779
4/11/2018 6:00,9.777999878,9.777999878,8.652999878
4/11/2018 7:00,9.918999672,9.918999672,9.215000153
4/11/2018 8:00,9.918999672,9.918999672,9.918999672
4/11/2018 9:00,9.708000183,9.708000183,10.48200035
4/11/2018 10:00,10.3409996,10.3409996,9.215000153
4/11/2018 11:00,10.13000011,10.13000011,9.567000389
4/11/2018 12:00,10.27099991,10.27099991,8.934000015
4/11/2018 13:00,10.3409996,10.3409996,9.425999641
4/11/2018 14:00,10.97399998,10.97399998,10.55200005
4/11/2018 15:00,10.97399998,10.97399998,10.62199974
4/11/2018 16:00,10.76299953,10.76299953,11.18500042
4/11/2018 17:00,9.777999878,9.777999878,10.90400028
4/11/2018 18:00,9.425999641,9.425999641,12.02900028
4/11/2018 19:00,8.722999573,8.722999573,11.60700035
4/11/2018 20:00,7.879000187,7.879000187,11.18500042
4/11/2018 21:00,7.668000221,7.668000221,11.04399967
4/11/2018 22:00,7.386000156,7.386000156,10.55200005
4/11/2018 23:00,6.964000225,6.964000225,11.04399967
4/12/2018 0:00,6.964000225,6.964000225,10.3409996
4/12/2018 1:00,6.612999916,6.612999916,10.48200035
4/12/2018 2:00,6.612999916,6.612999916,10.55200005
4/12/2018 3:00,6.050000191,6.050000191,10.41100025
4/12/2018 4:00,6.40199995,6.40199995,10.55200005
4/12/2018 5:00,5.90899992,5.90899992,10.55200005
4/12/2018 6:00,5.768000126,5.768000126,9.777999878
4/12/2018 7:00,5.627999783,5.627999783,9.918999672
4/12/2018 8:00,5.90899992,5.90899992,9.918999672
4/12/2018 9:00,5.90899992,5.90899992,9.708000183
4/12/2018 10:00,5.979000092,5.979000092,10.3409996
4/12/2018 11:00,6.330999851,6.330999851,10.13000011
4/12/2018 12:00,6.472000122,6.472000122,10.27099991
4/12/2018 13:00,6.050000191,6.050000191,10.3409996
4/12/2018 14:00,6.541999817,6.541999817,10.97399998
4/12/2018 15:00,6.472000122,6.472000122,10.97399998
4/12/2018 16:00,6.330999851,6.330999851,10.76299953
4/12/2018 17:00,5.768000126,5.768000126,9.777999878
4/12/2018 18:00,5.627999783,5.627999783,9.425999641
4/12/2018 19:00,5.346000195,5.346000195,8.722999573
4/12/2018 20:00,4.854000092,4.854000092,7.879000187
4/12/2018 21:00,5.135000229,5.135000229,7.668000221
4/12/2018 22:00,4.994999886,4.994999886,7.386000156
4/12/2018 23:00,4.643000126,4.643000126,6.964000225
4/13/2018 0:00,4.994999886,4.994999886,6.964000225
4/13/2018 1:00,4.923999786,4.923999786,6.612999916
4/13/2018 2:00,4.78399992,4.78399992,6.612999916
4/13/2018 3:00,4.854000092,4.854000092,6.050000191
4/13/2018 4:00,4.854000092,4.854000092,6.40199995
4/13/2018 5:00,4.78399992,4.78399992,5.90899992
4/13/2018 6:00,4.712999821,4.712999821,5.768000126
4/13/2018 7:00,4.572999954,4.572999954,5.627999783
4/13/2018 8:00,4.290999889,4.290999889,5.90899992
4/13/2018 9:00,4.290999889,4.290999889,5.90899992
4/13/2018 10:00,4.361999989,4.361999989,5.979000092
4/13/2018 11:00,4.572999954,4.572999954,6.330999851
4/13/2018 12:00,5.065000057,5.065000057,6.472000122
4/13/2018 13:00,4.643000126,4.643000126,6.050000191
4/13/2018 14:00,4.854000092,4.854000092,6.541999817
4/13/2018 15:00,5.276000023,5.276000023,6.472000122
4/13/2018 16:00,4.854000092,4.854000092,6.330999851
4/13/2018 17:00,5.839000225,5.839000225,5.768000126
4/13/2018 18:00,4.572999954,4.572999954,5.627999783
4/13/2018 19:00,3.095000029,3.095000029,5.346000195
4/13/2018 20:00,3.799000025,3.799000025,4.854000092
4/13/2018 21:00,4.854000092,4.854000092,5.135000229
4/13/2018 22:00,3.095000029,3.095000029,4.994999886
4/13/2018 23:00,3.588000059,3.588000059,4.643000126
4/14/2018 0:00,4.290999889,4.290999889,4.994999886
4/14/2018 1:00,4.361999989,4.361999989,4.923999786
4/14/2018 2:00,4.150000095,4.150000095,4.78399992
4/14/2018 3:00,4.643000126,4.643000126,4.854000092
4/14/2018 4:00,5.205999851,5.205999851,4.854000092
4/14/2018 5:00,4.854000092,4.854000092,4.78399992
4/14/2018 6:00,5.205999851,5.205999851,4.712999821
4/14/2018 7:00,4.854000092,4.854000092,4.572999954
4/14/2018 8:00,4.923999786,4.923999786,4.290999889
4/14/2018 9:00,3.447000027,3.447000027,4.290999889
4/14/2018 10:00,4.361999989,4.361999989,4.361999989
4/14/2018 11:00,3.799000025,3.799000025,4.572999954
4/14/2018 12:00,3.799000025,3.799000025,5.065000057
4/14/2018 13:00,3.938999891,3.938999891,4.643000126
4/14/2018 14:00,4.010000229,4.010000229,4.854000092
4/14/2018 15:00,4.43200016,4.43200016,5.276000023
4/14/2018 16:00,5.346000195,5.346000195,4.854000092
4/14/2018 17:00,5.205999851,5.205999851,5.839000225
4/14/2018 18:00,5.416999817,5.416999817,4.572999954
4/14/2018 19:00,5.065000057,5.065000057,3.095000029
4/14/2018 20:00,4.923999786,4.923999786,3.799000025
4/14/2018 21:00,3.868999958,3.868999958,4.854000092
4/14/2018 22:00,4.361999989,4.361999989,3.095000029
4/14/2018 23:00,4.501999855,4.501999855,3.588000059
4/15/2018 0:00,4.854000092,4.854000092,4.290999889
4/15/2018 1:00,5.346000195,5.346000195,4.361999989
4/15/2018 2:00,4.643000126,4.643000126,4.150000095
4/15/2018 3:00,4.854000092,4.854000092,4.643000126
4/15/2018 4:00,5.135000229,5.135000229,5.205999851
4/15/2018 5:00,5.276000023,5.276000023,4.854000092
4/15/2018 6:00,5.135000229,5.135000229,5.205999851
4/15/2018 7:00,5.768000126,5.768000126,4.854000092
4/15/2018 8:00,4.854000092,4.854000092,4.923999786
4/15/2018 9:00,5.979000092,5.979000092,3.447000027
4/15/2018 10:00,6.261000156,6.261000156,4.361999989
4/15/2018 11:00,6.190999985,6.190999985,3.799000025
4/15/2018 12:00,6.612999916,6.612999916,3.799000025
4/15/2018 13:00,6.823999882,6.823999882,3.938999891
4/15/2018 14:00,8.300999641,8.300999641,4.010000229
4/15/2018 15:00,8.722999573,8.722999573,4.43200016
4/15/2018 16:00,9.425999641,9.425999641,5.346000195
4/15/2018 17:00,9.355999947,9.355999947,5.205999851
4/15/2018 18:00,8.722999573,8.722999573,5.416999817
4/15/2018 19:00,7.809000015,7.809000015,5.065000057
4/15/2018 20:00,6.964000225,6.964000225,4.923999786
4/15/2018 21:00,6.261000156,6.261000156,3.868999958
4/15/2018 22:00,6.050000191,6.050000191,4.361999989
4/15/2018 23:00,6.050000191,6.050000191,4.501999855
4/16/2018 0:00,6.823999882,6.823999882,4.854000092
4/16/2018 1:00,6.472000122,6.472000122,5.346000195
4/16/2018 2:00,6.612999916,6.612999916,4.643000126
4/16/2018 3:00,6.541999817,6.541999817,4.854000092
4/16/2018 4:00,6.40199995,6.40199995,5.135000229
4/16/2018 5:00,5.90899992,5.90899992,5.276000023
4/16/2018 6:00,6.190999985,6.190999985,5.135000229
4/16/2018 7:00,6.330999851,6.330999851,5.768000126
4/16/2018 8:00,6.541999817,6.541999817,4.854000092
4/16/2018 9:00,6.683000088,6.683000088,5.979000092
4/16/2018 10:00,6.964000225,6.964000225,6.261000156
4/16/2018 11:00,7.315999985,7.315999985,6.190999985
4/16/2018 12:00,6.964000225,6.964000225,6.612999916
4/16/2018 13:00,7.245999813,7.245999813,6.823999882
4/16/2018 14:00,8.020000458,8.020000458,8.300999641
4/16/2018 15:00,8.652999878,8.652999878,8.722999573
4/16/2018 16:00,9.00399971,9.00399971,9.425999641
4/16/2018 17:00,8.512000084,8.512000084,9.355999947
4/16/2018 18:00,7.737999916,7.737999916,8.722999573
4/16/2018 19:00,7.668000221,7.668000221,7.809000015
4/16/2018 20:00,6.894000053,6.894000053,6.964000225
4/16/2018 21:00,6.823999882,6.823999882,6.261000156
4/16/2018 22:00,6.894000053,6.894000053,6.050000191
4/16/2018 23:00,6.190999985,6.190999985,6.050000191
4/17/2018 0:00,5.90899992,5.90899992,6.823999882
4/17/2018 1:00,6.261000156,6.261000156,6.472000122
4/17/2018 2:00,6.261000156,6.261000156,6.612999916
4/17/2018 3:00,5.90899992,5.90899992,6.541999817
4/17/2018 4:00,6.261000156,6.261000156,6.40199995
4/17/2018 5:00,5.768000126,5.768000126,5.90899992
4/17/2018 6:00,5.768000126,5.768000126,6.190999985
4/17/2018 7:00,6.683000088,6.683000088,6.330999851
4/17/2018 8:00,7.245999813,7.245999813,6.541999817
4/17/2018 9:00,8.159999847,8.159999847,6.683000088
4/17/2018 10:00,8.86400032,8.86400032,6.964000225
4/17/2018 11:00,7.879000187,7.879000187,7.315999985
4/17/2018 12:00,8.090000153,8.090000153,6.964000225
4/17/2018 13:00,8.934000015,8.934000015,7.245999813
4/17/2018 14:00,9.567000389,9.567000389,8.020000458
4/17/2018 15:00,10.27099991,10.27099991,8.652999878
4/17/2018 16:00,10.90400028,10.90400028,9.00399971
4/17/2018 17:00,10.90400028,10.90400028,8.512000084
4/17/2018 18:00,10.62199974,10.62199974,7.737999916
4/17/2018 19:00,8.934000015,8.934000015,7.668000221
4/17/2018 20:00,8.090000153,8.090000153,6.894000053
4/17/2018 21:00,8.159999847,8.159999847,6.823999882
4/17/2018 22:00,7.948999882,7.948999882,6.894000053
4/17/2018 23:00,7.668000221,7.668000221,6.190999985
4/18/2018 0:00,7.456999779,7.456999779,5.90899992
4/18/2018 1:00,7.245999813,7.245999813,6.261000156
4/18/2018 2:00,7.386000156,7.386000156,6.261000156
4/18/2018 3:00,7.245999813,7.245999813,5.90899992
4/18/2018 4:00,7.245999813,7.245999813,6.261000156
4/18/2018 5:00,7.245999813,7.245999813,5.768000126
4/18/2018 6:00,6.964000225,6.964000225,5.768000126
4/18/2018 7:00,7.737999916,7.737999916,6.683000088
4/18/2018 8:00,9.145000458,9.145000458,7.245999813
4/18/2018 9:00,8.722999573,8.722999573,8.159999847
4/18/2018 10:00,9.637999535,9.637999535,8.86400032
4/18/2018 11:00,9.215000153,9.215000153,7.879000187
4/18/2018 12:00,9.286000252,9.286000252,8.090000153
4/18/2018 13:00,9.98900032,9.98900032,8.934000015
4/18/2018 14:00,11.18500042,11.18500042,9.567000389
4/18/2018 15:00,11.5369997,11.5369997,10.27099991
4/18/2018 16:00,12.31099987,12.31099987,10.90400028
4/18/2018 17:00,12.6619997,12.6619997,10.90400028
4/18/2018 18:00,11.81799984,11.81799984,10.62199974
4/18/2018 19:00,10.13000011,10.13000011,8.934000015
4/18/2018 20:00,9.98900032,9.98900032,8.090000153
4/18/2018 21:00,9.355999947,9.355999947,8.159999847
4/18/2018 22:00,9.00399971,9.00399971,7.948999882
4/18/2018 23:00,8.934000015,8.934000015,7.668000221
4/19/2018 0:00,8.512000084,8.512000084,7.456999779
4/19/2018 1:00,8.442000389,8.442000389,7.245999813
4/19/2018 2:00,8.37100029,8.37100029,7.386000156
4/19/2018 3:00,8.230999947,8.230999947,7.245999813
4/19/2018 4:00,8.020000458,8.020000458,7.245999813
4/19/2018 5:00,8.020000458,8.020000458,7.245999813
4/19/2018 6:00,7.52699995,7.52699995,6.964000225
4/19/2018 7:00,8.090000153,8.090000153,7.737999916
4/19/2018 8:00,9.074999809,9.074999809,9.145000458
4/19/2018 9:00,9.286000252,9.286000252,8.722999573
4/19/2018 10:00,9.918999672,9.918999672,9.637999535
4/19/2018 11:00,9.777999878,9.777999878,9.215000153
4/19/2018 12:00,10.27099991,10.27099991,9.286000252
4/19/2018 13:00,11.04399967,11.04399967,9.98900032
4/19/2018 14:00,11.88899994,11.88899994,11.18500042
4/19/2018 15:00,12.59200001,12.59200001,11.5369997
4/19/2018 16:00,12.52200031,12.52200031,12.31099987
4/19/2018 17:00,12.17000008,12.17000008,12.6619997
4/19/2018 18:00,11.60700035,11.60700035,11.81799984
4/19/2018 19:00,10.41100025,10.41100025,10.13000011
4/19/2018 20:00,9.848999977,9.848999977,9.98900032
4/19/2018 21:00,9.355999947,9.355999947,9.355999947
4/19/2018 22:00,8.934000015,8.934000015,9.00399971
4/19/2018 23:00,8.512000084,8.512000084,8.934000015
4/20/2018 0:00,8.512000084,8.512000084,8.512000084
4/20/2018 1:00,8.652999878,8.652999878,8.442000389
4/20/2018 2:00,8.793000221,8.793000221,8.37100029
4/20/2018 3:00,8.37100029,8.37100029,8.230999947
4/20/2018 4:00,8.300999641,8.300999641,8.020000458
4/20/2018 5:00,8.090000153,8.090000153,8.020000458
4/20/2018 6:00,8.37100029,8.37100029,7.52699995
4/20/2018 7:00,9.145000458,9.145000458,8.090000153
4/20/2018 8:00,9.00399971,9.00399971,9.074999809
4/20/2018 9:00,8.86400032,8.86400032,9.286000252
4/20/2018 10:00,9.496999741,9.496999741,9.918999672
4/20/2018 11:00,9.98900032,9.98900032,9.777999878
4/20/2018 12:00,10.3409996,10.3409996,10.27099991
4/20/2018 13:00,11.74800014,11.74800014,11.04399967
4/20/2018 14:00,12.38099957,12.38099957,11.88899994
4/20/2018 15:00,12.94400024,12.94400024,12.59200001
4/20/2018 16:00,13.43599987,13.43599987,12.52200031
4/20/2018 17:00,12.8739996,12.8739996,12.17000008
4/20/2018 18:00,12.23999977,12.23999977,11.60700035
4/20/2018 19:00,11.74800014,11.74800014,10.41100025
4/20/2018 20:00,11.25599957,11.25599957,9.848999977
4/20/2018 21:00,11.88899994,11.88899994,9.355999947
4/20/2018 22:00,11.04399967,11.04399967,8.934000015
4/20/2018 23:00,10.90400028,10.90400028,8.512000084
4/21/2018 0:00,10.97399998,10.97399998,8.512000084
4/21/2018 1:00,10.90400028,10.90400028,8.652999878
4/21/2018 2:00,11.32600021,11.32600021,8.793000221
4/21/2018 3:00,10.3409996,10.3409996,8.37100029
4/21/2018 4:00,9.567000389,9.567000389,8.300999641
4/21/2018 5:00,10.27099991,10.27099991,8.090000153
4/21/2018 6:00,10.3409996,10.3409996,8.37100029
4/21/2018 7:00,10.3409996,10.3409996,9.145000458
4/21/2018 8:00,10.06000042,10.06000042,9.00399971
4/21/2018 9:00,10.62199974,10.62199974,8.86400032
4/21/2018 10:00,10.76299953,10.76299953,9.496999741
4/21/2018 11:00,10.48200035,10.48200035,9.98900032
4/21/2018 12:00,11.25599957,11.25599957,10.3409996
4/21/2018 13:00,11.25599957,11.25599957,11.74800014
4/21/2018 14:00,9.777999878,9.777999878,12.38099957
4/21/2018 15:00,10.27099991,10.27099991,12.94400024
4/21/2018 16:00,9.848999977,9.848999977,13.43599987
4/21/2018 17:00,9.567000389,9.567000389,12.8739996
4/21/2018 18:00,9.425999641,9.425999641,12.23999977
4/21/2018 19:00,9.355999947,9.355999947,11.74800014
4/21/2018 20:00,9.496999741,9.496999741,11.25599957
4/21/2018 21:00,9.00399971,9.00399971,11.88899994
4/21/2018 22:00,9.215000153,9.215000153,11.04399967
4/21/2018 23:00,9.145000458,9.145000458,10.90400028
4/22/2018 0:00,9.567000389,9.567000389,10.97399998
4/22/2018 1:00,9.708000183,9.708000183,10.90400028
4/22/2018 2:00,9.637999535,9.637999535,11.32600021
4/22/2018 3:00,9.708000183,9.708000183,10.3409996
4/22/2018 4:00,7.034999847,7.034999847,9.567000389
4/22/2018 5:00,8.652999878,8.652999878,10.27099991
4/22/2018 6:00,9.355999947,9.355999947,10.3409996
4/22/2018 7:00,8.512000084,8.512000084,10.3409996
4/22/2018 8:00,9.98900032,9.98900032,10.06000042
4/22/2018 9:00,10.3409996,10.3409996,10.62199974
4/22/2018 10:00,9.918999672,9.918999672,10.76299953
4/22/2018 11:00,9.425999641,9.425999641,10.48200035
4/22/2018 12:00,9.637999535,9.637999535,11.25599957
4/22/2018 13:00,9.496999741,9.496999741,11.25599957
4/22/2018 14:00,9.355999947,9.355999947,9.777999878
4/22/2018 15:00,9.918999672,9.918999672,10.27099991
4/22/2018 16:00,10.06000042,10.06000042,9.848999977
4/22/2018 17:00,10.27099991,10.27099991,9.567000389
4/22/2018 18:00,10.06000042,10.06000042,9.425999641
4/22/2018 19:00,9.98900032,9.98900032,9.355999947
4/22/2018 20:00,8.37100029,8.37100029,9.496999741
4/22/2018 21:00,8.442000389,8.442000389,9.00399971
4/22/2018 22:00,7.737999916,7.737999916,9.215000153
4/22/2018 23:00,7.105000019,7.105000019,9.145000458
4/23/2018 0:00,6.752999783,6.752999783,9.567000389
4/23/2018 1:00,6.40199995,6.40199995,9.708000183
4/23/2018 2:00,5.839000225,5.839000225,9.637999535
4/23/2018 3:00,5.90899992,5.90899992,9.708000183
4/23/2018 4:00,5.416999817,5.416999817,7.034999847
4/23/2018 5:00,4.994999886,4.994999886,8.652999878
4/23/2018 6:00,5.135000229,5.135000229,9.355999947
4/23/2018 7:00,4.643000126,4.643000126,8.512000084
4/23/2018 8:00,4.361999989,4.361999989,9.98900032
4/23/2018 9:00,4.290999889,4.290999889,10.3409996
4/23/2018 10:00,3.657999992,3.657999992,9.918999672
4/23/2018 11:00,3.165999889,3.165999889,9.425999641
4/23/2018 12:00,3.51699996,3.51699996,9.637999535
4/23/2018 13:00,3.236000061,3.236000061,9.496999741
4/23/2018 14:00,3.236000061,3.236000061,9.355999947
4/23/2018 15:00,3.727999926,3.727999926,9.918999672
4/23/2018 16:00,5.205999851,5.205999851,10.06000042
4/23/2018 17:00,5.697999954,5.697999954,10.27099991
4/23/2018 18:00,5.205999851,5.205999851,10.06000042
4/23/2018 19:00,5.55700016,5.55700016,9.98900032
4/23/2018 20:00,4.643000126,4.643000126,8.37100029
4/23/2018 21:00,5.486999989,5.486999989,8.442000389
4/23/2018 22:00,6.050000191,6.050000191,7.737999916
4/23/2018 23:00,5.135000229,5.135000229,7.105000019
4/24/2018 0:00,6.261000156,6.261000156,6.752999783
4/24/2018 1:00,6.40199995,6.40199995,6.40199995
4/24/2018 2:00,6.612999916,6.612999916,5.839000225
4/24/2018 3:00,6.261000156,6.261000156,5.90899992
4/24/2018 4:00,6.683000088,6.683000088,5.416999817
4/24/2018 5:00,6.330999851,6.330999851,4.994999886
4/24/2018 6:00,6.752999783,6.752999783,5.135000229
4/24/2018 7:00,6.541999817,6.541999817,4.643000126
4/24/2018 8:00,6.261000156,6.261000156,4.361999989
4/24/2018 9:00,6.964000225,6.964000225,4.290999889
4/24/2018 10:00,6.472000122,6.472000122,3.657999992
4/24/2018 11:00,7.105000019,7.105000019,3.165999889
4/24/2018 12:00,7.175000191,7.175000191,3.51699996
4/24/2018 13:00,8.020000458,8.020000458,3.236000061
4/24/2018 14:00,8.159999847,8.159999847,3.236000061
4/24/2018 15:00,8.652999878,8.652999878,3.727999926
4/24/2018 16:00,8.230999947,8.230999947,5.205999851
4/24/2018 17:00,7.668000221,7.668000221,5.697999954
4/24/2018 18:00,8.442000389,8.442000389,5.205999851
4/24/2018 19:00,7.948999882,7.948999882,5.55700016
4/24/2018 20:00,7.809000015,7.809000015,4.643000126
4/24/2018 21:00,7.737999916,7.737999916,5.486999989
4/24/2018 22:00,7.386000156,7.386000156,6.050000191
4/24/2018 23:00,7.668000221,7.668000221,5.135000229
4/25/2018 0:00,7.456999779,7.456999779,6.261000156
4/25/2018 1:00,7.315999985,7.315999985,6.40199995
4/25/2018 2:00,7.809000015,7.809000015,6.612999916
4/25/2018 3:00,7.52699995,7.52699995,6.261000156
4/25/2018 4:00,6.541999817,6.541999817,6.683000088
4/25/2018 5:00,7.034999847,7.034999847,6.330999851
4/25/2018 6:00,7.879000187,7.879000187,6.752999783
4/25/2018 7:00,9.074999809,9.074999809,6.541999817
4/25/2018 8:00,8.020000458,8.020000458,6.261000156
4/25/2018 9:00,8.512000084,8.512000084,6.964000225
4/25/2018 10:00,9.496999741,9.496999741,6.472000122
4/25/2018 11:00,9.145000458,9.145000458,7.105000019
4/25/2018 12:00,9.567000389,9.567000389,7.175000191
4/25/2018 13:00,8.86400032,8.86400032,8.020000458
4/25/2018 14:00,9.848999977,9.848999977,8.159999847
4/25/2018 15:00,10.19999981,10.19999981,8.652999878
4/25/2018 16:00,9.98900032,9.98900032,8.230999947
4/25/2018 17:00,10.55200005,10.55200005,7.668000221
4/25/2018 18:00,10.27099991,10.27099991,8.442000389
4/25/2018 19:00,9.425999641,9.425999641,7.948999882
4/25/2018 20:00,8.512000084,8.512000084,7.809000015
4/25/2018 21:00,9.074999809,9.074999809,7.737999916
4/25/2018 22:00,8.934000015,8.934000015,7.386000156
4/25/2018 23:00,8.512000084,8.512000084,7.668000221
4/26/2018 0:00,8.722999573,8.722999573,7.456999779
4/26/2018 1:00,8.512000084,8.512000084,7.315999985
4/26/2018 2:00,9.215000153,9.215000153,7.809000015
4/26/2018 3:00,9.425999641,9.425999641,7.52699995
4/26/2018 4:00,9.355999947,9.355999947,6.541999817
4/26/2018 5:00,9.567000389,9.567000389,7.034999847
4/26/2018 6:00,9.074999809,9.074999809,7.879000187
4/26/2018 7:00,9.848999977,9.848999977,9.074999809
4/26/2018 8:00,10.27099991,10.27099991,8.020000458
4/26/2018 9:00,9.848999977,9.848999977,8.512000084
4/26/2018 10:00,9.98900032,9.98900032,9.496999741
4/26/2018 11:00,10.69299984,10.69299984,9.145000458
4/26/2018 12:00,10.83300018,10.83300018,9.567000389
4/26/2018 13:00,10.62199974,10.62199974,8.86400032
4/26/2018 14:00,11.11499977,11.11499977,9.848999977
4/26/2018 15:00,10.48200035,10.48200035,10.19999981
4/26/2018 16:00,11.60700035,11.60700035,9.98900032
4/26/2018 17:00,11.32600021,11.32600021,10.55200005
4/26/2018 18:00,10.06000042,10.06000042,10.27099991
4/26/2018 19:00,10.3409996,10.3409996,9.425999641
4/26/2018 20:00,9.777999878,9.777999878,8.512000084
4/26/2018 21:00,10.13000011,10.13000011,9.074999809
4/26/2018 22:00,10.48200035,10.48200035,8.934000015
4/26/2018 23:00,9.848999977,9.848999977,8.512000084
4/27/2018 0:00,9.777999878,9.777999878,8.722999573
4/27/2018 1:00,9.918999672,9.918999672,8.512000084
4/27/2018 2:00,9.918999672,9.918999672,9.215000153
4/27/2018 3:00,9.425999641,9.425999641,9.425999641
4/27/2018 4:00,9.496999741,9.496999741,9.355999947
4/27/2018 5:00,9.637999535,9.637999535,9.567000389
4/27/2018 6:00,9.777999878,9.777999878,9.074999809
4/27/2018 7:00,10.3409996,10.3409996,9.848999977
4/27/2018 8:00,11.18500042,11.18500042,10.27099991
4/27/2018 9:00,11.25599957,11.25599957,9.848999977
4/27/2018 10:00,11.67800045,11.67800045,9.98900032
4/27/2018 11:00,11.32600021,11.32600021,10.69299984
4/27/2018 12:00,11.60700035,11.60700035,10.83300018
4/27/2018 13:00,12.7329998,12.7329998,10.62199974
4/27/2018 14:00,13.08500004,13.08500004,11.11499977
4/27/2018 15:00,13.9989996,13.9989996,10.48200035
4/27/2018 16:00,14.21000004,14.21000004,11.60700035
4/27/2018 17:00,13.9989996,13.9989996,11.32600021
4/27/2018 18:00,13.71800041,13.71800041,10.06000042
4/27/2018 19:00,12.45100021,12.45100021,10.3409996
4/27/2018 20:00,11.67800045,11.67800045,9.777999878
4/27/2018 21:00,11.32600021,11.32600021,10.13000011
4/27/2018 22:00,11.04399967,11.04399967,10.48200035
4/27/2018 23:00,10.97399998,10.97399998,9.848999977
4/28/2018 0:00,10.83300018,10.83300018,9.777999878
4/28/2018 1:00,10.69299984,10.69299984,9.918999672
4/28/2018 2:00,10.97399998,10.97399998,9.918999672
4/28/2018 3:00,9.567000389,9.567000389,9.425999641
4/28/2018 4:00,9.567000389,9.567000389,9.496999741
4/28/2018 5:00,9.496999741,9.496999741,9.637999535
4/28/2018 6:00,9.496999741,9.496999741,9.777999878
4/28/2018 7:00,9.637999535,9.637999535,10.3409996
4/28/2018 8:00,10.19999981,10.19999981,11.18500042
4/28/2018 9:00,10.06000042,10.06000042,11.25599957
4/28/2018 10:00,10.83300018,10.83300018,11.67800045
4/28/2018 11:00,10.83300018,10.83300018,11.32600021
4/28/2018 12:00,11.32600021,11.32600021,11.60700035
4/28/2018 13:00,11.81799984,11.81799984,12.7329998
4/28/2018 14:00,12.80300045,12.80300045,13.08500004
4/28/2018 15:00,13.22500038,13.22500038,13.9989996
4/28/2018 16:00,13.9289999,13.9289999,14.21000004
4/28/2018 17:00,13.08500004,13.08500004,13.9989996
4/28/2018 18:00,12.59200001,12.59200001,13.71800041
4/28/2018 19:00,11.81799984,11.81799984,12.45100021
4/28/2018 20:00,11.5369997,11.5369997,11.67800045
4/28/2018 21:00,11.11499977,11.11499977,11.32600021
4/28/2018 22:00,10.83300018,10.83300018,11.04399967
4/28/2018 23:00,10.69299984,10.69299984,10.97399998
4/29/2018 0:00,10.90400028,10.90400028,10.83300018
4/29/2018 1:00,11.60700035,11.60700035,10.69299984
4/29/2018 2:00,11.60700035,11.60700035,10.97399998
4/29/2018 3:00,11.18500042,11.18500042,9.567000389
4/29/2018 4:00,11.74800014,11.74800014,9.567000389
4/29/2018 5:00,11.60700035,11.60700035,9.496999741
4/29/2018 6:00,11.32600021,11.32600021,9.496999741
4/29/2018 7:00,11.95899963,11.95899963,9.637999535
4/29/2018 8:00,12.59200001,12.59200001,10.19999981
4/29/2018 9:00,12.6619997,12.6619997,10.06000042
4/29/2018 10:00,12.59200001,12.59200001,10.83300018
4/29/2018 11:00,12.02900028,12.02900028,10.83300018
4/29/2018 12:00,12.52200031,12.52200031,11.32600021
4/29/2018 13:00,11.95899963,11.95899963,11.81799984
4/29/2018 14:00,12.80300045,12.80300045,12.80300045
4/29/2018 15:00,12.6619997,12.6619997,13.22500038
4/29/2018 16:00,12.45100021,12.45100021,13.9289999
4/29/2018 17:00,13.29599953,13.29599953,13.08500004
4/29/2018 18:00,12.94400024,12.94400024,12.59200001
4/29/2018 19:00,12.7329998,12.7329998,11.81799984
4/29/2018 20:00,12.6619997,12.6619997,11.5369997
4/29/2018 21:00,12.45100021,12.45100021,11.11499977
4/29/2018 22:00,12.52200031,12.52200031,10.83300018
4/29/2018 23:00,12.38099957,12.38099957,10.69299984
4/30/2018 0:00,12.7329998,12.7329998,10.90400028
4/30/2018 1:00,12.52200031,12.52200031,11.60700035
4/30/2018 2:00,12.10000038,12.10000038,11.60700035
4/30/2018 3:00,11.67800045,11.67800045,11.18500042
4/30/2018 4:00,11.88899994,11.88899994,11.74800014
4/30/2018 5:00,12.59200001,12.59200001,11.60700035
4/30/2018 6:00,12.7329998,12.7329998,11.32600021
4/30/2018 7:00,12.94400024,12.94400024,11.95899963
4/30/2018 8:00,12.8739996,12.8739996,12.59200001
4/30/2018 9:00,12.52200031,12.52200031,12.6619997
4/30/2018 10:00,13.71800041,13.71800041,12.59200001
4/30/2018 11:00,13.64700031,13.64700031,12.02900028
4/30/2018 12:00,14.56200027,14.56200027,12.52200031
4/30/2018 13:00,14.84300041,14.84300041,11.95899963
4/30/2018 14:00,15.0539999,15.0539999,12.80300045
4/30/2018 15:00,15.89799976,15.89799976,12.6619997
4/30/2018 16:00,16.81299973,16.81299973,12.45100021
4/30/2018 17:00,15.82800007,15.82800007,13.29599953
4/30/2018 18:00,14.77299976,14.77299976,12.94400024
4/30/2018 19:00,14.49100018,14.49100018,12.7329998
4/30/2018 20:00,13.57699966,13.57699966,12.6619997
4/30/2018 21:00,13.22500038,13.22500038,12.45100021
4/30/2018 22:00,13.50699997,13.50699997,12.52200031
4/30/2018 23:00,13.36600018,13.36600018,12.38099957
5/1/2018 0:00,13.43599987,13.43599987,12.7329998
5/1/2018 1:00,13.43599987,13.43599987,12.52200031
5/1/2018 2:00,13.57699966,13.57699966,12.10000038
5/1/2018 3:00,13.43599987,13.43599987,11.67800045
5/1/2018 4:00,13.08500004,13.08500004,11.88899994
5/1/2018 5:00,13.64700031,13.64700031,12.59200001
5/1/2018 6:00,13.78800011,13.78800011,12.7329998
5/1/2018 7:00,13.9989996,13.9989996,12.94400024
5/1/2018 8:00,14.06900024,14.06900024,12.8739996
5/1/2018 9:00,13.43599987,13.43599987,12.52200031
5/1/2018 10:00,13.57699966,13.57699966,13.71800041
5/1/2018 11:00,12.8739996,12.8739996,13.64700031
5/1/2018 12:00,12.8739996,12.8739996,14.56200027
5/1/2018 13:00,12.38099957,12.38099957,14.84300041
5/1/2018 14:00,12.7329998,12.7329998,15.0539999
5/1/2018 15:00,13.50699997,13.50699997,15.89799976
5/1/2018 16:00,13.43599987,13.43599987,16.81299973
5/1/2018 17:00,13.64700031,13.64700031,15.82800007
5/1/2018 18:00,7.52699995,7.52699995,14.77299976
5/1/2018 19:00,5.768000126,5.768000126,14.49100018
5/1/2018 20:00,8.020000458,8.020000458,13.57699966
5/1/2018 21:00,9.777999878,9.777999878,13.22500038
5/1/2018 22:00,10.83300018,10.83300018,13.50699997
5/1/2018 23:00,10.48200035,10.48200035,13.36600018
5/2/2018 0:00,10.48200035,10.48200035,13.43599987
5/2/2018 1:00,10.3409996,10.3409996,13.43599987
5/2/2018 2:00,10.19999981,10.19999981,13.57699966
5/2/2018 3:00,10.06000042,10.06000042,13.43599987
5/2/2018 4:00,9.567000389,9.567000389,13.08500004
5/2/2018 5:00,9.637999535,9.637999535,13.64700031
5/2/2018 6:00,10.13000011,10.13000011,13.78800011
5/2/2018 7:00,9.215000153,9.215000153,13.9989996
5/2/2018 8:00,9.215000153,9.215000153,14.06900024
5/2/2018 9:00,9.708000183,9.708000183,13.43599987
5/2/2018 10:00,9.286000252,9.286000252,13.57699966
5/2/2018 11:00,9.425999641,9.425999641,12.8739996
5/2/2018 12:00,9.918999672,9.918999672,12.8739996
5/2/2018 13:00,9.918999672,9.918999672,12.38099957
5/2/2018 14:00,9.918999672,9.918999672,12.7329998
5/2/2018 15:00,10.27099991,10.27099991,13.50699997
5/2/2018 16:00,10.48200035,10.48200035,13.43599987
5/2/2018 17:00,10.62199974,10.62199974,13.64700031
5/2/2018 18:00,10.83300018,10.83300018,7.52699995
5/2/2018 19:00,10.06000042,10.06000042,5.768000126
5/2/2018 20:00,10.13000011,10.13000011,8.020000458
5/2/2018 21:00,9.074999809,9.074999809,9.777999878
5/2/2018 22:00,8.020000458,8.020000458,10.83300018
5/2/2018 23:00,7.737999916,7.737999916,10.48200035
5/3/2018 0:00,8.230999947,8.230999947,10.48200035
5/3/2018 1:00,7.809000015,7.809000015,10.3409996
5/3/2018 2:00,8.230999947,8.230999947,10.19999981
5/3/2018 3:00,8.722999573,8.722999573,10.06000042
5/3/2018 4:00,8.581999779,8.581999779,9.567000389
5/3/2018 5:00,8.37100029,8.37100029,9.637999535
5/3/2018 6:00,8.652999878,8.652999878,10.13000011
5/3/2018 7:00,9.637999535,9.637999535,9.215000153
5/3/2018 8:00,9.918999672,9.918999672,9.215000153
5/3/2018 9:00,9.708000183,9.708000183,9.708000183
5/3/2018 10:00,9.496999741,9.496999741,9.286000252
5/3/2018 11:00,9.215000153,9.215000153,9.425999641
5/3/2018 12:00,9.777999878,9.777999878,9.918999672
5/3/2018 13:00,10.62199974,10.62199974,9.918999672
5/3/2018 14:00,12.02900028,12.02900028,9.918999672
5/3/2018 15:00,12.94400024,12.94400024,10.27099991
5/3/2018 16:00,13.8579998,13.8579998,10.48200035
5/3/2018 17:00,12.94400024,12.94400024,10.62199974
5/3/2018 18:00,13.29599953,13.29599953,10.83300018
5/3/2018 19:00,11.5369997,11.5369997,10.06000042
5/3/2018 20:00,11.39599991,11.39599991,10.13000011
5/3/2018 21:00,11.32600021,11.32600021,9.074999809
5/3/2018 22:00,10.97399998,10.97399998,8.020000458
5/3/2018 23:00,10.90400028,10.90400028,7.737999916
5/4/2018 0:00,10.41100025,10.41100025,8.230999947
5/4/2018 1:00,10.3409996,10.3409996,7.809000015
5/4/2018 2:00,10.13000011,10.13000011,8.230999947
5/4/2018 3:00,10.06000042,10.06000042,8.722999573
5/4/2018 4:00,10.19999981,10.19999981,8.581999779
5/4/2018 5:00,10.27099991,10.27099991,8.37100029
5/4/2018 6:00,10.19999981,10.19999981,8.652999878
5/4/2018 7:00,11.04399967,11.04399967,9.637999535
5/4/2018 8:00,11.5369997,11.5369997,9.918999672
5/4/2018 9:00,10.97399998,10.97399998,9.708000183
5/4/2018 10:00,11.32600021,11.32600021,9.496999741
5/4/2018 11:00,12.02900028,12.02900028,9.215000153
5/4/2018 12:00,12.31099987,12.31099987,9.777999878
5/4/2018 13:00,13.15499973,13.15499973,10.62199974
5/4/2018 14:00,14.21000004,14.21000004,12.02900028
5/4/2018 15:00,14.49100018,14.49100018,12.94400024
5/4/2018 16:00,15.54699993,15.54699993,13.8579998
5/4/2018 17:00,13.78800011,13.78800011,12.94400024
5/4/2018 18:00,13.50699997,13.50699997,13.29599953
5/4/2018 19:00,12.6619997,12.6619997,11.5369997
5/4/2018 20:00,12.6619997,12.6619997,11.39599991
5/4/2018 21:00,12.6619997,12.6619997,11.32600021
5/4/2018 22:00,12.45100021,12.45100021,10.97399998
5/4/2018 23:00,12.52200031,12.52200031,10.90400028
5/5/2018 0:00,11.95899963,11.95899963,10.41100025
5/5/2018 1:00,12.23999977,12.23999977,10.3409996
5/5/2018 2:00,12.10000038,12.10000038,10.13000011
5/5/2018 3:00,11.88899994,11.88899994,10.06000042
5/5/2018 4:00,11.46700001,11.46700001,10.19999981
5/5/2018 5:00,8.722999573,8.722999573,10.27099991
5/5/2018 6:00,10.83300018,10.83300018,10.19999981
5/5/2018 7:00,7.315999985,7.315999985,11.04399967
5/5/2018 8:00,9.708000183,9.708000183,11.5369997
5/5/2018 9:00,6.683000088,6.683000088,10.97399998
5/5/2018 10:00,8.86400032,8.86400032,11.32600021
5/5/2018 11:00,10.13000011,10.13000011,12.02900028
5/5/2018 12:00,11.04399967,11.04399967,12.31099987
5/5/2018 13:00,11.18500042,11.18500042,13.15499973
5/5/2018 14:00,11.04399967,11.04399967,14.21000004
5/5/2018 15:00,11.32600021,11.32600021,14.49100018
5/5/2018 16:00,11.60700035,11.60700035,15.54699993
5/5/2018 17:00,11.60700035,11.60700035,13.78800011
5/5/2018 18:00,11.5369997,11.5369997,13.50699997
5/5/2018 19:00,11.5369997,11.5369997,12.6619997
5/5/2018 20:00,11.81799984,11.81799984,12.6619997
5/5/2018 21:00,11.5369997,11.5369997,12.6619997
5/5/2018 22:00,11.67800045,11.67800045,12.45100021
5/5/2018 23:00,11.74800014,11.74800014,12.52200031
5/6/2018 0:00,11.74800014,11.74800014,11.95899963
5/6/2018 1:00,12.02900028,12.02900028,12.23999977
5/6/2018 2:00,12.23999977,12.23999977,12.10000038
5/6/2018 3:00,12.23999977,12.23999977,11.88899994
5/6/2018 4:00,11.81799984,11.81799984,11.46700001
5/6/2018 5:00,12.45100021,12.45100021,8.722999573
5/6/2018 6:00,12.23999977,12.23999977,10.83300018
5/6/2018 7:00,12.38099957,12.38099957,7.315999985
5/6/2018 8:00,12.02900028,12.02900028,9.708000183
5/6/2018 9:00,10.69299984,10.69299984,6.683000088
5/6/2018 10:00,11.88899994,11.88899994,8.86400032
5/6/2018 11:00,10.90400028,10.90400028,10.13000011
5/6/2018 12:00,7.105000019,7.105000019,11.04399967
5/6/2018 13:00,8.934000015,8.934000015,11.18500042
5/6/2018 14:00,9.286000252,9.286000252,11.04399967
5/6/2018 15:00,9.074999809,9.074999809,11.32600021
5/6/2018 16:00,9.567000389,9.567000389,11.60700035
5/6/2018 17:00,7.668000221,7.668000221,11.60700035
5/6/2018 18:00,9.567000389,9.567000389,11.5369997
5/6/2018 19:00,8.934000015,8.934000015,11.5369997
5/6/2018 20:00,5.697999954,5.697999954,11.81799984
5/6/2018 21:00,8.020000458,8.020000458,11.5369997
5/6/2018 22:00,7.456999779,7.456999779,11.67800045
5/6/2018 23:00,7.597000122,7.597000122,11.74800014
5/7/2018 0:00,7.948999882,7.948999882,11.74800014
5/7/2018 1:00,7.456999779,7.456999779,12.02900028
5/7/2018 2:00,7.456999779,7.456999779,12.23999977
5/7/2018 3:00,7.668000221,7.668000221,12.23999977
5/7/2018 4:00,8.090000153,8.090000153,11.81799984
5/7/2018 5:00,8.442000389,8.442000389,12.45100021
5/7/2018 6:00,8.652999878,8.652999878,12.23999977
5/7/2018 7:00,8.512000084,8.512000084,12.38099957
5/7/2018 8:00,8.300999641,8.300999641,12.02900028
5/7/2018 9:00,7.948999882,7.948999882,10.69299984
5/7/2018 10:00,8.159999847,8.159999847,11.88899994
5/7/2018 11:00,8.230999947,8.230999947,10.90400028
5/7/2018 12:00,8.722999573,8.722999573,7.105000019
5/7/2018 13:00,8.230999947,8.230999947,8.934000015
5/7/2018 14:00,8.159999847,8.159999847,9.286000252
5/7/2018 15:00,7.737999916,7.737999916,9.074999809
5/7/2018 16:00,7.386000156,7.386000156,9.567000389
5/7/2018 17:00,7.315999985,7.315999985,7.668000221
5/7/2018 18:00,7.737999916,7.737999916,9.567000389
5/7/2018 19:00,8.722999573,8.722999573,8.934000015
5/7/2018 20:00,8.86400032,8.86400032,5.697999954
5/7/2018 21:00,9.074999809,9.074999809,8.020000458
5/7/2018 22:00,8.442000389,8.442000389,7.456999779
5/7/2018 23:00,8.300999641,8.300999641,7.597000122
5/8/2018 0:00,8.512000084,8.512000084,7.948999882
5/8/2018 1:00,8.020000458,8.020000458,7.456999779
5/8/2018 2:00,7.737999916,7.737999916,7.456999779
5/8/2018 3:00,7.245999813,7.245999813,7.668000221
5/8/2018 4:00,7.105000019,7.105000019,8.090000153
5/8/2018 5:00,7.597000122,7.597000122,8.442000389
5/8/2018 6:00,8.300999641,8.300999641,8.652999878
5/8/2018 7:00,6.964000225,6.964000225,8.512000084
5/8/2018 8:00,7.456999779,7.456999779,8.300999641
5/8/2018 9:00,7.809000015,7.809000015,7.948999882
5/8/2018 10:00,8.300999641,8.300999641,8.159999847
5/8/2018 11:00,8.581999779,8.581999779,8.230999947
5/8/2018 12:00,8.934000015,8.934000015,8.722999573
5/8/2018 13:00,10.13000011,10.13000011,8.230999947
5/8/2018 14:00,10.41100025,10.41100025,8.159999847
5/8/2018 15:00,11.88899994,11.88899994,7.737999916
5/8/2018 16:00,12.59200001,12.59200001,7.386000156
5/8/2018 17:00,12.31099987,12.31099987,7.315999985
5/8/2018 18:00,11.74800014,11.74800014,7.737999916
5/8/2018 19:00,10.62199974,10.62199974,8.722999573
5/8/2018 20:00,10.19999981,10.19999981,8.86400032
5/8/2018 21:00,9.496999741,9.496999741,9.074999809
5/8/2018 22:00,9.708000183,9.708000183,8.442000389
5/8/2018 23:00,9.074999809,9.074999809,8.300999641
5/9/2018 0:00,8.581999779,8.581999779,8.512000084
5/9/2018 1:00,8.230999947,8.230999947,8.020000458
5/9/2018 2:00,8.159999847,8.159999847,7.737999916
5/9/2018 3:00,7.809000015,7.809000015,7.245999813
5/9/2018 4:00,7.175000191,7.175000191,7.105000019
5/9/2018 5:00,7.034999847,7.034999847,7.597000122
5/9/2018 6:00,7.034999847,7.034999847,8.300999641
5/9/2018 7:00,7.879000187,7.879000187,6.964000225
5/9/2018 8:00,8.230999947,8.230999947,7.456999779
5/9/2018 9:00,8.230999947,8.230999947,7.809000015
5/9/2018 10:00,8.581999779,8.581999779,8.300999641
5/9/2018 11:00,9.074999809,9.074999809,8.581999779
5/9/2018 12:00,9.567000389,9.567000389,8.934000015
5/9/2018 13:00,10.3409996,10.3409996,10.13000011
5/9/2018 14:00,11.60700035,11.60700035,10.41100025
5/9/2018 15:00,12.38099957,12.38099957,11.88899994
5/9/2018 16:00,12.6619997,12.6619997,12.59200001
5/9/2018 17:00,12.8739996,12.8739996,12.31099987
5/9/2018 18:00,12.23999977,12.23999977,11.74800014
5/9/2018 19:00,11.60700035,11.60700035,10.62199974
5/9/2018 20:00,10.76299953,10.76299953,10.19999981
5/9/2018 21:00,9.708000183,9.708000183,9.496999741
5/9/2018 22:00,9.425999641,9.425999641,9.708000183
5/9/2018 23:00,8.722999573,8.722999573,9.074999809
5/10/2018 0:00,7.948999882,7.948999882,8.581999779
5/10/2018 1:00,7.668000221,7.668000221,8.230999947
5/10/2018 2:00,7.315999985,7.315999985,8.159999847
5/10/2018 3:00,6.752999783,6.752999783,7.809000015
5/10/2018 4:00,6.330999851,6.330999851,7.175000191
5/10/2018 5:00,6.119999886,6.119999886,7.034999847
5/10/2018 6:00,6.050000191,6.050000191,7.034999847
5/10/2018 7:00,6.40199995,6.40199995,7.879000187
5/10/2018 8:00,6.612999916,6.612999916,8.230999947
5/10/2018 9:00,6.683000088,6.683000088,8.230999947
5/10/2018 10:00,7.456999779,7.456999779,8.581999779
5/10/2018 11:00,7.105000019,7.105000019,9.074999809
5/10/2018 12:00,8.159999847,8.159999847,9.567000389
5/10/2018 13:00,8.512000084,8.512000084,10.3409996
5/10/2018 14:00,9.637999535,9.637999535,11.60700035
5/10/2018 15:00,10.13000011,10.13000011,12.38099957
5/10/2018 16:00,10.06000042,10.06000042,12.6619997
5/10/2018 17:00,9.918999672,9.918999672,12.8739996
5/10/2018 18:00,9.567000389,9.567000389,12.23999977
5/10/2018 19:00,9.286000252,9.286000252,11.60700035
5/10/2018 20:00,8.581999779,8.581999779,10.76299953
5/10/2018 21:00,8.230999947,8.230999947,9.708000183
5/10/2018 22:00,8.37100029,8.37100029,9.425999641
5/10/2018 23:00,7.948999882,7.948999882,8.722999573
5/11/2018 0:00,7.809000015,7.809000015,7.948999882
5/11/2018 1:00,7.597000122,7.597000122,7.668000221
5/11/2018 2:00,7.809000015,7.809000015,7.315999985
5/11/2018 3:00,7.737999916,7.737999916,6.752999783
5/11/2018 4:00,7.809000015,7.809000015,6.330999851
5/11/2018 5:00,8.300999641,8.300999641,6.119999886
5/11/2018 6:00,8.652999878,8.652999878,6.050000191
5/11/2018 7:00,8.793000221,8.793000221,6.40199995
5/11/2018 8:00,8.722999573,8.722999573,6.612999916
5/11/2018 9:00,9.496999741,9.496999741,6.683000088
5/11/2018 10:00,10.48200035,10.48200035,7.456999779
5/11/2018 11:00,11.04399967,11.04399967,7.105000019
5/11/2018 12:00,11.60700035,11.60700035,8.159999847
5/11/2018 13:00,12.10000038,12.10000038,8.512000084
5/11/2018 14:00,11.25599957,11.25599957,9.637999535
5/11/2018 15:00,10.97399998,10.97399998,10.13000011
5/11/2018 16:00,11.39599991,11.39599991,10.06000042
5/11/2018 17:00,11.11499977,11.11499977,9.918999672
5/11/2018 18:00,10.69299984,10.69299984,9.567000389
5/11/2018 19:00,10.76299953,10.76299953,9.286000252
5/11/2018 20:00,11.46700001,11.46700001,8.581999779
5/11/2018 21:00,11.39599991,11.39599991,8.230999947
5/11/2018 22:00,11.88899994,11.88899994,8.37100029
5/11/2018 23:00,11.88899994,11.88899994,7.948999882
5/12/2018 0:00,11.81799984,11.81799984,7.809000015
5/12/2018 1:00,11.46700001,11.46700001,7.597000122
5/12/2018 2:00,11.60700035,11.60700035,7.809000015
5/12/2018 3:00,9.848999977,9.848999977,7.737999916
5/12/2018 4:00,8.37100029,8.37100029,7.809000015
5/12/2018 5:00,10.13000011,10.13000011,8.300999641
5/12/2018 6:00,10.76299953,10.76299953,8.652999878
5/12/2018 7:00,8.442000389,8.442000389,8.793000221
5/12/2018 8:00,8.300999641,8.300999641,8.722999573
5/12/2018 9:00,9.777999878,9.777999878,9.496999741
5/12/2018 10:00,10.55200005,10.55200005,10.48200035
5/12/2018 11:00,10.90400028,10.90400028,11.04399967
5/12/2018 12:00,11.04399967,11.04399967,11.60700035
5/12/2018 13:00,10.62199974,10.62199974,12.10000038
5/12/2018 14:00,10.83300018,10.83300018,11.25599957
5/12/2018 15:00,10.69299984,10.69299984,10.97399998
5/12/2018 16:00,10.90400028,10.90400028,11.39599991
5/12/2018 17:00,10.55200005,10.55200005,11.11499977
5/12/2018 18:00,11.11499977,11.11499977,10.69299984
5/12/2018 19:00,11.04399967,11.04399967,10.76299953
5/12/2018 20:00,10.69299984,10.69299984,11.46700001
5/12/2018 21:00,10.27099991,10.27099991,11.39599991
5/12/2018 22:00,10.13000011,10.13000011,11.88899994
5/12/2018 23:00,10.3409996,10.3409996,11.88899994
5/13/2018 0:00,10.48200035,10.48200035,11.81799984
5/13/2018 1:00,10.3409996,10.3409996,11.46700001
5/13/2018 2:00,9.918999672,9.918999672,11.60700035
5/13/2018 3:00,9.98900032,9.98900032,9.848999977
5/13/2018 4:00,10.19999981,10.19999981,8.37100029
5/13/2018 5:00,9.98900032,9.98900032,10.13000011
5/13/2018 6:00,10.27099991,10.27099991,10.76299953
5/13/2018 7:00,10.83300018,10.83300018,8.442000389
5/13/2018 8:00,10.55200005,10.55200005,8.300999641
5/13/2018 9:00,11.32600021,11.32600021,9.777999878
5/13/2018 10:00,11.5369997,11.5369997,10.55200005
5/13/2018 11:00,12.38099957,12.38099957,10.90400028
5/13/2018 12:00,12.45100021,12.45100021,11.04399967
5/13/2018 13:00,13.08500004,13.08500004,10.62199974
5/13/2018 14:00,13.36600018,13.36600018,10.83300018
5/13/2018 15:00,14.49100018,14.49100018,10.69299984
5/13/2018 16:00,15.26500034,15.26500034,10.90400028
5/13/2018 17:00,15.54699993,15.54699993,10.55200005
5/13/2018 18:00,14.42099953,14.42099953,11.11499977
5/13/2018 19:00,13.43599987,13.43599987,11.04399967
5/13/2018 20:00,13.29599953,13.29599953,10.69299984
5/13/2018 21:00,12.94400024,12.94400024,10.27099991
5/13/2018 22:00,12.6619997,12.6619997,10.13000011
5/13/2018 23:00,12.52200031,12.52200031,10.3409996
5/14/2018 0:00,12.45100021,12.45100021,10.48200035
5/14/2018 1:00,12.52200031,12.52200031,10.3409996
5/14/2018 2:00,12.7329998,12.7329998,9.918999672
5/14/2018 3:00,12.7329998,12.7329998,9.98900032
5/14/2018 4:00,12.59200001,12.59200001,10.19999981
5/14/2018 5:00,12.45100021,12.45100021,9.98900032
5/14/2018 6:00,12.7329998,12.7329998,10.27099991
5/14/2018 7:00,12.45100021,12.45100021,10.83300018
5/14/2018 8:00,13.22500038,13.22500038,10.55200005
5/14/2018 9:00,13.36600018,13.36600018,11.32600021
5/14/2018 10:00,13.71800041,13.71800041,11.5369997
5/14/2018 11:00,14.70300007,14.70300007,12.38099957
5/14/2018 12:00,13.9989996,13.9989996,12.45100021
5/14/2018 13:00,14.70300007,14.70300007,13.08500004
5/14/2018 14:00,15.0539999,15.0539999,13.36600018
5/14/2018 15:00,16.81299973,16.81299973,14.49100018
5/14/2018 16:00,16.32099915,16.32099915,15.26500034
5/14/2018 17:00,16.60199928,16.60199928,15.54699993
5/14/2018 18:00,16.18000031,16.18000031,14.42099953
5/14/2018 19:00,15.75800037,15.75800037,13.43599987
5/14/2018 20:00,15.33600044,15.33600044,13.29599953
5/14/2018 21:00,15.33600044,15.33600044,12.94400024
5/14/2018 22:00,14.98400021,14.98400021,12.6619997
5/14/2018 23:00,14.70300007,14.70300007,12.52200031
5/15/2018 0:00,14.56200027,14.56200027,12.45100021
5/15/2018 1:00,14.14000034,14.14000034,12.52200031
5/15/2018 2:00,14.49100018,14.49100018,12.7329998
5/15/2018 3:00,14.56200027,14.56200027,12.7329998
5/15/2018 4:00,14.27999973,14.27999973,12.59200001
5/15/2018 5:00,14.14000034,14.14000034,12.45100021
5/15/2018 6:00,14.35099983,14.35099983,12.7329998
5/15/2018 7:00,14.56200027,14.56200027,12.45100021
5/15/2018 8:00,16.03899956,16.03899956,13.22500038
5/15/2018 9:00,16.46100044,16.46100044,13.36600018
5/15/2018 10:00,15.19499969,15.19499969,13.71800041
5/15/2018 11:00,14.14000034,14.14000034,14.70300007
5/15/2018 12:00,15.40600014,15.40600014,13.9989996
5/15/2018 13:00,14.42099953,14.42099953,14.70300007
5/15/2018 14:00,15.75800037,15.75800037,15.0539999
5/15/2018 15:00,16.18000031,16.18000031,16.81299973
5/15/2018 16:00,16.88299942,16.88299942,16.32099915
5/15/2018 17:00,16.25,16.25,16.60199928
5/15/2018 18:00,17.16500092,17.16500092,16.18000031
5/15/2018 19:00,16.88299942,16.88299942,15.75800037
5/15/2018 20:00,16.32099915,16.32099915,15.33600044
5/15/2018 21:00,15.96899986,15.96899986,15.33600044
5/15/2018 22:00,15.89799976,15.89799976,14.98400021
5/15/2018 23:00,15.68700027,15.68700027,14.70300007
5/16/2018 0:00,15.96899986,15.96899986,14.56200027
5/16/2018 1:00,16.25,16.25,14.14000034
5/16/2018 2:00,16.10899925,16.10899925,14.49100018
5/16/2018 3:00,16.10899925,16.10899925,14.56200027
5/16/2018 4:00,16.25,16.25,14.27999973
5/16/2018 5:00,16.46100044,16.46100044,14.14000034
5/16/2018 6:00,16.88299942,16.88299942,14.35099983
5/16/2018 7:00,16.67200089,16.67200089,14.56200027
5/16/2018 8:00,15.68700027,15.68700027,16.03899956
5/16/2018 9:00,14.84300041,14.84300041,16.46100044
5/16/2018 10:00,15.33600044,15.33600044,15.19499969
5/16/2018 11:00,14.98400021,14.98400021,14.14000034
5/16/2018 12:00,14.70300007,14.70300007,15.40600014
5/16/2018 13:00,14.98400021,14.98400021,14.42099953
5/16/2018 14:00,15.68700027,15.68700027,15.75800037
5/16/2018 15:00,16.74300003,16.74300003,16.18000031
5/16/2018 16:00,16.10899925,16.10899925,16.88299942
5/16/2018 17:00,16.32099915,16.32099915,16.25
5/16/2018 18:00,15.82800007,15.82800007,17.16500092
5/16/2018 19:00,15.54699993,15.54699993,16.88299942
5/16/2018 20:00,16.32099915,16.32099915,16.32099915
5/16/2018 21:00,16.03899956,16.03899956,15.96899986
5/16/2018 22:00,16.67200089,16.67200089,15.89799976
5/16/2018 23:00,15.0539999,15.0539999,15.68700027
5/17/2018 0:00,16.10899925,16.10899925,15.96899986
5/17/2018 1:00,16.60199928,16.60199928,16.25
5/17/2018 2:00,14.63199997,14.63199997,16.10899925
5/17/2018 3:00,12.23999977,12.23999977,16.10899925
5/17/2018 4:00,9.708000183,9.708000183,16.25
5/17/2018 5:00,8.652999878,8.652999878,16.46100044
5/17/2018 6:00,9.98900032,9.98900032,16.88299942
5/17/2018 7:00,10.97399998,10.97399998,16.67200089
5/17/2018 8:00,8.090000153,8.090000153,15.68700027
5/17/2018 9:00,11.32600021,11.32600021,14.84300041
5/17/2018 10:00,12.38099957,12.38099957,15.33600044
5/17/2018 11:00,13.15499973,13.15499973,14.98400021
5/17/2018 12:00,12.52200031,12.52200031,14.70300007
5/17/2018 13:00,13.01399994,13.01399994,14.98400021
5/17/2018 14:00,13.50699997,13.50699997,15.68700027
5/17/2018 15:00,13.50699997,13.50699997,16.74300003
5/17/2018 16:00,13.9989996,13.9989996,16.10899925
5/17/2018 17:00,13.78800011,13.78800011,16.32099915
5/17/2018 18:00,14.14000034,14.14000034,15.82800007
5/17/2018 19:00,13.78800011,13.78800011,15.54699993
5/17/2018 20:00,13.50699997,13.50699997,16.32099915
5/17/2018 21:00,13.15499973,13.15499973,16.03899956
5/17/2018 22:00,13.43599987,13.43599987,16.67200089
5/17/2018 23:00,13.36600018,13.36600018,15.0539999
5/18/2018 0:00,12.94400024,12.94400024,16.10899925
5/18/2018 1:00,12.94400024,12.94400024,16.60199928
5/18/2018 2:00,13.36600018,13.36600018,14.63199997
5/18/2018 3:00,13.08500004,13.08500004,12.23999977
5/18/2018 4:00,13.08500004,13.08500004,9.708000183
5/18/2018 5:00,12.80300045,12.80300045,8.652999878
5/18/2018 6:00,13.01399994,13.01399994,9.98900032
5/18/2018 7:00,12.94400024,12.94400024,10.97399998
5/18/2018 8:00,12.8739996,12.8739996,8.090000153
5/18/2018 9:00,12.52200031,12.52200031,11.32600021
5/18/2018 10:00,12.52200031,12.52200031,12.38099957
5/18/2018 11:00,12.7329998,12.7329998,13.15499973
5/18/2018 12:00,12.80300045,12.80300045,12.52200031
5/18/2018 13:00,12.59200001,12.59200001,13.01399994
5/18/2018 14:00,12.8739996,12.8739996,13.50699997
5/18/2018 15:00,12.7329998,12.7329998,13.50699997
5/18/2018 16:00,9.425999641,9.425999641,13.9989996
5/18/2018 17:00,8.090000153,8.090000153,13.78800011
5/18/2018 18:00,6.330999851,6.330999851,14.14000034
5/18/2018 19:00,5.346000195,5.346000195,13.78800011
5/18/2018 20:00,6.40199995,6.40199995,13.50699997
5/18/2018 21:00,8.300999641,8.300999641,13.15499973
5/18/2018 22:00,8.652999878,8.652999878,13.43599987
5/18/2018 23:00,8.512000084,8.512000084,13.36600018
5/19/2018 0:00,8.512000084,8.512000084,12.94400024
5/19/2018 1:00,8.512000084,8.512000084,12.94400024
5/19/2018 2:00,8.230999947,8.230999947,13.36600018
5/19/2018 3:00,8.512000084,8.512000084,13.08500004
5/19/2018 4:00,7.809000015,7.809000015,13.08500004
5/19/2018 5:00,7.737999916,7.737999916,12.80300045
5/19/2018 6:00,7.737999916,7.737999916,13.01399994
5/19/2018 7:00,7.948999882,7.948999882,12.94400024
5/19/2018 8:00,7.879000187,7.879000187,12.8739996
5/19/2018 9:00,7.105000019,7.105000019,12.52200031
5/19/2018 10:00,7.597000122,7.597000122,12.52200031
5/19/2018 11:00,7.456999779,7.456999779,12.7329998
5/19/2018 12:00,7.809000015,7.809000015,12.80300045
5/19/2018 13:00,7.879000187,7.879000187,12.59200001
5/19/2018 14:00,8.020000458,8.020000458,12.8739996
5/19/2018 15:00,7.668000221,7.668000221,12.7329998
5/19/2018 16:00,7.456999779,7.456999779,9.425999641
5/19/2018 17:00,7.034999847,7.034999847,8.090000153
5/19/2018 18:00,7.175000191,7.175000191,6.330999851
5/19/2018 19:00,7.034999847,7.034999847,5.346000195
5/19/2018 20:00,6.894000053,6.894000053,6.40199995
5/19/2018 21:00,7.386000156,7.386000156,8.300999641
5/19/2018 22:00,7.315999985,7.315999985,8.652999878
5/19/2018 23:00,7.105000019,7.105000019,8.512000084
5/20/2018 0:00,7.105000019,7.105000019,8.512000084
5/20/2018 1:00,7.105000019,7.105000019,8.512000084
5/20/2018 2:00,6.964000225,6.964000225,8.230999947
5/20/2018 3:00,6.752999783,6.752999783,8.512000084
5/20/2018 4:00,6.823999882,6.823999882,7.809000015
5/20/2018 5:00,6.823999882,6.823999882,7.737999916
5/20/2018 6:00,6.752999783,6.752999783,7.737999916
5/20/2018 7:00,6.823999882,6.823999882,7.948999882
5/20/2018 8:00,7.105000019,7.105000019,7.879000187
5/20/2018 9:00,7.245999813,7.245999813,7.105000019
5/20/2018 10:00,7.386000156,7.386000156,7.597000122
5/20/2018 11:00,7.175000191,7.175000191,7.456999779
5/20/2018 12:00,6.964000225,6.964000225,7.809000015
5/20/2018 13:00,6.823999882,6.823999882,7.879000187
5/20/2018 14:00,6.683000088,6.683000088,8.020000458
5/20/2018 15:00,6.330999851,6.330999851,7.668000221
5/20/2018 16:00,6.541999817,6.541999817,7.456999779
5/20/2018 17:00,4.361999989,4.361999989,7.034999847
5/20/2018 18:00,5.55700016,5.55700016,7.175000191
5/20/2018 19:00,5.627999783,5.627999783,7.034999847
5/20/2018 20:00,5.979000092,5.979000092,6.894000053
5/20/2018 21:00,5.697999954,5.697999954,7.386000156
5/20/2018 22:00,5.90899992,5.90899992,7.315999985
5/20/2018 23:00,5.768000126,5.768000126,7.105000019
5/21/2018 0:00,5.697999954,5.697999954,7.105000019
5/21/2018 1:00,5.416999817,5.416999817,7.105000019
5/21/2018 2:00,5.768000126,5.768000126,6.964000225
5/21/2018 3:00,5.627999783,5.627999783,6.752999783
5/21/2018 4:00,5.697999954,5.697999954,6.823999882
5/21/2018 5:00,6.050000191,6.050000191,6.823999882
5/21/2018 6:00,5.90899992,5.90899992,6.752999783
5/21/2018 7:00,5.979000092,5.979000092,6.823999882
5/21/2018 8:00,6.050000191,6.050000191,7.105000019
5/21/2018 9:00,6.472000122,6.472000122,7.245999813
5/21/2018 10:00,6.40199995,6.40199995,7.386000156
5/21/2018 11:00,6.40199995,6.40199995,7.175000191
5/21/2018 12:00,6.752999783,6.752999783,6.964000225
5/21/2018 13:00,7.105000019,7.105000019,6.823999882
5/21/2018 14:00,7.175000191,7.175000191,6.683000088
5/21/2018 15:00,7.315999985,7.315999985,6.330999851
5/21/2018 16:00,5.627999783,5.627999783,6.541999817
5/21/2018 17:00,4.43200016,4.43200016,4.361999989
5/21/2018 18:00,6.472000122,6.472000122,5.55700016
5/21/2018 19:00,6.472000122,6.472000122,5.627999783
5/21/2018 20:00,6.894000053,6.894000053,5.979000092
5/21/2018 21:00,6.612999916,6.612999916,5.697999954
5/21/2018 22:00,6.894000053,6.894000053,5.90899992
5/21/2018 23:00,6.683000088,6.683000088,5.768000126
5/22/2018 0:00,6.964000225,6.964000225,5.697999954
5/22/2018 1:00,7.315999985,7.315999985,5.416999817
5/22/2018 2:00,7.456999779,7.456999779,5.768000126
5/22/2018 3:00,7.879000187,7.879000187,5.627999783
5/22/2018 4:00,8.300999641,8.300999641,5.697999954
5/22/2018 5:00,9.00399971,9.00399971,6.050000191
5/22/2018 6:00,9.145000458,9.145000458,5.90899992
5/22/2018 7:00,7.456999779,7.456999779,5.979000092
5/22/2018 8:00,6.823999882,6.823999882,6.050000191
5/22/2018 9:00,6.683000088,6.683000088,6.472000122
5/22/2018 10:00,6.40199995,6.40199995,6.40199995
5/22/2018 11:00,3.727999926,3.727999926,6.40199995
5/22/2018 12:00,4.150000095,4.150000095,6.752999783
5/22/2018 13:00,6.541999817,6.541999817,7.105000019
5/22/2018 14:00,6.964000225,6.964000225,7.175000191
5/22/2018 15:00,6.261000156,6.261000156,7.315999985
5/22/2018 16:00,6.119999886,6.119999886,5.627999783
5/22/2018 17:00,6.894000053,6.894000053,4.43200016
5/22/2018 18:00,6.261000156,6.261000156,6.472000122
5/22/2018 19:00,7.034999847,7.034999847,6.472000122
5/22/2018 20:00,7.52699995,7.52699995,6.894000053
5/22/2018 21:00,7.737999916,7.737999916,6.612999916
5/22/2018 22:00,7.809000015,7.809000015,6.894000053
5/22/2018 23:00,6.752999783,6.752999783,6.683000088
5/23/2018 0:00,7.105000019,7.105000019,6.964000225
5/23/2018 1:00,6.612999916,6.612999916,7.315999985
5/23/2018 2:00,6.823999882,6.823999882,7.456999779
5/23/2018 3:00,6.472000122,6.472000122,7.879000187
5/23/2018 4:00,7.597000122,7.597000122,8.300999641
5/23/2018 5:00,6.894000053,6.894000053,9.00399971
5/23/2018 6:00,7.668000221,7.668000221,9.145000458
5/23/2018 7:00,9.215000153,9.215000153,7.456999779
5/23/2018 8:00,9.848999977,9.848999977,6.823999882
5/23/2018 9:00,9.00399971,9.00399971,6.683000088
5/23/2018 10:00,9.286000252,9.286000252,6.40199995
5/23/2018 11:00,9.567000389,9.567000389,3.727999926
5/23/2018 12:00,9.215000153,9.215000153,4.150000095
5/23/2018 13:00,9.215000153,9.215000153,6.541999817
5/23/2018 14:00,10.48200035,10.48200035,6.964000225
5/23/2018 15:00,11.95899963,11.95899963,6.261000156
5/23/2018 16:00,11.67800045,11.67800045,6.119999886
5/23/2018 17:00,11.67800045,11.67800045,6.894000053
5/23/2018 18:00,11.46700001,11.46700001,6.261000156
5/23/2018 19:00,9.918999672,9.918999672,7.034999847
5/23/2018 20:00,9.496999741,9.496999741,7.52699995
5/23/2018 21:00,9.425999641,9.425999641,7.737999916
5/23/2018 22:00,9.286000252,9.286000252,7.809000015
5/23/2018 23:00,8.793000221,8.793000221,6.752999783
5/24/2018 0:00,8.442000389,8.442000389,7.105000019
5/24/2018 1:00,8.722999573,8.722999573,6.612999916
5/24/2018 2:00,8.37100029,8.37100029,6.823999882
5/24/2018 3:00,8.300999641,8.300999641,6.472000122
5/24/2018 4:00,8.230999947,8.230999947,7.597000122
5/24/2018 5:00,8.159999847,8.159999847,6.894000053
5/24/2018 6:00,8.512000084,8.512000084,7.668000221
5/24/2018 7:00,9.145000458,9.145000458,9.215000153
5/24/2018 8:00,9.286000252,9.286000252,9.848999977
5/24/2018 9:00,9.637999535,9.637999535,9.00399971
5/24/2018 10:00,8.86400032,8.86400032,9.286000252
5/24/2018 11:00,9.567000389,9.567000389,9.567000389
5/24/2018 12:00,9.496999741,9.496999741,9.215000153
5/24/2018 13:00,9.074999809,9.074999809,9.215000153
5/24/2018 14:00,9.777999878,9.777999878,10.48200035
5/24/2018 15:00,11.18500042,11.18500042,11.95899963
5/24/2018 16:00,10.76299953,10.76299953,11.67800045
5/24/2018 17:00,9.918999672,9.918999672,11.67800045
5/24/2018 18:00,10.3409996,10.3409996,11.46700001
5/24/2018 19:00,9.918999672,9.918999672,9.918999672
5/24/2018 20:00,9.918999672,9.918999672,9.496999741
5/24/2018 21:00,9.425999641,9.425999641,9.425999641
5/24/2018 22:00,9.355999947,9.355999947,9.286000252
5/24/2018 23:00,9.215000153,9.215000153,8.793000221
5/25/2018 0:00,8.722999573,8.722999573,8.442000389
5/25/2018 1:00,8.512000084,8.512000084,8.722999573
5/25/2018 2:00,8.652999878,8.652999878,8.37100029
5/25/2018 3:00,7.737999916,7.737999916,8.300999641
5/25/2018 4:00,8.512000084,8.512000084,8.230999947
5/25/2018 5:00,9.00399971,9.00399971,8.159999847
5/25/2018 6:00,9.145000458,9.145000458,8.512000084
5/25/2018 7:00,9.425999641,9.425999641,9.145000458
5/25/2018 8:00,9.145000458,9.145000458,9.286000252
5/25/2018 9:00,9.777999878,9.777999878,9.637999535
5/25/2018 10:00,9.918999672,9.918999672,8.86400032
5/25/2018 11:00,9.425999641,9.425999641,9.567000389
5/25/2018 12:00,9.215000153,9.215000153,9.496999741
5/25/2018 13:00,9.215000153,9.215000153,9.074999809
5/25/2018 14:00,8.86400032,8.86400032,9.777999878
5/25/2018 15:00,8.652999878,8.652999878,11.18500042
5/25/2018 16:00,8.512000084,8.512000084,10.76299953
5/25/2018 17:00,8.86400032,8.86400032,9.918999672
5/25/2018 18:00,5.979000092,5.979000092,10.3409996
5/25/2018 19:00,6.823999882,6.823999882,9.918999672
5/25/2018 20:00,5.768000126,5.768000126,9.918999672
5/25/2018 21:00,6.261000156,6.261000156,9.425999641
5/25/2018 22:00,5.697999954,5.697999954,9.355999947
5/25/2018 23:00,6.261000156,6.261000156,9.215000153
5/26/2018 0:00,7.52699995,7.52699995,8.722999573
5/26/2018 1:00,8.090000153,8.090000153,8.512000084
5/26/2018 2:00,7.456999779,7.456999779,8.652999878
5/26/2018 3:00,7.52699995,7.52699995,7.737999916
5/26/2018 4:00,8.230999947,8.230999947,8.512000084
5/26/2018 5:00,8.512000084,8.512000084,9.00399971
5/26/2018 6:00,8.512000084,8.512000084,9.145000458
5/26/2018 7:00,8.37100029,8.37100029,9.425999641
5/26/2018 8:00,7.597000122,7.597000122,9.145000458
5/26/2018 9:00,8.442000389,8.442000389,9.777999878
5/26/2018 10:00,8.159999847,8.159999847,9.918999672
5/26/2018 11:00,8.300999641,8.300999641,9.425999641
5/26/2018 12:00,8.722999573,8.722999573,9.215000153
5/26/2018 13:00,9.425999641,9.425999641,9.215000153
5/26/2018 14:00,9.215000153,9.215000153,8.86400032
5/26/2018 15:00,9.355999947,9.355999947,8.652999878
5/26/2018 16:00,9.425999641,9.425999641,8.512000084
5/26/2018 17:00,9.074999809,9.074999809,8.86400032
5/26/2018 18:00,8.86400032,8.86400032,5.979000092
5/26/2018 19:00,8.934000015,8.934000015,6.823999882
5/26/2018 20:00,8.37100029,8.37100029,5.768000126
5/26/2018 21:00,9.425999641,9.425999641,6.261000156
5/26/2018 22:00,8.86400032,8.86400032,5.697999954
5/26/2018 23:00,9.00399971,9.00399971,6.261000156
5/27/2018 0:00,8.37100029,8.37100029,7.52699995
5/27/2018 1:00,8.86400032,8.86400032,8.090000153
5/27/2018 2:00,9.425999641,9.425999641,7.456999779
5/27/2018 3:00,9.215000153,9.215000153,7.52699995
5/27/2018 4:00,9.425999641,9.425999641,8.230999947
5/27/2018 5:00,9.355999947,9.355999947,8.512000084
5/27/2018 6:00,9.918999672,9.918999672,8.512000084
5/27/2018 7:00,9.777999878,9.777999878,8.37100029
5/27/2018 8:00,9.286000252,9.286000252,7.597000122
5/27/2018 9:00,9.567000389,9.567000389,8.442000389
5/27/2018 10:00,9.567000389,9.567000389,8.159999847
5/27/2018 11:00,9.215000153,9.215000153,8.300999641
5/27/2018 12:00,10.13000011,10.13000011,8.722999573
5/27/2018 13:00,10.76299953,10.76299953,9.425999641
5/27/2018 14:00,10.62199974,10.62199974,9.215000153
5/27/2018 15:00,11.5369997,11.5369997,9.355999947
5/27/2018 16:00,11.60700035,11.60700035,9.425999641
5/27/2018 17:00,11.32600021,11.32600021,9.074999809
5/27/2018 18:00,11.46700001,11.46700001,8.86400032
5/27/2018 19:00,10.48200035,10.48200035,8.934000015
5/27/2018 20:00,10.13000011,10.13000011,8.37100029
5/27/2018 21:00,9.918999672,9.918999672,9.425999641
5/27/2018 22:00,9.848999977,9.848999977,8.86400032
5/27/2018 23:00,10.19999981,10.19999981,9.00399971
5/28/2018 0:00,10.06000042,10.06000042,8.37100029
5/28/2018 1:00,10.13000011,10.13000011,8.86400032
5/28/2018 2:00,10.13000011,10.13000011,9.425999641
5/28/2018 3:00,9.918999672,9.918999672,9.215000153
5/28/2018 4:00,9.708000183,9.708000183,9.425999641
5/28/2018 5:00,9.918999672,9.918999672,9.355999947
5/28/2018 6:00,10.19999981,10.19999981,9.918999672
5/28/2018 7:00,10.97399998,10.97399998,9.777999878
5/28/2018 8:00,10.48200035,10.48200035,9.286000252
5/28/2018 9:00,10.41100025,10.41100025,9.567000389
5/28/2018 10:00,10.27099991,10.27099991,9.567000389
5/28/2018 11:00,10.69299984,10.69299984,9.215000153
5/28/2018 12:00,10.55200005,10.55200005,10.13000011
5/28/2018 13:00,10.69299984,10.69299984,10.76299953
5/28/2018 14:00,11.32600021,11.32600021,10.62199974
5/28/2018 15:00,11.95899963,11.95899963,11.5369997
5/28/2018 16:00,11.5369997,11.5369997,11.60700035
5/28/2018 17:00,11.46700001,11.46700001,11.32600021
5/28/2018 18:00,11.25599957,11.25599957,11.46700001
5/28/2018 19:00,11.11499977,11.11499977,10.48200035
5/28/2018 20:00,10.76299953,10.76299953,10.13000011
5/28/2018 21:00,10.69299984,10.69299984,9.918999672
5/28/2018 22:00,10.76299953,10.76299953,9.848999977
5/28/2018 23:00,10.55200005,10.55200005,10.19999981
5/29/2018 0:00,10.62199974,10.62199974,10.06000042
5/29/2018 1:00,10.48200035,10.48200035,10.13000011
5/29/2018 2:00,10.48200035,10.48200035,10.13000011
5/29/2018 3:00,10.69299984,10.69299984,9.918999672
5/29/2018 4:00,10.83300018,10.83300018,9.708000183
5/29/2018 5:00,10.69299984,10.69299984,9.918999672
5/29/2018 6:00,10.76299953,10.76299953,10.19999981
5/29/2018 7:00,10.69299984,10.69299984,10.97399998
5/29/2018 8:00,11.67800045,11.67800045,10.48200035
5/29/2018 9:00,11.74800014,11.74800014,10.41100025
5/29/2018 10:00,11.81799984,11.81799984,10.27099991
5/29/2018 11:00,11.88899994,11.88899994,10.69299984
5/29/2018 12:00,12.02900028,12.02900028,10.55200005
5/29/2018 13:00,11.81799984,11.81799984,10.69299984
5/29/2018 14:00,12.38099957,12.38099957,11.32600021
5/29/2018 15:00,11.60700035,11.60700035,11.95899963
5/29/2018 16:00,11.32600021,11.32600021,11.5369997
5/29/2018 17:00,11.60700035,11.60700035,11.46700001
5/29/2018 18:00,10.90400028,10.90400028,11.25599957
5/29/2018 19:00,10.76299953,10.76299953,11.11499977
5/29/2018 20:00,10.3409996,10.3409996,10.76299953
5/29/2018 21:00,9.637999535,9.637999535,10.69299984
5/29/2018 22:00,10.41100025,10.41100025,10.76299953
5/29/2018 23:00,10.13000011,10.13000011,10.55200005
5/30/2018 0:00,9.918999672,9.918999672,10.62199974
5/30/2018 1:00,10.13000011,10.13000011,10.48200035
5/30/2018 2:00,9.777999878,9.777999878,10.48200035
5/30/2018 3:00,10.19999981,10.19999981,10.69299984
5/30/2018 4:00,9.777999878,9.777999878,10.83300018
5/30/2018 5:00,9.145000458,9.145000458,10.69299984
5/30/2018 6:00,9.98900032,9.98900032,10.76299953
5/30/2018 7:00,10.55200005,10.55200005,10.69299984
5/30/2018 8:00,10.90400028,10.90400028,11.67800045
5/30/2018 9:00,11.46700001,11.46700001,11.74800014
5/30/2018 10:00,11.5369997,11.5369997,11.81799984
5/30/2018 11:00,11.60700035,11.60700035,11.88899994
5/30/2018 12:00,11.67800045,11.67800045,12.02900028
5/30/2018 13:00,11.5369997,11.5369997,11.81799984
5/30/2018 14:00,11.67800045,11.67800045,12.38099957
5/30/2018 15:00,12.02900028,12.02900028,11.60700035
5/30/2018 16:00,11.32600021,11.32600021,11.32600021
5/30/2018 17:00,11.25599957,11.25599957,11.60700035
5/30/2018 18:00,10.55200005,10.55200005,10.90400028
5/30/2018 19:00,10.62199974,10.62199974,10.76299953
5/30/2018 20:00,10.97399998,10.97399998,10.3409996
5/30/2018 21:00,10.3409996,10.3409996,9.637999535
5/30/2018 22:00,10.13000011,10.13000011,10.41100025
5/30/2018 23:00,9.918999672,9.918999672,10.13000011
5/31/2018 0:00,10.41100025,10.41100025,9.918999672
5/31/2018 1:00,10.41100025,10.41100025,10.13000011
5/31/2018 2:00,10.41100025,10.41100025,9.777999878
5/31/2018 3:00,10.41100025,10.41100025,10.19999981
5/31/2018 4:00,10.41100025,10.41100025,9.777999878
5/31/2018 5:00,10.41100025,10.41100025,9.145000458
5/31/2018 6:00,10.41100025,10.41100025,9.98900032
5/31/2018 7:00,10.41100025,10.41100025,10.55200005
5/31/2018 8:00,10.41100025,10.41100025,10.90400028
5/31/2018 9:00,10.41100025,10.41100025,11.46700001
5/31/2018 10:00,10.41100025,10.41100025,11.5369997
5/31/2018 11:00,10.41100025,10.41100025,11.60700035
5/31/2018 12:00,10.41100025,10.41100025,11.67800045
5/31/2018 13:00,10.41100025,10.41100025,11.5369997
5/31/2018 14:00,10.41100025,10.41100025,11.67800045
5/31/2018 15:00,10.41100025,10.41100025,12.02900028
5/31/2018 16:00,10.41100025,10.41100025,11.32600021
5/31/2018 17:00,10.41100025,10.41100025,11.25599957
5/31/2018 18:00,10.41100025,10.41100025,10.55200005
5/31/2018 19:00,10.41100025,10.41100025,10.62199974
5/31/2018 20:00,10.41100025,10.41100025,10.97399998
5/31/2018 21:00,10.41100025,10.41100025,10.3409996
5/31/2018 22:00,10.41100025,10.41100025,10.13000011
5/31/2018 23:00,10.41100025,10.41100025,9.918999672
6/1/2018 0:00,8.512000084,8.512000084,10.41100025
6/1/2018 1:00,8.512000084,8.512000084,10.41100025
6/1/2018 2:00,8.230999947,8.230999947,10.41100025
6/1/2018 3:00,8.300999641,8.300999641,10.41100025
6/1/2018 4:00,8.37100029,8.37100029,10.41100025
6/1/2018 5:00,8.230999947,8.230999947,10.41100025
6/1/2018 6:00,8.581999779,8.581999779,10.41100025
6/1/2018 7:00,9.425999641,9.425999641,10.41100025
6/1/2018 8:00,10.83300018,10.83300018,10.41100025
6/1/2018 9:00,10.48200035,10.48200035,10.41100025
6/1/2018 10:00,9.777999878,9.777999878,10.41100025
6/1/2018 11:00,9.848999977,9.848999977,10.41100025
6/1/2018 12:00,9.918999672,9.918999672,10.41100025
6/1/2018 13:00,10.41100025,10.41100025,10.41100025
6/1/2018 14:00,10.90400028,10.90400028,10.41100025
6/1/2018 15:00,11.67800045,11.67800045,10.41100025
6/1/2018 16:00,12.02900028,12.02900028,10.41100025
6/1/2018 17:00,11.88899994,11.88899994,10.41100025
6/1/2018 18:00,11.32600021,11.32600021,10.41100025
6/1/2018 19:00,10.90400028,10.90400028,10.41100025
6/1/2018 20:00,10.83300018,10.83300018,10.41100025
6/1/2018 21:00,10.48200035,10.48200035,10.41100025
6/1/2018 22:00,10.41100025,10.41100025,10.41100025
6/1/2018 23:00,10.27099991,10.27099991,10.41100025
6/2/2018 0:00,9.98900032,9.98900032,8.512000084
6/2/2018 1:00,9.567000389,9.567000389,8.512000084
6/2/2018 2:00,9.215000153,9.215000153,8.230999947
6/2/2018 3:00,9.215000153,9.215000153,8.300999641
6/2/2018 4:00,8.512000084,8.512000084,8.37100029
6/2/2018 5:00,8.934000015,8.934000015,8.230999947
6/2/2018 6:00,8.934000015,8.934000015,8.581999779
6/2/2018 7:00,8.652999878,8.652999878,9.425999641
6/2/2018 8:00,8.722999573,8.722999573,10.83300018
6/2/2018 9:00,8.722999573,8.722999573,10.48200035
6/2/2018 10:00,9.215000153,9.215000153,9.777999878
6/2/2018 11:00,9.637999535,9.637999535,9.848999977
6/2/2018 12:00,10.48200035,10.48200035,9.918999672
6/2/2018 13:00,10.19999981,10.19999981,10.41100025
6/2/2018 14:00,10.3409996,10.3409996,10.90400028
6/2/2018 15:00,10.19999981,10.19999981,11.67800045
6/2/2018 16:00,11.11499977,11.11499977,12.02900028
6/2/2018 17:00,10.48200035,10.48200035,11.88899994
6/2/2018 18:00,10.06000042,10.06000042,11.32600021
6/2/2018 19:00,9.567000389,9.567000389,10.90400028
6/2/2018 20:00,9.425999641,9.425999641,10.83300018
6/2/2018 21:00,9.567000389,9.567000389,10.48200035
6/2/2018 22:00,9.848999977,9.848999977,10.41100025
6/2/2018 23:00,9.637999535,9.637999535,10.27099991
6/3/2018 0:00,9.286000252,9.286000252,9.98900032
6/3/2018 1:00,9.496999741,9.496999741,9.567000389
6/3/2018 2:00,9.496999741,9.496999741,9.215000153
6/3/2018 3:00,9.637999535,9.637999535,9.215000153
6/3/2018 4:00,9.567000389,9.567000389,8.512000084
6/3/2018 5:00,9.848999977,9.848999977,8.934000015
6/3/2018 6:00,9.567000389,9.567000389,8.934000015
6/3/2018 7:00,9.355999947,9.355999947,8.652999878
6/3/2018 8:00,9.425999641,9.425999641,8.722999573
6/3/2018 9:00,9.637999535,9.637999535,8.722999573
6/3/2018 10:00,9.918999672,9.918999672,9.215000153
6/3/2018 11:00,10.62199974,10.62199974,9.637999535
6/3/2018 12:00,10.69299984,10.69299984,10.48200035
6/3/2018 13:00,10.97399998,10.97399998,10.19999981
6/3/2018 14:00,12.23999977,12.23999977,10.3409996
6/3/2018 15:00,12.6619997,12.6619997,10.19999981
6/3/2018 16:00,13.43599987,13.43599987,11.11499977
6/3/2018 17:00,13.08500004,13.08500004,10.48200035
6/3/2018 18:00,11.67800045,11.67800045,10.06000042
6/3/2018 19:00,11.04399967,11.04399967,9.567000389
6/3/2018 20:00,10.55200005,10.55200005,9.425999641
6/3/2018 21:00,9.567000389,9.567000389,9.567000389
6/3/2018 22:00,9.425999641,9.425999641,9.848999977
6/3/2018 23:00,8.722999573,8.722999573,9.637999535
6/4/2018 0:00,8.442000389,8.442000389,9.286000252
6/4/2018 1:00,9.215000153,9.215000153,9.496999741
6/4/2018 2:00,9.425999641,9.425999641,9.496999741
6/4/2018 3:00,9.637999535,9.637999535,9.637999535
6/4/2018 4:00,9.708000183,9.708000183,9.567000389
6/4/2018 5:00,9.425999641,9.425999641,9.848999977
6/4/2018 6:00,9.567000389,9.567000389,9.567000389
6/4/2018 7:00,9.777999878,9.777999878,9.355999947
6/4/2018 8:00,10.76299953,10.76299953,9.425999641
6/4/2018 9:00,11.18500042,11.18500042,9.637999535
6/4/2018 10:00,11.18500042,11.18500042,9.918999672
6/4/2018 11:00,11.18500042,11.18500042,10.62199974
6/4/2018 12:00,11.81799984,11.81799984,10.69299984
6/4/2018 13:00,11.67800045,11.67800045,10.97399998
6/4/2018 14:00,12.23999977,12.23999977,12.23999977
6/4/2018 15:00,12.38099957,12.38099957,12.6619997
6/4/2018 16:00,11.60700035,11.60700035,13.43599987
6/4/2018 17:00,10.76299953,10.76299953,13.08500004
6/4/2018 18:00,10.06000042,10.06000042,11.67800045
6/4/2018 19:00,9.637999535,9.637999535,11.04399967
6/4/2018 20:00,9.708000183,9.708000183,10.55200005
6/4/2018 21:00,9.848999977,9.848999977,9.567000389
6/4/2018 22:00,10.27099991,10.27099991,9.425999641
6/4/2018 23:00,10.13000011,10.13000011,8.722999573
6/5/2018 0:00,9.918999672,9.918999672,8.442000389
6/5/2018 1:00,9.637999535,9.637999535,9.215000153
6/5/2018 2:00,9.425999641,9.425999641,9.425999641
6/5/2018 3:00,9.708000183,9.708000183,9.637999535
6/5/2018 4:00,9.918999672,9.918999672,9.708000183
6/5/2018 5:00,9.848999977,9.848999977,9.425999641
6/5/2018 6:00,9.848999977,9.848999977,9.567000389
6/5/2018 7:00,10.06000042,10.06000042,9.777999878
6/5/2018 8:00,9.918999672,9.918999672,10.76299953
6/5/2018 9:00,10.13000011,10.13000011,11.18500042
6/5/2018 10:00,9.848999977,9.848999977,11.18500042
6/5/2018 11:00,9.918999672,9.918999672,11.18500042
6/5/2018 12:00,9.777999878,9.777999878,11.81799984
6/5/2018 13:00,10.13000011,10.13000011,11.67800045
6/5/2018 14:00,10.76299953,10.76299953,12.23999977
6/5/2018 15:00,10.90400028,10.90400028,12.38099957
6/5/2018 16:00,10.97399998,10.97399998,11.60700035
6/5/2018 17:00,10.83300018,10.83300018,10.76299953
6/5/2018 18:00,10.27099991,10.27099991,10.06000042
6/5/2018 19:00,9.567000389,9.567000389,9.637999535
6/5/2018 20:00,9.286000252,9.286000252,9.708000183
6/5/2018 21:00,9.215000153,9.215000153,9.848999977
6/5/2018 22:00,8.934000015,8.934000015,10.27099991
6/5/2018 23:00,8.934000015,8.934000015,10.13000011
6/6/2018 0:00,8.581999779,8.581999779,9.918999672
6/6/2018 1:00,8.581999779,8.581999779,9.637999535
6/6/2018 2:00,8.581999779,8.581999779,9.425999641
6/6/2018 3:00,8.512000084,8.512000084,9.708000183
6/6/2018 4:00,8.37100029,8.37100029,9.918999672
6/6/2018 5:00,8.159999847,8.159999847,9.848999977
6/6/2018 6:00,8.512000084,8.512000084,9.848999977
6/6/2018 7:00,9.496999741,9.496999741,10.06000042
6/6/2018 8:00,10.19999981,10.19999981,9.918999672
6/6/2018 9:00,10.27099991,10.27099991,10.13000011
6/6/2018 10:00,9.98900032,9.98900032,9.848999977
6/6/2018 11:00,10.13000011,10.13000011,9.918999672
6/6/2018 12:00,10.06000042,10.06000042,9.777999878
6/6/2018 13:00,10.55200005,10.55200005,10.13000011
6/6/2018 14:00,12.02900028,12.02900028,10.76299953
6/6/2018 15:00,13.15499973,13.15499973,10.90400028
6/6/2018 16:00,13.29599953,13.29599953,10.97399998
6/6/2018 17:00,12.94400024,12.94400024,10.83300018
6/6/2018 18:00,13.22500038,13.22500038,10.27099991
6/6/2018 19:00,11.39599991,11.39599991,9.567000389
6/6/2018 20:00,10.90400028,10.90400028,9.286000252
6/6/2018 21:00,11.04399967,11.04399967,9.215000153
6/6/2018 22:00,10.55200005,10.55200005,8.934000015
6/6/2018 23:00,10.27099991,10.27099991,8.934000015
6/7/2018 0:00,9.777999878,9.777999878,8.581999779
6/7/2018 1:00,10.13000011,10.13000011,8.581999779
6/7/2018 2:00,10.13000011,10.13000011,8.581999779
6/7/2018 3:00,9.848999977,9.848999977,8.512000084
6/7/2018 4:00,9.98900032,9.98900032,8.37100029
6/7/2018 5:00,9.918999672,9.918999672,8.159999847
6/7/2018 6:00,10.13000011,10.13000011,8.512000084
6/7/2018 7:00,10.48200035,10.48200035,9.496999741
6/7/2018 8:00,10.69299984,10.69299984,10.19999981
6/7/2018 9:00,10.83300018,10.83300018,10.27099991
6/7/2018 10:00,11.11499977,11.11499977,9.98900032
6/7/2018 11:00,11.5369997,11.5369997,10.13000011
6/7/2018 12:00,11.95899963,11.95899963,10.06000042
6/7/2018 13:00,12.02900028,12.02900028,10.55200005
6/7/2018 14:00,12.80300045,12.80300045,12.02900028
6/7/2018 15:00,12.7329998,12.7329998,13.15499973
6/7/2018 16:00,12.6619997,12.6619997,13.29599953
6/7/2018 17:00,12.6619997,12.6619997,12.94400024
6/7/2018 18:00,12.02900028,12.02900028,13.22500038
6/7/2018 19:00,11.67800045,11.67800045,11.39599991
6/7/2018 20:00,11.39599991,11.39599991,10.90400028
6/7/2018 21:00,10.83300018,10.83300018,11.04399967
6/7/2018 22:00,10.83300018,10.83300018,10.55200005
6/7/2018 23:00,10.3409996,10.3409996,10.27099991
6/8/2018 0:00,10.48200035,10.48200035,9.777999878
6/8/2018 1:00,10.41100025,10.41100025,10.13000011
6/8/2018 2:00,10.13000011,10.13000011,10.13000011
6/8/2018 3:00,10.06000042,10.06000042,9.848999977
6/8/2018 4:00,9.98900032,9.98900032,9.98900032
6/8/2018 5:00,9.708000183,9.708000183,9.918999672
6/8/2018 6:00,9.425999641,9.425999641,10.13000011
6/8/2018 7:00,9.777999878,9.777999878,10.48200035
6/8/2018 8:00,10.13000011,10.13000011,10.69299984
6/8/2018 9:00,10.19999981,10.19999981,10.83300018
6/8/2018 10:00,10.06000042,10.06000042,11.11499977
6/8/2018 11:00,10.3409996,10.3409996,11.5369997
6/8/2018 12:00,10.13000011,10.13000011,11.95899963
6/8/2018 13:00,9.918999672,9.918999672,12.02900028
6/8/2018 14:00,10.19999981,10.19999981,12.80300045
6/8/2018 15:00,10.3409996,10.3409996,12.7329998
6/8/2018 16:00,10.13000011,10.13000011,12.6619997
6/8/2018 17:00,9.918999672,9.918999672,12.6619997
6/8/2018 18:00,8.934000015,8.934000015,12.02900028
6/8/2018 19:00,9.00399971,9.00399971,11.67800045
6/8/2018 20:00,9.355999947,9.355999947,11.39599991
6/8/2018 21:00,8.86400032,8.86400032,10.83300018
6/8/2018 22:00,9.074999809,9.074999809,10.83300018
6/8/2018 23:00,8.722999573,8.722999573,10.3409996
6/9/2018 0:00,8.86400032,8.86400032,10.48200035
6/9/2018 1:00,8.86400032,8.86400032,10.41100025
6/9/2018 2:00,8.300999641,8.300999641,10.13000011
6/9/2018 3:00,8.020000458,8.020000458,10.06000042
6/9/2018 4:00,8.020000458,8.020000458,9.98900032
6/9/2018 5:00,8.159999847,8.159999847,9.708000183
6/9/2018 6:00,8.159999847,8.159999847,9.425999641
6/9/2018 7:00,8.159999847,8.159999847,9.777999878
6/9/2018 8:00,8.512000084,8.512000084,10.13000011
6/9/2018 9:00,8.442000389,8.442000389,10.19999981
6/9/2018 10:00,6.823999882,6.823999882,10.06000042
6/9/2018 11:00,3.025000095,3.025000095,10.3409996
6/9/2018 12:00,4.150000095,4.150000095,10.13000011
6/9/2018 13:00,3.938999891,3.938999891,9.918999672
6/9/2018 14:00,4.78399992,4.78399992,10.19999981
6/9/2018 15:00,5.768000126,5.768000126,10.3409996
6/9/2018 16:00,6.683000088,6.683000088,10.13000011
6/9/2018 17:00,6.894000053,6.894000053,9.918999672
6/9/2018 18:00,7.034999847,7.034999847,8.934000015
6/9/2018 19:00,6.40199995,6.40199995,9.00399971
6/9/2018 20:00,6.330999851,6.330999851,9.355999947
6/9/2018 21:00,6.050000191,6.050000191,8.86400032
6/9/2018 22:00,6.894000053,6.894000053,9.074999809
6/9/2018 23:00,7.245999813,7.245999813,8.722999573
6/10/2018 0:00,6.261000156,6.261000156,8.86400032
6/10/2018 1:00,6.823999882,6.823999882,8.86400032
6/10/2018 2:00,7.315999985,7.315999985,8.300999641
6/10/2018 3:00,7.668000221,7.668000221,8.020000458
6/10/2018 4:00,7.737999916,7.737999916,8.020000458
6/10/2018 5:00,7.456999779,7.456999779,8.159999847
6/10/2018 6:00,7.668000221,7.668000221,8.159999847
6/10/2018 7:00,8.020000458,8.020000458,8.159999847
6/10/2018 8:00,8.300999641,8.300999641,8.512000084
6/10/2018 9:00,8.159999847,8.159999847,8.442000389
6/10/2018 10:00,8.090000153,8.090000153,6.823999882
6/10/2018 11:00,8.090000153,8.090000153,3.025000095
6/10/2018 12:00,8.37100029,8.37100029,4.150000095
6/10/2018 13:00,8.934000015,8.934000015,3.938999891
6/10/2018 14:00,9.425999641,9.425999641,4.78399992
6/10/2018 15:00,9.567000389,9.567000389,5.768000126
6/10/2018 16:00,9.98900032,9.98900032,6.683000088
6/10/2018 17:00,9.286000252,9.286000252,6.894000053
6/10/2018 18:00,9.286000252,9.286000252,7.034999847
6/10/2018 19:00,9.145000458,9.145000458,6.40199995
6/10/2018 20:00,8.442000389,8.442000389,6.330999851
6/10/2018 21:00,8.722999573,8.722999573,6.050000191
6/10/2018 22:00,8.442000389,8.442000389,6.894000053
6/10/2018 23:00,8.230999947,8.230999947,7.245999813
6/11/2018 0:00,8.300999641,8.300999641,6.261000156
6/11/2018 1:00,7.879000187,7.879000187,6.823999882
6/11/2018 2:00,7.809000015,7.809000015,7.315999985
6/11/2018 3:00,7.809000015,7.809000015,7.668000221
6/11/2018 4:00,7.948999882,7.948999882,7.737999916
6/11/2018 5:00,7.948999882,7.948999882,7.456999779
6/11/2018 6:00,8.159999847,8.159999847,7.668000221
6/11/2018 7:00,8.512000084,8.512000084,8.020000458
6/11/2018 8:00,9.074999809,9.074999809,8.300999641
6/11/2018 9:00,9.074999809,9.074999809,8.159999847
6/11/2018 10:00,9.00399971,9.00399971,8.090000153
6/11/2018 11:00,9.074999809,9.074999809,8.090000153
6/11/2018 12:00,9.567000389,9.567000389,8.37100029
6/11/2018 13:00,10.19999981,10.19999981,8.934000015
6/11/2018 14:00,11.04399967,11.04399967,9.425999641
6/11/2018 15:00,12.02900028,12.02900028,9.567000389
6/11/2018 16:00,12.17000008,12.17000008,9.98900032
6/11/2018 17:00,12.31099987,12.31099987,9.286000252
6/11/2018 18:00,10.55200005,10.55200005,9.286000252
6/11/2018 19:00,10.90400028,10.90400028,9.145000458
6/11/2018 20:00,10.27099991,10.27099991,8.442000389
6/11/2018 21:00,10.27099991,10.27099991,8.722999573
6/11/2018 22:00,9.777999878,9.777999878,8.442000389
6/11/2018 23:00,9.848999977,9.848999977,8.230999947
6/12/2018 0:00,10.06000042,10.06000042,8.300999641
6/12/2018 1:00,9.777999878,9.777999878,7.879000187
6/12/2018 2:00,9.496999741,9.496999741,7.809000015
6/12/2018 3:00,9.848999977,9.848999977,7.809000015
6/12/2018 4:00,9.708000183,9.708000183,7.948999882
6/12/2018 5:00,9.496999741,9.496999741,7.948999882
6/12/2018 6:00,9.567000389,9.567000389,8.159999847
6/12/2018 7:00,10.3409996,10.3409996,8.512000084
6/12/2018 8:00,10.41100025,10.41100025,9.074999809
6/12/2018 9:00,10.62199974,10.62199974,9.074999809
6/12/2018 10:00,10.27099991,10.27099991,9.00399971
6/12/2018 11:00,10.3409996,10.3409996,9.074999809
6/12/2018 12:00,10.83300018,10.83300018,9.567000389
6/12/2018 13:00,11.5369997,11.5369997,10.19999981
6/12/2018 14:00,12.10000038,12.10000038,11.04399967
6/12/2018 15:00,13.57699966,13.57699966,12.02900028
6/12/2018 16:00,14.27999973,14.27999973,12.17000008
6/12/2018 17:00,13.50699997,13.50699997,12.31099987
6/12/2018 18:00,13.9289999,13.9289999,10.55200005
6/12/2018 19:00,12.02900028,12.02900028,10.90400028
6/12/2018 20:00,11.67800045,11.67800045,10.27099991
6/12/2018 21:00,11.04399967,11.04399967,10.27099991
6/12/2018 22:00,10.90400028,10.90400028,9.777999878
6/12/2018 23:00,11.18500042,11.18500042,9.848999977
6/13/2018 0:00,11.18500042,11.18500042,10.06000042
6/13/2018 1:00,10.76299953,10.76299953,9.777999878
6/13/2018 2:00,10.90400028,10.90400028,9.496999741
6/13/2018 3:00,10.83300018,10.83300018,9.848999977
6/13/2018 4:00,10.83300018,10.83300018,9.708000183
6/13/2018 5:00,10.62199974,10.62199974,9.496999741
6/13/2018 6:00,10.97399998,10.97399998,9.567000389
6/13/2018 7:00,11.46700001,11.46700001,10.3409996
6/13/2018 8:00,11.81799984,11.81799984,10.41100025
6/13/2018 9:00,11.18500042,11.18500042,10.62199974
6/13/2018 10:00,11.18500042,11.18500042,10.27099991
6/13/2018 11:00,11.5369997,11.5369997,10.3409996
6/13/2018 12:00,11.32600021,11.32600021,10.83300018
6/13/2018 13:00,12.31099987,12.31099987,11.5369997
6/13/2018 14:00,13.29599953,13.29599953,12.10000038
6/13/2018 15:00,14.14000034,14.14000034,13.57699966
6/13/2018 16:00,14.35099983,14.35099983,14.27999973
6/13/2018 17:00,13.64700031,13.64700031,13.50699997
6/13/2018 18:00,12.59200001,12.59200001,13.9289999
6/13/2018 19:00,11.67800045,11.67800045,12.02900028
6/13/2018 20:00,10.90400028,10.90400028,11.67800045
6/13/2018 21:00,10.69299984,10.69299984,11.04399967
6/13/2018 22:00,10.55200005,10.55200005,10.90400028
6/13/2018 23:00,10.55200005,10.55200005,11.18500042
6/14/2018 0:00,10.90400028,10.90400028,11.18500042
6/14/2018 1:00,10.90400028,10.90400028,10.76299953
6/14/2018 2:00,10.69299984,10.69299984,10.90400028
6/14/2018 3:00,10.97399998,10.97399998,10.83300018
6/14/2018 4:00,11.11499977,11.11499977,10.83300018
6/14/2018 5:00,10.83300018,10.83300018,10.62199974
6/14/2018 6:00,10.97399998,10.97399998,10.97399998
6/14/2018 7:00,10.90400028,10.90400028,11.46700001
6/14/2018 8:00,11.11499977,11.11499977,11.81799984
6/14/2018 9:00,11.11499977,11.11499977,11.18500042
6/14/2018 10:00,11.18500042,11.18500042,11.18500042
6/14/2018 11:00,11.25599957,11.25599957,11.5369997
6/14/2018 12:00,11.18500042,11.18500042,11.32600021
6/14/2018 13:00,11.81799984,11.81799984,12.31099987
6/14/2018 14:00,13.29599953,13.29599953,13.29599953
6/14/2018 15:00,13.57699966,13.57699966,14.14000034
6/14/2018 16:00,13.22500038,13.22500038,14.35099983
6/14/2018 17:00,13.08500004,13.08500004,13.64700031
6/14/2018 18:00,11.46700001,11.46700001,12.59200001
6/14/2018 19:00,11.32600021,11.32600021,11.67800045
6/14/2018 20:00,11.32600021,11.32600021,10.90400028
6/14/2018 21:00,11.18500042,11.18500042,10.69299984
6/14/2018 22:00,11.32600021,11.32600021,10.55200005
6/14/2018 23:00,10.62199974,10.62199974,10.55200005
6/15/2018 0:00,10.19999981,10.19999981,10.90400028
6/15/2018 1:00,10.19999981,10.19999981,10.90400028
6/15/2018 2:00,9.848999977,9.848999977,10.69299984
6/15/2018 3:00,10.13000011,10.13000011,10.97399998
6/15/2018 4:00,10.97399998,10.97399998,11.11499977
6/15/2018 5:00,10.19999981,10.19999981,10.83300018
6/15/2018 6:00,10.83300018,10.83300018,10.97399998
6/15/2018 7:00,11.11499977,11.11499977,10.90400028
6/15/2018 8:00,11.5369997,11.5369997,11.11499977
6/15/2018 9:00,10.55200005,10.55200005,11.11499977
6/15/2018 10:00,10.48200035,10.48200035,11.18500042
6/15/2018 11:00,10.3409996,10.3409996,11.25599957
6/15/2018 12:00,10.90400028,10.90400028,11.18500042
6/15/2018 13:00,11.11499977,11.11499977,11.81799984
6/15/2018 14:00,11.25599957,11.25599957,13.29599953
6/15/2018 15:00,11.81799984,11.81799984,13.57699966
6/15/2018 16:00,12.38099957,12.38099957,13.22500038
6/15/2018 17:00,11.95899963,11.95899963,13.08500004
6/15/2018 18:00,11.74800014,11.74800014,11.46700001
6/15/2018 19:00,10.48200035,10.48200035,11.32600021
6/15/2018 20:00,9.848999977,9.848999977,11.32600021
6/15/2018 21:00,9.425999641,9.425999641,11.18500042
6/15/2018 22:00,9.496999741,9.496999741,11.32600021
6/15/2018 23:00,9.425999641,9.425999641,10.62199974
6/16/2018 0:00,9.215000153,9.215000153,10.19999981
6/16/2018 1:00,9.286000252,9.286000252,10.19999981
6/16/2018 2:00,9.00399971,9.00399971,9.848999977
6/16/2018 3:00,8.86400032,8.86400032,10.13000011
6/16/2018 4:00,8.512000084,8.512000084,10.97399998
6/16/2018 5:00,8.512000084,8.512000084,10.19999981
6/16/2018 6:00,8.581999779,8.581999779,10.83300018
6/16/2018 7:00,8.793000221,8.793000221,11.11499977
6/16/2018 8:00,9.425999641,9.425999641,11.5369997
6/16/2018 9:00,8.722999573,8.722999573,10.55200005
6/16/2018 10:00,9.145000458,9.145000458,10.48200035
6/16/2018 11:00,9.00399971,9.00399971,10.3409996
6/16/2018 12:00,9.215000153,9.215000153,10.90400028
6/16/2018 13:00,9.425999641,9.425999641,11.11499977
6/16/2018 14:00,10.13000011,10.13000011,11.25599957
6/16/2018 15:00,10.76299953,10.76299953,11.81799984
6/16/2018 16:00,10.55200005,10.55200005,12.38099957
6/16/2018 17:00,9.918999672,9.918999672,11.95899963
6/16/2018 18:00,9.355999947,9.355999947,11.74800014
6/16/2018 19:00,9.215000153,9.215000153,10.48200035
6/16/2018 20:00,9.215000153,9.215000153,9.848999977
6/16/2018 21:00,8.442000389,8.442000389,9.425999641
6/16/2018 22:00,8.512000084,8.512000084,9.496999741
6/16/2018 23:00,8.300999641,8.300999641,9.425999641
6/17/2018 0:00,8.159999847,8.159999847,9.215000153
6/17/2018 1:00,8.512000084,8.512000084,9.286000252
6/17/2018 2:00,8.020000458,8.020000458,9.00399971
6/17/2018 3:00,8.020000458,8.020000458,8.86400032
6/17/2018 4:00,8.020000458,8.020000458,8.512000084
6/17/2018 5:00,7.948999882,7.948999882,8.512000084
6/17/2018 6:00,7.668000221,7.668000221,8.581999779
6/17/2018 7:00,7.948999882,7.948999882,8.793000221
6/17/2018 8:00,8.230999947,8.230999947,9.425999641
6/17/2018 9:00,8.37100029,8.37100029,8.722999573
6/17/2018 10:00,8.442000389,8.442000389,9.145000458
6/17/2018 11:00,8.652999878,8.652999878,9.00399971
6/17/2018 12:00,9.286000252,9.286000252,9.215000153
6/17/2018 13:00,10.27099991,10.27099991,9.425999641
6/17/2018 14:00,11.32600021,11.32600021,10.13000011
6/17/2018 15:00,12.45100021,12.45100021,10.76299953
6/17/2018 16:00,12.38099957,12.38099957,10.55200005
6/17/2018 17:00,11.5369997,11.5369997,9.918999672
6/17/2018 18:00,11.32600021,11.32600021,9.355999947
6/17/2018 19:00,10.83300018,10.83300018,9.215000153
6/17/2018 20:00,10.27099991,10.27099991,9.215000153
6/17/2018 21:00,10.19999981,10.19999981,8.442000389
6/17/2018 22:00,9.637999535,9.637999535,8.512000084
6/17/2018 23:00,9.567000389,9.567000389,8.300999641
6/18/2018 0:00,9.286000252,9.286000252,8.159999847
6/18/2018 1:00,9.215000153,9.215000153,8.512000084
6/18/2018 2:00,9.215000153,9.215000153,8.020000458
6/18/2018 3:00,8.86400032,8.86400032,8.020000458
6/18/2018 4:00,9.074999809,9.074999809,8.020000458
6/18/2018 5:00,9.00399971,9.00399971,7.948999882
6/18/2018 6:00,9.215000153,9.215000153,7.668000221
6/18/2018 7:00,9.286000252,9.286000252,7.948999882
6/18/2018 8:00,9.145000458,9.145000458,8.230999947
6/18/2018 9:00,9.777999878,9.777999878,8.37100029
6/18/2018 10:00,9.98900032,9.98900032,8.442000389
6/18/2018 11:00,10.06000042,10.06000042,8.652999878
6/18/2018 12:00,10.83300018,10.83300018,9.286000252
6/18/2018 13:00,11.18500042,11.18500042,10.27099991
6/18/2018 14:00,11.95899963,11.95899963,11.32600021
6/18/2018 15:00,13.08500004,13.08500004,12.45100021
6/18/2018 16:00,11.95899963,11.95899963,12.38099957
6/18/2018 17:00,12.02900028,12.02900028,11.5369997
6/18/2018 18:00,12.02900028,12.02900028,11.32600021
6/18/2018 19:00,11.81799984,11.81799984,10.83300018
6/18/2018 20:00,10.62199974,10.62199974,10.27099991
6/18/2018 21:00,10.19999981,10.19999981,10.19999981
6/18/2018 22:00,10.13000011,10.13000011,9.637999535
6/18/2018 23:00,10.27099991,10.27099991,9.567000389
6/19/2018 0:00,9.777999878,9.777999878,9.286000252
6/19/2018 1:00,9.215000153,9.215000153,9.215000153
6/19/2018 2:00,9.215000153,9.215000153,9.215000153
6/19/2018 3:00,9.074999809,9.074999809,8.86400032
6/19/2018 4:00,9.00399971,9.00399971,9.074999809
6/19/2018 5:00,9.145000458,9.145000458,9.00399971
6/19/2018 6:00,9.637999535,9.637999535,9.215000153
6/19/2018 7:00,9.496999741,9.496999741,9.286000252
6/19/2018 8:00,9.074999809,9.074999809,9.145000458
6/19/2018 9:00,9.355999947,9.355999947,9.777999878
6/19/2018 10:00,9.777999878,9.777999878,9.98900032
6/19/2018 11:00,9.848999977,9.848999977,10.06000042
6/19/2018 12:00,10.13000011,10.13000011,10.83300018
6/19/2018 13:00,9.777999878,9.777999878,11.18500042
6/19/2018 14:00,5.55700016,5.55700016,11.95899963
6/19/2018 15:00,5.627999783,5.627999783,13.08500004
6/19/2018 16:00,4.643000126,4.643000126,11.95899963
6/19/2018 17:00,5.276000023,5.276000023,12.02900028
6/19/2018 18:00,6.683000088,6.683000088,12.02900028
6/19/2018 19:00,6.752999783,6.752999783,11.81799984
6/19/2018 20:00,7.105000019,7.105000019,10.62199974
6/19/2018 21:00,4.572999954,4.572999954,10.19999981
6/19/2018 22:00,5.135000229,5.135000229,10.13000011
6/19/2018 23:00,5.90899992,5.90899992,10.27099991
6/20/2018 0:00,6.541999817,6.541999817,9.777999878
6/20/2018 1:00,7.315999985,7.315999985,9.215000153
6/20/2018 2:00,6.964000225,6.964000225,9.215000153
6/20/2018 3:00,7.105000019,7.105000019,9.074999809
6/20/2018 4:00,7.105000019,7.105000019,9.00399971
6/20/2018 5:00,7.105000019,7.105000019,9.145000458
6/20/2018 6:00,7.315999985,7.315999985,9.637999535
6/20/2018 7:00,7.456999779,7.456999779,9.496999741
6/20/2018 8:00,7.105000019,7.105000019,9.074999809
6/20/2018 9:00,7.456999779,7.456999779,9.355999947
6/20/2018 10:00,8.090000153,8.090000153,9.777999878
6/20/2018 11:00,8.090000153,8.090000153,9.848999977
6/20/2018 12:00,8.512000084,8.512000084,10.13000011
6/20/2018 13:00,8.37100029,8.37100029,9.777999878
6/20/2018 14:00,8.934000015,8.934000015,5.55700016
6/20/2018 15:00,8.722999573,8.722999573,5.627999783
6/20/2018 16:00,8.86400032,8.86400032,4.643000126
6/20/2018 17:00,9.286000252,9.286000252,5.276000023
6/20/2018 18:00,9.145000458,9.145000458,6.683000088
6/20/2018 19:00,9.286000252,9.286000252,6.752999783
6/20/2018 20:00,9.215000153,9.215000153,7.105000019
6/20/2018 21:00,8.652999878,8.652999878,4.572999954
6/20/2018 22:00,8.722999573,8.722999573,5.135000229
6/20/2018 23:00,9.00399971,9.00399971,5.90899992
6/21/2018 0:00,9.00399971,9.00399971,6.541999817
6/21/2018 1:00,8.934000015,8.934000015,7.315999985
6/21/2018 2:00,8.581999779,8.581999779,6.964000225
6/21/2018 3:00,8.37100029,8.37100029,7.105000019
6/21/2018 4:00,8.512000084,8.512000084,7.105000019
6/21/2018 5:00,8.512000084,8.512000084,7.105000019
6/21/2018 6:00,8.86400032,8.86400032,7.315999985
6/21/2018 7:00,8.300999641,8.300999641,7.456999779
6/21/2018 8:00,8.86400032,8.86400032,7.105000019
6/21/2018 9:00,8.512000084,8.512000084,7.456999779
6/21/2018 10:00,8.37100029,8.37100029,8.090000153
6/21/2018 11:00,8.512000084,8.512000084,8.090000153
6/21/2018 12:00,8.442000389,8.442000389,8.512000084
6/21/2018 13:00,8.86400032,8.86400032,8.37100029
6/21/2018 14:00,9.567000389,9.567000389,8.934000015
6/21/2018 15:00,9.918999672,9.918999672,8.722999573
6/21/2018 16:00,10.06000042,10.06000042,8.86400032
6/21/2018 17:00,9.848999977,9.848999977,9.286000252
6/21/2018 18:00,9.637999535,9.637999535,9.145000458
6/21/2018 19:00,9.00399971,9.00399971,9.286000252
6/21/2018 20:00,8.652999878,8.652999878,9.215000153
6/21/2018 21:00,8.37100029,8.37100029,8.652999878
6/21/2018 22:00,8.159999847,8.159999847,8.722999573
6/21/2018 23:00,8.090000153,8.090000153,9.00399971
6/22/2018 0:00,8.230999947,8.230999947,9.00399971
6/22/2018 1:00,8.37100029,8.37100029,8.934000015
6/22/2018 2:00,8.159999847,8.159999847,8.581999779
6/22/2018 3:00,8.020000458,8.020000458,8.37100029
6/22/2018 4:00,7.809000015,7.809000015,8.512000084
6/22/2018 5:00,7.668000221,7.668000221,8.512000084
6/22/2018 6:00,5.627999783,5.627999783,8.86400032
6/22/2018 7:00,7.034999847,7.034999847,8.300999641
6/22/2018 8:00,4.854000092,4.854000092,8.86400032
6/22/2018 9:00,6.683000088,6.683000088,8.512000084
6/22/2018 10:00,6.40199995,6.40199995,8.37100029
6/22/2018 11:00,6.752999783,6.752999783,8.512000084
6/22/2018 12:00,3.657999992,3.657999992,8.442000389
6/22/2018 13:00,3.657999992,3.657999992,8.86400032
6/22/2018 14:00,4.150000095,4.150000095,9.567000389
6/22/2018 15:00,4.643000126,4.643000126,9.918999672
6/22/2018 16:00,5.979000092,5.979000092,10.06000042
6/22/2018 17:00,4.361999989,4.361999989,9.848999977
6/22/2018 18:00,4.643000126,4.643000126,9.637999535
6/22/2018 19:00,5.839000225,5.839000225,9.00399971
6/22/2018 20:00,5.90899992,5.90899992,8.652999878
6/22/2018 21:00,5.979000092,5.979000092,8.37100029
6/22/2018 22:00,5.839000225,5.839000225,8.159999847
6/22/2018 23:00,5.839000225,5.839000225,8.090000153
6/23/2018 0:00,5.346000195,5.346000195,8.230999947
6/23/2018 1:00,5.416999817,5.416999817,8.37100029
6/23/2018 2:00,5.416999817,5.416999817,8.159999847
6/23/2018 3:00,5.768000126,5.768000126,8.020000458
6/23/2018 4:00,5.90899992,5.90899992,7.809000015
6/23/2018 5:00,6.261000156,6.261000156,7.668000221
6/23/2018 6:00,6.683000088,6.683000088,5.627999783
6/23/2018 7:00,6.472000122,6.472000122,7.034999847
6/23/2018 8:00,6.40199995,6.40199995,4.854000092
6/23/2018 9:00,6.964000225,6.964000225,6.683000088
6/23/2018 10:00,7.52699995,7.52699995,6.40199995
6/23/2018 11:00,7.737999916,7.737999916,6.752999783
6/23/2018 12:00,7.809000015,7.809000015,3.657999992
6/23/2018 13:00,7.668000221,7.668000221,3.657999992
6/23/2018 14:00,8.159999847,8.159999847,4.150000095
6/23/2018 15:00,7.809000015,7.809000015,4.643000126
6/23/2018 16:00,8.159999847,8.159999847,5.979000092
6/23/2018 17:00,7.809000015,7.809000015,4.361999989
6/23/2018 18:00,8.300999641,8.300999641,4.643000126
6/23/2018 19:00,8.020000458,8.020000458,5.839000225
6/23/2018 20:00,7.668000221,7.668000221,5.90899992
6/23/2018 21:00,7.386000156,7.386000156,5.979000092
6/23/2018 22:00,7.315999985,7.315999985,5.839000225
6/23/2018 23:00,7.175000191,7.175000191,5.839000225
6/24/2018 0:00,6.894000053,6.894000053,5.346000195
6/24/2018 1:00,6.612999916,6.612999916,5.416999817
6/24/2018 2:00,6.40199995,6.40199995,5.416999817
6/24/2018 3:00,6.541999817,6.541999817,5.768000126
6/24/2018 4:00,6.964000225,6.964000225,5.90899992
6/24/2018 5:00,6.894000053,6.894000053,6.261000156
6/24/2018 6:00,7.456999779,7.456999779,6.683000088
6/24/2018 7:00,7.456999779,7.456999779,6.472000122
6/24/2018 8:00,8.442000389,8.442000389,6.40199995
6/24/2018 9:00,7.948999882,7.948999882,6.964000225
6/24/2018 10:00,8.512000084,8.512000084,7.52699995
6/24/2018 11:00,9.00399971,9.00399971,7.737999916
6/24/2018 12:00,9.286000252,9.286000252,7.809000015
6/24/2018 13:00,9.215000153,9.215000153,7.668000221
6/24/2018 14:00,9.286000252,9.286000252,8.159999847
6/24/2018 15:00,9.355999947,9.355999947,7.809000015
6/24/2018 16:00,9.496999741,9.496999741,8.159999847
6/24/2018 17:00,9.215000153,9.215000153,7.809000015
6/24/2018 18:00,9.145000458,9.145000458,8.300999641
6/24/2018 19:00,9.074999809,9.074999809,8.020000458
6/24/2018 20:00,8.86400032,8.86400032,7.668000221
6/24/2018 21:00,8.37100029,8.37100029,7.386000156
6/24/2018 22:00,8.37100029,8.37100029,7.315999985
6/24/2018 23:00,8.512000084,8.512000084,7.175000191
6/25/2018 0:00,8.722999573,8.722999573,6.894000053
6/25/2018 1:00,9.00399971,9.00399971,6.612999916
6/25/2018 2:00,9.567000389,9.567000389,6.40199995
6/25/2018 3:00,9.567000389,9.567000389,6.541999817
6/25/2018 4:00,8.512000084,8.512000084,6.964000225
6/25/2018 5:00,8.652999878,8.652999878,6.894000053
6/25/2018 6:00,8.934000015,8.934000015,7.456999779
6/25/2018 7:00,9.567000389,9.567000389,7.456999779
6/25/2018 8:00,10.97399998,10.97399998,8.442000389
6/25/2018 9:00,11.46700001,11.46700001,7.948999882
6/25/2018 10:00,11.18500042,11.18500042,8.512000084
6/25/2018 11:00,10.69299984,10.69299984,9.00399971
6/25/2018 12:00,10.27099991,10.27099991,9.286000252
6/25/2018 13:00,10.62199974,10.62199974,9.215000153
6/25/2018 14:00,11.25599957,11.25599957,9.286000252
6/25/2018 15:00,11.60700035,11.60700035,9.355999947
6/25/2018 16:00,12.38099957,12.38099957,9.496999741
6/25/2018 17:00,11.46700001,11.46700001,9.215000153
6/25/2018 18:00,11.18500042,11.18500042,9.145000458
6/25/2018 19:00,10.55200005,10.55200005,9.074999809
6/25/2018 20:00,9.98900032,9.98900032,8.86400032
6/25/2018 21:00,9.98900032,9.98900032,8.37100029
6/25/2018 22:00,9.567000389,9.567000389,8.37100029
6/25/2018 23:00,9.425999641,9.425999641,8.512000084
6/26/2018 0:00,9.708000183,9.708000183,8.722999573
6/26/2018 1:00,9.637999535,9.637999535,9.00399971
6/26/2018 2:00,9.777999878,9.777999878,9.567000389
6/26/2018 3:00,9.567000389,9.567000389,9.567000389
6/26/2018 4:00,9.425999641,9.425999641,8.512000084
6/26/2018 5:00,9.286000252,9.286000252,8.652999878
6/26/2018 6:00,9.286000252,9.286000252,8.934000015
6/26/2018 7:00,9.637999535,9.637999535,9.567000389
6/26/2018 8:00,9.425999641,9.425999641,10.97399998
6/26/2018 9:00,9.074999809,9.074999809,11.46700001
6/26/2018 10:00,8.934000015,8.934000015,11.18500042
6/26/2018 11:00,9.215000153,9.215000153,10.69299984
6/26/2018 12:00,9.215000153,9.215000153,10.27099991
6/26/2018 13:00,9.425999641,9.425999641,10.62199974
6/26/2018 14:00,10.19999981,10.19999981,11.25599957
6/26/2018 15:00,10.90400028,10.90400028,11.60700035
6/26/2018 16:00,11.04399967,11.04399967,12.38099957
6/26/2018 17:00,10.27099991,10.27099991,11.46700001
6/26/2018 18:00,9.777999878,9.777999878,11.18500042
6/26/2018 19:00,9.567000389,9.567000389,10.55200005
