date,OT,actual,forecast
2/1/2018 16:00,3.799000025,3.799000025,3.939059611128547
2/1/2018 17:00,3.588000059,3.588000059,3.911447003082268
2/1/2018 18:00,3.799000025,3.799000025,3.8987656257794434
2/1/2018 19:00,3.588000059,3.588000059,3.766604743444088
2/1/2018 20:00,3.305999994,3.305999994,3.674115005674837
2/1/2018 21:00,3.657999992,3.657999992,3.620205381848411
2/1/2018 22:00,4.290999889,4.290999889,3.5980246233518223
2/1/2018 23:00,3.938999891,3.938999891,3.61911858823726
2/2/2018 0:00,3.799000025,3.799000025,3.603572990735067
2/2/2018 1:00,4.361999989,4.361999989,3.5038570287793918
2/2/2018 2:00,4.643000126,4.643000126,3.147816662546953
2/2/2018 3:00,4.221000195,4.221000195,3.653790058490858
2/2/2018 4:00,4.079999924,4.079999924,3.392688423038372
2/2/2018 5:00,3.868999958,3.868999958,3.4286691300399053
2/2/2018 6:00,3.938999891,3.938999891,3.40901998629054
2/2/2018 7:00,3.727999926,3.727999926,3.328057040018896
2/2/2018 8:00,3.868999958,3.868999958,3.320311781846639
2/2/2018 9:00,4.43200016,4.43200016,3.2186404387933187
2/2/2018 10:00,3.377000093,3.377000093,3.2914958623556565
2/2/2018 11:00,4.079999924,4.079999924,3.518163300233782
2/2/2018 12:00,3.588000059,3.588000059,3.389370842541174
2/2/2018 13:00,3.447000027,3.447000027,3.2651289358753743
2/2/2018 14:00,3.305999994,3.305999994,3.6189597002824136
2/2/2018 15:00,3.868999958,3.868999958,3.2933665032107164
2/2/2018 16:00,3.305999994,3.305999994,3.140872199667124
2/2/2018 17:00,3.51699996,3.51699996,3.0702157853998635
2/2/2018 18:00,2.321000099,2.321000099,2.9565113278994914
2/2/2018 19:00,2.039999962,2.039999962,2.916763917115061
2/2/2018 20:00,1.899000049,1.899000049,2.8618077512927105
2/2/2018 21:00,2.461999893,2.461999893,2.8371885923157425
2/2/2018 22:00,2.532000065,2.532000065,2.818134748770536
2/2/2018 23:00,2.039999962,2.039999962,2.811849141276804
2/3/2018 0:00,2.039999962,2.039999962,2.8223696423937152
2/3/2018 1:00,0.843999982,0.843999982,2.950676962197523
2/3/2018 2:00,0.703000009,0.703000009,2.712088690693772
2/3/2018 3:00,0.703000009,0.703000009,3.4268705183910413
2/3/2018 4:00,1.337000012,1.337000012,3.2275678233496343
2/3/2018 5:00,0.773999989,0.773999989,3.282096050946929
2/3/2018 6:00,0.0,0.0,3.3155663282618857
2/3/2018 7:00,0.0,0.0,3.260508474148436
2/3/2018 8:00,0.0,0.0,3.257714164649199
2/3/2018 9:00,0.773999989,0.773999989,3.1236953524951705
2/3/2018 10:00,1.406999946,1.406999946,3.177066875781182
2/3/2018 11:00,2.039999962,2.039999962,3.406971390926051
2/3/2018 12:00,1.266000032,1.266000032,3.281002901817585
2/3/2018 13:00,1.970000029,1.970000029,3.2026647845600067
2/3/2018 14:00,3.447000027,3.447000027,3.6041979500241297
2/3/2018 15:00,3.447000027,3.447000027,3.3420201134908165
2/3/2018 16:00,3.657999992,3.657999992,3.277509485317024
2/3/2018 17:00,3.236000061,3.236000061,3.2456556281293736
2/3/2018 18:00,2.461999893,2.461999893,3.135306884235362
2/3/2018 19:00,2.39199996,2.39199996,3.087721001011831
2/3/2018 20:00,1.687999964,1.687999964,3.028036329653247
2/3/2018 21:00,1.266000032,1.266000032,3.000800815686471
2/3/2018 22:00,2.180999994,2.180999994,3.0001546713367606
2/3/2018 23:00,0.773999989,0.773999989,3.0400821551366857
2/4/2018 0:00,1.899000049,1.899000049,3.0932947904678514
2/4/2018 1:00,1.828999996,1.828999996,3.359319834014517
2/4/2018 2:00,2.250999928,2.250999928,3.1722769335690746
2/4/2018 3:00,2.039999962,2.039999962,3.939326542892689
2/4/2018 4:00,2.180999994,2.180999994,3.920101100356249
2/4/2018 5:00,2.39199996,2.39199996,4.010677827149145
2/4/2018 6:00,1.687999964,1.687999964,4.129568387495711
2/4/2018 7:00,1.547999978,1.547999978,4.082130799696703
2/4/2018 8:00,1.899000049,1.899000049,4.075160914744098
2/4/2018 9:00,2.673000097,2.673000097,3.9749068522480098
2/4/2018 10:00,2.884000063,2.884000063,4.085982243722185
2/4/2018 11:00,3.799000025,3.799000025,4.410679312728547
2/4/2018 12:00,2.954999924,2.954999924,4.348429130525705
2/4/2018 13:00,3.377000093,3.377000093,4.29177392283953
2/4/2018 14:00,4.43200016,4.43200016,4.639028844421983
2/4/2018 15:00,3.868999958,3.868999958,4.363387901847998
2/4/2018 16:00,4.150000095,4.150000095,4.2879415453686285
2/4/2018 17:00,4.150000095,4.150000095,4.240084493368826
2/4/2018 18:00,3.236000061,3.236000061,4.086416537465432
2/4/2018 19:00,2.884000063,2.884000063,4.068388050855504
2/4/2018 20:00,2.461999893,2.461999893,4.02582514551119
2/4/2018 21:00,3.447000027,3.447000027,4.010535887242815
2/4/2018 22:00,4.079999924,4.079999924,4.021251290917672
2/4/2018 23:00,3.588000059,3.588000059,4.017020634306622
2/5/2018 0:00,4.290999889,4.290999889,3.985878595156685
2/5/2018 1:00,3.799000025,3.799000025,3.862079456258391
2/5/2018 2:00,3.165999889,3.165999889,3.815288012809093
2/5/2018 3:00,4.079999924,4.079999924,3.745837028492602
2/5/2018 4:00,3.095000029,3.095000029,3.205685774208156
2/5/2018 5:00,3.588000059,3.588000059,3.110092425054235
2/5/2018 6:00,2.884000063,2.884000063,3.0394063517020697
2/5/2018 7:00,3.025000095,3.025000095,2.9856492603122966
2/5/2018 8:00,3.588000059,3.588000059,2.871461783429192
2/5/2018 9:00,3.447000027,3.447000027,2.553658333157108
2/5/2018 10:00,2.884000063,2.884000063,2.4529403178328675
2/5/2018 11:00,3.868999958,3.868999958,2.7066187080349184
2/5/2018 12:00,2.884000063,2.884000063,2.409316040950179
2/5/2018 13:00,3.305999994,3.305999994,2.116409273949529
2/5/2018 14:00,4.501999855,4.501999855,2.4880333707933247
2/5/2018 15:00,4.010000229,4.010000229,1.899798384360162
2/5/2018 16:00,4.079999924,4.079999924,1.5933141119913523
2/5/2018 17:00,5.205999851,5.205999851,1.618001063162387
2/5/2018 18:00,4.290999889,4.290999889,1.3863953876476298
2/5/2018 19:00,4.290999889,4.290999889,1.2083815600496042
2/5/2018 20:00,3.938999891,3.938999891,1.0447778107031347
2/5/2018 21:00,4.221000195,4.221000195,0.9259825831294766
2/5/2018 22:00,4.290999889,4.290999889,0.8738037787578463
2/5/2018 23:00,3.799000025,3.799000025,0.8395581282232385
2/6/2018 0:00,3.938999891,3.938999891,0.8406152627494841
2/6/2018 1:00,4.221000195,4.221000195,1.027408179479302
2/6/2018 2:00,3.799000025,3.799000025,0.95656321817229
2/6/2018 3:00,3.51699996,3.51699996,0.926688045648996
2/6/2018 4:00,4.290999889,4.290999889,0.7162441272137432
2/6/2018 5:00,4.010000229,4.010000229,0.6741536487218394
2/6/2018 6:00,4.010000229,4.010000229,0.4649935449617466
2/6/2018 7:00,1.547999978,1.547999978,0.3509522449971012
2/6/2018 8:00,1.19599998,1.19599998,0.1606065935969134
2/6/2018 9:00,1.126000047,1.126000047,-0.1961307611307869
2/6/2018 10:00,1.476999998,1.476999998,-0.2397677490498626
2/6/2018 11:00,1.687999964,1.687999964,-0.1478521264241248
2/6/2018 12:00,1.758999944,1.758999944,-0.4076021550073818
2/6/2018 13:00,2.461999893,2.461999893,-0.5139808185362913
2/6/2018 14:00,4.501999855,4.501999855,-0.4248997570250168
2/6/2018 15:00,3.799000025,3.799000025,-0.7658457675470274
2/6/2018 16:00,2.673000097,2.673000097,-0.8900092894884359
2/6/2018 17:00,2.673000097,2.673000097,-0.7986402414273694
2/6/2018 18:00,2.602999926,2.602999926,-0.6254438966202933
2/6/2018 19:00,2.250999928,2.250999928,-0.6050935273635378
2/6/2018 20:00,2.180999994,2.180999994,-0.5455719809719284
2/6/2018 21:00,2.532000065,2.532000065,-0.4309968174789986
2/6/2018 22:00,2.602999926,2.602999926,-0.2802693479932987
2/6/2018 23:00,2.250999928,2.250999928,-0.0984697500577951
2/7/2018 0:00,1.828999996,1.828999996,0.1011655504357591
2/7/2018 1:00,2.039999962,2.039999962,0.2983010137730595
2/7/2018 2:00,1.970000029,1.970000029,0.3312077684748278
2/7/2018 3:00,2.461999893,2.461999893,0.4651376033741421
2/7/2018 4:00,2.250999928,2.250999928,0.3367201212549719
2/7/2018 5:00,2.321000099,2.321000099,0.3098214497524729
2/7/2018 6:00,2.461999893,2.461999893,0.1215222752107081
2/7/2018 7:00,2.602999926,2.602999926,-0.043814412096621
2/7/2018 8:00,2.884000063,2.884000063,-0.1946350958491631
2/7/2018 9:00,3.588000059,3.588000059,-0.4277173700909635
2/7/2018 10:00,4.150000095,4.150000095,-0.3803963001255113
2/7/2018 11:00,4.501999855,4.501999855,-0.229101071014492
2/7/2018 12:00,4.010000229,4.010000229,-0.4003250866754069
2/7/2018 13:00,4.290999889,4.290999889,-0.4219041894496413
2/7/2018 14:00,4.572999954,4.572999954,-0.2424985033671607
2/7/2018 15:00,4.923999786,4.923999786,-0.4625095951902445
2/7/2018 16:00,4.643000126,4.643000126,-0.5133812813200027
2/7/2018 17:00,5.065000057,5.065000057,-0.4158812767079229
2/7/2018 18:00,4.994999886,4.994999886,-0.285052934687215
2/7/2018 19:00,5.135000229,5.135000229,-0.2319462246592802
2/7/2018 20:00,5.135000229,5.135000229,-0.1490956894840565
2/7/2018 21:00,4.643000126,4.643000126,-0.0043699476794305
2/7/2018 22:00,4.643000126,4.643000126,0.1779698693025508
2/7/2018 23:00,3.588000059,3.588000059,0.3803761757286299
2/8/2018 0:00,1.899000049,1.899000049,0.5853289264443848
2/8/2018 1:00,2.109999895,2.109999895,0.7314465267334676
2/8/2018 2:00,4.150000095,4.150000095,0.7648807894453249
2/8/2018 3:00,4.221000195,4.221000195,1.0035177865885636
2/8/2018 4:00,3.727999926,3.727999926,0.8513221924000813
2/8/2018 5:00,3.588000059,3.588000059,0.8200466873680732
2/8/2018 6:00,3.727999926,3.727999926,0.7193985827439633
2/8/2018 7:00,3.165999889,3.165999889,0.5769926050800986
2/8/2018 8:00,3.025000095,3.025000095,0.4964321749607325
2/8/2018 9:00,2.180999994,2.180999994,0.3083893396527877
2/8/2018 10:00,2.532000065,2.532000065,0.3129568387281125
2/8/2018 11:00,2.884000063,2.884000063,0.49333280058819
2/8/2018 12:00,3.025000095,3.025000095,0.3692285968165922
2/8/2018 13:00,2.884000063,2.884000063,0.3619600025088747
2/8/2018 14:00,3.938999891,3.938999891,0.6237607449626861
2/8/2018 15:00,3.588000059,3.588000059,0.3982394188655203
2/8/2018 16:00,3.447000027,3.447000027,0.3311908204263112
2/8/2018 17:00,3.868999958,3.868999958,0.4068447905000134
2/8/2018 18:00,3.377000093,3.377000093,0.4941632549655228
2/8/2018 19:00,2.813999891,2.813999891,0.5549643790201628
2/8/2018 20:00,2.743999958,2.743999958,0.6667388774956642
2/8/2018 21:00,2.884000063,2.884000063,0.8343148257132995
2/8/2018 22:00,2.813999891,2.813999891,1.020787848027359
2/8/2018 23:00,2.602999926,2.602999926,1.2272087234458962
2/9/2018 0:00,2.813999891,2.813999891,1.4177810549949983
2/9/2018 1:00,2.602999926,2.602999926,1.5520646804071043
2/9/2018 2:00,2.954999924,2.954999924,1.5216577628615902
2/9/2018 3:00,2.884000063,2.884000063,1.937592532553012
2/9/2018 4:00,3.377000093,3.377000093,1.8457913092547624
2/9/2018 5:00,3.305999994,3.305999994,1.8586845371640504
2/9/2018 6:00,3.305999994,3.305999994,1.820195518982004
2/9/2018 7:00,3.305999994,3.305999994,1.728421836262596
2/9/2018 8:00,3.377000093,3.377000093,1.7040950311225451
2/9/2018 9:00,3.588000059,3.588000059,1.5534078132520737
2/9/2018 10:00,3.727999926,3.727999926,1.5743852603039574
2/9/2018 11:00,4.643000126,4.643000126,1.7753361530636411
2/9/2018 12:00,5.697999954,5.697999954,1.6434760985894634
2/9/2018 13:00,5.486999989,5.486999989,1.6003348410895075
2/9/2018 14:00,5.768000126,5.768000126,1.8975485309195343
2/9/2018 15:00,5.768000126,5.768000126,1.6515073550804438
2/9/2018 16:00,5.768000126,5.768000126,1.5671950507206311
2/9/2018 17:00,5.768000126,5.768000126,1.6226172878771976
2/9/2018 18:00,5.627999783,5.627999783,1.6418681524864152
2/9/2018 19:00,5.346000195,5.346000195,1.690151024205207
2/9/2018 20:00,5.839000225,5.839000225,1.7394528973410814
2/9/2018 21:00,5.697999954,5.697999954,1.8543500737558336
2/9/2018 22:00,5.416999817,5.416999817,2.00173454067156
2/9/2018 23:00,5.768000126,5.768000126,2.187245761232281
2/10/2018 0:00,5.839000225,5.839000225,2.374780155084718
2/10/2018 1:00,5.90899992,5.90899992,2.544504268451877
2/10/2018 2:00,6.190999985,6.190999985,2.476157025795056
2/10/2018 3:00,5.697999954,5.697999954,2.978531079935168
2/10/2018 4:00,4.712999821,4.712999821,2.9404085633023023
2/10/2018 5:00,4.643000126,4.643000126,3.082191700183168
2/10/2018 6:00,3.095000029,3.095000029,3.1661332659816708
2/10/2018 7:00,2.813999891,2.813999891,3.1296886061519853
2/10/2018 8:00,3.447000027,3.447000027,3.136872460217118
2/10/2018 9:00,2.321000099,2.321000099,3.020354626662929
2/10/2018 10:00,1.899000049,1.899000049,3.059771550501278
2/10/2018 11:00,2.250999928,2.250999928,3.2844624222211127
2/10/2018 12:00,3.025000095,3.025000095,3.168455148628496
2/10/2018 13:00,3.025000095,3.025000095,3.1227610913206725
2/10/2018 14:00,3.938999891,3.938999891,3.480985637305736
2/10/2018 15:00,3.236000061,3.236000061,3.267222019867221
2/10/2018 16:00,3.727999926,3.727999926,3.223402840426587
2/10/2018 17:00,4.150000095,4.150000095,3.2673597227614213
2/10/2018 18:00,4.221000195,4.221000195,3.241552081882201
2/10/2018 19:00,3.727999926,3.727999926,3.2753697941917554
2/10/2018 20:00,3.799000025,3.799000025,3.3260402222453767
2/10/2018 21:00,3.868999958,3.868999958,3.4222860712672
2/10/2018 22:00,3.095000029,3.095000029,3.5418545535544457
2/10/2018 23:00,1.337000012,1.337000012,3.702719074559358
2/11/2018 0:00,2.532000065,2.532000065,3.859607159680977
2/11/2018 1:00,3.095000029,3.095000029,4.070409105641152
2/11/2018 2:00,4.290999889,4.290999889,3.926443907513725
2/11/2018 3:00,3.938999891,3.938999891,4.355464689166315
2/11/2018 4:00,3.868999958,3.868999958,4.475702619369979
2/11/2018 5:00,3.657999992,3.657999992,4.667734601597605
2/11/2018 6:00,2.673000097,2.673000097,4.857537915445251
2/11/2018 7:00,3.095000029,3.095000029,4.844110824007679
2/11/2018 8:00,4.079999924,4.079999924,4.888963834407848
2/11/2018 9:00,3.377000093,3.377000093,4.895287575010743
2/11/2018 10:00,2.813999891,2.813999891,5.077163439164574
2/11/2018 11:00,3.377000093,3.377000093,5.500790504376637
2/11/2018 12:00,2.954999924,2.954999924,5.497811884849778
2/11/2018 13:00,2.743999958,2.743999958,5.527348096402733
2/11/2018 14:00,3.447000027,3.447000027,5.980937722513255
2/11/2018 15:00,3.095000029,3.095000029,5.820506965625073
2/11/2018 16:00,3.095000029,3.095000029,5.825510876949709
2/11/2018 17:00,2.461999893,2.461999893,5.895356433020735
2/11/2018 18:00,1.970000029,1.970000029,5.869040350686007
2/11/2018 19:00,3.095000029,3.095000029,5.946596739205738
2/11/2018 20:00,1.899000049,1.899000049,6.048586917421785
2/11/2018 21:00,2.743999958,2.743999958,6.146194965843161
2/11/2018 22:00,3.657999992,3.657999992,6.174481258817989
2/11/2018 23:00,3.165999889,3.165999889,6.160421793320127
2/12/2018 0:00,3.095000029,3.095000029,6.109960038113874
2/12/2018 1:00,3.095000029,3.095000029,5.803548324577777
2/12/2018 2:00,2.743999958,2.743999958,5.364651067651922
2/12/2018 3:00,2.743999958,2.743999958,5.1119906196139215
2/12/2018 4:00,2.884000063,2.884000063,4.618695423213744
2/12/2018 5:00,2.884000063,2.884000063,4.458396543328085
2/12/2018 6:00,2.673000097,2.673000097,4.330491739676555
2/12/2018 7:00,2.532000065,2.532000065,4.186051996190653
2/12/2018 8:00,1.618000031,1.618000031,4.100019464906367
2/12/2018 9:00,1.758999944,1.758999944,3.848523135950877
2/12/2018 10:00,1.054999948,1.054999948,3.672788820878385
2/12/2018 11:00,1.618000031,1.618000031,3.908690826692196
2/12/2018 12:00,1.337000012,1.337000012,3.553633447273741
2/12/2018 13:00,1.899000049,1.899000049,3.1682729571069395
2/12/2018 14:00,3.236000061,3.236000061,3.4023911808143392
2/12/2018 15:00,2.602999926,2.602999926,2.6944584832239897
2/12/2018 16:00,2.532000065,2.532000065,2.305024105894921
2/12/2018 17:00,2.180999994,2.180999994,2.3316071199937927
2/12/2018 18:00,2.532000065,2.532000065,2.2578470943418623
2/12/2018 19:00,3.095000029,3.095000029,2.128275026417475
2/12/2018 20:00,3.51699996,3.51699996,2.0638724420529773
2/12/2018 21:00,3.799000025,3.799000025,2.009905618562806
2/12/2018 22:00,3.799000025,3.799000025,1.9931270505310028
2/12/2018 23:00,4.150000095,4.150000095,2.014218896910375
2/13/2018 0:00,4.290999889,4.290999889,2.020504504404109
2/13/2018 1:00,4.290999889,4.290999889,2.121400474237777
2/13/2018 2:00,4.079999924,4.079999924,1.961091001821794
2/13/2018 3:00,3.305999994,3.305999994,1.7832593657453266
2/13/2018 4:00,3.799000025,3.799000025,1.7415650478875089
2/13/2018 5:00,3.447000027,3.447000027,1.8115032885988624
2/13/2018 6:00,3.588000059,3.588000059,1.702529455140791
2/13/2018 7:00,3.305999994,3.305999994,1.6000679093253662
2/13/2018 8:00,3.588000059,3.588000059,1.4434149783769197
2/13/2018 9:00,4.079999924,4.079999924,1.1210249624749302
2/13/2018 10:00,4.923999786,4.923999786,1.0213958592679049
2/13/2018 11:00,5.697999954,5.697999954,1.1044921411466238
2/13/2018 12:00,4.994999886,4.994999886,0.8680583903105923
2/13/2018 13:00,4.994999886,4.994999886,0.8046387927600787
2/13/2018 14:00,5.768000126,5.768000126,1.013616704998615
2/13/2018 15:00,6.190999985,6.190999985,0.722798784977682
2/13/2018 16:00,6.330999851,6.330999851,0.6879472417085921
2/13/2018 17:00,6.050000191,6.050000191,0.95135593026545
2/13/2018 18:00,6.612999916,6.612999916,1.2000071055761534
2/13/2018 19:00,6.050000191,6.050000191,1.1925732677953975
2/13/2018 20:00,5.697999954,5.697999954,1.248861973932394
2/13/2018 21:00,6.119999886,6.119999886,1.3510989581049682
2/13/2018 22:00,6.050000191,6.050000191,1.4410189480178328
2/13/2018 23:00,6.472000122,6.472000122,1.523272064482832
2/14/2018 0:00,6.40199995,6.40199995,1.5849163539511917
2/14/2018 1:00,6.472000122,6.472000122,1.6871978267511238
2/14/2018 2:00,5.55700016,5.55700016,1.6604410951549529
2/14/2018 3:00,6.40199995,6.40199995,1.612251437703005
2/14/2018 4:00,6.261000156,6.261000156,1.6282609880333505
2/14/2018 5:00,5.55700016,5.55700016,1.7786261929819993
2/14/2018 6:00,5.627999783,5.627999783,1.7129397939423416
2/14/2018 7:00,4.923999786,4.923999786,1.5793023128799444
2/14/2018 8:00,5.90899992,5.90899992,1.3845480503592782
2/14/2018 9:00,6.472000122,6.472000122,1.1101125377360646
2/14/2018 10:00,6.752999783,6.752999783,1.0210463057672428
2/14/2018 11:00,6.964000225,6.964000225,1.1765679544771803
2/14/2018 12:00,6.752999783,6.752999783,1.0364838594601409
2/14/2018 13:00,7.668000221,7.668000221,1.0529510071004449
2/14/2018 14:00,7.386000156,7.386000156,1.3442307614434643
2/14/2018 15:00,7.456999779,7.456999779,1.128138905839931
2/14/2018 16:00,7.456999779,7.456999779,1.1227579004357915
2/14/2018 17:00,7.456999779,7.456999779,1.3341975167214173
2/14/2018 18:00,6.40199995,6.40199995,1.5842151284438015
2/14/2018 19:00,7.105000019,7.105000019,1.6635637730942054
2/14/2018 20:00,7.315999985,7.315999985,1.7839499987223937
2/14/2018 21:00,7.315999985,7.315999985,1.940698262443746
2/14/2018 22:00,7.175000191,7.175000191,2.0911397336107225
2/14/2018 23:00,6.683000088,6.683000088,2.2296646081642013
2/15/2018 0:00,7.386000156,7.386000156,2.334710731378463
2/15/2018 1:00,5.90899992,5.90899992,2.370460521218954
2/15/2018 2:00,3.799000025,3.799000025,2.453306819382046
2/15/2018 3:00,3.727999926,3.727999926,2.4765997935625617
2/15/2018 4:00,3.236000061,3.236000061,2.4866372752967383
2/15/2018 5:00,3.588000059,3.588000059,2.6681847710105533
2/15/2018 6:00,3.447000027,3.447000027,2.6816605880876114
2/15/2018 7:00,3.236000061,3.236000061,2.5783791804251788
2/15/2018 8:00,2.884000063,2.884000063,2.4924779965169
2/15/2018 9:00,2.884000063,2.884000063,2.3279378674898688
2/15/2018 10:00,2.884000063,2.884000063,2.3239953277036083
2/15/2018 11:00,2.813999891,2.813999891,2.503737856250364
2/15/2018 12:00,2.813999891,2.813999891,2.365073160296621
2/15/2018 13:00,3.095000029,3.095000029,2.344763042655094
2/15/2018 14:00,3.095000029,3.095000029,2.6285221004687074
2/15/2018 15:00,3.165999889,3.165999889,2.41407420557132
2/15/2018 16:00,3.657999992,3.657999992,2.3528896319189823
2/15/2018 17:00,3.236000061,3.236000061,2.509985330634933
2/15/2018 18:00,2.602999926,2.602999926,2.695180893792026
2/15/2018 19:00,2.532000065,2.532000065,2.7664389637816384
2/15/2018 20:00,3.025000095,3.025000095,2.8848507417575995
2/15/2018 21:00,3.236000061,3.236000061,3.037978478614516
2/15/2018 22:00,3.447000027,3.447000027,3.194239485941006
2/15/2018 23:00,3.305999994,3.305999994,3.3448716226537982
2/16/2018 0:00,3.025000095,3.025000095,3.474966961576147
2/16/2018 1:00,3.447000027,3.447000027,3.399404087263223
2/16/2018 2:00,3.305999994,3.305999994,3.4519896447992604
2/16/2018 3:00,3.657999992,3.657999992,3.5412401867957044
2/16/2018 4:00,3.447000027,3.447000027,3.5981602077399586
2/16/2018 5:00,3.305999994,3.305999994,3.864526330763029
2/16/2018 6:00,3.799000025,3.799000025,3.9578147453186414
2/16/2018 7:00,4.150000095,4.150000095,3.89671067489676
2/16/2018 8:00,3.095000029,3.095000029,3.9237470492934623
2/16/2018 9:00,3.51699996,3.51699996,3.837295053808383
2/16/2018 10:00,3.377000093,3.377000093,3.9053160465312526
2/16/2018 11:00,4.43200016,4.43200016,4.205957479173836
2/16/2018 12:00,5.135000229,5.135000229,4.168947178224897
2/16/2018 13:00,5.416999817,5.416999817,4.264190973878156
2/16/2018 14:00,5.697999954,5.697999954,4.73861769601378
2/16/2018 15:00,5.697999954,5.697999954,4.614788898030582
2/16/2018 16:00,5.55700016,5.55700016,4.6204749683080255
2/16/2018 17:00,5.205999851,5.205999851,4.7990607925435
2/16/2018 18:00,5.416999817,5.416999817,4.994872189590412
2/16/2018 19:00,5.135000229,5.135000229,5.110849804098121
2/16/2018 20:00,4.923999786,4.923999786,5.238116937424202
2/16/2018 21:00,4.994999886,4.994999886,5.359293365814494
2/16/2018 22:00,4.923999786,4.923999786,5.489037032730115
2/16/2018 23:00,5.135000229,5.135000229,5.643927366632797
2/17/2018 0:00,4.572999954,4.572999954,5.764211903969883
2/17/2018 1:00,4.010000229,4.010000229,5.670845104689878
2/17/2018 2:00,4.150000095,4.150000095,5.607168108652514
2/17/2018 3:00,4.994999886,4.994999886,5.536847477596496
2/17/2018 4:00,4.361999989,4.361999989,5.731140965048107
2/17/2018 5:00,4.221000195,4.221000195,6.069763504043744
2/17/2018 6:00,3.377000093,3.377000093,6.214495601366563
2/17/2018 7:00,2.039999962,2.039999962,6.215332411262088
2/17/2018 8:00,2.250999928,2.250999928,6.333109696671695
2/17/2018 9:00,1.828999996,1.828999996,6.379449368702712
2/17/2018 10:00,2.180999994,2.180999994,6.621386468668115
2/17/2018 11:00,2.954999924,2.954999924,7.2346664337972335
2/17/2018 12:00,2.884000063,2.884000063,7.369843009515578
2/17/2018 13:00,3.377000093,3.377000093,7.512484670979132
2/17/2018 14:00,4.290999889,4.290999889,8.164272191218362
2/17/2018 15:00,4.221000195,4.221000195,7.970708529106014
2/17/2018 16:00,4.150000095,4.150000095,7.933772375869336
2/17/2018 17:00,3.236000061,3.236000061,8.06011054428608
2/17/2018 18:00,2.743999958,2.743999958,8.107428436492434
2/17/2018 19:00,2.602999926,2.602999926,8.06262997762343
2/17/2018 20:00,2.602999926,2.602999926,8.092578768232471
2/17/2018 21:00,2.532000065,2.532000065,8.12032484216082
2/17/2018 22:00,2.461999893,2.461999893,8.152152218022662
2/17/2018 23:00,2.39199996,2.39199996,8.198952665122736
2/18/2018 0:00,2.109999895,2.109999895,8.156862716257347
2/18/2018 1:00,2.180999994,2.180999994,8.364882004501641
2/18/2018 2:00,2.250999928,2.250999928,8.19947116948205
2/18/2018 3:00,2.532000065,2.532000065,8.090532291374046
2/18/2018 4:00,3.095000029,3.095000029,8.068239781682548
2/18/2018 5:00,3.799000025,3.799000025,8.1930997624927
2/18/2018 6:00,2.250999928,2.250999928,8.112460418022428
2/18/2018 7:00,4.150000095,4.150000095,7.990356613602347
2/18/2018 8:00,4.290999889,4.290999889,8.060474927329194
2/18/2018 9:00,4.854000092,4.854000092,7.925161707969681
2/18/2018 10:00,5.065000057,5.065000057,8.133569742076833
2/18/2018 11:00,4.994999886,4.994999886,8.822433766579522
2/18/2018 12:00,4.643000126,4.643000126,8.994009454247163
2/18/2018 13:00,4.501999855,4.501999855,9.2767267367035
2/18/2018 14:00,2.743999958,2.743999958,10.108107960438447
2/18/2018 15:00,2.39199996,2.39199996,9.882743403790062
2/18/2018 16:00,3.025000095,3.025000095,9.799491941342112
2/18/2018 17:00,1.547999978,1.547999978,9.907145415895409
2/18/2018 18:00,2.039999962,2.039999962,9.87992790923018
2/18/2018 19:00,2.673000097,2.673000097,9.579155129211593
2/18/2018 20:00,2.602999926,2.602999926,9.363190913598451
2/18/2018 21:00,2.250999928,2.250999928,9.155248950825516
2/18/2018 22:00,2.039999962,2.039999962,9.013601398332783
2/18/2018 23:00,1.337000012,1.337000012,8.96224828169984
2/19/2018 0:00,2.039999962,2.039999962,8.903868610077062
2/19/2018 1:00,2.321000099,2.321000099,8.737020898319141
2/19/2018 2:00,2.954999924,2.954999924,8.164991424027303
2/19/2018 3:00,3.727999926,3.727999926,7.865007787517783
2/19/2018 4:00,3.236000061,3.236000061,7.249119941423115
2/19/2018 5:00,2.954999924,2.954999924,6.721195644890633
2/19/2018 6:00,3.095000029,3.095000029,6.365586394642344
2/19/2018 7:00,2.39199996,2.39199996,6.011519416809101
2/19/2018 8:00,2.39199996,2.39199996,5.949075391301346
2/19/2018 9:00,1.547999978,1.547999978,6.001482994327956
2/19/2018 10:00,0.563000023,0.563000023,6.061288420532224
2/19/2018 11:00,0.773999989,0.773999989,6.639303733709651
2/19/2018 12:00,2.39199996,2.39199996,6.523619532291891
2/19/2018 13:00,2.109999895,2.109999895,6.410524145285098
2/19/2018 14:00,2.954999924,2.954999924,6.998995345144466
2/19/2018 15:00,2.954999924,2.954999924,6.286983464126688
2/19/2018 16:00,2.884000063,2.884000063,5.851469461386033
2/19/2018 17:00,3.025000095,3.025000095,5.7742430301858665
2/19/2018 18:00,3.025000095,3.025000095,5.528716651320478
2/19/2018 19:00,3.51699996,3.51699996,5.077987538023711
2/19/2018 20:00,3.305999994,3.305999994,4.803079598548088
2/19/2018 21:00,3.657999992,3.657999992,4.695387461259111
2/19/2018 22:00,3.447000027,3.447000027,4.624584870073392
2/19/2018 23:00,3.727999926,3.727999926,4.623370966098364
2/20/2018 0:00,3.799000025,3.799000025,4.620748255590362
2/20/2018 1:00,4.079999924,4.079999924,4.73844821552861
2/20/2018 2:00,3.447000027,3.447000027,4.439166863779514
2/20/2018 3:00,3.657999992,3.657999992,4.052033184036624
2/20/2018 4:00,3.236000061,3.236000061,4.0847153770955416
2/20/2018 5:00,3.51699996,3.51699996,4.031636207646447
2/20/2018 6:00,2.813999891,2.813999891,4.024191777335366
2/20/2018 7:00,2.461999893,2.461999893,3.9971511659265353
2/20/2018 8:00,2.673000097,2.673000097,4.007887754662038
2/20/2018 9:00,2.673000097,2.673000097,3.9978227323490216
2/20/2018 10:00,1.970000029,1.970000029,3.959768007910222
2/20/2018 11:00,0.703000009,0.703000009,4.295152940012601
2/20/2018 12:00,0.0,0.0,4.116781084889654
2/20/2018 13:00,0.0,0.0,4.004061732709332
2/20/2018 14:00,0.0,0.0,4.164835157953467
2/20/2018 15:00,0.633000016,0.633000016,3.639202025729873
2/20/2018 16:00,0.0,0.0,3.394150192222961
2/20/2018 17:00,0.0,0.0,3.4666560622846365
2/20/2018 18:00,0.0,0.0,3.5832459250450217
2/20/2018 19:00,0.0,0.0,3.506759382087923
2/20/2018 20:00,0.0,0.0,3.4660035624167325
2/20/2018 21:00,1.899000049,1.899000049,3.4806148987444274
2/20/2018 22:00,2.180999994,2.180999994,3.507178846288719
2/20/2018 23:00,2.321000099,2.321000099,3.5930122380029275
2/21/2018 0:00,2.532000065,2.532000065,3.689474174643344
2/21/2018 1:00,2.461999893,2.461999893,3.68543842059024
2/21/2018 2:00,2.813999891,2.813999891,3.52517131829555
2/21/2018 3:00,2.461999893,2.461999893,3.106906191933044
2/21/2018 4:00,2.602999926,2.602999926,3.1589070417952474
2/21/2018 5:00,2.532000065,2.532000065,3.345043221645032
2/21/2018 6:00,2.461999893,2.461999893,3.4411407752423333
2/21/2018 7:00,2.673000097,2.673000097,3.37271514786112
2/21/2018 8:00,2.813999891,2.813999891,3.281769801012977
2/21/2018 9:00,2.743999958,2.743999958,3.1321037030656544
2/21/2018 10:00,2.743999958,2.743999958,3.041245214966162
2/21/2018 11:00,2.884000063,2.884000063,3.220133985568877
2/21/2018 12:00,2.602999926,2.602999926,3.089985683994911
2/21/2018 13:00,2.743999958,2.743999958,3.051700042395069
2/21/2018 14:00,2.532000065,2.532000065,3.3112827089992223
2/21/2018 15:00,2.954999924,2.954999924,2.996584988617874
2/21/2018 16:00,2.884000063,2.884000063,2.8915197988490284
2/21/2018 17:00,3.165999889,3.165999889,3.067792214461935
2/21/2018 18:00,3.236000061,3.236000061,3.269414673644105
2/21/2018 19:00,3.868999958,3.868999958,3.3171467337860943
2/21/2018 20:00,4.221000195,4.221000195,3.3880488947568512
2/21/2018 21:00,5.346000195,5.346000195,3.469569008123491
2/21/2018 22:00,5.346000195,5.346000195,3.5771891162062683
2/21/2018 23:00,5.205999851,5.205999851,3.710739738520015
2/22/2018 0:00,5.205999851,5.205999851,3.831003090796456
2/22/2018 1:00,5.486999989,5.486999989,3.799161944645194
2/22/2018 2:00,5.205999851,5.205999851,3.753107741306384
2/22/2018 3:00,4.854000092,4.854000092,3.347002839754806
2/22/2018 4:00,4.923999786,4.923999786,3.473515784921881
2/22/2018 5:00,4.994999886,4.994999886,3.756183812112214
2/22/2018 6:00,4.78399992,4.78399992,3.857310699106927
2/22/2018 7:00,4.78399992,4.78399992,3.842292609614825
2/22/2018 8:00,5.205999851,5.205999851,3.775627460773311
2/22/2018 9:00,5.276000023,5.276000023,3.657963515438162
2/22/2018 10:00,4.643000126,4.643000126,3.6210188881772254
2/22/2018 11:00,5.346000195,5.346000195,3.869377709651012
2/22/2018 12:00,4.923999786,4.923999786,3.827251216556011
2/22/2018 13:00,4.361999989,4.361999989,3.90833491767334
2/22/2018 14:00,5.55700016,5.55700016,4.286375969386874
2/22/2018 15:00,4.78399992,4.78399992,4.122060402002692
2/22/2018 16:00,4.43200016,4.43200016,4.125058088084131
2/22/2018 17:00,4.43200016,4.43200016,4.340334318852786
2/22/2018 18:00,5.55700016,5.55700016,4.549943545898579
2/22/2018 19:00,4.643000126,4.643000126,4.641022358628792
2/22/2018 20:00,4.854000092,4.854000092,4.74818910641374
2/22/2018 21:00,5.416999817,5.416999817,4.856821860395408
2/22/2018 22:00,5.276000023,5.276000023,4.985393993457295
2/22/2018 23:00,5.697999954,5.697999954,5.137828978831079
2/23/2018 0:00,5.697999954,5.697999954,5.258221559977461
2/23/2018 1:00,4.994999886,4.994999886,5.207049045986526
2/23/2018 2:00,4.994999886,4.994999886,5.295293297602274
2/23/2018 3:00,5.276000023,5.276000023,4.89214159350478
2/23/2018 4:00,4.501999855,4.501999855,5.046926002104229
2/23/2018 5:00,4.501999855,4.501999855,5.402235483744374
2/23/2018 6:00,4.221000195,4.221000195,5.55651356939438
2/23/2018 7:00,3.938999891,3.938999891,5.586100625092884
2/23/2018 8:00,4.854000092,4.854000092,5.635730866668775
2/23/2018 9:00,4.643000126,4.643000126,5.639552651609353
2/23/2018 10:00,5.839000225,5.839000225,5.74271224517307
2/23/2018 11:00,5.768000126,5.768000126,6.2774930865837
2/23/2018 12:00,5.627999783,5.627999783,6.411074956861899
2/23/2018 13:00,4.854000092,4.854000092,6.638893802786148
2/23/2018 14:00,8.37100029,8.37100029,7.312754567339186
2/23/2018 15:00,6.894000053,6.894000053,7.150348833172261
2/23/2018 16:00,7.386000156,7.386000156,7.147220858967847
2/23/2018 17:00,7.105000019,7.105000019,7.326749418402077
2/23/2018 18:00,7.737999916,7.737999916,7.501752848882275
2/23/2018 19:00,6.894000053,6.894000053,7.552758000894105
2/23/2018 20:00,6.119999886,6.119999886,7.64131685066045
2/23/2018 21:00,5.768000126,5.768000126,7.742089417515856
2/23/2018 22:00,5.346000195,5.346000195,7.82218324667449
2/23/2018 23:00,5.135000229,5.135000229,7.94039111844173
2/24/2018 0:00,5.486999989,5.486999989,8.041627108498773
2/24/2018 1:00,4.994999886,4.994999886,8.11250278814372
2/24/2018 2:00,5.065000057,5.065000057,8.241640032698344
2/24/2018 3:00,4.923999786,4.923999786,7.951191791985687
2/24/2018 4:00,4.854000092,4.854000092,8.093056491350042
2/24/2018 5:00,4.854000092,4.854000092,8.22260631496075
2/24/2018 6:00,5.416999817,5.416999817,8.130492082391456
2/24/2018 7:00,4.361999989,4.361999989,7.988070215932105
2/24/2018 8:00,5.135000229,5.135000229,8.005607209135043
2/24/2018 9:00,5.346000195,5.346000195,7.920025390016007
2/24/2018 10:00,6.330999851,6.330999851,8.065506908859186
2/24/2018 11:00,5.205999851,5.205999851,8.841511972944474
2/24/2018 12:00,4.572999954,4.572999954,9.141429935765988
2/24/2018 13:00,4.361999989,4.361999989,9.539348400257351
2/24/2018 14:00,4.994999886,4.994999886,10.383694881107782
2/24/2018 15:00,4.994999886,4.994999886,10.125837208066748
2/24/2018 16:00,4.43200016,4.43200016,10.026658817024972
2/24/2018 17:00,4.78399992,4.78399992,10.127001856775774
2/24/2018 18:00,5.979000092,5.979000092,10.262286476303416
2/24/2018 19:00,5.768000126,5.768000126,10.168960987891673
2/24/2018 20:00,5.627999783,5.627999783,10.137367706949968
2/24/2018 21:00,5.486999989,5.486999989,10.128169153617382
2/24/2018 22:00,4.361999989,4.361999989,10.117454279569042
2/24/2018 23:00,4.643000126,4.643000126,10.164538606481774
2/25/2018 0:00,3.868999958,3.868999958,10.24758828122707
2/25/2018 1:00,3.868999958,3.868999958,10.801080562640212
2/25/2018 2:00,3.305999994,3.305999994,11.123317251665776
2/25/2018 3:00,3.447000027,3.447000027,10.988221443991144
2/25/2018 4:00,3.305999994,3.305999994,11.187351745601545
2/25/2018 5:00,2.743999958,2.743999958,10.926527634443524
2/25/2018 6:00,3.165999889,3.165999889,10.34571642288731
2/25/2018 7:00,4.079999924,4.079999924,9.912991963007247
2/25/2018 8:00,3.657999992,3.657999992,9.639416034219751
2/25/2018 9:00,2.813999891,2.813999891,9.228543964396264
2/25/2018 10:00,3.305999994,3.305999994,9.215452126543417
2/25/2018 11:00,4.43200016,4.43200016,9.834398565768884
2/25/2018 12:00,5.205999851,5.205999851,9.995875335026472
2/25/2018 13:00,4.994999886,4.994999886,10.232167145956172
2/25/2018 14:00,5.276000023,5.276000023,10.95518069378079
2/25/2018 15:00,5.205999851,5.205999851,10.790838909884055
2/25/2018 16:00,4.854000092,4.854000092,10.738231902474116
2/25/2018 17:00,5.55700016,5.55700016,10.855695913799416
2/25/2018 18:00,5.979000092,5.979000092,11.108681552518336
2/25/2018 19:00,4.994999886,4.994999886,10.980826533759323
2/25/2018 20:00,5.346000195,5.346000195,10.946632256996782
2/25/2018 21:00,5.205999851,5.205999851,10.906769917258346
2/25/2018 22:00,5.135000229,5.135000229,10.853543776451016
2/25/2018 23:00,4.923999786,4.923999786,10.84833198671879
2/26/2018 0:00,5.135000229,5.135000229,10.8938517969028
2/26/2018 1:00,4.643000126,4.643000126,11.062916790070606
2/26/2018 2:00,4.501999855,4.501999855,10.659308283102929
2/26/2018 3:00,4.572999954,4.572999954,10.337629555612134
2/26/2018 4:00,4.643000126,4.643000126,9.746043622211255
2/26/2018 5:00,4.501999855,4.501999855,8.909507013968053
2/26/2018 6:00,4.150000095,4.150000095,8.351141374166506
2/26/2018 7:00,4.572999954,4.572999954,7.978887551395002
2/26/2018 8:00,4.712999821,4.712999821,7.816254607452645
2/26/2018 9:00,5.346000195,5.346000195,7.659907271004021
2/26/2018 10:00,6.190999985,6.190999985,7.699532338063221
2/26/2018 11:00,6.330999851,6.330999851,8.262883352261337
2/26/2018 12:00,5.979000092,5.979000092,8.30433880856037
2/26/2018 13:00,6.752999783,6.752999783,8.55549088028036
2/26/2018 14:00,7.809000015,7.809000015,9.498885993676112
2/26/2018 15:00,8.159999847,8.159999847,9.47124743393054
2/26/2018 16:00,8.230999947,8.230999947,9.662758793292788
2/26/2018 17:00,8.37100029,8.37100029,9.991654741319229
2/26/2018 18:00,8.159999847,8.159999847,10.20233328430114
2/26/2018 19:00,7.315999985,7.315999985,9.822072567858395
2/26/2018 20:00,6.40199995,6.40199995,9.642788695874632
2/26/2018 21:00,6.119999886,6.119999886,9.50006123491546
2/26/2018 22:00,5.768000126,5.768000126,9.220441737952116
2/26/2018 23:00,5.839000225,5.839000225,8.844477881434944
2/27/2018 0:00,5.697999954,5.697999954,8.486019240529739
2/27/2018 1:00,5.416999817,5.416999817,8.961915146621179
2/27/2018 2:00,5.768000126,5.768000126,8.752183046223639
2/27/2018 3:00,5.346000195,5.346000195,8.376059242498586
2/27/2018 4:00,5.627999783,5.627999783,8.331045225637506
2/27/2018 5:00,4.994999886,4.994999886,8.1903033344874
2/27/2018 6:00,5.205999851,5.205999851,7.9521588900041875
2/27/2018 7:00,5.135000229,5.135000229,7.79642644994082
2/27/2018 8:00,5.55700016,5.55700016,7.723676422055197
2/27/2018 9:00,5.135000229,5.135000229,7.679420300738735
2/27/2018 10:00,5.346000195,5.346000195,7.700658853663083
2/27/2018 11:00,5.346000195,5.346000195,8.16562803509972
2/27/2018 12:00,6.330999851,6.330999851,8.223631142269511
2/27/2018 13:00,7.456999779,7.456999779,8.257087649295048
2/27/2018 14:00,7.245999813,7.245999813,8.620651360189475
2/27/2018 15:00,7.315999985,7.315999985,8.340091776159955
2/27/2018 16:00,7.668000221,7.668000221,8.182207463561449
2/27/2018 17:00,7.315999985,7.315999985,8.251777084217558
2/27/2018 18:00,5.697999954,5.697999954,8.36245631505765
2/27/2018 19:00,4.854000092,4.854000092,8.20254882916743
2/27/2018 20:00,3.165999889,3.165999889,8.103814794772706
2/27/2018 21:00,1.828999996,1.828999996,7.983349125167095
2/27/2018 22:00,1.476999998,1.476999998,7.860731583026344
2/27/2018 23:00,2.39199996,2.39199996,7.765796030005488
2/28/2018 0:00,2.39199996,2.39199996,7.735141247250413
2/28/2018 1:00,2.884000063,2.884000063,8.120584359153735
2/28/2018 2:00,3.588000059,3.588000059,8.0458275763984
2/28/2018 3:00,3.377000093,3.377000093,7.733149851549669
2/28/2018 4:00,2.743999958,2.743999958,7.745164429068654
2/28/2018 5:00,3.165999889,3.165999889,7.710881704677915
2/28/2018 6:00,3.095000029,3.095000029,7.600304691755441
2/28/2018 7:00,3.025000095,3.025000095,7.49210623151702
2/28/2018 8:00,2.109999895,2.109999895,7.459150751175767
2/28/2018 9:00,1.266000032,1.266000032,7.401648141063742
2/28/2018 10:00,2.039999962,2.039999962,7.396040455510689
2/28/2018 11:00,1.970000029,1.970000029,7.920248892405824
2/28/2018 12:00,2.743999958,2.743999958,8.002552853016374
2/28/2018 13:00,3.025000095,3.025000095,8.173797524111418
2/28/2018 14:00,3.025000095,3.025000095,8.570117575777022
2/28/2018 15:00,3.868999958,3.868999958,8.220939580314411
2/28/2018 16:00,4.501999855,4.501999855,8.075500431592523
2/28/2018 17:00,5.205999851,5.205999851,8.17472172238211
2/28/2018 18:00,5.839000225,5.839000225,8.346607771188216
2/28/2018 19:00,5.768000126,5.768000126,8.291661138643157
2/28/2018 20:00,5.276000023,5.276000023,8.258569014660736
2/28/2018 21:00,4.994999886,4.994999886,8.200343464354159
2/28/2018 22:00,5.697999954,5.697999954,8.156546529227203
2/28/2018 23:00,5.979000092,5.979000092,8.135948824387404
3/1/2018 0:00,5.486999989,5.486999989,8.180943774693901
3/1/2018 1:00,5.346000195,5.346000195,9.13985482650694
3/1/2018 2:00,5.627999783,5.627999783,9.427070226964986
3/1/2018 3:00,5.768000126,5.768000126,9.125319226771058
3/1/2018 4:00,4.923999786,4.923999786,9.333246889628056
3/1/2018 5:00,5.697999954,5.697999954,8.738132584376551
3/1/2018 6:00,5.839000225,5.839000225,7.804812026571108
3/1/2018 7:00,4.150000095,4.150000095,7.101937791836559
3/1/2018 8:00,4.361999989,4.361999989,6.8037856038199065
3/1/2018 9:00,4.572999954,4.572999954,6.544617105151389
3/1/2018 10:00,4.43200016,4.43200016,6.546898736182985
3/1/2018 11:00,4.572999954,4.572999954,6.715955520139792
3/1/2018 12:00,4.221000195,4.221000195,6.500735959408365
3/1/2018 13:00,3.51699996,3.51699996,6.328924587941035
3/1/2018 14:00,3.236000061,3.236000061,6.65365979005656
3/1/2018 15:00,3.095000029,3.095000029,6.299839088553329
3/1/2018 16:00,2.884000063,2.884000063,6.134714781478976
3/1/2018 17:00,2.602999926,2.602999926,6.16225641957209
3/1/2018 18:00,2.954999924,2.954999924,6.213711224496137
3/1/2018 19:00,2.461999893,2.461999893,6.228097469554466
3/1/2018 20:00,2.743999958,2.743999958,6.19487770558165
3/1/2018 21:00,2.109999895,2.109999895,6.176082849402844
3/1/2018 22:00,2.321000099,2.321000099,6.145554117758614
3/1/2018 23:00,2.673000097,2.673000097,6.131937420028258
3/2/2018 0:00,2.180999994,2.180999994,6.089100168148576
3/2/2018 1:00,0.0,0.0,5.963662894435814
3/2/2018 2:00,0.843999982,0.843999982,5.583194034772223
3/2/2018 3:00,-0.492000014,-0.492000014,6.043140767956158
3/2/2018 4:00,0.985000014,0.985000014,5.833290031219001
3/2/2018 5:00,2.039999962,2.039999962,5.821883994567077
3/2/2018 6:00,2.039999962,2.039999962,5.787992134545259
3/2/2018 7:00,1.687999964,1.687999964,5.704006080119401
3/2/2018 8:00,1.758999944,1.758999944,5.747518076180665
3/2/2018 9:00,1.899000049,1.899000049,5.644427334064046
3/2/2018 10:00,2.321000099,2.321000099,5.773010059656256
3/2/2018 11:00,2.321000099,2.321000099,6.076256725131808
3/2/2018 12:00,2.884000063,2.884000063,5.970868463188108
3/2/2018 13:00,3.165999889,3.165999889,5.880082004294813
3/2/2018 14:00,3.165999889,3.165999889,6.409880119441453
3/2/2018 15:00,3.236000061,3.236000061,6.1487276398434165
3/2/2018 16:00,3.727999926,3.727999926,6.105810943986311
3/2/2018 17:00,3.657999992,3.657999992,6.13040256238444
3/2/2018 18:00,4.150000095,4.150000095,6.074650897534825
3/2/2018 19:00,4.361999989,4.361999989,6.128407988924598
3/2/2018 20:00,4.150000095,4.150000095,6.155154657616963
3/2/2018 21:00,4.150000095,4.150000095,6.197450631197134
3/2/2018 22:00,4.501999855,4.501999855,6.218093883917323
3/2/2018 23:00,4.079999924,4.079999924,6.214406624111849
3/3/2018 0:00,1.19599998,1.19599998,6.155365978596908
3/3/2018 1:00,1.476999998,1.476999998,6.268514328255318
3/3/2018 2:00,3.51699996,3.51699996,5.9530592419558666
3/3/2018 3:00,4.923999786,4.923999786,6.539843051734763
3/3/2018 4:00,5.065000057,5.065000057,6.434664521891461
3/3/2018 5:00,4.994999886,4.994999886,6.517706781865533
3/3/2018 6:00,4.221000195,4.221000195,6.588622713125709
3/3/2018 7:00,4.43200016,4.43200016,6.531678329361712
3/3/2018 8:00,4.643000126,4.643000126,6.534673896937086
3/3/2018 9:00,5.205999851,5.205999851,6.412955130994252
3/3/2018 10:00,5.697999954,5.697999954,6.5249764354262805
3/3/2018 11:00,6.823999882,6.823999882,6.832407150379461
3/3/2018 12:00,6.964000225,6.964000225,6.736213204756219
3/3/2018 13:00,7.597000122,7.597000122,6.620071406028501
3/3/2018 14:00,8.020000458,8.020000458,7.138273348603917
3/3/2018 15:00,7.668000221,7.668000221,6.884789860959812
3/3/2018 16:00,7.52699995,7.52699995,6.882444674746275
3/3/2018 17:00,7.456999779,7.456999779,6.920362225917389
3/3/2018 18:00,6.964000225,6.964000225,6.832754055747543
3/3/2018 19:00,6.330999851,6.330999851,6.845993659398395
3/3/2018 20:00,6.330999851,6.330999851,6.803142637229294
3/3/2018 21:00,6.190999985,6.190999985,6.784206370770674
3/3/2018 22:00,5.768000126,5.768000126,6.75594973688075
3/3/2018 23:00,5.486999989,5.486999989,6.7157150697014565
3/4/2018 0:00,5.90899992,5.90899992,6.629486576606196
3/4/2018 1:00,5.768000126,5.768000126,6.899499707819512
3/4/2018 2:00,5.065000057,5.065000057,6.602557716392274
3/4/2018 3:00,5.135000229,5.135000229,7.113832144136378
3/4/2018 4:00,5.135000229,5.135000229,7.028973794838411
3/4/2018 5:00,5.065000057,5.065000057,7.0978940933857135
3/4/2018 6:00,4.78399992,4.78399992,7.1984728169362056
3/4/2018 7:00,5.065000057,5.065000057,7.156234043019779
3/4/2018 8:00,5.627999783,5.627999783,7.166994994575025
3/4/2018 9:00,6.472000122,6.472000122,7.14307812035848
3/4/2018 10:00,8.090000153,8.090000153,7.430081140583545
3/4/2018 11:00,9.145000458,9.145000458,7.883082881261135
3/4/2018 12:00,9.708000183,9.708000183,7.856031677321981
3/4/2018 13:00,9.496999741,9.496999741,7.719220144548266
3/4/2018 14:00,8.722999573,8.722999573,8.165860011513796
3/4/2018 15:00,7.879000187,7.879000187,7.869152115006699
3/4/2018 16:00,7.456999779,7.456999779,7.808037981681011
3/4/2018 17:00,6.612999916,6.612999916,7.835156977814232
3/4/2018 18:00,5.205999851,5.205999851,7.6040692770322735
3/4/2018 19:00,4.501999855,4.501999855,7.526601865767255
3/4/2018 20:00,1.547999978,1.547999978,7.421698212085837
3/4/2018 21:00,0.0,0.0,7.316353909142979
3/4/2018 22:00,3.588000059,3.588000059,7.199750805719688
3/4/2018 23:00,1.337000012,1.337000012,7.064041955352608
3/5/2018 0:00,0.773999989,0.773999989,6.895051904336839
3/5/2018 1:00,0.0,0.0,6.512569934285342
3/5/2018 2:00,1.970000029,1.970000029,6.191668168893749
3/5/2018 3:00,2.250999928,2.250999928,5.860214654420792
3/5/2018 4:00,1.406999946,1.406999946,5.380080147320561
3/5/2018 5:00,1.337000012,1.337000012,5.199703126207449
3/5/2018 6:00,2.321000099,2.321000099,5.111989560360888
3/5/2018 7:00,2.532000065,2.532000065,5.0178706914279445
3/5/2018 8:00,1.899000049,1.899000049,4.837429055879863
3/5/2018 9:00,1.970000029,1.970000029,4.599834363720419
3/5/2018 10:00,2.884000063,2.884000063,4.699681673052099
3/5/2018 11:00,3.588000059,3.588000059,5.0871500767532005
3/5/2018 12:00,3.727999926,3.727999926,4.911561938599167
3/5/2018 13:00,3.938999891,3.938999891,4.738715147292753
3/5/2018 14:00,5.205999851,5.205999851,5.0835549719615365
3/5/2018 15:00,4.854000092,4.854000092,4.4740311180849925
3/5/2018 16:00,4.501999855,4.501999855,4.160941343806693
3/5/2018 17:00,4.290999889,4.290999889,4.108904479341391
3/5/2018 18:00,4.923999786,4.923999786,3.870718723989917
3/5/2018 19:00,4.712999821,4.712999821,3.747154739264797
3/5/2018 20:00,3.588000059,3.588000059,3.6187075980607233
3/5/2018 21:00,3.377000093,3.377000093,3.4970714538544083
3/5/2018 22:00,3.305999994,3.305999994,3.4108291904697268
3/5/2018 23:00,3.025000095,3.025000095,3.347970997026339
3/6/2018 0:00,3.025000095,3.025000095,3.32170575883716
3/6/2018 1:00,2.673000097,2.673000097,3.4626054786890794
3/6/2018 2:00,2.39199996,2.39199996,3.3394249435616548
3/6/2018 3:00,1.899000049,1.899000049,3.330114109407644
3/6/2018 4:00,2.109999895,2.109999895,3.201094971566121
3/6/2018 5:00,1.970000029,1.970000029,3.078975807977073
3/6/2018 6:00,2.461999893,2.461999893,2.8980681010947738
3/6/2018 7:00,1.970000029,1.970000029,2.856625885458646
3/6/2018 8:00,1.406999946,1.406999946,2.743434106425912
3/6/2018 9:00,1.406999946,1.406999946,2.4569125167040333
3/6/2018 10:00,2.180999994,2.180999994,2.5022506649929994
3/6/2018 11:00,1.828999996,1.828999996,2.70319096522236
3/6/2018 12:00,2.250999928,2.250999928,2.500212662158834
3/6/2018 13:00,2.321000099,2.321000099,2.396768129529425
3/6/2018 14:00,2.532000065,2.532000065,2.509820087161893
3/6/2018 15:00,3.025000095,3.025000095,2.162959207707459
3/6/2018 16:00,2.954999924,2.954999924,2.0269659479012034
3/6/2018 17:00,2.884000063,2.884000063,2.1390010226226543
3/6/2018 18:00,2.813999891,2.813999891,2.2604973454287034
3/6/2018 19:00,2.109999895,2.109999895,2.264590299145553
3/6/2018 20:00,1.828999996,1.828999996,2.301390867994094
3/6/2018 21:00,1.476999998,1.476999998,2.411860366733789
3/6/2018 22:00,1.758999944,1.758999944,2.579836712597638
3/6/2018 23:00,1.828999996,1.828999996,2.7867448444110376
3/7/2018 0:00,1.970000029,1.970000029,2.980774577857602
3/7/2018 1:00,1.899000049,1.899000049,3.102760275564581
3/7/2018 2:00,0.773999989,0.773999989,2.9780586530827584
3/7/2018 3:00,-0.843999982,-0.843999982,3.176255487958434
3/7/2018 4:00,-0.633000016,-0.633000016,3.1118846811849057
3/7/2018 5:00,-0.915000021,-0.915000021,3.074022740797988
3/7/2018 6:00,0.0,0.0,2.8666527746625
3/7/2018 7:00,-0.492000014,-0.492000014,2.7407584332662958
3/7/2018 8:00,-0.773999989,-0.773999989,2.626143018158137
3/7/2018 9:00,-0.563000023,-0.563000023,2.384976524773741
3/7/2018 10:00,0.0,0.0,2.4101803914245448
3/7/2018 11:00,1.19599998,1.19599998,2.5723456751531355
3/7/2018 12:00,0.0,0.0,2.3879085371671778
3/7/2018 13:00,0.633000016,0.633000016,2.3234000274994493
3/7/2018 14:00,1.828999996,1.828999996,2.5228743215320915
3/7/2018 15:00,1.547999978,1.547999978,2.236676863238099
3/7/2018 16:00,1.828999996,1.828999996,2.1483902415010565
3/7/2018 17:00,1.687999964,1.687999964,2.2600884737582323
3/7/2018 18:00,2.109999895,2.109999895,2.365185441118045
3/7/2018 19:00,1.828999996,1.828999996,2.455859619189916
3/7/2018 20:00,2.180999994,2.180999994,2.5800909333253923
3/7/2018 21:00,2.180999994,2.180999994,2.7537173348635857
3/7/2018 22:00,2.039999962,2.039999962,2.957055783958099
3/7/2018 23:00,2.743999958,2.743999958,3.1734103343136457
3/8/2018 0:00,2.673000097,2.673000097,3.385621086806795
3/8/2018 1:00,2.532000065,2.532000065,3.5076110215259018
3/8/2018 2:00,2.743999958,2.743999958,3.3860744471046225
3/8/2018 3:00,4.221000195,4.221000195,3.675494153122907
3/8/2018 4:00,3.799000025,3.799000025,3.646424012904168
3/8/2018 5:00,4.150000095,4.150000095,3.630395396019241
3/8/2018 6:00,2.884000063,2.884000063,3.495031332514177
3/8/2018 7:00,4.010000229,4.010000229,3.3583135436338214
3/8/2018 8:00,3.377000093,3.377000093,3.2864728844764386
3/8/2018 9:00,3.377000093,3.377000093,3.123915677125892
3/8/2018 10:00,3.657999992,3.657999992,3.188648748436469
3/8/2018 11:00,4.150000095,4.150000095,3.387010826785186
3/8/2018 12:00,4.501999855,4.501999855,3.2287944383610494
3/8/2018 13:00,4.854000092,4.854000092,3.158837131095113
3/8/2018 14:00,5.416999817,5.416999817,3.450216455223172
3/8/2018 15:00,4.572999954,4.572999954,3.175458929678136
3/8/2018 16:00,4.572999954,4.572999954,3.0912970392489125
3/8/2018 17:00,4.501999855,4.501999855,3.1812975323922323
3/8/2018 18:00,4.712999821,4.712999821,3.2386857431767684
3/8/2018 19:00,4.712999821,4.712999821,3.313180890433122
3/8/2018 20:00,4.712999821,4.712999821,3.411151203391549
3/8/2018 21:00,5.065000057,5.065000057,3.567475765899978
3/8/2018 22:00,4.712999821,4.712999821,3.7430278894509135
3/8/2018 23:00,4.643000126,4.643000126,3.933045172411086
3/9/2018 0:00,4.501999855,4.501999855,4.121931173132749
3/9/2018 1:00,5.205999851,5.205999851,4.279954777505006
3/9/2018 2:00,4.923999786,4.923999786,4.133155018263114
3/9/2018 3:00,5.276000023,5.276000023,4.580996607793802
3/9/2018 4:00,4.150000095,4.150000095,4.593921613294059
3/9/2018 5:00,4.150000095,4.150000095,4.648884134634603
3/9/2018 6:00,3.799000025,3.799000025,4.607158039185816
3/9/2018 7:00,4.010000229,4.010000229,4.515693658351841
3/9/2018 8:00,4.643000126,4.643000126,4.507800104755061
3/9/2018 9:00,4.079999924,4.079999924,4.38076600709609
3/9/2018 10:00,5.697999954,5.697999954,4.431144081312793
3/9/2018 11:00,5.697999954,5.697999954,4.695126885013163
3/9/2018 12:00,5.205999851,5.205999851,4.575723646198959
3/9/2018 13:00,5.486999989,5.486999989,4.549420274900617
3/9/2018 14:00,6.612999916,6.612999916,4.976157307015544
3/9/2018 15:00,6.964000225,6.964000225,4.7994866122624895
3/9/2018 16:00,6.964000225,6.964000225,4.76062050000094
3/9/2018 17:00,7.034999847,7.034999847,4.86353328760813
3/9/2018 18:00,6.612999916,6.612999916,4.891707299761533
3/9/2018 19:00,5.697999954,5.697999954,4.960325711194626
3/9/2018 20:00,5.486999989,5.486999989,5.054683971312874
3/9/2018 21:00,5.135000229,5.135000229,5.214955310619693
3/9/2018 22:00,5.346000195,5.346000195,5.387196209191625
3/9/2018 23:00,4.78399992,4.78399992,5.577499490470521
3/10/2018 0:00,4.854000092,4.854000092,5.70983197179711
3/10/2018 1:00,5.065000057,5.065000057,5.85542788996778
3/10/2018 2:00,4.643000126,4.643000126,5.720435094650542
3/10/2018 3:00,4.78399992,4.78399992,6.094157042124829
3/10/2018 4:00,4.643000126,4.643000126,6.112020285261718
3/10/2018 5:00,4.501999855,4.501999855,6.2590816800025895
3/10/2018 6:00,4.43200016,4.43200016,6.381778136494248
3/10/2018 7:00,4.572999954,4.572999954,6.388239050364827
3/10/2018 8:00,5.276000023,5.276000023,6.444181910386774
3/10/2018 9:00,5.55700016,5.55700016,6.426491855120668
3/10/2018 10:00,6.964000225,6.964000225,6.607645838332978
3/10/2018 11:00,6.472000122,6.472000122,7.058993555400615
3/10/2018 12:00,6.541999817,6.541999817,7.067381780163484
3/10/2018 13:00,7.245999813,7.245999813,7.059691603148908
3/10/2018 14:00,9.355999947,9.355999947,7.585844828611366
3/10/2018 15:00,8.512000084,8.512000084,7.372833280825791
3/10/2018 16:00,9.355999947,9.355999947,7.375633945843221
3/10/2018 17:00,9.708000183,9.708000183,7.505215547044899
3/10/2018 18:00,8.86400032,8.86400032,7.481386590830035
3/10/2018 19:00,8.020000458,8.020000458,7.540027897951794
3/10/2018 20:00,7.034999847,7.034999847,7.549121585234182
3/10/2018 21:00,6.823999882,6.823999882,7.540804330424478
3/10/2018 22:00,6.612999916,6.612999916,7.518542009444402
3/10/2018 23:00,6.40199995,6.40199995,7.481839951127864
3/11/2018 0:00,6.683000088,6.683000088,7.401170947572686
3/11/2018 1:00,6.823999882,6.823999882,7.67303724196603
3/11/2018 2:00,6.894000053,6.894000053,7.387743326508598
3/11/2018 3:00,6.894000053,6.894000053,7.628314519688836
3/11/2018 4:00,6.330999851,6.330999851,7.654204782304577
3/11/2018 5:00,6.330999851,6.330999851,7.833589812952928
3/11/2018 6:00,6.612999916,6.612999916,7.957938174548475
3/11/2018 7:00,5.627999783,5.627999783,7.964753408558363
3/11/2018 8:00,5.839000225,5.839000225,8.053330265626258
3/11/2018 9:00,5.697999954,5.697999954,8.050047640479125
3/11/2018 10:00,7.034999847,7.034999847,8.324632507779896
3/11/2018 11:00,6.683000088,6.683000088,8.856164090513913
3/11/2018 12:00,7.737999916,7.737999916,8.96509714273024
3/11/2018 13:00,8.300999641,8.300999641,9.010923606667102
3/11/2018 14:00,10.3409996,10.3409996,9.631555847093493
3/11/2018 15:00,9.918999672,9.918999672,9.39856202047989
3/11/2018 16:00,9.708000183,9.708000183,9.311428395668518
3/11/2018 17:00,9.708000183,9.708000183,9.336657684392096
3/11/2018 18:00,8.934000015,8.934000015,9.165077759712329
3/11/2018 19:00,8.512000084,8.512000084,8.968280198092334
3/11/2018 20:00,8.37100029,8.37100029,8.806314053933818
3/11/2018 21:00,7.879000187,7.879000187,8.633471499639533
3/11/2018 22:00,7.52699995,7.52699995,8.434256722599805
3/11/2018 23:00,7.668000221,7.668000221,8.25988142916777
3/12/2018 0:00,8.020000458,8.020000458,8.028604122093025
3/12/2018 1:00,7.948999882,7.948999882,7.64406667153233
3/12/2018 2:00,7.597000122,7.597000122,7.049526481424337
3/12/2018 3:00,7.668000221,7.668000221,6.680499673015767
3/12/2018 4:00,7.948999882,7.948999882,6.273386362577432
3/12/2018 5:00,8.159999847,8.159999847,6.123279615368666
3/12/2018 6:00,7.668000221,7.668000221,6.1048602643898136
3/12/2018 7:00,7.456999779,7.456999779,6.0075546327091605
3/12/2018 8:00,8.020000458,8.020000458,5.968457073660053
3/12/2018 9:00,8.300999641,8.300999641,5.91046244051452
3/12/2018 10:00,8.86400032,8.86400032,5.9955585921182415
3/12/2018 11:00,8.722999573,8.722999573,6.424114361689647
3/12/2018 12:00,9.00399971,9.00399971,6.240297416354105
3/12/2018 13:00,9.355999947,9.355999947,6.151922876615382
3/12/2018 14:00,10.55200005,10.55200005,6.679316487378676
3/12/2018 15:00,10.13000011,10.13000011,6.04025589232266
3/12/2018 16:00,10.48200035,10.48200035,5.6571510814881645
3/12/2018 17:00,11.18500042,11.18500042,5.537166312759222
3/12/2018 18:00,10.97399998,10.97399998,5.3005132965455015
3/12/2018 19:00,9.918999672,9.918999672,5.045114679418978
3/12/2018 20:00,9.848999977,9.848999977,4.945434732066401
3/12/2018 21:00,9.425999641,9.425999641,4.978106332594996
3/12/2018 22:00,9.286000252,9.286000252,5.017724514509485
3/12/2018 23:00,9.215000153,9.215000153,5.059768385867965
3/13/2018 0:00,9.00399971,9.00399971,5.075090480980341
3/13/2018 1:00,8.722999573,8.722999573,5.216151207293173
3/13/2018 2:00,8.86400032,8.86400032,4.945763100506419
3/13/2018 3:00,8.793000221,8.793000221,4.780091689240878
3/13/2018 4:00,8.722999573,8.722999573,4.803293567660614
3/13/2018 5:00,8.722999573,8.722999573,4.731088525460114
3/13/2018 6:00,8.581999779,8.581999779,4.585981452563857
3/13/2018 7:00,8.230999947,8.230999947,4.524112601452647
3/13/2018 8:00,8.159999847,8.159999847,4.470899966121481
3/13/2018 9:00,9.286000252,9.286000252,4.230722815069264
3/13/2018 10:00,10.97399998,10.97399998,4.20182851085389
3/13/2018 11:00,10.83300018,10.83300018,4.496050870120669
3/13/2018 12:00,10.90400028,10.90400028,4.231718512919636
3/13/2018 13:00,11.60700035,11.60700035,3.9892745603782735
3/13/2018 14:00,12.6619997,12.6619997,4.040917382715554
3/13/2018 15:00,11.74800014,11.74800014,3.567878282052257
3/13/2018 16:00,11.32600021,11.32600021,3.397921133017988
3/13/2018 17:00,11.5369997,11.5369997,3.637746612063477
3/13/2018 18:00,12.31099987,12.31099987,3.8448305798802416
3/13/2018 19:00,11.88899994,11.88899994,3.861373993738871
3/13/2018 20:00,11.32600021,11.32600021,3.929414053016325
3/13/2018 21:00,11.04399967,11.04399967,3.998360832889436
3/13/2018 22:00,10.90400028,10.90400028,4.071737408943669
3/13/2018 23:00,10.62199974,10.62199974,4.163002650207568
3/14/2018 0:00,10.62199974,10.62199974,4.239881116786624
3/14/2018 1:00,10.48200035,10.48200035,4.33059978348585
3/14/2018 2:00,10.69299984,10.69299984,4.163587357881404
3/14/2018 3:00,10.76299953,10.76299953,4.161824760835639
3/14/2018 4:00,10.76299953,10.76299953,4.284443891855938
3/14/2018 5:00,9.98900032,9.98900032,4.360860524112905
3/14/2018 6:00,10.62199974,10.62199974,4.271198991939924
3/14/2018 7:00,10.19999981,10.19999981,4.191924495001784
3/14/2018 8:00,10.48200035,10.48200035,4.054035172267691
3/14/2018 9:00,10.83300018,10.83300018,3.816340910323209
3/14/2018 10:00,10.76299953,10.76299953,3.795948170945163
3/14/2018 11:00,10.76299953,10.76299953,3.973178151299278
3/14/2018 12:00,10.83300018,10.83300018,3.812383540994496
3/14/2018 13:00,9.496999741,9.496999741,3.7447438793632575
3/14/2018 14:00,10.62199974,10.62199974,3.9716379973902978
3/14/2018 15:00,10.69299984,10.69299984,3.7216330967043
3/14/2018 16:00,10.76299953,10.76299953,3.6923511058791
3/14/2018 17:00,10.19999981,10.19999981,3.9871052101681
3/14/2018 18:00,10.48200035,10.48200035,4.257757070959901
3/14/2018 19:00,9.777999878,9.777999878,4.328826593909762
3/14/2018 20:00,9.637999535,9.637999535,4.449994548275795
3/14/2018 21:00,9.496999741,9.496999741,4.575535099159207
3/14/2018 22:00,9.567000389,9.567000389,4.687485433638074
3/14/2018 23:00,9.425999641,9.425999641,4.793226426841532
3/15/2018 0:00,9.708000183,9.708000183,4.88873079874074
3/15/2018 1:00,9.708000183,9.708000183,4.9421446921480445
3/15/2018 2:00,9.567000389,9.567000389,4.852459856408352
3/15/2018 3:00,9.496999741,9.496999741,4.9043992695946805
3/15/2018 4:00,9.637999535,9.637999535,5.021412833567991
3/15/2018 5:00,9.777999878,9.777999878,5.184908539105164
3/15/2018 6:00,9.918999672,9.918999672,5.16923371273303
3/15/2018 7:00,9.637999535,9.637999535,5.1157626196619805
3/15/2018 8:00,10.13000011,10.13000011,5.087196683886623
3/15/2018 9:00,10.13000011,10.13000011,4.977684749888136
3/15/2018 10:00,9.918999672,9.918999672,5.031702417523858
3/15/2018 11:00,9.708000183,9.708000183,5.288889053768923
3/15/2018 12:00,10.62199974,10.62199974,5.211118696136664
3/15/2018 13:00,10.83300018,10.83300018,5.233690319002175
3/15/2018 14:00,10.90400028,10.90400028,5.584064740764783
3/15/2018 15:00,10.83300018,10.83300018,5.427142759546131
3/15/2018 16:00,11.67800045,11.67800045,5.417668800425142
3/15/2018 17:00,11.88899994,11.88899994,5.700728751237431
3/15/2018 18:00,11.60700035,11.60700035,5.95039045394096
3/15/2018 19:00,7.668000221,7.668000221,6.064870284660984
3/15/2018 20:00,2.321000099,2.321000099,6.186144164330248
3/15/2018 21:00,0.985000014,0.985000014,6.313157606555089
3/15/2018 22:00,2.884000063,2.884000063,6.4432105753561455
3/15/2018 23:00,1.687999964,1.687999964,6.561120267394792
3/16/2018 0:00,2.743999958,2.743999958,6.659109117281282
3/16/2018 1:00,2.250999928,2.250999928,6.5679656901160985
3/16/2018 2:00,1.828999996,1.828999996,6.490127540289771
3/16/2018 3:00,2.602999926,2.602999926,6.540158179511876
3/16/2018 4:00,3.377000093,3.377000093,6.691964498210984
3/16/2018 5:00,3.165999889,3.165999889,6.989741710654199
3/16/2018 6:00,3.305999994,3.305999994,7.090628147210578
3/16/2018 7:00,2.743999958,2.743999958,7.092077205358779
3/16/2018 8:00,1.899000049,1.899000049,7.212174254909145
3/16/2018 9:00,2.109999895,2.109999895,7.214266279647959
3/16/2018 10:00,2.109999895,2.109999895,7.4347370872870675
3/16/2018 11:00,3.025000095,3.025000095,8.027954270357704
3/16/2018 12:00,3.657999992,3.657999992,8.152894224771796
3/16/2018 13:00,4.010000229,4.010000229,8.314504459911456
3/16/2018 14:00,3.799000025,3.799000025,8.973851869042289
3/16/2018 15:00,3.868999958,3.868999958,8.824120097406961
3/16/2018 16:00,4.290999889,4.290999889,8.806446990189372
3/16/2018 17:00,4.501999855,4.501999855,8.998576423695972
3/16/2018 18:00,4.78399992,4.78399992,9.131077855881214
3/16/2018 19:00,4.994999886,4.994999886,9.114698626242593
3/16/2018 20:00,5.205999851,5.205999851,9.170011230710315
3/16/2018 21:00,5.346000195,5.346000195,9.227555681317115
3/16/2018 22:00,4.923999786,4.923999786,9.253263222784785
3/16/2018 23:00,4.150000095,4.150000095,9.303552319746773
3/17/2018 0:00,3.377000093,3.377000093,9.26547323248823
3/17/2018 1:00,3.165999889,3.165999889,9.440800794396315
3/17/2018 2:00,2.743999958,2.743999958,9.240792107208872
3/17/2018 3:00,3.025000095,3.025000095,9.124979206547684
3/17/2018 4:00,2.813999891,2.813999891,9.066723467529687
3/17/2018 5:00,2.743999958,2.743999958,9.2077868419751
3/17/2018 6:00,2.743999958,2.743999958,9.20597657854288
3/17/2018 7:00,2.321000099,2.321000099,9.20167018534002
3/17/2018 8:00,2.813999891,2.813999891,9.406367656074988
3/17/2018 9:00,3.095000029,3.095000029,9.374002709299248
3/17/2018 10:00,3.868999958,3.868999958,9.656123632298392
3/17/2018 11:00,4.43200016,4.43200016,10.33724028012276
3/17/2018 12:00,5.135000229,5.135000229,10.48635027022812
3/17/2018 13:00,5.276000023,5.276000023,10.719286367551462
3/17/2018 14:00,6.119999886,6.119999886,11.549127437377429
3/17/2018 15:00,6.472000122,6.472000122,11.238726047295136
3/17/2018 16:00,6.050000191,6.050000191,11.060057336509882
3/17/2018 17:00,5.839000225,5.839000225,11.075053711314824
3/17/2018 18:00,5.768000126,5.768000126,11.024886693264808
3/17/2018 19:00,5.627999783,5.627999783,10.619024625470889
3/17/2018 20:00,5.486999989,5.486999989,10.33856805379876
3/17/2018 21:00,5.486999989,5.486999989,10.0765623458832
3/17/2018 22:00,5.276000023,5.276000023,9.880075675028188
3/17/2018 23:00,3.51699996,3.51699996,9.783991362093792
3/18/2018 0:00,4.712999821,4.712999821,9.714624058766852
3/18/2018 1:00,4.854000092,4.854000092,10.149210155851204
3/18/2018 2:00,5.55700016,5.55700016,9.989090289728004
3/18/2018 3:00,5.90899992,5.90899992,9.991699229946589
3/18/2018 4:00,4.923999786,4.923999786,10.073565719054791
3/18/2018 5:00,3.799000025,3.799000025,10.309355444047178
3/18/2018 6:00,5.839000225,5.839000225,10.27470198109513
3/18/2018 7:00,7.737999916,7.737999916,10.250432375618823
3/18/2018 8:00,8.090000153,8.090000153,10.33081802898786
3/18/2018 9:00,7.105000019,7.105000019,10.19332910389998
3/18/2018 10:00,7.597000122,7.597000122,10.499219664944182
3/18/2018 11:00,7.948999882,7.948999882,11.06979160706356
3/18/2018 12:00,6.964000225,6.964000225,11.16175092387688
3/18/2018 13:00,7.809000015,7.809000015,11.314731689375565
3/18/2018 14:00,6.261000156,6.261000156,11.981008202217255
3/18/2018 15:00,5.697999954,5.697999954,11.58293323309037
3/18/2018 16:00,5.486999989,5.486999989,11.30954134951724
3/18/2018 17:00,5.416999817,5.416999817,11.182085933964668
3/18/2018 18:00,5.979000092,5.979000092,11.002327516622426
3/18/2018 19:00,5.486999989,5.486999989,10.554956500251343
3/18/2018 20:00,4.43200016,4.43200016,10.254681569157938
3/18/2018 21:00,5.979000092,5.979000092,10.01798035693125
3/18/2018 22:00,5.979000092,5.979000092,9.853840625550433
3/18/2018 23:00,5.768000126,5.768000126,9.77656493908426
3/19/2018 0:00,5.90899992,5.90899992,9.709629680719509
3/19/2018 1:00,6.119999886,6.119999886,9.55962250329578
3/19/2018 2:00,6.752999783,6.752999783,8.99720839840474
3/19/2018 3:00,4.854000092,4.854000092,8.780826307470354
3/19/2018 4:00,4.78399992,4.78399992,8.265649061928702
3/19/2018 5:00,4.361999989,4.361999989,7.816680956798151
3/19/2018 6:00,5.839000225,5.839000225,7.612156673933966
3/19/2018 7:00,4.854000092,4.854000092,7.353607308662833
3/19/2018 8:00,4.854000092,4.854000092,7.312465920887882
3/19/2018 9:00,5.276000023,5.276000023,7.278784322592979
3/19/2018 10:00,5.55700016,5.55700016,7.353191022221136
3/19/2018 11:00,5.135000229,5.135000229,7.903837885176233
3/19/2018 12:00,6.261000156,6.261000156,7.830122348151659
3/19/2018 13:00,5.205999851,5.205999851,7.839798624601818
3/19/2018 14:00,5.346000195,5.346000195,8.4893913725581
3/19/2018 15:00,5.416999817,5.416999817,7.975163217733397
3/19/2018 16:00,5.065000057,5.065000057,7.683762708544693
3/19/2018 17:00,6.050000191,6.050000191,7.638514067136956
3/19/2018 18:00,3.165999889,3.165999889,7.430349661227236
3/19/2018 19:00,3.868999958,3.868999958,6.950191320933778
3/19/2018 20:00,4.643000126,4.643000126,6.6235812409510615
3/19/2018 21:00,4.572999954,4.572999954,6.479640405643378
3/19/2018 22:00,4.643000126,4.643000126,6.384608460596581
3/19/2018 23:00,4.079999924,4.079999924,6.3758706823330495
3/20/2018 0:00,3.095000029,3.095000029,6.404722616427131
3/20/2018 1:00,3.236000061,3.236000061,6.691309879837016
3/20/2018 2:00,4.010000229,4.010000229,6.295437362577561
3/20/2018 3:00,3.727999926,3.727999926,5.982797770837992
3/20/2018 4:00,4.290999889,4.290999889,6.082305059946302
3/20/2018 5:00,4.643000126,4.643000126,5.972579156835291
3/20/2018 6:00,4.43200016,4.43200016,5.913178365289365
3/20/2018 7:00,3.165999889,3.165999889,5.862489929934196
3/20/2018 8:00,2.954999924,2.954999924,5.893213564136371
3/20/2018 9:00,3.727999926,3.727999926,5.91326310553195
3/20/2018 10:00,4.150000095,4.150000095,6.019415088911945
3/20/2018 11:00,3.588000059,3.588000059,6.518031972546451
3/20/2018 12:00,3.868999958,3.868999958,6.453064806315732
3/20/2018 13:00,3.447000027,3.447000027,6.4321382034094
3/20/2018 14:00,3.51699996,3.51699996,6.636396613762475
3/20/2018 15:00,3.51699996,3.51699996,6.190182566515933
3/20/2018 16:00,3.095000029,3.095000029,5.937113776433977
3/20/2018 17:00,2.461999893,2.461999893,5.968708646255227
3/20/2018 18:00,2.532000065,2.532000065,6.077075527725784
3/20/2018 19:00,2.884000063,2.884000063,5.936289147948322
3/20/2018 20:00,2.532000065,2.532000065,5.939010368988329
3/20/2018 21:00,2.602999926,2.602999926,6.047528723642506
3/20/2018 22:00,3.377000093,3.377000093,6.151809006914409
3/20/2018 23:00,3.377000093,3.377000093,6.3054112891298
3/21/2018 0:00,3.447000027,3.447000027,6.430136215178333
3/21/2018 1:00,2.743999958,2.743999958,6.470276608837752
3/21/2018 2:00,3.447000027,3.447000027,6.138732528230532
3/21/2018 3:00,3.799000025,3.799000025,5.816593025670684
3/21/2018 4:00,3.868999958,3.868999958,5.888389725827228
3/21/2018 5:00,4.079999924,4.079999924,5.851298392021317
3/21/2018 6:00,3.938999891,3.938999891,5.835142664772512
3/21/2018 7:00,4.010000229,4.010000229,5.734031666573284
3/21/2018 8:00,4.290999889,4.290999889,5.72421662797589
3/21/2018 9:00,3.165999889,3.165999889,5.636671483361468
3/21/2018 10:00,5.416999817,5.416999817,5.577399920685483
3/21/2018 11:00,5.205999851,5.205999851,5.963094075557464
3/21/2018 12:00,5.065000057,5.065000057,5.928715488767299
3/21/2018 13:00,6.190999985,6.190999985,5.908167039193502
3/21/2018 14:00,5.90899992,5.90899992,6.160366712162448
3/21/2018 15:00,6.683000088,6.683000088,5.828241631267007
3/21/2018 16:00,6.683000088,6.683000088,5.708107507860508
3/21/2018 17:00,6.40199995,6.40199995,5.909831125707262
3/21/2018 18:00,6.894000053,6.894000053,6.14965024923456
3/21/2018 19:00,7.034999847,7.034999847,6.177541440828335
3/21/2018 20:00,6.752999783,6.752999783,6.26522693646954
3/21/2018 21:00,6.752999783,6.752999783,6.3883317350051545
3/21/2018 22:00,6.683000088,6.683000088,6.51134543777999
3/21/2018 23:00,6.683000088,6.683000088,6.66950886355251
3/22/2018 0:00,6.612999916,6.612999916,6.821741531597123
3/22/2018 1:00,6.330999851,6.330999851,6.8116918684530745
3/22/2018 2:00,6.752999783,6.752999783,6.594268531787925
3/22/2018 3:00,6.261000156,6.261000156,6.280966906903164
3/22/2018 4:00,6.261000156,6.261000156,6.348967773818421
3/22/2018 5:00,6.472000122,6.472000122,6.479685953523768
3/22/2018 6:00,6.472000122,6.472000122,6.563443209294649
3/22/2018 7:00,6.119999886,6.119999886,6.5244722309829015
3/22/2018 8:00,6.964000225,6.964000225,6.56677403045475
3/22/2018 9:00,7.948999882,7.948999882,6.545449148408268
3/22/2018 10:00,8.512000084,8.512000084,6.575572186141123
3/22/2018 11:00,7.456999779,7.456999779,7.096120903809625
3/22/2018 12:00,8.159999847,8.159999847,7.180971838336366
3/22/2018 13:00,9.425999641,9.425999641,7.266506520695464
3/22/2018 14:00,9.00399971,9.00399971,7.711882169166932
3/22/2018 15:00,8.512000084,8.512000084,7.447639318847129
3/22/2018 16:00,8.793000221,8.793000221,7.315037257623817
3/22/2018 17:00,8.581999779,8.581999779,7.485855579373354
3/22/2018 18:00,9.708000183,9.708000183,7.703349885991669
3/22/2018 19:00,9.215000153,9.215000153,7.718338316398866
3/22/2018 20:00,8.512000084,8.512000084,7.845500054048231
3/22/2018 21:00,8.37100029,8.37100029,7.985666770801791
3/22/2018 22:00,8.512000084,8.512000084,8.113732580914233
3/22/2018 23:00,8.37100029,8.37100029,8.302817191579454
3/23/2018 0:00,8.442000389,8.442000389,8.453722615574582
3/23/2018 1:00,8.159999847,8.159999847,8.502575365424757
3/23/2018 2:00,8.300999641,8.300999641,8.364333841057421
3/23/2018 3:00,8.722999573,8.722999573,8.099398768881002
3/23/2018 4:00,8.300999641,8.300999641,8.217377841993265
3/23/2018 5:00,8.020000458,8.020000458,8.348413797608305
3/23/2018 6:00,8.159999847,8.159999847,8.39386952298386
3/23/2018 7:00,8.230999947,8.230999947,8.402838748034952
3/23/2018 8:00,8.581999779,8.581999779,8.535480531246975
3/23/2018 9:00,8.230999947,8.230999947,8.546926819514127
3/23/2018 10:00,9.918999672,9.918999672,8.70990031330637
3/23/2018 11:00,9.98900032,9.98900032,9.418201630951962
3/23/2018 12:00,9.708000183,9.708000183,9.6195476250927
3/23/2018 13:00,10.27099991,10.27099991,9.891456819233852
3/23/2018 14:00,11.60700035,11.60700035,10.588349452094942
3/23/2018 15:00,12.52200031,12.52200031,10.328385984025674
3/23/2018 16:00,12.38099957,12.38099957,10.223155550783789
3/23/2018 17:00,12.7329998,12.7329998,10.381850986391788
3/23/2018 18:00,12.02900028,12.02900028,10.542295778382648
3/23/2018 19:00,10.83300018,10.83300018,10.41565678210473
3/23/2018 20:00,10.62199974,10.62199974,10.368121743026748
3/23/2018 21:00,9.425999641,9.425999641,10.372608738871618
3/23/2018 22:00,9.00399971,9.00399971,10.412660155276322
3/23/2018 23:00,9.286000252,9.286000252,10.508008816979778
3/24/2018 0:00,9.145000458,9.145000458,10.60457614929691
3/24/2018 1:00,9.496999741,9.496999741,10.99520059740778
3/24/2018 2:00,9.848999977,9.848999977,11.013444642009787
3/24/2018 3:00,9.286000252,9.286000252,10.835928928150205
3/24/2018 4:00,9.355999947,9.355999947,11.007667740784822
3/24/2018 5:00,9.074999809,9.074999809,10.982279828919657
3/24/2018 6:00,9.00399971,9.00399971,10.751995571562704
3/24/2018 7:00,10.62199974,10.62199974,10.578594261293876
3/24/2018 8:00,9.496999741,9.496999741,10.544021831198798
3/24/2018 9:00,9.848999977,9.848999977,10.436085271272615
3/24/2018 10:00,9.918999672,9.918999672,10.598109674347912
3/24/2018 11:00,10.27099991,10.27099991,11.26428635259131
3/24/2018 12:00,10.69299984,10.69299984,11.487166960878923
3/24/2018 13:00,10.69299984,10.69299984,11.810020664795807
3/24/2018 14:00,11.67800045,11.67800045,12.561353342439253
3/24/2018 15:00,12.7329998,12.7329998,12.389156402868162
3/24/2018 16:00,12.94400024,12.94400024,12.324277684265642
3/24/2018 17:00,13.29599953,13.29599953,12.374550892432143
3/24/2018 18:00,12.6619997,12.6619997,12.5629694977533
3/24/2018 19:00,12.02900028,12.02900028,12.359711287075983
3/24/2018 20:00,11.46700001,11.46700001,12.275351051516465
3/24/2018 21:00,11.11499977,11.11499977,12.213150919019398
3/24/2018 22:00,10.97399998,10.97399998,12.131648283327792
3/24/2018 23:00,10.62199974,10.62199974,12.03549405969326
3/25/2018 0:00,10.69299984,10.69299984,11.99285806588972
3/25/2018 1:00,9.777999878,9.777999878,12.658168275152686
3/25/2018 2:00,9.286000252,9.286000252,12.881931638436104
3/25/2018 3:00,10.55200005,10.55200005,12.801111161697303
3/25/2018 4:00,10.3409996,10.3409996,13.222775563447124
3/25/2018 5:00,10.69299984,10.69299984,12.874609154630368
3/25/2018 6:00,10.41100025,10.41100025,12.353389400165897
3/25/2018 7:00,9.98900032,9.98900032,12.177326187026871
3/25/2018 8:00,10.62199974,10.62199974,12.109426213962942
3/25/2018 9:00,10.97399998,10.97399998,11.700110186843917
3/25/2018 10:00,10.27099991,10.27099991,11.736587153891088
3/25/2018 11:00,9.98900032,9.98900032,12.07347834380541
3/25/2018 12:00,10.62199974,10.62199974,12.147628704199748
3/25/2018 13:00,10.3409996,10.3409996,12.376400877853076
3/25/2018 14:00,10.76299953,10.76299953,13.041975503154234
3/25/2018 15:00,10.90400028,10.90400028,13.101773911807165
3/25/2018 16:00,10.83300018,10.83300018,13.128871722879738
3/25/2018 17:00,10.97399998,10.97399998,13.213326893992283
3/25/2018 18:00,11.46700001,11.46700001,13.472116444888492
3/25/2018 19:00,10.3409996,10.3409996,13.275243146676688
3/25/2018 20:00,10.62199974,10.62199974,13.288451899582975
3/25/2018 21:00,10.55200005,10.55200005,13.376649411658674
3/25/2018 22:00,10.48200035,10.48200035,13.435388037652777
3/25/2018 23:00,10.48200035,10.48200035,13.465257119471136
3/26/2018 0:00,10.13000011,10.13000011,13.447036113622582
3/26/2018 1:00,9.918999672,9.918999672,13.424578360458044
3/26/2018 2:00,10.83300018,10.83300018,13.073951571660489
3/26/2018 3:00,10.3409996,10.3409996,12.634083244517262
3/26/2018 4:00,10.06000042,10.06000042,11.999313683495137
3/26/2018 5:00,10.76299953,10.76299953,11.262231401708627
3/26/2018 6:00,10.76299953,10.76299953,10.876336253573765
3/26/2018 7:00,10.76299953,10.76299953,10.914152116453778
3/26/2018 8:00,11.04399967,11.04399967,10.83793965521879
3/26/2018 9:00,10.62199974,10.62199974,10.42317986195346
3/26/2018 10:00,11.60700035,11.60700035,10.408149326238227
3/26/2018 11:00,10.19999981,10.19999981,10.744399403254745
3/26/2018 12:00,11.11499977,11.11499977,10.641303629686224
3/26/2018 13:00,12.23999977,12.23999977,10.840484510628915
3/26/2018 14:00,13.50699997,13.50699997,11.724180652750146
3/26/2018 15:00,13.36600018,13.36600018,11.96975575725502
3/26/2018 16:00,13.78800011,13.78800011,12.35025771857587
3/26/2018 17:00,13.71800041,13.71800041,12.66589049457149
3/26/2018 18:00,13.64700031,13.64700031,12.76379698753472
3/26/2018 19:00,12.45100021,12.45100021,12.1591406661549
3/26/2018 20:00,11.74800014,11.74800014,11.853951330618091
3/26/2018 21:00,11.60700035,11.60700035,11.618392522786747
3/26/2018 22:00,11.04399967,11.04399967,11.242574843188034
3/26/2018 23:00,10.83300018,10.83300018,10.796781054582064
3/27/2018 0:00,10.62199974,10.62199974,10.33004239095495
3/27/2018 1:00,10.69299984,10.69299984,10.894723032521874
3/27/2018 2:00,10.3409996,10.3409996,10.82091692936304
3/27/2018 3:00,10.62199974,10.62199974,10.628289646931254
3/27/2018 4:00,10.48200035,10.48200035,10.70648608909576
3/27/2018 5:00,10.27099991,10.27099991,10.697144801417068
3/27/2018 6:00,10.48200035,10.48200035,10.572699518169063
3/27/2018 7:00,10.3409996,10.3409996,10.45559988988688
3/27/2018 8:00,11.32600021,11.32600021,10.488466657786676
3/27/2018 9:00,11.04399967,11.04399967,10.420623354759975
3/27/2018 10:00,11.88899994,11.88899994,10.47219970896948
3/27/2018 11:00,12.02900028,12.02900028,10.894360767984823
3/27/2018 12:00,11.5369997,11.5369997,11.016261725449215
3/27/2018 13:00,11.5369997,11.5369997,11.199030539909286
3/27/2018 14:00,13.01399994,13.01399994,11.687680382136264
3/27/2018 15:00,13.08500004,13.08500004,11.769445712579884
3/27/2018 16:00,13.57699966,13.57699966,11.919889302252924
3/27/2018 17:00,13.64700031,13.64700031,11.993157304871346
3/27/2018 18:00,12.8739996,12.8739996,12.174330619451496
3/27/2018 19:00,11.5369997,11.5369997,11.920728495467772
3/27/2018 20:00,10.83300018,10.83300018,11.784632223304124
3/27/2018 21:00,10.48200035,10.48200035,11.625807294012924
3/27/2018 22:00,10.19999981,10.19999981,11.39585537729486
3/27/2018 23:00,9.708000183,9.708000183,11.124418080379602
3/28/2018 0:00,9.496999741,9.496999741,10.849471742981557
3/28/2018 1:00,8.86400032,8.86400032,11.424305854489695
3/28/2018 2:00,8.86400032,8.86400032,11.438915866751104
3/28/2018 3:00,8.934000015,8.934000015,11.221151980236066
3/28/2018 4:00,8.442000389,8.442000389,11.39237705515001
3/28/2018 5:00,8.581999779,8.581999779,11.376294945986952
3/28/2018 6:00,8.159999847,8.159999847,11.21912774769132
3/28/2018 7:00,8.934000015,8.934000015,11.140201215374292
3/28/2018 8:00,9.848999977,9.848999977,11.199688071229094
3/28/2018 9:00,9.98900032,9.98900032,11.102749735537396
3/28/2018 10:00,11.11499977,11.11499977,11.198090717656369
3/28/2018 11:00,10.3409996,10.3409996,11.678917976239733
3/28/2018 12:00,9.918999672,9.918999672,11.84172543211916
3/28/2018 13:00,10.83300018,10.83300018,12.16221435364141
3/28/2018 14:00,12.10000038,12.10000038,12.740443371118106
3/28/2018 15:00,12.59200001,12.59200001,12.79858524043513
3/28/2018 16:00,13.08500004,13.08500004,12.899158138093943
3/28/2018 17:00,13.08500004,13.08500004,12.920638862742804
3/28/2018 18:00,12.23999977,12.23999977,13.106491559999816
3/28/2018 19:00,11.32600021,11.32600021,12.88927742580855
3/28/2018 20:00,10.90400028,10.90400028,12.81554613239512
3/28/2018 21:00,9.848999977,9.848999977,12.74965066328821
3/28/2018 22:00,9.496999741,9.496999741,12.6441989785692
3/28/2018 23:00,9.567000389,9.567000389,12.531785882921843
3/29/2018 0:00,9.496999741,9.496999741,12.370081903888824
3/29/2018 1:00,9.074999809,9.074999809,12.79961986583444
3/29/2018 2:00,9.286000252,9.286000252,12.634967588392612
3/29/2018 3:00,9.567000389,9.567000389,12.307293621145568
3/29/2018 4:00,9.074999809,9.074999809,12.394466438319135
3/29/2018 5:00,8.581999779,8.581999779,12.255557054914927
3/29/2018 6:00,8.159999847,8.159999847,11.965418116087706
3/29/2018 7:00,8.020000458,8.020000458,12.001647747551834
3/29/2018 8:00,8.652999878,8.652999878,12.134163214839756
3/29/2018 9:00,8.512000084,8.512000084,11.98528970297386
3/29/2018 10:00,9.145000458,9.145000458,12.102799791806063
3/29/2018 11:00,8.86400032,8.86400032,12.587024604490564
3/29/2018 12:00,9.145000458,9.145000458,12.750560826456224
3/29/2018 13:00,9.637999535,9.637999535,13.11949839279682
3/29/2018 14:00,10.13000011,10.13000011,13.697536877134327
3/29/2018 15:00,10.69299984,10.69299984,13.721316776693136
3/29/2018 16:00,10.48200035,10.48200035,13.735730562330303
3/29/2018 17:00,10.3409996,10.3409996,13.62086311120377
3/29/2018 18:00,9.637999535,9.637999535,13.792087921304455
3/29/2018 19:00,9.355999947,9.355999947,13.608460714668327
3/29/2018 20:00,9.425999641,9.425999641,13.680707597363604
3/29/2018 21:00,8.230999947,8.230999947,13.794606692608664
3/29/2018 22:00,7.809000015,7.809000015,13.817089007202888
3/29/2018 23:00,7.315999985,7.315999985,13.818109928516092
3/30/2018 0:00,6.612999916,6.612999916,13.721704529506274
3/30/2018 1:00,6.823999882,6.823999882,14.222697714912142
3/30/2018 2:00,6.472000122,6.472000122,14.107719373233786
3/30/2018 3:00,6.119999886,6.119999886,13.739802330986508
3/30/2018 4:00,6.119999886,6.119999886,13.94287067055778
3/30/2018 5:00,5.839000225,5.839000225,13.559384992054854
3/30/2018 6:00,5.276000023,5.276000023,13.010619230078513
3/30/2018 7:00,5.205999851,5.205999851,13.097311676001924
3/30/2018 8:00,5.55700016,5.55700016,13.057268203994964
3/30/2018 9:00,5.768000126,5.768000126,12.773159857493944
3/30/2018 10:00,6.261000156,6.261000156,12.854222505957257
3/30/2018 11:00,6.261000156,6.261000156,13.10508473956628
3/30/2018 12:00,6.330999851,6.330999851,13.109643764617346
3/30/2018 13:00,7.034999847,7.034999847,13.219324781881111
3/30/2018 14:00,7.034999847,7.034999847,13.6573772845137
3/30/2018 15:00,7.386000156,7.386000156,13.765333837840869
3/30/2018 16:00,7.315999985,7.315999985,13.928823585079734
3/30/2018 17:00,7.809000015,7.809000015,14.072697157819864
3/30/2018 18:00,6.683000088,6.683000088,14.494365101447013
3/30/2018 19:00,5.768000126,5.768000126,14.44567395388758
3/30/2018 20:00,6.330999851,6.330999851,14.61848853728148
3/30/2018 21:00,6.40199995,6.40199995,14.807506679818925
3/30/2018 22:00,6.261000156,6.261000156,14.945698551700367
3/30/2018 23:00,5.979000092,5.979000092,15.11025403989637
3/31/2018 0:00,5.768000126,5.768000126,15.160454159603644
3/31/2018 1:00,5.768000126,5.768000126,15.930292914567962
3/31/2018 2:00,5.768000126,5.768000126,15.983010878733038
3/31/2018 3:00,5.768000126,5.768000126,15.53617783049574
3/31/2018 4:00,5.768000126,5.768000126,15.757035397898273
3/31/2018 5:00,5.768000126,5.768000126,15.218233234757102
3/31/2018 6:00,5.768000126,5.768000126,14.577168400557325
3/31/2018 7:00,5.768000126,5.768000126,14.990391217672771
3/31/2018 8:00,5.768000126,5.768000126,15.14554226022803
3/31/2018 9:00,5.768000126,5.768000126,15.01536178384321
3/31/2018 10:00,5.768000126,5.768000126,15.240379302716882
3/31/2018 11:00,5.768000126,5.768000126,15.42447906861205
3/31/2018 12:00,5.768000126,5.768000126,15.597910832405557
3/31/2018 13:00,5.768000126,5.768000126,15.87647915314096
3/31/2018 14:00,5.768000126,5.768000126,16.42137281565769
3/31/2018 15:00,5.768000126,5.768000126,16.80437938077344
3/31/2018 16:00,5.768000126,5.768000126,17.008433355291277
3/31/2018 17:00,5.768000126,5.768000126,17.010641897863646
3/31/2018 18:00,5.768000126,5.768000126,17.274212122507933
3/31/2018 19:00,5.768000126,5.768000126,16.811855323862233
3/31/2018 20:00,5.768000126,5.768000126,16.865526880569647
3/31/2018 21:00,5.768000126,5.768000126,17.031609017198463
3/31/2018 22:00,5.768000126,5.768000126,17.18009113506892
3/31/2018 23:00,5.768000126,5.768000126,17.321159805779494
4/1/2018 0:00,9.00399971,9.00399971,17.325808072898532
4/1/2018 1:00,9.215000153,9.215000153,17.247419376308663
4/1/2018 2:00,9.00399971,9.00399971,17.20809778524322
4/1/2018 3:00,8.652999878,8.652999878,16.53912600306081
4/1/2018 4:00,9.215000153,9.215000153,16.299001285033693
4/1/2018 5:00,9.215000153,9.215000153,15.630157937281451
4/1/2018 6:00,9.425999641,9.425999641,14.736624512249152
4/1/2018 7:00,9.567000389,9.567000389,14.56151396480606
4/1/2018 8:00,10.19999981,10.19999981,14.626779045952118
4/1/2018 9:00,10.69299984,10.69299984,13.840991912520067
4/1/2018 10:00,11.11499977,11.11499977,13.40002778811492
4/1/2018 11:00,10.97399998,10.97399998,13.266808976813545
4/1/2018 12:00,10.76299953,10.76299953,13.151424279190667
4/1/2018 13:00,11.60700035,11.60700035,12.824097614531594
4/1/2018 14:00,11.25599957,11.25599957,13.320324823325208
4/1/2018 15:00,12.94400024,12.94400024,12.666593838584944
4/1/2018 16:00,12.7329998,12.7329998,11.857113730546056
4/1/2018 17:00,11.81799984,11.81799984,11.535463338073878
4/1/2018 18:00,11.74800014,11.74800014,11.176633958607365
4/1/2018 19:00,10.76299953,10.76299953,10.746359815804292
4/1/2018 20:00,10.69299984,10.69299984,10.44846396702146
4/1/2018 21:00,10.55200005,10.55200005,10.108115375209673
4/1/2018 22:00,10.48200035,10.48200035,9.802815347730988
4/1/2018 23:00,10.13000011,10.13000011,9.569035025740895
4/2/2018 0:00,9.708000183,9.708000183,9.284644653120022
4/2/2018 1:00,10.19999981,10.19999981,8.626197609066654
4/2/2018 2:00,10.48200035,10.48200035,8.045669747696586
4/2/2018 3:00,10.83300018,10.83300018,7.187184357370869
4/2/2018 4:00,10.3409996,10.3409996,6.626200773699967
4/2/2018 5:00,10.3409996,10.3409996,6.7081700103523065
4/2/2018 6:00,10.06000042,10.06000042,6.854825711181803
4/2/2018 7:00,10.48200035,10.48200035,6.597282106664849
4/2/2018 8:00,9.637999535,9.637999535,6.118208441476478
4/2/2018 9:00,10.55200005,10.55200005,5.609762219328644
4/2/2018 10:00,10.48200035,10.48200035,5.661750358154459
4/2/2018 11:00,10.13000011,10.13000011,6.050937399900484
4/2/2018 12:00,10.19999981,10.19999981,5.866646438832984
4/2/2018 13:00,11.67800045,11.67800045,5.568944962981579
4/2/2018 14:00,12.02900028,12.02900028,5.737391617191772
4/2/2018 15:00,12.10000038,12.10000038,5.187584212264783
4/2/2018 16:00,12.17000008,12.17000008,4.886665255327733
4/2/2018 17:00,12.02900028,12.02900028,4.799007829891885
4/2/2018 18:00,11.25599957,11.25599957,4.527184435246349
4/2/2018 19:00,10.97399998,10.97399998,4.4194795869209855
4/2/2018 20:00,10.55200005,10.55200005,4.3235726988695
4/2/2018 21:00,10.19999981,10.19999981,4.232580744887937
4/2/2018 22:00,10.3409996,10.3409996,4.212338419440478
4/2/2018 23:00,9.848999977,9.848999977,4.236031791267205
4/3/2018 0:00,9.425999641,9.425999641,4.302302897980699
4/3/2018 1:00,9.355999947,9.355999947,4.440855313113017
4/3/2018 2:00,9.215000153,9.215000153,4.345925056357324
4/3/2018 3:00,9.145000458,9.145000458,4.407628663995492
4/3/2018 4:00,9.145000458,9.145000458,4.394962116235119
4/3/2018 5:00,9.425999641,9.425999641,4.235608090054281
4/3/2018 6:00,9.286000252,9.286000252,4.018865853088908
4/3/2018 7:00,9.496999741,9.496999741,3.916120427460824
4/3/2018 8:00,9.848999977,9.848999977,3.960291278908185
4/3/2018 9:00,10.69299984,10.69299984,3.872047027292435
4/3/2018 10:00,11.39599991,11.39599991,4.062632069877926
4/3/2018 11:00,11.32600021,11.32600021,4.400357951181711
4/3/2018 12:00,11.39599991,11.39599991,4.268616533047151
4/3/2018 13:00,11.32600021,11.32600021,4.211520676099534
4/3/2018 14:00,12.7329998,12.7329998,4.34599708556352
4/3/2018 15:00,12.94400024,12.94400024,4.119278803539844
4/3/2018 16:00,13.43599987,13.43599987,4.071165412306222
4/3/2018 17:00,13.71800041,13.71800041,4.224543132878763
4/3/2018 18:00,12.23999977,12.23999977,4.300919513520501
4/3/2018 19:00,12.17000008,12.17000008,4.38532291364109
4/3/2018 20:00,11.60700035,11.60700035,4.450320798209747
4/3/2018 21:00,11.32600021,11.32600021,4.559853917268878
4/3/2018 22:00,10.97399998,10.97399998,4.7034759174138365
4/3/2018 23:00,10.90400028,10.90400028,4.856745594177083
4/4/2018 0:00,9.918999672,9.918999672,5.003310199245799
4/4/2018 1:00,8.86400032,8.86400032,5.041284420454142
4/4/2018 2:00,8.934000015,8.934000015,4.8698824502838
4/4/2018 3:00,7.809000015,7.809000015,5.0737441703762745
4/4/2018 4:00,6.823999882,6.823999882,5.035632246273732
4/4/2018 5:00,7.105000019,7.105000019,5.013404880643721
4/4/2018 6:00,6.612999916,6.612999916,4.892039905213679
4/4/2018 7:00,5.135000229,5.135000229,4.848201659218463
4/4/2018 8:00,5.346000195,5.346000195,4.925063177748999
4/4/2018 9:00,5.065000057,5.065000057,4.834861426529541
4/4/2018 10:00,5.276000023,5.276000023,5.050334678362205
4/4/2018 11:00,5.276000023,5.276000023,5.392724450767256
4/4/2018 12:00,5.065000057,5.065000057,5.274495923565883
4/4/2018 13:00,4.572999954,4.572999954,5.202502731971848
4/4/2018 14:00,4.290999889,4.290999889,5.432786459702282
4/4/2018 15:00,4.43200016,4.43200016,5.23550376019349
4/4/2018 16:00,4.221000195,4.221000195,5.193441881533461
4/4/2018 17:00,4.079999924,4.079999924,5.351118050911119
4/4/2018 18:00,3.799000025,3.799000025,5.445857642120998
4/4/2018 19:00,3.657999992,3.657999992,5.598162339371807
4/4/2018 20:00,3.799000025,3.799000025,5.752331321959485
4/4/2018 21:00,3.799000025,3.799000025,5.9429793901003976
4/4/2018 22:00,3.868999958,3.868999958,6.126633210468961
4/4/2018 23:00,3.938999891,3.938999891,6.304936743771325
4/5/2018 0:00,3.657999992,3.657999992,6.432803414313691
4/5/2018 1:00,3.799000025,3.799000025,6.369271535941754
4/5/2018 2:00,3.868999958,3.868999958,6.079459906301516
4/5/2018 3:00,3.799000025,3.799000025,6.394786822984056
4/5/2018 4:00,4.361999989,4.361999989,6.38341150467007
4/5/2018 5:00,3.657999992,3.657999992,6.376261546701972
4/5/2018 6:00,4.221000195,4.221000195,6.274902683293183
4/5/2018 7:00,3.51699996,3.51699996,6.24272681318371
4/5/2018 8:00,3.095000029,3.095000029,6.3532132599719215
4/5/2018 9:00,0.421999991,0.421999991,6.323089692612552
4/5/2018 10:00,0.0,0.0,6.548719592145528
4/5/2018 11:00,-0.633000016,-0.633000016,6.953050244867985
4/5/2018 12:00,-0.703000009,-0.703000009,6.873643341300805
4/5/2018 13:00,0.0,0.0,6.795530315312592
4/5/2018 14:00,-0.633000016,-0.633000016,7.197110617536654
4/5/2018 15:00,-0.915000021,-0.915000021,6.990316885050744
4/5/2018 16:00,0.0,0.0,6.989259220897981
4/5/2018 17:00,0.563000023,0.563000023,7.177943433916989
4/5/2018 18:00,1.758999944,1.758999944,7.247262011604441
4/5/2018 19:00,0.563000023,0.563000023,7.389701885365341
4/5/2018 20:00,0.0,0.0,7.492238108519543
4/5/2018 21:00,2.039999962,2.039999962,7.583429202071181
4/5/2018 22:00,0.492000014,0.492000014,7.634746833727543
4/5/2018 23:00,1.126000047,1.126000047,7.674402619124679
4/6/2018 0:00,0.985000014,0.985000014,7.649176508160197
4/6/2018 1:00,0.0,0.0,7.653660326245968
4/6/2018 2:00,0.563000023,0.563000023,7.35482280151741
4/6/2018 3:00,1.970000029,1.970000029,7.692562982737131
4/6/2018 4:00,2.39199996,2.39199996,7.656481117071012
4/6/2018 5:00,1.476999998,1.476999998,7.744217986484284
4/6/2018 6:00,1.337000012,1.337000012,7.745900080299594
4/6/2018 7:00,1.054999948,1.054999948,7.72629754368365
4/6/2018 8:00,1.054999948,1.054999948,7.801062270836728
4/6/2018 9:00,1.337000012,1.337000012,7.716413653639158
4/6/2018 10:00,1.828999996,1.828999996,7.888417279531852
4/6/2018 11:00,3.095000029,3.095000029,8.304671414012514
4/6/2018 12:00,4.010000229,4.010000229,8.232258228591167
4/6/2018 13:00,4.643000126,4.643000126,8.145691304152082
4/6/2018 14:00,4.994999886,4.994999886,8.772655229579108
4/6/2018 15:00,4.994999886,4.994999886,8.577691234958046
4/6/2018 16:00,5.346000195,5.346000195,8.66824095079862
4/6/2018 17:00,5.486999989,5.486999989,8.903214521329609
4/6/2018 18:00,5.346000195,5.346000195,8.876269242693688
4/6/2018 19:00,5.346000195,5.346000195,8.933459902787696
4/6/2018 20:00,5.346000195,5.346000195,8.920613282011832
4/6/2018 21:00,4.221000195,4.221000195,8.879866465991416
4/6/2018 22:00,5.276000023,5.276000023,8.824129630684252
4/6/2018 23:00,4.854000092,4.854000092,8.778967848025164
4/7/2018 0:00,4.501999855,4.501999855,8.69954664454205
4/7/2018 1:00,4.221000195,4.221000195,8.809358876775194
4/7/2018 2:00,4.150000095,4.150000095,8.489404083594488
4/7/2018 3:00,4.221000195,4.221000195,8.669211756202731
4/7/2018 4:00,4.221000195,4.221000195,8.627979272667002
4/7/2018 5:00,4.150000095,4.150000095,8.774584129350947
4/7/2018 6:00,3.727999926,3.727999926,8.827938174961925
4/7/2018 7:00,4.994999886,4.994999886,8.900316934659724
4/7/2018 8:00,4.221000195,4.221000195,9.038909071780754
4/7/2018 9:00,3.727999926,3.727999926,9.024242124668865
4/7/2018 10:00,5.346000195,5.346000195,9.434442098443352
4/7/2018 11:00,3.305999994,3.305999994,9.896352686749193
4/7/2018 12:00,3.236000061,3.236000061,9.9087417102151
4/7/2018 13:00,3.51699996,3.51699996,9.841758785463892
4/7/2018 14:00,4.501999855,4.501999855,10.452161554544
4/7/2018 15:00,4.994999886,4.994999886,10.106476710768687
4/7/2018 16:00,5.276000023,5.276000023,9.937896590676424
4/7/2018 17:00,5.768000126,5.768000126,10.001549223894044
4/7/2018 18:00,6.050000191,6.050000191,9.85039540506284
4/7/2018 19:00,5.697999954,5.697999954,9.71389847043972
4/7/2018 20:00,5.346000195,5.346000195,9.59996097727224
4/7/2018 21:00,4.923999786,4.923999786,9.485475850287056
4/7/2018 22:00,4.854000092,4.854000092,9.335587838829465
4/7/2018 23:00,5.065000057,5.065000057,9.182929880692376
4/8/2018 0:00,4.572999954,4.572999954,8.986401898969106
4/8/2018 1:00,4.712999821,4.712999821,9.348198775805638
4/8/2018 2:00,4.501999855,4.501999855,9.036300131562172
4/8/2018 3:00,4.501999855,4.501999855,9.233094515423067
4/8/2018 4:00,4.501999855,4.501999855,9.233926558679949
4/8/2018 5:00,4.643000126,4.643000126,9.353034795524652
4/8/2018 6:00,4.572999954,4.572999954,9.458527923518552
4/8/2018 7:00,5.697999954,5.697999954,9.50515147536223
4/8/2018 8:00,5.768000126,5.768000126,9.64240047963829
4/8/2018 9:00,5.627999783,5.627999783,9.672992236837942
4/8/2018 10:00,5.416999817,5.416999817,10.14444139869974
4/8/2018 11:00,5.697999954,5.697999954,10.650479409078615
4/8/2018 12:00,5.627999783,5.627999783,10.775080402522368
4/8/2018 13:00,6.261000156,6.261000156,10.752920564273168
4/8/2018 14:00,7.105000019,7.105000019,11.323421801252644
4/8/2018 15:00,7.668000221,7.668000221,10.907152572416267
4/8/2018 16:00,7.809000015,7.809000015,10.611882876713793
4/8/2018 17:00,7.879000187,7.879000187,10.455966656249316
4/8/2018 18:00,7.597000122,7.597000122,10.075379160246108
4/8/2018 19:00,8.230999947,8.230999947,9.74842906004002
4/8/2018 20:00,8.300999641,8.300999641,9.513943805156924
4/8/2018 21:00,7.879000187,7.879000187,9.32870587187854
4/8/2018 22:00,7.737999916,7.737999916,9.164542307304494
4/8/2018 23:00,7.245999813,7.245999813,9.03729794791861
4/9/2018 0:00,7.386000156,7.386000156,8.82184588114659
4/9/2018 1:00,7.668000221,7.668000221,8.553983033588864
4/9/2018 2:00,7.737999916,7.737999916,8.104170174165047
4/9/2018 3:00,7.456999779,7.456999779,7.503777081427021
4/9/2018 4:00,7.456999779,7.456999779,7.105814657934817
4/9/2018 5:00,7.245999813,7.245999813,7.017722938755721
4/9/2018 6:00,6.894000053,6.894000053,7.157569231467007
4/9/2018 7:00,8.020000458,8.020000458,7.099836233820455
4/9/2018 8:00,8.652999878,8.652999878,7.030718914209142
4/9/2018 9:00,9.425999641,9.425999641,6.911143017150672
4/9/2018 10:00,10.55200005,10.55200005,7.15245939483914
4/9/2018 11:00,9.777999878,9.777999878,7.597941498240355
4/9/2018 12:00,9.286000252,9.286000252,7.53829813775003
4/9/2018 13:00,9.98900032,9.98900032,7.596303893052402
4/9/2018 14:00,11.32600021,11.32600021,8.098141965158167
4/9/2018 15:00,10.90400028,10.90400028,7.539841999044623
4/9/2018 16:00,12.10000038,12.10000038,7.221152483611013
4/9/2018 17:00,12.45100021,12.45100021,7.066538614749764
4/9/2018 18:00,12.02900028,12.02900028,6.75348803283366
4/9/2018 19:00,10.48200035,10.48200035,6.496885045009398
4/9/2018 20:00,9.918999672,9.918999672,6.411314877673718
4/9/2018 21:00,9.708000183,9.708000183,6.450013098329645
4/9/2018 22:00,9.496999741,9.496999741,6.558461542283691
4/9/2018 23:00,9.215000153,9.215000153,6.683495240591142
4/10/2018 0:00,8.86400032,8.86400032,6.84780180432455
4/10/2018 1:00,8.722999573,8.722999573,6.977473442033975
4/10/2018 2:00,8.652999878,8.652999878,6.6196196346102205
4/10/2018 3:00,8.722999573,8.722999573,6.4572382632630365
4/10/2018 4:00,8.442000389,8.442000389,6.466777896072028
4/10/2018 5:00,8.581999779,8.581999779,6.199497637682073
4/10/2018 6:00,8.652999878,8.652999878,6.007424344586188
4/10/2018 7:00,9.215000153,9.215000153,6.001888688239331
4/10/2018 8:00,9.918999672,9.918999672,6.002587265614139
4/10/2018 9:00,10.48200035,10.48200035,5.881721727988831
4/10/2018 10:00,9.215000153,9.215000153,6.111097675870575
4/10/2018 11:00,9.567000389,9.567000389,6.574905386357283
4/10/2018 12:00,8.934000015,8.934000015,6.4618746137854615
4/10/2018 13:00,9.425999641,9.425999641,6.381360790799517
4/10/2018 14:00,10.55200005,10.55200005,6.455896719297616
4/10/2018 15:00,10.62199974,10.62199974,6.01045592676466
4/10/2018 16:00,11.18500042,11.18500042,5.752851415198348
4/10/2018 17:00,10.90400028,10.90400028,5.882740199779398
4/10/2018 18:00,12.02900028,12.02900028,6.016355966154631
4/10/2018 19:00,11.60700035,11.60700035,6.0327908065774505
4/10/2018 20:00,11.18500042,11.18500042,6.1052823767231885
4/10/2018 21:00,11.04399967,11.04399967,6.188257903756224
4/10/2018 22:00,10.55200005,10.55200005,6.28573513442811
4/10/2018 23:00,11.04399967,11.04399967,6.411090845657384
4/11/2018 0:00,10.3409996,10.3409996,6.545331571321682
4/11/2018 1:00,10.48200035,10.48200035,6.698330608935171
4/11/2018 2:00,10.55200005,10.55200005,6.396428135557622
4/11/2018 3:00,10.41100025,10.41100025,6.42924114636603
4/11/2018 4:00,10.55200005,10.55200005,6.538210742811973
4/11/2018 5:00,10.55200005,10.55200005,6.4108376841826615
4/11/2018 6:00,9.777999878,9.777999878,6.315755954243347
4/11/2018 7:00,9.918999672,9.918999672,6.312741320113391
4/11/2018 8:00,9.918999672,9.918999672,6.300504829084137
4/11/2018 9:00,9.708000183,9.708000183,6.205178411694357
4/11/2018 10:00,10.3409996,10.3409996,6.356433918816663
4/11/2018 11:00,10.13000011,10.13000011,6.74652026638712
4/11/2018 12:00,10.27099991,10.27099991,6.586621784147674
4/11/2018 13:00,10.3409996,10.3409996,6.411521961641535
4/11/2018 14:00,10.97399998,10.97399998,6.588332477794856
4/11/2018 15:00,10.97399998,10.97399998,6.2775804749588655
4/11/2018 16:00,10.76299953,10.76299953,6.170044047865639
4/11/2018 17:00,9.777999878,9.777999878,6.415160495807523
4/11/2018 18:00,9.425999641,9.425999641,6.584139954292969
4/11/2018 19:00,8.722999573,8.722999573,6.647178220751851
4/11/2018 20:00,7.879000187,7.879000187,6.746826390513458
4/11/2018 21:00,7.668000221,7.668000221,6.879088961139915
4/11/2018 22:00,7.386000156,7.386000156,7.030751751053144
4/11/2018 23:00,6.964000225,6.964000225,7.176368324657943
4/12/2018 0:00,6.964000225,6.964000225,7.304238172959407
4/12/2018 1:00,6.612999916,6.612999916,7.359151968660464
4/12/2018 2:00,6.612999916,6.612999916,7.056990507916515
4/12/2018 3:00,6.050000191,6.050000191,7.152955654884778
4/12/2018 4:00,6.40199995,6.40199995,7.295336740102384
4/12/2018 5:00,5.90899992,5.90899992,7.279795909238835
4/12/2018 6:00,5.768000126,5.768000126,7.246801766161902
4/12/2018 7:00,5.627999783,5.627999783,7.244935891945487
4/12/2018 8:00,5.90899992,5.90899992,7.292231539838164
4/12/2018 9:00,5.90899992,5.90899992,7.275234236055189
4/12/2018 10:00,5.979000092,5.979000092,7.442763047512886
4/12/2018 11:00,6.330999851,6.330999851,7.9083868473234915
4/12/2018 12:00,6.472000122,6.472000122,7.868653206828481
4/12/2018 13:00,6.050000191,6.050000191,7.778936063871304
4/12/2018 14:00,6.541999817,6.541999817,8.10330741257023
4/12/2018 15:00,6.472000122,6.472000122,7.885031906840586
4/12/2018 16:00,6.330999851,6.330999851,7.835796237019232
4/12/2018 17:00,5.768000126,5.768000126,8.168153823955265
4/12/2018 18:00,5.627999783,5.627999783,8.434503528556334
4/12/2018 19:00,5.346000195,5.346000195,8.549667636735231
4/12/2018 20:00,4.854000092,4.854000092,8.677452215167595
4/12/2018 21:00,5.135000229,5.135000229,8.772344338814126
4/12/2018 22:00,4.994999886,4.994999886,8.822494144002365
4/12/2018 23:00,4.643000126,4.643000126,8.871045536364846
4/13/2018 0:00,4.994999886,4.994999886,8.85159076554691
4/13/2018 1:00,4.923999786,4.923999786,8.914001424584146
4/13/2018 2:00,4.78399992,4.78399992,8.587914615599393
4/13/2018 3:00,4.854000092,4.854000092,8.54456521487859
4/13/2018 4:00,4.854000092,4.854000092,8.594774338236638
4/13/2018 5:00,4.78399992,4.78399992,8.675768002846219
4/13/2018 6:00,4.712999821,4.712999821,8.729613541864191
4/13/2018 7:00,4.572999954,4.572999954,8.790508939438707
4/13/2018 8:00,4.290999889,4.290999889,8.988769329496321
4/13/2018 9:00,4.290999889,4.290999889,8.98639607307743
4/13/2018 10:00,4.361999989,4.361999989,9.326334204339195
4/13/2018 11:00,4.572999954,4.572999954,9.966568451755013
4/13/2018 12:00,5.065000057,5.065000057,10.116328823222211
4/13/2018 13:00,4.643000126,4.643000126,10.352697429996756
4/13/2018 14:00,4.854000092,4.854000092,11.186286666677557
4/13/2018 15:00,5.276000023,5.276000023,10.956508997083306
4/13/2018 16:00,4.854000092,4.854000092,10.843867500000858
4/13/2018 17:00,5.839000225,5.839000225,11.040372972597192
4/13/2018 18:00,4.572999954,4.572999954,11.03593470239181
4/13/2018 19:00,3.095000029,3.095000029,10.741675798895416
4/13/2018 20:00,3.799000025,3.799000025,10.535387859732433
4/13/2018 21:00,4.854000092,4.854000092,10.344349456849114
4/13/2018 22:00,3.095000029,3.095000029,10.196113880121926
4/13/2018 23:00,3.588000059,3.588000059,10.13514009782302
4/14/2018 0:00,4.290999889,4.290999889,10.02525795488974
4/14/2018 1:00,4.361999989,4.361999989,10.38664172304367
4/14/2018 2:00,4.150000095,4.150000095,10.08439922944275
4/14/2018 3:00,4.643000126,4.643000126,9.93698510344212
4/14/2018 4:00,5.205999851,5.205999851,9.923157084731818
4/14/2018 5:00,4.854000092,4.854000092,10.11022328874397
4/14/2018 6:00,5.205999851,5.205999851,10.19700312304255
4/14/2018 7:00,4.854000092,4.854000092,10.308457727102294
4/14/2018 8:00,4.923999786,4.923999786,10.606138812332826
4/14/2018 9:00,3.447000027,3.447000027,10.649966730610975
4/14/2018 10:00,4.361999989,4.361999989,11.115423168442478
4/14/2018 11:00,3.799000025,3.799000025,11.718091536693908
4/14/2018 12:00,3.799000025,3.799000025,11.90198262974171
4/14/2018 13:00,3.938999891,3.938999891,12.123531227341193
4/14/2018 14:00,4.010000229,4.010000229,12.914075863361235
4/14/2018 15:00,4.43200016,4.43200016,12.50849423280762
4/14/2018 16:00,5.346000195,5.346000195,12.136772684684852
4/14/2018 17:00,5.205999851,5.205999851,11.98078046281531
4/14/2018 18:00,5.416999817,5.416999817,11.668095588008612
4/14/2018 19:00,5.065000057,5.065000057,11.072007564407157
4/14/2018 20:00,4.923999786,4.923999786,10.664623085192543
4/14/2018 21:00,3.868999958,3.868999958,10.323449335268588
4/14/2018 22:00,4.361999989,4.361999989,10.100681537428915
4/14/2018 23:00,4.501999855,4.501999855,9.985955960005397
4/15/2018 0:00,4.854000092,4.854000092,9.839383410538936
4/15/2018 1:00,5.346000195,5.346000195,10.455058346774113
4/15/2018 2:00,4.643000126,4.643000126,10.26248985288562
4/15/2018 3:00,4.854000092,4.854000092,10.312101557533444
4/15/2018 4:00,5.135000229,5.135000229,10.38979247118828
4/15/2018 5:00,5.276000023,5.276000023,10.723051217641553
4/15/2018 6:00,5.135000229,5.135000229,10.838314630792228
4/15/2018 7:00,5.768000126,5.768000126,10.958772620813354
4/15/2018 8:00,4.854000092,4.854000092,11.157033805310745
4/15/2018 9:00,5.979000092,5.979000092,11.184345585495844
4/15/2018 10:00,6.261000156,6.261000156,11.65785605375852
4/15/2018 11:00,6.190999985,6.190999985,12.169334652524602
4/15/2018 12:00,6.612999916,6.612999916,12.285497901126226
4/15/2018 13:00,6.823999882,6.823999882,12.355767158410178
4/15/2018 14:00,8.300999641,8.300999641,12.925773459410305
4/15/2018 15:00,8.722999573,8.722999573,12.45832244811896
4/15/2018 16:00,9.425999641,9.425999641,12.04503951839393
4/15/2018 17:00,9.355999947,9.355999947,11.75527926252576
4/15/2018 18:00,8.722999573,8.722999573,11.343126555786204
4/15/2018 19:00,7.809000015,7.809000015,10.727427521544543
4/15/2018 20:00,6.964000225,6.964000225,10.321003520016983
4/15/2018 21:00,6.261000156,6.261000156,10.01190236303185
4/15/2018 22:00,6.050000191,6.050000191,9.843770306972251
4/15/2018 23:00,6.050000191,6.050000191,9.792311794662591
4/16/2018 0:00,6.823999882,6.823999882,9.675020706394816
4/16/2018 1:00,6.472000122,6.472000122,9.591050540764442
4/16/2018 2:00,6.612999916,6.612999916,9.06733889354146
4/16/2018 3:00,6.541999817,6.541999817,8.846744682924088
4/16/2018 4:00,6.40199995,6.40199995,8.447315193982135
4/16/2018 5:00,5.90899992,5.90899992,8.172508413171094
4/16/2018 6:00,6.190999985,6.190999985,8.199941477828396
4/16/2018 7:00,6.330999851,6.330999851,8.134376892887454
4/16/2018 8:00,6.541999817,6.541999817,8.252239977792678
4/16/2018 9:00,6.683000088,6.683000088,8.311637591579508
4/16/2018 10:00,6.964000225,6.964000225,8.586611204743136
4/16/2018 11:00,7.315999985,7.315999985,9.138504278890746
4/16/2018 12:00,6.964000225,6.964000225,9.10398269294122
4/16/2018 13:00,7.245999813,7.245999813,9.19070479794954
4/16/2018 14:00,8.020000458,8.020000458,9.852270812556547
4/16/2018 15:00,8.652999878,8.652999878,9.386138041663916
4/16/2018 16:00,9.00399971,9.00399971,9.14251672937714
4/16/2018 17:00,8.512000084,8.512000084,9.124126507856676
4/16/2018 18:00,7.737999916,7.737999916,8.931500814304439
4/16/2018 19:00,7.668000221,7.668000221,8.542583882081653
4/16/2018 20:00,6.894000053,6.894000053,8.30833378137173
4/16/2018 21:00,6.823999882,6.823999882,8.245376018143304
4/16/2018 22:00,6.894000053,6.894000053,8.241395874874396
4/16/2018 23:00,6.190999985,6.190999985,8.319878580170885
4/17/2018 0:00,5.90899992,5.90899992,8.480710264331798
4/17/2018 1:00,6.261000156,6.261000156,8.969832003784669
4/17/2018 2:00,6.261000156,6.261000156,8.503394168018733
4/17/2018 3:00,5.90899992,5.90899992,8.26508553931551
4/17/2018 4:00,6.261000156,6.261000156,8.326339494041465
4/17/2018 5:00,5.768000126,5.768000126,8.211305144359027
4/17/2018 6:00,5.768000126,5.768000126,8.076275804812173
4/17/2018 7:00,6.683000088,6.683000088,8.017116522957615
4/17/2018 8:00,7.245999813,7.245999813,8.048240554806004
4/17/2018 9:00,8.159999847,8.159999847,8.00732108054132
4/17/2018 10:00,8.86400032,8.86400032,8.271310239759886
4/17/2018 11:00,7.879000187,7.879000187,8.887840522818651
4/17/2018 12:00,8.090000153,8.090000153,8.949688188869214
4/17/2018 13:00,8.934000015,8.934000015,8.993190651653187
4/17/2018 14:00,9.567000389,9.567000389,9.203322090443908
4/17/2018 15:00,10.27099991,10.27099991,8.858739664261975
4/17/2018 16:00,10.90400028,10.90400028,8.602640880881093
4/17/2018 17:00,10.90400028,10.90400028,8.644143473940066
4/17/2018 18:00,10.62199974,10.62199974,8.66689781795365
4/17/2018 19:00,8.934000015,8.934000015,8.40807781353276
4/17/2018 20:00,8.090000153,8.090000153,8.339909055011884
4/17/2018 21:00,8.159999847,8.159999847,8.40124086483571
4/17/2018 22:00,7.948999882,7.948999882,8.504496850425369
4/17/2018 23:00,7.668000221,7.668000221,8.66301989260236
4/18/2018 0:00,7.456999779,7.456999779,8.799355820764568
4/18/2018 1:00,7.245999813,7.245999813,9.171457640725936
4/18/2018 2:00,7.386000156,7.386000156,8.697280372679419
4/18/2018 3:00,7.245999813,7.245999813,8.3711061753195
4/18/2018 4:00,7.245999813,7.245999813,8.409623793333418
4/18/2018 5:00,7.245999813,7.245999813,8.255969607719445
4/18/2018 6:00,6.964000225,6.964000225,8.167470076122909
4/18/2018 7:00,7.737999916,7.737999916,8.103003936576473
4/18/2018 8:00,9.145000458,9.145000458,8.096112965974775
4/18/2018 9:00,8.722999573,8.722999573,8.018917253112544
4/18/2018 10:00,9.637999535,9.637999535,8.179445990906215
4/18/2018 11:00,9.215000153,9.215000153,8.767728114099315
4/18/2018 12:00,9.286000252,9.286000252,8.853739989949469
4/18/2018 13:00,9.98900032,9.98900032,8.866509285253976
4/18/2018 14:00,11.18500042,11.18500042,9.134070775324007
4/18/2018 15:00,11.5369997,11.5369997,8.847351634911602
4/18/2018 16:00,12.31099987,12.31099987,8.679861486189584
4/18/2018 17:00,12.6619997,12.6619997,8.81207744968262
4/18/2018 18:00,11.81799984,11.81799984,8.975387256312622
4/18/2018 19:00,10.13000011,10.13000011,8.855702256191826
4/18/2018 20:00,9.98900032,9.98900032,8.937746170182942
4/18/2018 21:00,9.355999947,9.355999947,9.10138593413251
4/18/2018 22:00,9.00399971,9.00399971,9.28342598250635
4/18/2018 23:00,8.934000015,8.934000015,9.51174585511488
4/19/2018 0:00,8.512000084,8.512000084,9.665545688020796
4/19/2018 1:00,8.442000389,8.442000389,9.882708978066514
4/19/2018 2:00,8.37100029,8.37100029,9.419154429054528
4/19/2018 3:00,8.230999947,8.230999947,9.147664169487657
4/19/2018 4:00,8.020000458,8.020000458,9.11936357659689
4/19/2018 5:00,8.020000458,8.020000458,9.09432866080474
4/19/2018 6:00,7.52699995,7.52699995,9.068317113716798
4/19/2018 7:00,8.090000153,8.090000153,9.073159488954008
4/19/2018 8:00,9.074999809,9.074999809,9.226923836883342
4/19/2018 9:00,9.286000252,9.286000252,9.184937694815122
4/19/2018 10:00,9.918999672,9.918999672,9.37990274868922
4/19/2018 11:00,9.777999878,9.777999878,10.056362920183547
4/19/2018 12:00,10.27099991,10.27099991,10.248126381767484
4/19/2018 13:00,11.04399967,11.04399967,10.37922642219098
4/19/2018 14:00,11.88899994,11.88899994,10.90484207673954
4/19/2018 15:00,12.59200001,12.59200001,10.668112529494236
4/19/2018 16:00,12.52200031,12.52200031,10.556796952394985
4/19/2018 17:00,12.17000008,12.17000008,10.77647994059131
4/19/2018 18:00,11.60700035,11.60700035,11.005024110029431
4/19/2018 19:00,10.41100025,10.41100025,10.854751324907852
4/19/2018 20:00,9.848999977,9.848999977,10.856256523466763
4/19/2018 21:00,9.355999947,9.355999947,10.886230206522065
4/19/2018 22:00,8.934000015,8.934000015,10.921141862400738
4/19/2018 23:00,8.512000084,8.512000084,11.03781222839158
4/20/2018 0:00,8.512000084,8.512000084,11.116367492520784
4/20/2018 1:00,8.652999878,8.652999878,11.419368411292838
4/20/2018 2:00,8.793000221,8.793000221,11.000158960852028
4/20/2018 3:00,8.37100029,8.37100029,10.734110084112135
4/20/2018 4:00,8.300999641,8.300999641,10.80291995553082
4/20/2018 5:00,8.090000153,8.090000153,10.866144650523388
4/20/2018 6:00,8.37100029,8.37100029,10.870287653946011
4/20/2018 7:00,9.145000458,9.145000458,10.924016675130432
4/20/2018 8:00,9.00399971,9.00399971,11.15097699647199
4/20/2018 9:00,8.86400032,8.86400032,11.1328187513656
4/20/2018 10:00,9.496999741,9.496999741,11.40342824203611
4/20/2018 11:00,9.98900032,9.98900032,12.073230213782592
4/20/2018 12:00,10.3409996,10.3409996,12.334592955107542
4/20/2018 13:00,11.74800014,11.74800014,12.69772263707198
4/20/2018 14:00,12.38099957,12.38099957,13.43589038840335
4/20/2018 15:00,12.94400024,12.94400024,13.158647060804736
4/20/2018 16:00,13.43599987,13.43599987,12.896093454258212
4/20/2018 17:00,12.8739996,12.8739996,12.849953583830414
4/20/2018 18:00,12.23999977,12.23999977,12.855218468620889
4/20/2018 19:00,11.74800014,11.74800014,12.472358610050112
4/20/2018 20:00,11.25599957,11.25599957,12.262117273757289
4/20/2018 21:00,11.88899994,11.88899994,12.050751540370666
4/20/2018 22:00,11.04399967,11.04399967,11.89968881730024
4/20/2018 23:00,10.90400028,10.90400028,11.84911080907369
4/21/2018 0:00,10.97399998,10.97399998,11.824268147706904
4/21/2018 1:00,10.90400028,10.90400028,12.223340933190228
4/21/2018 2:00,11.32600021,11.32600021,11.961103248860589
4/21/2018 3:00,10.3409996,10.3409996,11.8202406028648
4/21/2018 4:00,9.567000389,9.567000389,12.070255036828089
4/21/2018 5:00,10.27099991,10.27099991,12.184449398855904
4/21/2018 6:00,10.3409996,10.3409996,12.1741537241951
4/21/2018 7:00,10.3409996,10.3409996,12.30638716536317
4/21/2018 8:00,10.06000042,10.06000042,12.456871271464696
4/21/2018 9:00,10.62199974,10.62199974,12.37311322125404
4/21/2018 10:00,10.76299953,10.76299953,12.59633199607222
4/21/2018 11:00,10.48200035,10.48200035,13.013909667216756
4/21/2018 12:00,11.25599957,11.25599957,13.147807062491957
4/21/2018 13:00,11.25599957,11.25599957,13.457516363124263
4/21/2018 14:00,9.777999878,9.777999878,14.14525327619726
4/21/2018 15:00,10.27099991,10.27099991,13.899268704192083
4/21/2018 16:00,9.848999977,9.848999977,13.675297462501078
4/21/2018 17:00,9.567000389,9.567000389,13.604324066763898
4/21/2018 18:00,9.425999641,9.425999641,13.651912134696808
4/21/2018 19:00,9.355999947,9.355999947,13.321153159196474
4/21/2018 20:00,9.496999741,9.496999741,13.14637640886519
4/21/2018 21:00,9.00399971,9.00399971,13.014322643492727
4/21/2018 22:00,9.215000153,9.215000153,12.822343491510088
4/21/2018 23:00,9.145000458,9.145000458,12.69684915054021
4/22/2018 0:00,9.567000389,9.567000389,12.581809239779352
4/22/2018 1:00,9.708000183,9.708000183,13.140134760372298
4/22/2018 2:00,9.637999535,9.637999535,13.194795527005263
4/22/2018 3:00,9.708000183,9.708000183,13.08612622879398
4/22/2018 4:00,7.034999847,7.034999847,13.55332527027026
4/22/2018 5:00,8.652999878,8.652999878,13.444481195308647
4/22/2018 6:00,9.355999947,9.355999947,13.237830726795355
4/22/2018 7:00,8.512000084,8.512000084,13.4438157195911
4/22/2018 8:00,9.98900032,9.98900032,13.672058200524956
4/22/2018 9:00,10.3409996,10.3409996,13.553137120450398
4/22/2018 10:00,9.918999672,9.918999672,13.839541199289004
4/22/2018 11:00,9.425999641,9.425999641,14.1030489942077
4/22/2018 12:00,9.637999535,9.637999535,14.171042909774933
4/22/2018 13:00,9.496999741,9.496999741,14.496861396725938
4/22/2018 14:00,9.355999947,9.355999947,15.244125880692163
4/22/2018 15:00,9.918999672,9.918999672,15.429574208104093
4/22/2018 16:00,10.06000042,10.06000042,15.504873063598714
4/22/2018 17:00,10.27099991,10.27099991,15.4936353157723
4/22/2018 18:00,10.06000042,10.06000042,15.624919533816788
4/22/2018 19:00,9.98900032,9.98900032,15.29879048711737
4/22/2018 20:00,8.37100029,8.37100029,15.28725071977012
4/22/2018 21:00,8.442000389,8.442000389,15.447679887778753
4/22/2018 22:00,7.737999916,7.737999916,15.559163621296886
4/22/2018 23:00,7.105000019,7.105000019,15.572391308351124
4/23/2018 0:00,6.752999783,6.752999783,15.462248853985155
4/23/2018 1:00,6.40199995,6.40199995,15.188364814971887
4/23/2018 2:00,5.839000225,5.839000225,14.643358010990644
4/23/2018 3:00,5.90899992,5.90899992,13.868093497181572
4/23/2018 4:00,5.416999817,5.416999817,13.09696119565486
4/23/2018 5:00,4.994999886,4.994999886,12.61400351441026
4/23/2018 6:00,5.135000229,5.135000229,12.533335834921374
4/23/2018 7:00,4.643000126,4.643000126,12.925381535788349
4/23/2018 8:00,4.361999989,4.361999989,12.978050244687422
4/23/2018 9:00,4.290999889,4.290999889,12.2700643196322
4/23/2018 10:00,3.657999992,3.657999992,12.064408754529508
4/23/2018 11:00,3.165999889,3.165999889,12.091344235074882
4/23/2018 12:00,3.51699996,3.51699996,11.854253747358817
4/23/2018 13:00,3.236000061,3.236000061,11.7008866193166
4/23/2018 14:00,3.236000061,3.236000061,12.144616718202371
4/23/2018 15:00,3.727999926,3.727999926,12.139801353917488
4/23/2018 16:00,5.205999851,5.205999851,12.149665382967624
4/23/2018 17:00,5.697999954,5.697999954,12.304199013411672
4/23/2018 18:00,5.205999851,5.205999851,12.294802379762045
4/23/2018 19:00,5.55700016,5.55700016,11.814708918716814
4/23/2018 20:00,4.643000126,4.643000126,11.650575278040932
4/23/2018 21:00,5.486999989,5.486999989,11.547681027361808
4/23/2018 22:00,6.050000191,6.050000191,11.316659000267853
4/23/2018 23:00,5.135000229,5.135000229,11.12814638624008
4/24/2018 0:00,6.261000156,6.261000156,11.004172470591454
4/24/2018 1:00,6.40199995,6.40199995,11.548019988332149
4/24/2018 2:00,6.612999916,6.612999916,11.462588053517184
4/24/2018 3:00,6.261000156,6.261000156,11.540847521237112
4/24/2018 4:00,6.683000088,6.683000088,11.584289606598244
4/24/2018 5:00,6.330999851,6.330999851,11.640750176539733
4/24/2018 6:00,6.752999783,6.752999783,11.579312441412675
4/24/2018 7:00,6.541999817,6.541999817,11.557291100497448
4/24/2018 8:00,6.261000156,6.261000156,11.62687819882859
4/24/2018 9:00,6.964000225,6.964000225,11.55158490441239
4/24/2018 10:00,6.472000122,6.472000122,11.716112322403037
4/24/2018 11:00,7.105000019,7.105000019,12.135286287867263
4/24/2018 12:00,7.175000191,7.175000191,12.241028340323751
4/24/2018 13:00,8.020000458,8.020000458,12.267978385598322
4/24/2018 14:00,8.159999847,8.159999847,12.55061940183633
4/24/2018 15:00,8.652999878,8.652999878,12.597725178622968
4/24/2018 16:00,8.230999947,8.230999947,12.627287474281845
4/24/2018 17:00,7.668000221,7.668000221,12.683550625939434
4/24/2018 18:00,8.442000389,8.442000389,12.812509386358114
4/24/2018 19:00,7.948999882,7.948999882,12.51541009585558
4/24/2018 20:00,7.809000015,7.809000015,12.360924926237756
4/24/2018 21:00,7.737999916,7.737999916,12.194042788756285
4/24/2018 22:00,7.386000156,7.386000156,11.922363717336404
4/24/2018 23:00,7.668000221,7.668000221,11.679294805505975
4/25/2018 0:00,7.456999779,7.456999779,11.523916685581916
4/25/2018 1:00,7.315999985,7.315999985,12.057345920123318
4/25/2018 2:00,7.809000015,7.809000015,11.992273358215884
4/25/2018 3:00,7.52699995,7.52699995,11.972874198182144
4/25/2018 4:00,6.541999817,6.541999817,12.06789660995165
4/25/2018 5:00,7.034999847,7.034999847,12.116543864713554
4/25/2018 6:00,7.879000187,7.879000187,12.008072646819317
4/25/2018 7:00,9.074999809,9.074999809,12.048596754889688
4/25/2018 8:00,8.020000458,8.020000458,12.23442469210707
4/25/2018 9:00,8.512000084,8.512000084,12.181785377479642
4/25/2018 10:00,9.496999741,9.496999741,12.435410010590305
4/25/2018 11:00,9.145000458,9.145000458,12.899906500361272
4/25/2018 12:00,9.567000389,9.567000389,13.107275936870243
4/25/2018 13:00,8.86400032,8.86400032,13.391590572899304
4/25/2018 14:00,9.848999977,9.848999977,13.895125502159516
4/25/2018 15:00,10.19999981,10.19999981,14.038590534245747
4/25/2018 16:00,9.98900032,9.98900032,14.122390954577694
4/25/2018 17:00,10.55200005,10.55200005,14.100805363878637
4/25/2018 18:00,10.27099991,10.27099991,14.250490627685512
4/25/2018 19:00,9.425999641,9.425999641,13.918690969182592
4/25/2018 20:00,8.512000084,8.512000084,13.803463835448271
4/25/2018 21:00,9.074999809,9.074999809,13.702648699861632
4/25/2018 22:00,8.934000015,8.934000015,13.511494441177904
4/25/2018 23:00,8.512000084,8.512000084,13.291822972358304
4/26/2018 0:00,8.722999573,8.722999573,12.994543344027017
4/26/2018 1:00,8.512000084,8.512000084,13.396111729654464
4/26/2018 2:00,9.215000153,9.215000153,13.12285701934902
4/26/2018 3:00,9.425999641,9.425999641,12.91120436079727
4/26/2018 4:00,9.355999947,9.355999947,12.964870621239523
4/26/2018 5:00,9.567000389,9.567000389,12.968947818567518
4/26/2018 6:00,9.074999809,9.074999809,12.798534661102838
4/26/2018 7:00,9.848999977,9.848999977,13.082919207832033
4/26/2018 8:00,10.27099991,10.27099991,13.371973206740908
4/26/2018 9:00,9.848999977,9.848999977,13.216827592857442
4/26/2018 10:00,9.98900032,9.98900032,13.53635775797882
4/26/2018 11:00,10.69299984,10.69299984,13.944041674785
4/26/2018 12:00,10.83300018,10.83300018,14.21541359592717
4/26/2018 13:00,10.62199974,10.62199974,14.616883901344158
4/26/2018 14:00,11.11499977,11.11499977,15.173520575383714
4/26/2018 15:00,10.48200035,10.48200035,15.331965100429684
4/26/2018 16:00,11.60700035,11.60700035,15.320206862144518
4/26/2018 17:00,11.32600021,11.32600021,15.127270939860445
4/26/2018 18:00,10.06000042,10.06000042,15.227776972171592
4/26/2018 19:00,10.3409996,10.3409996,14.825416927309124
4/26/2018 20:00,9.777999878,9.777999878,14.755710530605215
4/26/2018 21:00,10.13000011,10.13000011,14.74464080679105
4/26/2018 22:00,10.48200035,10.48200035,14.583489691637585
4/26/2018 23:00,9.848999977,9.848999977,14.39181798784757
4/27/2018 0:00,9.777999878,9.777999878,14.06527417738269
4/27/2018 1:00,9.918999672,9.918999672,14.418661147870846
4/27/2018 2:00,9.918999672,9.918999672,14.228029597456906
4/27/2018 3:00,9.425999641,9.425999641,13.997844645071735
4/27/2018 4:00,9.496999741,9.496999741,14.203351815444933
4/27/2018 5:00,9.637999535,9.637999535,14.05553315409093
4/27/2018 6:00,9.777999878,9.777999878,13.754299930019858
4/27/2018 7:00,10.3409996,10.3409996,14.254412048614444
4/27/2018 8:00,11.18500042,11.18500042,14.433435311250603
4/27/2018 9:00,11.25599957,11.25599957,14.185143288921166
4/27/2018 10:00,11.67800045,11.67800045,14.45077673986245
4/27/2018 11:00,11.32600021,11.32600021,14.630915627653234
4/27/2018 12:00,11.60700035,11.60700035,14.801311175036252
4/27/2018 13:00,12.7329998,12.7329998,15.174046759327512
4/27/2018 14:00,13.08500004,13.08500004,15.857300052924682
4/27/2018 15:00,13.9989996,13.9989996,16.19894212509555
4/27/2018 16:00,14.21000004,14.21000004,16.338224630380388
4/27/2018 17:00,13.9989996,13.9989996,16.31367458766378
4/27/2018 18:00,13.71800041,13.71800041,16.619282857774866
4/27/2018 19:00,12.45100021,12.45100021,16.35927119369263
4/27/2018 20:00,11.67800045,11.67800045,16.378851485994897
4/27/2018 21:00,11.32600021,11.32600021,16.48720645086884
4/27/2018 22:00,11.04399967,11.04399967,16.459811519320702
4/27/2018 23:00,10.97399998,10.97399998,16.39431949321247
4/28/2018 0:00,10.83300018,10.83300018,16.20162997966504
4/28/2018 1:00,10.69299984,10.69299984,16.723146324978554
4/28/2018 2:00,10.97399998,10.97399998,16.762332861282378
4/28/2018 3:00,9.567000389,9.567000389,16.41964226101615
4/28/2018 4:00,9.567000389,9.567000389,16.68596071765277
4/28/2018 5:00,9.496999741,9.496999741,16.445450431521888
4/28/2018 6:00,9.496999741,9.496999741,16.097851517517192
4/28/2018 7:00,9.637999535,9.637999535,17.03017134602036
4/28/2018 8:00,10.19999981,10.19999981,17.589018151511834
4/28/2018 9:00,10.06000042,10.06000042,17.580367496810208
4/28/2018 10:00,10.83300018,10.83300018,18.004560203141526
4/28/2018 11:00,10.83300018,10.83300018,18.127594031723973
4/28/2018 12:00,11.32600021,11.32600021,18.377209127294083
4/28/2018 13:00,11.81799984,11.81799984,18.74866268439968
4/28/2018 14:00,12.80300045,12.80300045,19.521308857119504
4/28/2018 15:00,13.22500038,13.22500038,20.250950945607062
4/28/2018 16:00,13.9289999,13.9289999,20.658481072113617
4/28/2018 17:00,13.08500004,13.08500004,20.49527613153381
4/28/2018 18:00,12.59200001,12.59200001,20.51640822952841
4/28/2018 19:00,11.81799984,11.81799984,19.60644526033845
4/28/2018 20:00,11.5369997,11.5369997,19.279332564791908
4/28/2018 21:00,11.11499977,11.11499977,19.179816272032824
4/28/2018 22:00,10.83300018,10.83300018,19.11317548601105
4/28/2018 23:00,10.69299984,10.69299984,19.09576507354548
4/29/2018 0:00,10.90400028,10.90400028,19.07570811737867
4/29/2018 1:00,11.60700035,11.60700035,19.621908765730645
4/29/2018 2:00,11.60700035,11.60700035,19.620985626712983
4/29/2018 3:00,11.18500042,11.18500042,19.39482504141082
4/29/2018 4:00,11.74800014,11.74800014,19.53935323252492
4/29/2018 5:00,11.60700035,11.60700035,19.348055312648683
4/29/2018 6:00,11.32600021,11.32600021,19.186583839656254
4/29/2018 7:00,11.95899963,11.95899963,20.43068023349092
4/29/2018 8:00,12.59200001,12.59200001,21.25527853043346
4/29/2018 9:00,12.6619997,12.6619997,21.403962700819832
4/29/2018 10:00,12.59200001,12.59200001,21.7907415307969
4/29/2018 11:00,12.02900028,12.02900028,21.905781706371016
4/29/2018 12:00,12.52200031,12.52200031,22.02793582531013
4/29/2018 13:00,11.95899963,11.95899963,22.35748374357796
4/29/2018 14:00,12.80300045,12.80300045,23.164192316057807
4/29/2018 15:00,12.6619997,12.6619997,23.984541949087752
4/29/2018 16:00,12.45100021,12.45100021,24.199027977094303
4/29/2018 17:00,13.29599953,13.29599953,23.772670157564946
4/29/2018 18:00,12.94400024,12.94400024,23.31484034156608
4/29/2018 19:00,12.7329998,12.7329998,21.847918950228006
4/29/2018 20:00,12.6619997,12.6619997,21.233685657369804
4/29/2018 21:00,12.45100021,12.45100021,20.93542277741128
4/29/2018 22:00,12.52200031,12.52200031,20.734190652971517
4/29/2018 23:00,12.38099957,12.38099957,20.58077162153071
4/30/2018 0:00,12.7329998,12.7329998,20.33334917973749
4/30/2018 1:00,12.52200031,12.52200031,20.092896093270355
4/30/2018 2:00,12.10000038,12.10000038,19.42652371802924
4/30/2018 3:00,11.67800045,11.67800045,18.50974975184152
4/30/2018 4:00,11.88899994,11.88899994,17.618640162560403
4/30/2018 5:00,12.59200001,12.59200001,16.940492336172348
4/30/2018 6:00,12.7329998,12.7329998,16.865455645803223
4/30/2018 7:00,12.94400024,12.94400024,17.67592509617429
4/30/2018 8:00,12.8739996,12.8739996,17.828422842290237
4/30/2018 9:00,12.52200031,12.52200031,17.428142773163337
4/30/2018 10:00,13.71800041,13.71800041,17.57123647085843
4/30/2018 11:00,13.64700031,13.64700031,17.47359849853889
4/30/2018 12:00,14.56200027,14.56200027,17.46492983653572
4/30/2018 13:00,14.84300041,14.84300041,17.212556710882733
4/30/2018 14:00,15.0539999,15.0539999,17.493793952039674
4/30/2018 15:00,15.89799976,15.89799976,17.713920767256536
4/30/2018 16:00,16.81299973,16.81299973,17.503024547776487
4/30/2018 17:00,15.82800007,15.82800007,17.398165382722425
4/30/2018 18:00,14.77299976,14.77299976,16.819127095929044
4/30/2018 19:00,14.49100018,14.49100018,15.771300226077772
4/30/2018 20:00,13.57699966,13.57699966,15.35471653149743
4/30/2018 21:00,13.22500038,13.22500038,15.116584665643977
4/30/2018 22:00,13.50699997,13.50699997,14.795221529353498
4/30/2018 23:00,13.36600018,13.36600018,14.454200311866192
5/1/2018 0:00,13.43599987,13.43599987,14.018300410005205
5/1/2018 1:00,13.43599987,13.43599987,13.923649266423524
5/1/2018 2:00,13.57699966,13.57699966,13.905484003765798
5/1/2018 3:00,13.43599987,13.43599987,13.55338339678041
5/1/2018 4:00,13.08500004,13.08500004,13.413626346137097
5/1/2018 5:00,13.64700031,13.64700031,12.92109288507378
5/1/2018 6:00,13.78800011,13.78800011,11.774798912591924
5/1/2018 7:00,13.9989996,13.9989996,10.787653736015898
5/1/2018 8:00,14.06900024,14.06900024,10.047456191061364
5/1/2018 9:00,13.43599987,13.43599987,9.59738911090979
5/1/2018 10:00,13.57699966,13.57699966,9.535863457781048
5/1/2018 11:00,12.8739996,12.8739996,9.57376459053016
5/1/2018 12:00,12.8739996,12.8739996,9.488895119075355
5/1/2018 13:00,12.38099957,12.38099957,9.14942094064174
5/1/2018 14:00,12.7329998,12.7329998,9.18865037669337
5/1/2018 15:00,13.50699997,13.50699997,8.894715074998349
5/1/2018 16:00,13.43599987,13.43599987,8.762276668368528
5/1/2018 17:00,13.64700031,13.64700031,8.80762911657343
5/1/2018 18:00,7.52699995,7.52699995,8.97682307379792
5/1/2018 19:00,5.768000126,5.768000126,9.145767576933302
5/1/2018 20:00,8.020000458,8.020000458,9.2592040434165
5/1/2018 21:00,9.777999878,9.777999878,9.394311238061226
5/1/2018 22:00,10.83300018,10.83300018,9.519291444090545
5/1/2018 23:00,10.48200035,10.48200035,9.682980463306116
5/2/2018 0:00,10.48200035,10.48200035,9.847420492921596
5/2/2018 1:00,10.3409996,10.3409996,9.49985732870674
5/2/2018 2:00,10.19999981,10.19999981,9.16823751150771
5/2/2018 3:00,10.06000042,10.06000042,9.133317646418035
5/2/2018 4:00,9.567000389,9.567000389,9.04107524423183
5/2/2018 5:00,9.637999535,9.637999535,8.736356217041365
5/2/2018 6:00,10.13000011,10.13000011,8.430508026118458
5/2/2018 7:00,9.215000153,9.215000153,8.261110162685249
5/2/2018 8:00,9.215000153,9.215000153,8.24547029166318
5/2/2018 9:00,9.708000183,9.708000183,8.253047658229814
5/2/2018 10:00,9.286000252,9.286000252,8.708128712609831
5/2/2018 11:00,9.425999641,9.425999641,9.108638639644742
5/2/2018 12:00,9.918999672,9.918999672,9.036336675791787
5/2/2018 13:00,9.918999672,9.918999672,8.919563562256812
5/2/2018 14:00,9.918999672,9.918999672,9.059448517703776
5/2/2018 15:00,10.27099991,10.27099991,8.775877477303398
5/2/2018 16:00,10.48200035,10.48200035,8.786937138213755
5/2/2018 17:00,10.62199974,10.62199974,9.003890696159075
5/2/2018 18:00,10.83300018,10.83300018,9.149758312732532
5/2/2018 19:00,10.06000042,10.06000042,9.37057496648669
5/2/2018 20:00,10.13000011,10.13000011,9.502346043706154
5/2/2018 21:00,9.074999809,9.074999809,9.599503379962282
5/2/2018 22:00,8.020000458,8.020000458,9.699380348378869
5/2/2018 23:00,7.737999916,7.737999916,9.805100156521682
5/3/2018 0:00,8.230999947,8.230999947,9.886973001148082
5/3/2018 1:00,7.809000015,7.809000015,9.456937984717054
5/3/2018 2:00,8.230999947,8.230999947,9.2043315585837
5/3/2018 3:00,8.722999573,8.722999573,9.280745013081573
5/3/2018 4:00,8.581999779,8.581999779,9.352731849157411
5/3/2018 5:00,8.37100029,8.37100029,9.261535459340614
5/3/2018 6:00,8.652999878,8.652999878,9.099098477209235
5/3/2018 7:00,9.637999535,9.637999535,9.062868316118593
5/3/2018 8:00,9.918999672,9.918999672,9.16809027533622
5/3/2018 9:00,9.708000183,9.708000183,9.21669304147077
5/3/2018 10:00,9.496999741,9.496999741,9.761606697388483
5/3/2018 11:00,9.215000153,9.215000153,10.191851445919909
5/3/2018 12:00,9.777999878,9.777999878,10.188078386618816
5/3/2018 13:00,10.62199974,10.62199974,10.21522333445133
5/3/2018 14:00,12.02900028,12.02900028,10.703377711072443
5/3/2018 15:00,12.94400024,12.94400024,10.467853064151392
5/3/2018 16:00,13.8579998,13.8579998,10.48402785795478
5/3/2018 17:00,12.94400024,12.94400024,10.565547441694903
5/3/2018 18:00,13.29599953,13.29599953,10.530756540661912
5/3/2018 19:00,11.5369997,11.5369997,10.566039994354927
5/3/2018 20:00,11.39599991,11.39599991,10.58981943049053
5/3/2018 21:00,11.32600021,11.32600021,10.634771216235965
5/3/2018 22:00,10.97399998,10.97399998,10.65529212523092
5/3/2018 23:00,10.90400028,10.90400028,10.716070210532108
5/4/2018 0:00,10.41100025,10.41100025,10.757188824366866
5/4/2018 1:00,10.3409996,10.3409996,10.407203413280373
5/4/2018 2:00,10.13000011,10.13000011,10.08873316322445
5/4/2018 3:00,10.06000042,10.06000042,10.130922152248356
5/4/2018 4:00,10.19999981,10.19999981,10.21851972988788
5/4/2018 5:00,10.27099991,10.27099991,10.265366254494856
5/4/2018 6:00,10.19999981,10.19999981,10.200037353353604
5/4/2018 7:00,11.04399967,11.04399967,10.199287931833243
5/4/2018 8:00,11.5369997,11.5369997,10.2848260567647
5/4/2018 9:00,10.97399998,10.97399998,10.180612241620572
5/4/2018 10:00,11.32600021,11.32600021,10.793383235667669
5/4/2018 11:00,12.02900028,12.02900028,11.2199762093702
5/4/2018 12:00,12.31099987,12.31099987,11.268112374544016
5/4/2018 13:00,13.15499973,13.15499973,11.22234575840348
5/4/2018 14:00,14.21000004,14.21000004,11.727617928839994
5/4/2018 15:00,14.49100018,14.49100018,11.310077596364849
5/4/2018 16:00,15.54699993,15.54699993,11.15646101423352
5/4/2018 17:00,13.78800011,13.78800011,11.223087235526098
5/4/2018 18:00,13.50699997,13.50699997,11.074735405778611
5/4/2018 19:00,12.6619997,12.6619997,11.024698146225056
5/4/2018 20:00,12.6619997,12.6619997,11.03515774029261
5/4/2018 21:00,12.6619997,12.6619997,11.054145380523298
5/4/2018 22:00,12.45100021,12.45100021,11.05654458864148
5/4/2018 23:00,12.52200031,12.52200031,11.062438802139775
5/5/2018 0:00,11.95899963,11.95899963,11.037360986599817
5/5/2018 1:00,12.23999977,12.23999977,10.874635887643649
5/5/2018 2:00,12.10000038,12.10000038,10.541923715755049
5/5/2018 3:00,11.88899994,11.88899994,10.608655862350856
5/5/2018 4:00,11.46700001,11.46700001,10.642875296372914
5/5/2018 5:00,8.722999573,8.722999573,10.759131229614866
5/5/2018 6:00,10.83300018,10.83300018,10.821441259614032
5/5/2018 7:00,7.315999985,7.315999985,10.842307485097525
5/5/2018 8:00,9.708000183,9.708000183,11.01199902643394
5/5/2018 9:00,6.683000088,6.683000088,10.912087897107062
5/5/2018 10:00,8.86400032,8.86400032,11.48715504428231
5/5/2018 11:00,10.13000011,10.13000011,11.911890617792686
5/5/2018 12:00,11.04399967,11.04399967,11.952355142879991
5/5/2018 13:00,11.18500042,11.18500042,11.863154650589324
5/5/2018 14:00,11.04399967,11.04399967,12.362944392143856
5/5/2018 15:00,11.32600021,11.32600021,11.910981513877706
5/5/2018 16:00,11.60700035,11.60700035,11.614731744307084
5/5/2018 17:00,11.60700035,11.60700035,11.583084176647477
5/5/2018 18:00,11.5369997,11.5369997,11.31846131930233
5/5/2018 19:00,11.5369997,11.5369997,11.092657967085312
5/5/2018 20:00,11.81799984,11.81799984,10.98655232602548
5/5/2018 21:00,11.5369997,11.5369997,10.886502699364629
5/5/2018 22:00,11.67800045,11.67800045,10.799541467984264
5/5/2018 23:00,11.74800014,11.74800014,10.717413343377078
5/6/2018 0:00,11.74800014,11.74800014,10.585446304346636
5/6/2018 1:00,12.02900028,12.02900028,10.818556383980534
5/6/2018 2:00,12.23999977,12.23999977,10.558183514614278
5/6/2018 3:00,12.23999977,12.23999977,10.673286715743815
5/6/2018 4:00,11.81799984,11.81799984,10.64860002938604
5/6/2018 5:00,12.45100021,12.45100021,10.81290738755922
5/6/2018 6:00,12.23999977,12.23999977,10.983290356312478
5/6/2018 7:00,12.38099957,12.38099957,11.032393884318052
5/6/2018 8:00,12.02900028,12.02900028,11.226904783454543
5/6/2018 9:00,10.69299984,10.69299984,11.204975332739872
5/6/2018 10:00,11.88899994,11.88899994,11.696404919736892
5/6/2018 11:00,10.90400028,10.90400028,12.067603726488215
5/6/2018 12:00,7.105000019,7.105000019,12.10079171287006
5/6/2018 13:00,8.934000015,8.934000015,12.00873838735012
5/6/2018 14:00,9.286000252,9.286000252,12.461661213676804
5/6/2018 15:00,9.074999809,9.074999809,12.041642758732568
5/6/2018 16:00,9.567000389,9.567000389,11.69281934822252
5/6/2018 17:00,7.668000221,7.668000221,11.495589611365345
5/6/2018 18:00,9.567000389,9.567000389,11.115368087284798
5/6/2018 19:00,8.934000015,8.934000015,10.82310137392892
5/6/2018 20:00,5.697999954,5.697999954,10.640737458940452
5/6/2018 21:00,8.020000458,8.020000458,10.471391498905827
5/6/2018 22:00,7.456999779,7.456999779,10.315509704164905
5/6/2018 23:00,7.597000122,7.597000122,10.165857906133516
5/7/2018 0:00,7.948999882,7.948999882,9.988122132456471
5/7/2018 1:00,7.456999779,7.456999779,9.769497602852685
5/7/2018 2:00,7.456999779,7.456999779,9.440522740475334
5/7/2018 3:00,7.668000221,7.668000221,8.673057903963052
5/7/2018 4:00,8.090000153,8.090000153,8.390799807696222
5/7/2018 5:00,8.442000389,8.442000389,8.488731987545487
5/7/2018 6:00,8.652999878,8.652999878,8.833563338190013
5/7/2018 7:00,8.512000084,8.512000084,8.867266651172077
5/7/2018 8:00,8.300999641,8.300999641,8.656654841131203
5/7/2018 9:00,7.948999882,7.948999882,8.279562350508105
5/7/2018 10:00,8.159999847,8.159999847,8.3839178407453
5/7/2018 11:00,8.230999947,8.230999947,8.68200435507395
5/7/2018 12:00,8.722999573,8.722999573,8.589690453308062
5/7/2018 13:00,8.230999947,8.230999947,8.509689308789756
5/7/2018 14:00,8.159999847,8.159999847,8.851713638898659
5/7/2018 15:00,7.737999916,7.737999916,8.522199616727864
5/7/2018 16:00,7.386000156,7.386000156,8.359561376520345
5/7/2018 17:00,7.315999985,7.315999985,8.328399211562793
5/7/2018 18:00,7.737999916,7.737999916,8.16291158069836
5/7/2018 19:00,8.722999573,8.722999573,8.093568110564648
5/7/2018 20:00,8.86400032,8.86400032,8.179001104632643
5/7/2018 21:00,9.074999809,9.074999809,8.348044647926546
5/7/2018 22:00,8.442000389,8.442000389,8.587293363695943
5/7/2018 23:00,8.300999641,8.300999641,8.829137779021018
5/8/2018 0:00,8.512000084,8.512000084,9.124248321955392
5/8/2018 1:00,8.020000458,8.020000458,9.285020687946492
5/8/2018 2:00,7.737999916,7.737999916,9.072001195763177
5/8/2018 3:00,7.245999813,7.245999813,9.035308141097412
5/8/2018 4:00,7.105000019,7.105000019,8.952398817378898
5/8/2018 5:00,7.597000122,7.597000122,8.453549957330315
5/8/2018 6:00,8.300999641,8.300999641,8.08215995540666
5/8/2018 7:00,6.964000225,6.964000225,7.986590969072482
5/8/2018 8:00,7.456999779,7.456999779,7.98632403730834
5/8/2018 9:00,7.809000015,7.809000015,7.943338490004135
5/8/2018 10:00,8.300999641,8.300999641,8.402919780891924
5/8/2018 11:00,8.581999779,8.581999779,8.920599511722411
5/8/2018 12:00,8.934000015,8.934000015,8.985326757141312
5/8/2018 13:00,10.13000011,10.13000011,9.074566176980916
5/8/2018 14:00,10.41100025,10.41100025,9.281726940642525
5/8/2018 15:00,11.88899994,11.88899994,9.019965390550908
5/8/2018 16:00,12.59200001,12.59200001,8.930796411037951
5/8/2018 17:00,12.31099987,12.31099987,9.064066331298136
5/8/2018 18:00,11.74800014,11.74800014,9.076203252542353
5/8/2018 19:00,10.62199974,10.62199974,9.016714542994745
5/8/2018 20:00,10.19999981,10.19999981,9.077545326134292
5/8/2018 21:00,9.496999741,9.496999741,9.247220184235449
5/8/2018 22:00,9.708000183,9.708000183,9.50988474753711
5/8/2018 23:00,9.074999809,9.074999809,9.785755018392589
5/9/2018 0:00,8.581999779,8.581999779,10.039905835447051
5/9/2018 1:00,8.230999947,8.230999947,9.983937023725812
5/9/2018 2:00,8.159999847,8.159999847,9.63414042449233
5/9/2018 3:00,7.809000015,7.809000015,9.458839873536569
5/9/2018 4:00,7.175000191,7.175000191,9.43162819276302
5/9/2018 5:00,7.034999847,7.034999847,9.067053424849252
5/9/2018 6:00,7.034999847,7.034999847,8.862444401742483
5/9/2018 7:00,7.879000187,7.879000187,8.821095929999714
5/9/2018 8:00,8.230999947,8.230999947,8.9012570217259
5/9/2018 9:00,8.230999947,8.230999947,8.882777822950722
5/9/2018 10:00,8.581999779,8.581999779,9.385128043897607
5/9/2018 11:00,9.074999809,9.074999809,10.003616356186598
5/9/2018 12:00,9.567000389,9.567000389,10.1229867581568
5/9/2018 13:00,10.3409996,10.3409996,10.297556424520268
5/9/2018 14:00,11.60700035,11.60700035,10.787217588579844
5/9/2018 15:00,12.38099957,12.38099957,10.621555710591595
5/9/2018 16:00,12.6619997,12.6619997,10.607438250990214
5/9/2018 17:00,12.8739996,12.8739996,10.877208813259132
5/9/2018 18:00,12.23999977,12.23999977,10.99162191103812
5/9/2018 19:00,11.60700035,11.60700035,10.876273228018343
5/9/2018 20:00,10.76299953,10.76299953,10.858354638910516
5/9/2018 21:00,9.708000183,9.708000183,10.871470574769846
5/9/2018 22:00,9.425999641,9.425999641,10.942661647005163
5/9/2018 23:00,8.722999573,8.722999573,11.062439861392807
5/10/2018 0:00,7.948999882,7.948999882,11.18085693563393
5/10/2018 1:00,7.668000221,7.668000221,11.060110299161495
5/10/2018 2:00,7.315999985,7.315999985,10.721747541972036
5/10/2018 3:00,6.752999783,6.752999783,10.429667521963104
5/10/2018 4:00,6.330999851,6.330999851,10.4829008127284
5/10/2018 5:00,6.119999886,6.119999886,10.344688682632713
5/10/2018 6:00,6.050000191,6.050000191,10.238211773385054
5/10/2018 7:00,6.40199995,6.40199995,10.29904414540415
5/10/2018 8:00,6.612999916,6.612999916,10.468435123692649
5/10/2018 9:00,6.683000088,6.683000088,10.420400117183418
5/10/2018 10:00,7.456999779,7.456999779,11.03864983272688
5/10/2018 11:00,7.105000019,7.105000019,11.682090174258244
5/10/2018 12:00,8.159999847,8.159999847,11.927145185524251
5/10/2018 13:00,8.512000084,8.512000084,12.199415055322907
5/10/2018 14:00,9.637999535,9.637999535,12.914170004474483
5/10/2018 15:00,10.13000011,10.13000011,12.707259886561648
5/10/2018 16:00,10.06000042,10.06000042,12.671696128034958
5/10/2018 17:00,9.918999672,9.918999672,12.874471186922907
5/10/2018 18:00,9.567000389,9.567000389,12.901572043347953
5/10/2018 19:00,9.286000252,9.286000252,12.570337529439426
5/10/2018 20:00,8.581999779,8.581999779,12.340083328387266
5/10/2018 21:00,8.230999947,8.230999947,12.229981125636526
5/10/2018 22:00,8.37100029,8.37100029,12.159138547648835
5/10/2018 23:00,7.948999882,7.948999882,12.183867604127908
5/11/2018 0:00,7.809000015,7.809000015,12.226734250279236
5/11/2018 1:00,7.597000122,7.597000122,12.122518581442304
5/11/2018 2:00,7.809000015,7.809000015,11.566822788908697
5/11/2018 3:00,7.737999916,7.737999916,11.174388077365608
5/11/2018 4:00,7.809000015,7.809000015,11.254072505227253
5/11/2018 5:00,8.300999641,8.300999641,11.245186961165714
5/11/2018 6:00,8.652999878,8.652999878,11.235617934085075
5/11/2018 7:00,8.793000221,8.793000221,11.330040808638294
5/11/2018 8:00,8.722999573,8.722999573,11.562111761047497
5/11/2018 9:00,9.496999741,9.496999741,11.479129878496266
5/11/2018 10:00,10.48200035,10.48200035,12.15055012406286
5/11/2018 11:00,11.04399967,11.04399967,12.812546989840762
5/11/2018 12:00,11.60700035,11.60700035,13.150129739578556
5/11/2018 13:00,12.10000038,12.10000038,13.429468666894964
5/11/2018 14:00,11.25599957,11.25599957,14.1411447647015
5/11/2018 15:00,10.97399998,10.97399998,13.819136013687828
5/11/2018 16:00,11.39599991,11.39599991,13.608955650647676
5/11/2018 17:00,11.11499977,11.11499977,13.652822628881394
5/11/2018 18:00,10.69299984,10.69299984,13.55195353759342
5/11/2018 19:00,10.76299953,10.76299953,13.081226918706284
5/11/2018 20:00,11.46700001,11.46700001,12.702744688104794
5/11/2018 21:00,11.39599991,11.39599991,12.403817788901634
5/11/2018 22:00,11.88899994,11.88899994,12.161228189068328
5/11/2018 23:00,11.88899994,11.88899994,12.024423011812807
5/12/2018 0:00,11.81799984,11.81799984,11.91605480627596
5/12/2018 1:00,11.46700001,11.46700001,12.13499472847012
5/12/2018 2:00,11.60700035,11.60700035,11.665976552317474
5/12/2018 3:00,9.848999977,9.848999977,11.435871308722984
5/12/2018 4:00,8.37100029,8.37100029,11.436860386241904
5/12/2018 5:00,10.13000011,10.13000011,11.525340321657342
5/12/2018 6:00,10.76299953,10.76299953,11.597575287756005
5/12/2018 7:00,8.442000389,8.442000389,11.795621708701091
5/12/2018 8:00,8.300999641,8.300999641,12.07992125037444
5/12/2018 9:00,9.777999878,9.777999878,12.143732241920391
5/12/2018 10:00,10.55200005,10.55200005,12.780026730089158
5/12/2018 11:00,10.90400028,10.90400028,13.230285932259466
5/12/2018 12:00,11.04399967,11.04399967,13.35621205124664
5/12/2018 13:00,10.62199974,10.62199974,13.48561980254439
5/12/2018 14:00,10.83300018,10.83300018,14.167073028019775
5/12/2018 15:00,10.69299984,10.69299984,13.87369449619986
5/12/2018 16:00,10.90400028,10.90400028,13.582232947555168
5/12/2018 17:00,10.55200005,10.55200005,13.432110973584065
5/12/2018 18:00,11.11499977,11.11499977,13.077792423155646
5/12/2018 19:00,11.04399967,11.04399967,12.426823175883875
5/12/2018 20:00,10.69299984,10.69299984,11.94348230985484
5/12/2018 21:00,10.27099991,10.27099991,11.52933688334825
5/12/2018 22:00,10.13000011,10.13000011,11.247661905875708
5/12/2018 23:00,10.3409996,10.3409996,11.060202718988569
5/13/2018 0:00,10.48200035,10.48200035,10.895763483812862
5/13/2018 1:00,10.3409996,10.3409996,11.45077605814063
5/13/2018 2:00,9.918999672,9.918999672,11.12348593771117
5/13/2018 3:00,9.98900032,9.98900032,11.131516929388892
5/13/2018 4:00,10.19999981,10.19999981,11.174321344424571
5/13/2018 5:00,9.98900032,9.98900032,11.513397243718035
5/13/2018 6:00,10.27099991,10.27099991,11.731604427627095
5/13/2018 7:00,10.83300018,10.83300018,11.938383330570554
5/13/2018 8:00,10.55200005,10.55200005,12.257054838702617
5/13/2018 9:00,11.32600021,11.32600021,12.361981795950744
5/13/2018 10:00,11.5369997,11.5369997,12.77561123382397
5/13/2018 11:00,12.38099957,12.38099957,13.0882520172232
5/13/2018 12:00,12.45100021,12.45100021,13.0656717879268
5/13/2018 13:00,13.08500004,13.08500004,13.018508281849904
5/13/2018 14:00,13.36600018,13.36600018,13.563430941418394
5/13/2018 15:00,14.49100018,14.49100018,13.14672238738687
5/13/2018 16:00,15.26500034,15.26500034,12.735788483667616
5/13/2018 17:00,15.54699993,15.54699993,12.47592802795574
5/13/2018 18:00,14.42099953,14.42099953,12.045054877562896
5/13/2018 19:00,13.43599987,13.43599987,11.451935145771234
5/13/2018 20:00,13.29599953,13.29599953,11.086424262990162
5/13/2018 21:00,12.94400024,12.94400024,10.749903546823887
5/13/2018 22:00,12.6619997,12.6619997,10.538222950473411
5/13/2018 23:00,12.52200031,12.52200031,10.424430045344844
5/14/2018 0:00,12.45100021,12.45100021,10.252260116726076
5/14/2018 1:00,12.52200031,12.52200031,10.193162801173909
5/14/2018 2:00,12.7329998,12.7329998,9.84897388749348
5/14/2018 3:00,12.7329998,12.7329998,9.44177265905346
5/14/2018 4:00,12.59200001,12.59200001,9.219514891548844
5/14/2018 5:00,12.45100021,12.45100021,9.180899822255952
5/14/2018 6:00,12.7329998,12.7329998,9.404235909347465
5/14/2018 7:00,12.45100021,12.45100021,9.55125228583446
5/14/2018 8:00,13.22500038,13.22500038,9.697524007439744
5/14/2018 9:00,13.36600018,13.36600018,9.668612225549335
5/14/2018 10:00,13.71800041,13.71800041,9.988789461866828
5/14/2018 11:00,14.70300007,14.70300007,10.50174333529366
5/14/2018 12:00,13.9989996,13.9989996,10.594223274972364
5/14/2018 13:00,14.70300007,14.70300007,10.632913021604033
5/14/2018 14:00,15.0539999,15.0539999,11.253261382217762
5/14/2018 15:00,16.81299973,16.81299973,11.003852840988957
5/14/2018 16:00,16.32099915,16.32099915,10.963306488604903
5/14/2018 17:00,16.60199928,16.60199928,11.07777466754157
5/14/2018 18:00,16.18000031,16.18000031,11.050229057249586
5/14/2018 19:00,15.75800037,15.75800037,10.85950843027596
5/14/2018 20:00,15.33600044,15.33600044,10.878117652360856
5/14/2018 21:00,15.33600044,15.33600044,11.035997198320716
5/14/2018 22:00,14.98400021,14.98400021,11.273601158944192
5/14/2018 23:00,14.70300007,14.70300007,11.570114417706604
5/15/2018 0:00,14.56200027,14.56200027,11.945343947059126
5/15/2018 1:00,14.14000034,14.14000034,12.40652947666435
5/15/2018 2:00,14.49100018,14.49100018,12.074649877659146
5/15/2018 3:00,14.56200027,14.56200027,12.002865888538992
5/15/2018 4:00,14.27999973,14.27999973,11.855226671268994
5/15/2018 5:00,14.14000034,14.14000034,11.672005555764128
5/15/2018 6:00,14.35099983,14.35099983,11.387023325511452
5/15/2018 7:00,14.56200027,14.56200027,11.36304845719139
5/15/2018 8:00,16.03899956,16.03899956,11.455649151715775
5/15/2018 9:00,16.46100044,16.46100044,11.26183709476735
5/15/2018 10:00,15.19499969,15.19499969,11.50374135788875
5/15/2018 11:00,14.14000034,14.14000034,11.866583187841655
5/15/2018 12:00,15.40600014,15.40600014,12.0300500287337
5/15/2018 13:00,14.42099953,14.42099953,12.142143362371923
5/15/2018 14:00,15.75800037,15.75800037,12.546715789599007
5/15/2018 15:00,16.18000031,16.18000031,12.65744202479241
5/15/2018 16:00,16.88299942,16.88299942,12.748109714939456
5/15/2018 17:00,16.25,16.25,12.991815899875446
5/15/2018 18:00,17.16500092,17.16500092,13.25038843630666
5/15/2018 19:00,16.88299942,16.88299942,13.040745577977091
5/15/2018 20:00,16.32099915,16.32099915,13.080932711176562
5/15/2018 21:00,15.96899986,15.96899986,13.18559631163953
5/15/2018 22:00,15.89799976,15.89799976,13.200786794562642
5/15/2018 23:00,15.68700027,15.68700027,13.209884189230642
5/16/2018 0:00,15.96899986,15.96899986,13.23417299366816
5/16/2018 1:00,16.25,16.25,13.47450241234377
5/16/2018 2:00,16.10899925,16.10899925,13.083137149143427
5/16/2018 3:00,16.10899925,16.10899925,12.7583280641289
5/16/2018 4:00,16.25,16.25,12.537568874851749
5/16/2018 5:00,16.46100044,16.46100044,12.35361899326065
5/16/2018 6:00,16.88299942,16.88299942,12.128412794940598
5/16/2018 7:00,16.67200089,16.67200089,12.393293315585852
5/16/2018 8:00,15.68700027,15.68700027,12.797803776510545
5/16/2018 9:00,14.84300041,14.84300041,12.666895990512412
5/16/2018 10:00,15.33600044,15.33600044,13.066071523539868
5/16/2018 11:00,14.98400021,14.98400021,13.474170468924772
5/16/2018 12:00,14.70300007,14.70300007,13.775750068737407
5/16/2018 13:00,14.98400021,14.98400021,14.173094517390233
5/16/2018 14:00,15.68700027,15.68700027,14.888808719467535
5/16/2018 15:00,16.74300003,16.74300003,15.275178148147615
5/16/2018 16:00,16.10899925,16.10899925,15.62572668462741
5/16/2018 17:00,16.32099915,16.32099915,15.892043552384475
5/16/2018 18:00,15.82800007,15.82800007,16.109869007982017
5/16/2018 19:00,15.54699993,15.54699993,15.605615706555955
5/16/2018 20:00,16.32099915,16.32099915,15.326060691620954
5/16/2018 21:00,16.03899956,16.03899956,15.14720925968763
5/16/2018 22:00,16.67200089,16.67200089,14.923801408203182
5/16/2018 23:00,15.0539999,15.0539999,14.72114194030238
5/17/2018 0:00,16.10899925,16.10899925,14.54019186329879
5/17/2018 1:00,16.60199928,16.60199928,14.618418494174716
5/17/2018 2:00,14.63199997,14.63199997,14.161776498044963
5/17/2018 3:00,12.23999977,12.23999977,13.835807001333537
5/17/2018 4:00,9.708000183,9.708000183,13.840291349045826
5/17/2018 5:00,8.652999878,8.652999878,13.5628418643258
5/17/2018 6:00,9.98900032,9.98900032,13.259774212612708
5/17/2018 7:00,10.97399998,10.97399998,13.87203669900098
5/17/2018 8:00,8.090000153,8.090000153,14.479670911671196
5/17/2018 9:00,11.32600021,11.32600021,14.410674512413852
5/17/2018 10:00,12.38099957,12.38099957,14.990935938544638
5/17/2018 11:00,13.15499973,13.15499973,15.345193714330328
5/17/2018 12:00,12.52200031,12.52200031,15.721320431001216
5/17/2018 13:00,13.01399994,13.01399994,16.307828570178454
5/17/2018 14:00,13.50699997,13.50699997,17.27702443930872
5/17/2018 15:00,13.50699997,13.50699997,17.883817009241447
5/17/2018 16:00,13.9989996,13.9989996,18.45787124570455
5/17/2018 17:00,13.78800011,13.78800011,18.670884382369675
5/17/2018 18:00,14.14000034,14.14000034,18.830581076906466
5/17/2018 19:00,13.78800011,13.78800011,18.160104096165146
5/17/2018 20:00,13.50699997,13.50699997,17.75518026174459
5/17/2018 21:00,13.15499973,13.15499973,17.47545589873105
5/17/2018 22:00,13.43599987,13.43599987,17.19817523246305
5/17/2018 23:00,13.36600018,13.36600018,16.783899782646742
5/18/2018 0:00,12.94400024,12.94400024,16.265583175930576
5/18/2018 1:00,12.94400024,12.94400024,16.131745496045074
5/18/2018 2:00,13.36600018,13.36600018,15.651203176527403
5/18/2018 3:00,13.08500004,13.08500004,15.221562599444283
5/18/2018 4:00,13.08500004,13.08500004,15.232265027269491
5/18/2018 5:00,12.80300045,12.80300045,15.079987738190894
5/18/2018 6:00,13.01399994,13.01399994,14.897071555152706
5/18/2018 7:00,12.94400024,12.94400024,15.919607832011156
5/18/2018 8:00,12.8739996,12.8739996,16.624887365568824
5/18/2018 9:00,12.52200031,12.52200031,16.50767889903757
5/18/2018 10:00,12.52200031,12.52200031,16.906697132989727
5/18/2018 11:00,12.7329998,12.7329998,17.055856113547833
5/18/2018 12:00,12.80300045,12.80300045,17.407440996713113
5/18/2018 13:00,12.59200001,12.59200001,18.130513333081023
5/18/2018 14:00,12.8739996,12.8739996,19.438077520479165
5/18/2018 15:00,12.7329998,12.7329998,20.26523815050687
5/18/2018 16:00,9.425999641,9.425999641,20.756598621243533
5/18/2018 17:00,8.090000153,8.090000153,20.58983776823426
5/18/2018 18:00,6.330999851,6.330999851,20.507744069350625
5/18/2018 19:00,5.346000195,5.346000195,19.66114349804744
5/18/2018 20:00,6.40199995,6.40199995,19.174097364911376
5/18/2018 21:00,8.300999641,8.300999641,18.833225502101627
5/18/2018 22:00,8.652999878,8.652999878,18.54314694069725
5/18/2018 23:00,8.512000084,8.512000084,18.166293576446197
5/19/2018 0:00,8.512000084,8.512000084,17.688098032021607
5/19/2018 1:00,8.512000084,8.512000084,17.715827422714696
5/19/2018 2:00,8.230999947,8.230999947,17.383218263183487
5/19/2018 3:00,8.512000084,8.512000084,17.01146943929514
5/19/2018 4:00,7.809000015,7.809000015,16.797256698570923
5/19/2018 5:00,7.737999916,7.737999916,16.71823192053515
5/19/2018 6:00,7.737999916,7.737999916,16.711649192565854
5/19/2018 7:00,7.948999882,7.948999882,17.84081795646108
5/19/2018 8:00,7.879000187,7.879000187,18.778680326455813
5/19/2018 9:00,7.105000019,7.105000019,18.863721396901852
5/19/2018 10:00,7.597000122,7.597000122,19.41116560831376
5/19/2018 11:00,7.456999779,7.456999779,19.84941460238384
5/19/2018 12:00,7.809000015,7.809000015,20.356602961555808
5/19/2018 13:00,7.879000187,7.879000187,21.13409786503104
5/19/2018 14:00,8.020000458,8.020000458,22.48879139759579
5/19/2018 15:00,7.668000221,7.668000221,23.16582250647453
5/19/2018 16:00,7.456999779,7.456999779,23.33572775211022
5/19/2018 17:00,7.034999847,7.034999847,22.981647003987558
5/19/2018 18:00,7.175000191,7.175000191,22.475405617026475
5/19/2018 19:00,7.034999847,7.034999847,21.330313896736293
5/19/2018 20:00,6.894000053,6.894000053,20.703662980580315
5/19/2018 21:00,7.386000156,7.386000156,20.40035223029631
5/19/2018 22:00,7.315999985,7.315999985,20.121799401136503
5/19/2018 23:00,7.105000019,7.105000019,19.869713068242014
5/20/2018 0:00,7.105000019,7.105000019,19.526191483971942
5/20/2018 1:00,7.105000019,7.105000019,19.545759065237817
5/20/2018 2:00,6.964000225,6.964000225,19.26173201640703
5/20/2018 3:00,6.752999783,6.752999783,18.890214904119496
5/20/2018 4:00,6.823999882,6.823999882,18.58537088507122
5/20/2018 5:00,6.823999882,6.823999882,18.68904156822303
5/20/2018 6:00,6.752999783,6.752999783,18.857862668380143
5/20/2018 7:00,6.823999882,6.823999882,20.125785899923606
5/20/2018 8:00,7.105000019,7.105000019,21.19207502050154
5/20/2018 9:00,7.245999813,7.245999813,21.401153561778145
5/20/2018 10:00,7.386000156,7.386000156,21.801837206310356
5/20/2018 11:00,7.175000191,7.175000191,22.12932752556292
5/20/2018 12:00,6.964000225,6.964000225,22.387253520424537
5/20/2018 13:00,6.823999882,6.823999882,22.82796845555384
5/20/2018 14:00,6.683000088,6.683000088,23.833581443934943
5/20/2018 15:00,6.330999851,6.330999851,24.231665681525865
5/20/2018 16:00,6.541999817,6.541999817,24.12697758583652
5/20/2018 17:00,4.361999989,4.361999989,23.6993423071502
5/20/2018 18:00,5.55700016,5.55700016,23.188486284353857
5/20/2018 19:00,5.627999783,5.627999783,22.1518620745723
5/20/2018 20:00,5.979000092,5.979000092,21.552325917537413
5/20/2018 21:00,5.697999954,5.697999954,21.140096944579533
5/20/2018 22:00,5.90899992,5.90899992,20.76708893364902
5/20/2018 23:00,5.768000126,5.768000126,20.37965972231012
5/21/2018 0:00,5.697999954,5.697999954,19.9324727511534
5/21/2018 1:00,5.416999817,5.416999817,19.28617322087457
5/21/2018 2:00,5.768000126,5.768000126,18.522365985082857
5/21/2018 3:00,5.627999783,5.627999783,17.42141016088997
5/21/2018 4:00,5.697999954,5.697999954,16.47935023594145
5/21/2018 5:00,6.050000191,6.050000191,15.928414726535046
5/21/2018 6:00,5.90899992,5.90899992,16.081903933489237
5/21/2018 7:00,5.979000092,5.979000092,16.99215687319679
5/21/2018 8:00,6.050000191,6.050000191,17.23148238481103
5/21/2018 9:00,6.472000122,6.472000122,16.752338544109268
5/21/2018 10:00,6.40199995,6.40199995,17.161761820597818
5/21/2018 11:00,6.40199995,6.40199995,17.44787904047461
5/21/2018 12:00,6.752999783,6.752999783,17.85372310096698
5/21/2018 13:00,7.105000019,7.105000019,17.962714941726603
5/21/2018 14:00,7.175000191,7.175000191,18.6267426603807
5/21/2018 15:00,7.315999985,7.315999985,19.102014136809597
5/21/2018 16:00,5.627999783,5.627999783,19.12632293464809
5/21/2018 17:00,4.43200016,4.43200016,19.092870664634688
5/21/2018 18:00,6.472000122,6.472000122,18.39800861983654
5/21/2018 19:00,6.472000122,6.472000122,17.541176723494257
5/21/2018 20:00,6.894000053,6.894000053,17.29657877991169
5/21/2018 21:00,6.612999916,6.612999916,17.092669393432764
5/21/2018 22:00,6.894000053,6.894000053,16.768457462315197
5/21/2018 23:00,6.683000088,6.683000088,16.365553623427264
5/22/2018 0:00,6.964000225,6.964000225,15.919025375250014
5/22/2018 1:00,7.315999985,7.315999985,16.043915809584846
5/22/2018 2:00,7.456999779,7.456999779,16.093859987278186
5/22/2018 3:00,7.879000187,7.879000187,15.82477820429353
5/22/2018 4:00,8.300999641,8.300999641,15.499545947692594
5/22/2018 5:00,9.00399971,9.00399971,15.297376119505978
5/22/2018 6:00,9.145000458,9.145000458,14.84504005315588
5/22/2018 7:00,7.456999779,7.456999779,15.077856256276627
5/22/2018 8:00,6.823999882,6.823999882,15.11067006152481
5/22/2018 9:00,6.683000088,6.683000088,14.906859450391146
5/22/2018 10:00,6.40199995,6.40199995,15.279421383388422
5/22/2018 11:00,3.727999926,3.727999926,15.330361920965284
5/22/2018 12:00,4.150000095,4.150000095,15.498687290703277
5/22/2018 13:00,6.541999817,6.541999817,15.48993084310505
5/22/2018 14:00,6.964000225,6.964000225,15.619897615190602
5/22/2018 15:00,6.261000156,6.261000156,15.986623593606364
5/22/2018 16:00,6.119999886,6.119999886,16.090244491865654
5/22/2018 17:00,6.894000053,6.894000053,16.04172461228088
5/22/2018 18:00,6.261000156,6.261000156,16.005799516063544
5/22/2018 19:00,7.034999847,7.034999847,15.488637097932711
5/22/2018 20:00,7.52699995,7.52699995,15.318580511520034
5/22/2018 21:00,7.737999916,7.737999916,15.17198783624596
5/22/2018 22:00,7.809000015,7.809000015,14.964624424238613
5/22/2018 23:00,6.752999783,6.752999783,14.81394045033055
5/23/2018 0:00,7.105000019,7.105000019,14.621792678505829
5/23/2018 1:00,6.612999916,6.612999916,14.9744184763853
5/23/2018 2:00,6.823999882,6.823999882,14.87857408426272
5/23/2018 3:00,6.472000122,6.472000122,14.794462839369103
5/23/2018 4:00,7.597000122,7.597000122,14.575967273821998
5/23/2018 5:00,6.894000053,6.894000053,14.5193343104495
5/23/2018 6:00,7.668000221,7.668000221,14.258267133822224
5/23/2018 7:00,9.215000153,9.215000153,14.67615294829419
5/23/2018 8:00,9.848999977,9.848999977,14.942161109995652
5/23/2018 9:00,9.00399971,9.00399971,14.814333234595594
5/23/2018 10:00,9.286000252,9.286000252,15.301549444046652
5/23/2018 11:00,9.567000389,9.567000389,15.442270944575888
5/23/2018 12:00,9.215000153,9.215000153,15.657605831481206
5/23/2018 13:00,9.215000153,9.215000153,15.941500870902845
5/23/2018 14:00,10.48200035,10.48200035,16.415262514540807
5/23/2018 15:00,11.95899963,11.95899963,16.946401379213093
5/23/2018 16:00,11.67800045,11.67800045,17.10913071518139
5/23/2018 17:00,11.67800045,11.67800045,16.96273055914594
5/23/2018 18:00,11.46700001,11.46700001,16.951246932209397
5/23/2018 19:00,9.918999672,9.918999672,16.359521177408254
5/23/2018 20:00,9.496999741,9.496999741,16.12664903248674
5/23/2018 21:00,9.425999641,9.425999641,15.97581563769781
5/23/2018 22:00,9.286000252,9.286000252,15.74676686659642
5/23/2018 23:00,8.793000221,8.793000221,15.47707098166628
5/24/2018 0:00,8.442000389,8.442000389,15.163422716226696
5/24/2018 1:00,8.722999573,8.722999573,15.35589706900194
5/24/2018 2:00,8.37100029,8.37100029,15.19073423159854
5/24/2018 3:00,8.300999641,8.300999641,14.980300574677036
5/24/2018 4:00,8.230999947,8.230999947,14.886595410256524
5/24/2018 5:00,8.159999847,8.159999847,14.735957315245424
5/24/2018 6:00,8.512000084,8.512000084,14.440165507102993
5/24/2018 7:00,9.145000458,9.145000458,15.160972134336443
5/24/2018 8:00,9.286000252,9.286000252,15.470280640102652
5/24/2018 9:00,9.637999535,9.637999535,15.293135929617636
5/24/2018 10:00,8.86400032,8.86400032,15.70563077508663
5/24/2018 11:00,9.567000389,9.567000389,15.778418671268158
5/24/2018 12:00,9.496999741,9.496999741,16.0775917143947
5/24/2018 13:00,9.074999809,9.074999809,16.4607375712842
5/24/2018 14:00,9.777999878,9.777999878,17.12442897710054
5/24/2018 15:00,11.18500042,11.18500042,17.860018771364523
5/24/2018 16:00,10.76299953,10.76299953,18.359181699937185
5/24/2018 17:00,9.918999672,9.918999672,18.35825220540133
5/24/2018 18:00,10.3409996,10.3409996,18.4531390327827
5/24/2018 19:00,9.918999672,9.918999672,17.775496205277797
5/24/2018 20:00,9.918999672,9.918999672,17.471932028705808
5/24/2018 21:00,9.425999641,9.425999641,17.310516166497578
5/24/2018 22:00,9.355999947,9.355999947,17.064257578973606
5/24/2018 23:00,9.215000153,9.215000153,16.783473433301236
5/25/2018 0:00,8.722999573,8.722999573,16.47255962956456
5/25/2018 1:00,8.512000084,8.512000084,16.66777916897967
5/25/2018 2:00,8.652999878,8.652999878,16.58311254448055
5/25/2018 3:00,7.737999916,7.737999916,16.280872963825466
5/25/2018 4:00,8.512000084,8.512000084,16.387496314804842
5/25/2018 5:00,9.00399971,9.00399971,16.218946648237257
5/25/2018 6:00,9.145000458,9.145000458,15.971218347130952
5/25/2018 7:00,9.425999641,9.425999641,16.87756899866747
5/25/2018 8:00,9.145000458,9.145000458,17.300382027924204
5/25/2018 9:00,9.777999878,9.777999878,17.183476507760187
5/25/2018 10:00,9.918999672,9.918999672,17.58317743029167
5/25/2018 11:00,9.425999641,9.425999641,17.642953462224295
5/25/2018 12:00,9.215000153,9.215000153,18.008458783926947
5/25/2018 13:00,9.215000153,9.215000153,18.618443942499063
5/25/2018 14:00,8.86400032,8.86400032,19.80717953585303
5/25/2018 15:00,8.652999878,8.652999878,20.987139217834304
5/25/2018 16:00,8.512000084,8.512000084,21.653108547296625
5/25/2018 17:00,8.86400032,8.86400032,21.382313157718947
5/25/2018 18:00,5.979000092,5.979000092,21.06653870663025
5/25/2018 19:00,6.823999882,6.823999882,20.063329163379464
5/25/2018 20:00,5.768000126,5.768000126,19.63143780600931
5/25/2018 21:00,6.261000156,6.261000156,19.54111212218507
5/25/2018 22:00,5.697999954,5.697999954,19.486517691273257
5/25/2018 23:00,6.261000156,6.261000156,19.39237816690618
5/26/2018 0:00,7.52699995,7.52699995,19.16137096935468
5/26/2018 1:00,8.090000153,8.090000153,19.43100859536804
5/26/2018 2:00,7.456999779,7.456999779,19.387622650417622
5/26/2018 3:00,7.52699995,7.52699995,19.22171290721981
5/26/2018 4:00,8.230999947,8.230999947,19.339411807905027
5/26/2018 5:00,8.512000084,8.512000084,19.268149500903284
5/26/2018 6:00,8.512000084,8.512000084,19.239697964455416
5/26/2018 7:00,8.37100029,8.37100029,20.41118838881685
5/26/2018 8:00,7.597000122,7.597000122,21.19500226625633
5/26/2018 9:00,8.442000389,8.442000389,21.22431073840734
5/26/2018 10:00,8.159999847,8.159999847,21.54631094919344
5/26/2018 11:00,8.300999641,8.300999641,21.61863356848052
5/26/2018 12:00,8.722999573,8.722999573,21.788474729307755
5/26/2018 13:00,9.425999641,9.425999641,22.26829093087177
5/26/2018 14:00,9.215000153,9.215000153,23.320734025437854
5/26/2018 15:00,9.355999947,9.355999947,24.17081583183174
5/26/2018 16:00,9.425999641,9.425999641,24.463495918683478
5/26/2018 17:00,9.074999809,9.074999809,24.11840187328693
5/26/2018 18:00,8.86400032,8.86400032,23.60431618799508
5/26/2018 19:00,8.934000015,8.934000015,22.385203865807014
5/26/2018 20:00,8.37100029,8.37100029,21.85838754794633
5/26/2018 21:00,9.425999641,9.425999641,21.691362411305494
5/26/2018 22:00,8.86400032,8.86400032,21.60185076343659
5/26/2018 23:00,9.00399971,9.00399971,21.51490568566497
5/27/2018 0:00,8.37100029,8.37100029,21.391756928128515
5/27/2018 1:00,8.86400032,8.86400032,21.783214478749297
5/27/2018 2:00,9.425999641,9.425999641,21.8837476544194
5/27/2018 3:00,9.215000153,9.215000153,21.75524649131068
5/27/2018 4:00,9.425999641,9.425999641,21.91591875789023
5/27/2018 5:00,9.355999947,9.355999947,21.99621808213713
5/27/2018 6:00,9.918999672,9.918999672,22.095235466718
5/27/2018 7:00,9.777999878,9.777999878,23.348378411075107
5/27/2018 8:00,9.286000252,9.286000252,24.21619846874806
5/27/2018 9:00,9.567000389,9.567000389,24.07702744984488
5/27/2018 10:00,9.567000389,9.567000389,24.085685784130984
5/27/2018 11:00,9.215000153,9.215000153,23.96729095420354
5/27/2018 12:00,10.13000011,10.13000011,23.82846101477676
5/27/2018 13:00,10.76299953,10.76299953,23.973589272733665
5/27/2018 14:00,10.62199974,10.62199974,24.6176468939696
5/27/2018 15:00,11.5369997,11.5369997,25.08275854493908
5/27/2018 16:00,11.60700035,11.60700035,25.137632089024912
5/27/2018 17:00,11.32600021,11.32600021,24.80899671724442
5/27/2018 18:00,11.46700001,11.46700001,24.2348434406228
5/27/2018 19:00,10.48200035,10.48200035,23.055526725232134
5/27/2018 20:00,10.13000011,10.13000011,22.40463427380521
5/27/2018 21:00,9.918999672,9.918999672,22.1113255202788
5/27/2018 22:00,9.848999977,9.848999977,21.951457756377287
5/27/2018 23:00,10.19999981,10.19999981,21.807535987624185
5/28/2018 0:00,10.06000042,10.06000042,21.539201772467084
5/28/2018 1:00,10.13000011,10.13000011,21.222007392688575
5/28/2018 2:00,10.13000011,10.13000011,20.68072273765956
5/28/2018 3:00,9.918999672,9.918999672,20.01717909764123
5/28/2018 4:00,9.708000183,9.708000183,19.36092047035261
5/28/2018 5:00,9.918999672,9.918999672,18.705259261774223
5/28/2018 6:00,10.19999981,10.19999981,18.72837957771047
5/28/2018 7:00,10.97399998,10.97399998,19.61360528121036
5/28/2018 8:00,10.48200035,10.48200035,19.890295413912845
5/28/2018 9:00,10.41100025,10.41100025,19.55891498789912
5/28/2018 10:00,10.27099991,10.27099991,19.97099407655293
5/28/2018 11:00,10.69299984,10.69299984,20.196408947720347
5/28/2018 12:00,10.55200005,10.55200005,20.68239529819758
5/28/2018 13:00,10.69299984,10.69299984,20.926137894956558
5/28/2018 14:00,11.32600021,11.32600021,21.52390933643961
5/28/2018 15:00,11.95899963,11.95899963,22.05330281692791
5/28/2018 16:00,11.5369997,11.5369997,22.05636935445645
5/28/2018 17:00,11.46700001,11.46700001,22.141287021924224
5/28/2018 18:00,11.25599957,11.25599957,21.361808667145997
5/28/2018 19:00,11.11499977,11.11499977,20.144267746831364
5/28/2018 20:00,10.76299953,10.76299953,19.731398985041967
5/28/2018 21:00,10.69299984,10.69299984,19.54683632557168
5/28/2018 22:00,10.76299953,10.76299953,19.236681211819395
5/28/2018 23:00,10.55200005,10.55200005,18.858581901189083
5/29/2018 0:00,10.62199974,10.62199974,18.46009991408453
5/29/2018 1:00,10.48200035,10.48200035,18.40512415208109
5/29/2018 2:00,10.48200035,10.48200035,18.42495125033988
5/29/2018 3:00,10.69299984,10.69299984,18.18567578843141
5/29/2018 4:00,10.83300018,10.83300018,17.84684113401606
5/29/2018 5:00,10.69299984,10.69299984,17.47140584476201
5/29/2018 6:00,10.76299953,10.76299953,16.93231437313639
5/29/2018 7:00,10.69299984,10.69299984,17.108982949383382
5/29/2018 8:00,11.67800045,11.67800045,16.97323172889501
5/29/2018 9:00,11.74800014,11.74800014,16.82780105419738
5/29/2018 10:00,11.81799984,11.81799984,17.15416512266334
5/29/2018 11:00,11.88899994,11.88899994,17.004910014892555
5/29/2018 12:00,12.02900028,12.02900028,16.985450212622716
5/29/2018 13:00,11.81799984,11.81799984,16.65751897929545
5/29/2018 14:00,12.38099957,12.38099957,16.40459133468005
5/29/2018 15:00,11.60700035,11.60700035,16.525790537010536
5/29/2018 16:00,11.32600021,11.32600021,16.360099529563897
5/29/2018 17:00,11.60700035,11.60700035,16.33629016953013
5/29/2018 18:00,10.90400028,10.90400028,16.17477367828383
5/29/2018 19:00,10.76299953,10.76299953,15.58892452689932
5/29/2018 20:00,10.3409996,10.3409996,15.31036229686885
5/29/2018 21:00,9.637999535,9.637999535,15.087532267913527
5/29/2018 22:00,10.41100025,10.41100025,14.916099976625135
5/29/2018 23:00,10.13000011,10.13000011,14.839270037075629
5/30/2018 0:00,9.918999672,9.918999672,14.618360500071198
5/30/2018 1:00,10.13000011,10.13000011,14.787755053338682
5/30/2018 2:00,9.777999878,9.777999878,14.664332611300004
5/30/2018 3:00,10.19999981,10.19999981,14.751630552738012
5/30/2018 4:00,9.777999878,9.777999878,14.534007149656386
5/30/2018 5:00,9.145000458,9.145000458,14.546938245861575
5/30/2018 6:00,9.98900032,9.98900032,14.39091795378668
5/30/2018 7:00,10.55200005,10.55200005,14.7396122016301
5/30/2018 8:00,10.90400028,10.90400028,14.910637077720938
5/30/2018 9:00,11.46700001,11.46700001,14.823033210766535
5/30/2018 10:00,11.5369997,11.5369997,15.045819082111072
5/30/2018 11:00,11.60700035,11.60700035,15.008665715799456
5/30/2018 12:00,11.67800045,11.67800045,14.965191058407582
5/30/2018 13:00,11.5369997,11.5369997,14.944168990321712
5/30/2018 14:00,11.67800045,11.67800045,15.023836205321585
5/30/2018 15:00,12.02900028,12.02900028,15.333296846304558
5/30/2018 16:00,11.32600021,11.32600021,15.311541510307071
5/30/2018 17:00,11.25599957,11.25599957,15.229332617656173
5/30/2018 18:00,10.55200005,10.55200005,15.191033470580166
5/30/2018 19:00,10.62199974,10.62199974,14.679457883958314
5/30/2018 20:00,10.97399998,10.97399998,14.497111843864763
5/30/2018 21:00,10.3409996,10.3409996,14.324973725938625
5/30/2018 22:00,10.13000011,10.13000011,14.10803847320977
5/30/2018 23:00,9.918999672,9.918999672,13.977008343486409
5/31/2018 0:00,10.41100025,10.41100025,13.72719066577387
5/31/2018 1:00,10.41100025,10.41100025,13.891619109809309
5/31/2018 2:00,10.41100025,10.41100025,13.62321538117196
5/31/2018 3:00,10.41100025,10.41100025,13.71368757293123
5/31/2018 4:00,10.41100025,10.41100025,13.726375570565509
5/31/2018 5:00,10.41100025,10.41100025,13.803394520577973
5/31/2018 6:00,10.41100025,10.41100025,13.74628542296745
5/31/2018 7:00,10.41100025,10.41100025,14.227814999412892
5/31/2018 8:00,10.41100025,10.41100025,14.509310334191486
5/31/2018 9:00,10.41100025,10.41100025,14.408748657994485
5/31/2018 10:00,10.41100025,10.41100025,14.656032966571962
5/31/2018 11:00,10.41100025,10.41100025,14.78851003593746
5/31/2018 12:00,10.41100025,10.41100025,14.89662190224049
5/31/2018 13:00,10.41100025,10.41100025,15.17258446051641
5/31/2018 14:00,10.41100025,10.41100025,15.659696267340472
5/31/2018 15:00,10.41100025,10.41100025,16.107345602445793
5/31/2018 16:00,10.41100025,10.41100025,16.208497646700025
5/31/2018 17:00,10.41100025,10.41100025,16.209860375726095
5/31/2018 18:00,10.41100025,10.41100025,16.235366129491105
5/31/2018 19:00,10.41100025,10.41100025,15.76384758655569
5/31/2018 20:00,10.41100025,10.41100025,15.57034337501978
5/31/2018 21:00,10.41100025,10.41100025,15.395755171728249
5/31/2018 22:00,10.41100025,10.41100025,15.125633996705636
5/31/2018 23:00,10.41100025,10.41100025,14.90711353871227
6/1/2018 0:00,8.512000084,8.512000084,14.646316438506574
6/1/2018 1:00,8.512000084,8.512000084,14.786329232553877
6/1/2018 2:00,8.230999947,8.230999947,15.048913358828395
6/1/2018 3:00,8.300999641,8.300999641,14.88787128053394
6/1/2018 4:00,8.37100029,8.37100029,14.96674014976402
6/1/2018 5:00,8.230999947,8.230999947,14.998133033272676
6/1/2018 6:00,8.581999779,8.581999779,14.670055887840208
6/1/2018 7:00,9.425999641,9.425999641,14.425393065009413
6/1/2018 8:00,10.83300018,10.83300018,14.589019455889447
6/1/2018 9:00,10.48200035,10.48200035,14.095772852722128
6/1/2018 10:00,9.777999878,9.777999878,13.917039726111849
6/1/2018 11:00,9.848999977,9.848999977,14.09348023194032
6/1/2018 12:00,9.918999672,9.918999672,14.093666528067375
6/1/2018 13:00,10.41100025,10.41100025,13.833278630548726
6/1/2018 14:00,10.90400028,10.90400028,14.09089843508069
6/1/2018 15:00,11.67800045,11.67800045,13.687329517695096
6/1/2018 16:00,12.02900028,12.02900028,13.273740728656984
6/1/2018 17:00,11.88899994,11.88899994,13.250342491206384
6/1/2018 18:00,11.32600021,11.32600021,13.244912627756127
6/1/2018 19:00,10.90400028,10.90400028,13.11583655506412
6/1/2018 20:00,10.83300018,10.83300018,13.040917044561697
6/1/2018 21:00,10.48200035,10.48200035,13.007234254607132
6/1/2018 22:00,10.41100025,10.41100025,12.990770549539183
6/1/2018 23:00,10.27099991,10.27099991,13.029250299257196
6/2/2018 0:00,9.98900032,9.98900032,13.058112693474971
6/2/2018 1:00,9.567000389,9.567000389,12.838583032155071
6/2/2018 2:00,9.215000153,9.215000153,12.534267712776549
6/2/2018 3:00,9.215000153,9.215000153,12.553424568679148
6/2/2018 4:00,8.512000084,8.512000084,12.375983002531829
6/2/2018 5:00,8.934000015,8.934000015,12.434349168678445
6/2/2018 6:00,8.934000015,8.934000015,12.518946676917206
6/2/2018 7:00,8.652999878,8.652999878,12.526097429325077
6/2/2018 8:00,8.722999573,8.722999573,12.652011631715638
6/2/2018 9:00,8.722999573,8.722999573,12.52658892273207
6/2/2018 10:00,9.215000153,9.215000153,13.029960925635248
6/2/2018 11:00,9.637999535,9.637999535,13.373285091621426
6/2/2018 12:00,10.48200035,10.48200035,13.460154565207864
6/2/2018 13:00,10.19999981,10.19999981,13.49792713112018
6/2/2018 14:00,10.3409996,10.3409996,14.003399500379802
6/2/2018 15:00,10.19999981,10.19999981,13.871993733049855
6/2/2018 16:00,11.11499977,11.11499977,13.79076637074002
6/2/2018 17:00,10.48200035,10.48200035,13.770198722205013
6/2/2018 18:00,10.06000042,10.06000042,13.523357810326528
6/2/2018 19:00,9.567000389,9.567000389,13.27131530402625
6/2/2018 20:00,9.425999641,9.425999641,13.172154787879393
6/2/2018 21:00,9.567000389,9.567000389,13.121035104133444
6/2/2018 22:00,9.848999977,9.848999977,13.098326043186992
6/2/2018 23:00,9.637999535,9.637999535,13.115922486966369
6/3/2018 0:00,9.286000252,9.286000252,13.082016459435245
6/3/2018 1:00,9.496999741,9.496999741,12.996847086965664
6/3/2018 2:00,9.496999741,9.496999741,12.648876375146628
6/3/2018 3:00,9.637999535,9.637999535,12.625768108213622
6/3/2018 4:00,9.567000389,9.567000389,12.352663547025506
6/3/2018 5:00,9.848999977,9.848999977,12.372001270383372
6/3/2018 6:00,9.567000389,9.567000389,12.555470780724317
6/3/2018 7:00,9.355999947,9.355999947,12.673468390764642
6/3/2018 8:00,9.425999641,9.425999641,12.834554825279824
6/3/2018 9:00,9.637999535,9.637999535,12.74461841694496
6/3/2018 10:00,9.918999672,9.918999672,13.167696789086284
6/3/2018 11:00,10.62199974,10.62199974,13.498805384290597
6/3/2018 12:00,10.69299984,10.69299984,13.576337145177328
6/3/2018 13:00,10.97399998,10.97399998,13.54503092180738
6/3/2018 14:00,12.23999977,12.23999977,14.055791876644072
6/3/2018 15:00,12.6619997,12.6619997,13.866666021313904
6/3/2018 16:00,13.43599987,13.43599987,13.747938916950888
6/3/2018 17:00,13.08500004,13.08500004,13.713707301518957
6/3/2018 18:00,11.67800045,11.67800045,13.45597965178764
6/3/2018 19:00,11.04399967,11.04399967,13.192717007742612
6/3/2018 20:00,10.55200005,10.55200005,13.030311670795571
6/3/2018 21:00,9.567000389,9.567000389,12.88474210154408
6/3/2018 22:00,9.425999641,9.425999641,12.785132197298267
6/3/2018 23:00,8.722999573,8.722999573,12.746318782875075
6/4/2018 0:00,8.442000389,8.442000389,12.67910043913744
6/4/2018 1:00,9.215000153,9.215000153,12.38411753619346
6/4/2018 2:00,9.425999641,9.425999641,11.818034178798497
6/4/2018 3:00,9.637999535,9.637999535,10.678460637180136
6/4/2018 4:00,9.708000183,9.708000183,10.514159369711892
6/4/2018 5:00,9.425999641,9.425999641,10.755743473604277
6/4/2018 6:00,9.567000389,9.567000389,11.37184290549215
6/4/2018 7:00,9.777999878,9.777999878,11.589852009084169
6/4/2018 8:00,10.76299953,10.76299953,11.270381294539227
6/4/2018 9:00,11.18500042,11.18500042,10.830811411937852
6/4/2018 10:00,11.18500042,11.18500042,10.733113856635248
6/4/2018 11:00,11.18500042,11.18500042,10.899269611349812
6/4/2018 12:00,11.81799984,11.81799984,10.86725871990012
6/4/2018 13:00,11.67800045,11.67800045,10.70497903684404
6/4/2018 14:00,12.23999977,12.23999977,10.946928318219314
6/4/2018 15:00,12.38099957,12.38099957,10.775307082671285
6/4/2018 16:00,11.60700035,11.60700035,10.75794857360429
6/4/2018 17:00,10.76299953,10.76299953,10.738429188351382
6/4/2018 18:00,10.06000042,10.06000042,10.658737875345029
6/4/2018 19:00,9.637999535,9.637999535,10.731853610340057
6/4/2018 20:00,9.708000183,9.708000183,10.95241418967365
6/4/2018 21:00,9.848999977,9.848999977,11.265568578386922
6/4/2018 22:00,10.27099991,10.27099991,11.58615812894724
6/4/2018 23:00,10.13000011,10.13000011,11.885175461878037
6/5/2018 0:00,9.918999672,9.918999672,12.178153198831849
6/5/2018 1:00,9.637999535,9.637999535,12.239844625060146
6/5/2018 2:00,9.425999641,9.425999641,12.061090644405796
6/5/2018 3:00,9.708000183,9.708000183,12.030284918093614
6/5/2018 4:00,9.918999672,9.918999672,12.017372623629743
6/5/2018 5:00,9.848999977,9.848999977,11.508887738746232
6/5/2018 6:00,9.848999977,9.848999977,10.99774651207094
6/5/2018 7:00,10.06000042,10.06000042,10.727142317665596
6/5/2018 8:00,9.918999672,9.918999672,10.724308815804164
6/5/2018 9:00,10.13000011,10.13000011,10.690182860862205
6/5/2018 10:00,9.848999977,9.848999977,11.177064809778257
6/5/2018 11:00,9.918999672,9.918999672,11.511397109179777
6/5/2018 12:00,9.777999878,9.777999878,11.535687105276953
6/5/2018 13:00,10.13000011,10.13000011,11.41150769454006
6/5/2018 14:00,10.76299953,10.76299953,11.442173599451976
6/5/2018 15:00,10.90400028,10.90400028,11.357840110031518
6/5/2018 16:00,10.97399998,10.97399998,11.488139884789105
6/5/2018 17:00,10.83300018,10.83300018,11.654741849843528
6/5/2018 18:00,10.27099991,10.27099991,11.7187371514171
6/5/2018 19:00,9.567000389,9.567000389,11.687059924672589
6/5/2018 20:00,9.286000252,9.286000252,11.727330871268238
6/5/2018 21:00,9.215000153,9.215000153,11.884509986160484
6/5/2018 22:00,8.934000015,8.934000015,12.107641902230014
6/5/2018 23:00,8.934000015,8.934000015,12.368442180194808
6/6/2018 0:00,8.581999779,8.581999779,12.59414159320803
6/6/2018 1:00,8.581999779,8.581999779,12.422122740552997
6/6/2018 2:00,8.581999779,8.581999779,12.149578259405716
6/6/2018 3:00,8.512000084,8.512000084,12.1473074857177
6/6/2018 4:00,8.37100029,8.37100029,12.283786942665786
6/6/2018 5:00,8.159999847,8.159999847,12.066838945798883
6/6/2018 6:00,8.512000084,8.512000084,11.779055256089007
6/6/2018 7:00,9.496999741,9.496999741,11.631247087960356
6/6/2018 8:00,10.19999981,10.19999981,11.681487988909376
6/6/2018 9:00,10.27099991,10.27099991,11.690890978077196
6/6/2018 10:00,9.98900032,9.98900032,12.316321634739955
6/6/2018 11:00,10.13000011,10.13000011,12.754847358664726
6/6/2018 12:00,10.06000042,10.06000042,12.95119447293273
6/6/2018 13:00,10.55200005,10.55200005,13.031459371456082
6/6/2018 14:00,12.02900028,12.02900028,13.379276226772175
6/6/2018 15:00,13.15499973,13.15499973,13.279180787417674
6/6/2018 16:00,13.29599953,13.29599953,13.351803307719532
6/6/2018 17:00,12.94400024,12.94400024,13.32351343976572
6/6/2018 18:00,13.22500038,13.22500038,13.226936706577929
6/6/2018 19:00,11.39599991,11.39599991,13.031860563542068
6/6/2018 20:00,10.90400028,10.90400028,12.92230361128971
6/6/2018 21:00,11.04399967,11.04399967,12.920468190597974
6/6/2018 22:00,10.55200005,10.55200005,12.981774578349029
6/6/2018 23:00,10.27099991,10.27099991,13.12468648174245
6/7/2018 0:00,9.777999878,9.777999878,13.280369931353071
6/7/2018 1:00,10.13000011,10.13000011,12.960434866760092
6/7/2018 2:00,10.13000011,10.13000011,12.5700022758547
6/7/2018 3:00,9.848999977,9.848999977,12.447314955420444
6/7/2018 4:00,9.98900032,9.98900032,12.62134466755069
6/7/2018 5:00,9.918999672,9.918999672,12.5306403007674
6/7/2018 6:00,10.13000011,10.13000011,12.405754897884472
6/7/2018 7:00,10.48200035,10.48200035,12.444065167117316
6/7/2018 8:00,10.69299984,10.69299984,12.597388336158692
6/7/2018 9:00,10.83300018,10.83300018,12.57434282996785
6/7/2018 10:00,11.11499977,11.11499977,13.333077170581197
6/7/2018 11:00,11.5369997,11.5369997,13.898325637976756
6/7/2018 12:00,11.95899963,11.95899963,14.157747231916682
6/7/2018 13:00,12.02900028,12.02900028,14.3176018213586
6/7/2018 14:00,12.80300045,12.80300045,14.88253112257486
6/7/2018 15:00,12.7329998,12.7329998,14.755068888080894
6/7/2018 16:00,12.6619997,12.6619997,14.76427432655819
6/7/2018 17:00,12.6619997,12.6619997,14.76105062236098
6/7/2018 18:00,12.02900028,12.02900028,14.725002255572008
6/7/2018 19:00,11.67800045,11.67800045,14.49401299911874
6/7/2018 20:00,11.39599991,11.39599991,14.327568796562815
6/7/2018 21:00,10.83300018,10.83300018,14.256072229132648
6/7/2018 22:00,10.83300018,10.83300018,14.215632497186627
6/7/2018 23:00,10.3409996,10.3409996,14.246198931618476
6/8/2018 0:00,10.48200035,10.48200035,14.289098149800548
6/8/2018 1:00,10.41100025,10.41100025,14.079578330331014
6/8/2018 2:00,10.13000011,10.13000011,13.632849155094195
6/8/2018 3:00,10.06000042,10.06000042,13.364972868263624
6/8/2018 4:00,9.98900032,9.98900032,13.346705917314797
6/8/2018 5:00,9.708000183,9.708000183,13.214110079203047
6/8/2018 6:00,9.425999641,9.425999641,13.173409340689537
6/8/2018 7:00,9.777999878,9.777999878,13.350822571818242
6/8/2018 8:00,10.13000011,10.13000011,13.768592364981512
6/8/2018 9:00,10.19999981,10.19999981,13.637787061714258
6/8/2018 10:00,10.06000042,10.06000042,14.222718304142957
6/8/2018 11:00,10.3409996,10.3409996,14.69669444651996
6/8/2018 12:00,10.13000011,10.13000011,15.080511141595483
6/8/2018 13:00,9.918999672,9.918999672,15.500170774575029
6/8/2018 14:00,10.19999981,10.19999981,16.40559232879558
6/8/2018 15:00,10.3409996,10.3409996,16.566685648455476
6/8/2018 16:00,10.13000011,10.13000011,16.65188746054917
6/8/2018 17:00,9.918999672,9.918999672,16.658318450521584
6/8/2018 18:00,8.934000015,8.934000015,16.586324994114293
6/8/2018 19:00,9.00399971,9.00399971,16.17881711192142
6/8/2018 20:00,9.355999947,9.355999947,15.8051023144051
6/8/2018 21:00,8.86400032,8.86400032,15.494999898491171
6/8/2018 22:00,9.074999809,9.074999809,15.17845431119496
6/8/2018 23:00,8.722999573,8.722999573,14.962320946113222
6/9/2018 0:00,8.86400032,8.86400032,14.822955488075287
6/9/2018 1:00,8.86400032,8.86400032,14.749932570127218
6/9/2018 2:00,8.300999641,8.300999641,14.45057693825923
6/9/2018 3:00,8.020000458,8.020000458,14.09237046577903
6/9/2018 4:00,8.020000458,8.020000458,13.667778487257848
6/9/2018 5:00,8.159999847,8.159999847,13.61039729402465
6/9/2018 6:00,8.159999847,8.159999847,13.739936392698407
6/9/2018 7:00,8.159999847,8.159999847,14.324321954307182
6/9/2018 8:00,8.512000084,8.512000084,14.804238354587728
6/9/2018 9:00,8.442000389,8.442000389,14.52594636648713
6/9/2018 10:00,6.823999882,6.823999882,14.899762918497863
6/9/2018 11:00,3.025000095,3.025000095,15.245991357688691
6/9/2018 12:00,4.150000095,4.150000095,15.545291246365856
6/9/2018 13:00,3.938999891,3.938999891,15.945354036214503
6/9/2018 14:00,4.78399992,4.78399992,16.83387904809678
6/9/2018 15:00,5.768000126,5.768000126,16.80752165489379
6/9/2018 16:00,6.683000088,6.683000088,16.655836885480138
6/9/2018 17:00,6.894000053,6.894000053,16.68116283104292
6/9/2018 18:00,7.034999847,7.034999847,16.48637996869038
6/9/2018 19:00,6.40199995,6.40199995,15.981170558996029
6/9/2018 20:00,6.330999851,6.330999851,15.621018966931931
6/9/2018 21:00,6.050000191,6.050000191,15.389743778363256
6/9/2018 22:00,6.894000053,6.894000053,15.159557237098534
6/9/2018 23:00,7.245999813,7.245999813,14.93159545821824
6/10/2018 0:00,6.261000156,6.261000156,14.72429401251328
6/10/2018 1:00,6.823999882,6.823999882,14.677503297300442
6/10/2018 2:00,7.315999985,7.315999985,14.426087603982037
6/10/2018 3:00,7.668000221,7.668000221,14.237582934352004
6/10/2018 4:00,7.737999916,7.737999916,13.670180674525184
6/10/2018 5:00,7.456999779,7.456999779,13.559741695513484
6/10/2018 6:00,7.668000221,7.668000221,13.68290567981228
6/10/2018 7:00,8.020000458,8.020000458,14.07159579947952
6/10/2018 8:00,8.300999641,8.300999641,14.437937533857813
6/10/2018 9:00,8.159999847,8.159999847,14.225381862096016
6/10/2018 10:00,8.090000153,8.090000153,14.569504704868557
6/10/2018 11:00,8.090000153,8.090000153,14.8214814050742
6/10/2018 12:00,8.37100029,8.37100029,14.94340751979811
6/10/2018 13:00,8.934000015,8.934000015,15.073994219720822
6/10/2018 14:00,9.425999641,9.425999641,15.798420281464026
6/10/2018 15:00,9.567000389,9.567000389,15.812529267041146
6/10/2018 16:00,9.98900032,9.98900032,15.551752954676209
6/10/2018 17:00,9.286000252,9.286000252,15.358517793410506
6/10/2018 18:00,9.286000252,9.286000252,14.91541563296295
6/10/2018 19:00,9.145000458,9.145000458,14.34901370521852
6/10/2018 20:00,8.442000389,8.442000389,14.049463766622418
6/10/2018 21:00,8.722999573,8.722999573,13.863337384863184
6/10/2018 22:00,8.442000389,8.442000389,13.740095148246626
6/10/2018 23:00,8.230999947,8.230999947,13.637908875812974
6/11/2018 0:00,8.300999641,8.300999641,13.525450497098486
6/11/2018 1:00,7.879000187,7.879000187,13.290778284055188
6/11/2018 2:00,7.809000015,7.809000015,12.860650318170576
6/11/2018 3:00,7.809000015,7.809000015,11.87329143729528
6/11/2018 4:00,7.948999882,7.948999882,11.677453294109302
6/11/2018 5:00,7.948999882,7.948999882,12.030767143036574
6/11/2018 6:00,8.159999847,8.159999847,12.74115505674919
6/11/2018 7:00,8.512000084,8.512000084,13.339128683154788
6/11/2018 8:00,9.074999809,9.074999809,13.38425153826494
6/11/2018 9:00,9.074999809,9.074999809,13.187972216191003
6/11/2018 10:00,9.00399971,9.00399971,13.470374106056967
6/11/2018 11:00,9.074999809,9.074999809,13.745941430545209
6/11/2018 12:00,9.567000389,9.567000389,13.801727123898486
6/11/2018 13:00,10.19999981,10.19999981,13.61187150943237
6/11/2018 14:00,11.04399967,11.04399967,13.926909316240405
6/11/2018 15:00,12.02900028,12.02900028,13.851002250895291
6/11/2018 16:00,12.17000008,12.17000008,13.817653191849224
6/11/2018 17:00,12.31099987,12.31099987,13.65575100009253
6/11/2018 18:00,10.55200005,10.55200005,13.53468797798001
6/11/2018 19:00,10.90400028,10.90400028,13.44240188160622
6/11/2018 20:00,10.27099991,10.27099991,13.592961724299558
6/11/2018 21:00,10.27099991,10.27099991,13.830549531314292
6/11/2018 22:00,9.777999878,9.777999878,13.965650635254084
6/11/2018 23:00,9.848999977,9.848999977,14.008328999178918
6/12/2018 0:00,10.06000042,10.06000042,14.060412272167698
6/12/2018 1:00,9.777999878,9.777999878,14.342838061430204
6/12/2018 2:00,9.496999741,9.496999741,14.187948588170611
6/12/2018 3:00,9.848999977,9.848999977,13.91553313728333
6/12/2018 4:00,9.708000183,9.708000183,13.817858223514287
6/12/2018 5:00,9.496999741,9.496999741,13.504347263749017
6/12/2018 6:00,9.567000389,9.567000389,13.178034966275009
6/12/2018 7:00,10.3409996,10.3409996,13.305368964948752
6/12/2018 8:00,10.41100025,10.41100025,13.453631817441522
6/12/2018 9:00,10.62199974,10.62199974,13.380913831960129
6/12/2018 10:00,10.27099991,10.27099991,13.858885013351808
6/12/2018 11:00,10.3409996,10.3409996,14.1891907940626
6/12/2018 12:00,10.83300018,10.83300018,14.435034981939337
6/12/2018 13:00,11.5369997,11.5369997,14.440517940447837
6/12/2018 14:00,12.10000038,12.10000038,14.72121926577374
6/12/2018 15:00,13.57699966,13.57699966,14.86188608236518
6/12/2018 16:00,14.27999973,14.27999973,15.047973470372163
6/12/2018 17:00,13.50699997,13.50699997,15.194337015974686
6/12/2018 18:00,13.9289999,13.9289999,15.149696650620754
6/12/2018 19:00,12.02900028,12.02900028,14.76067048292901
6/12/2018 20:00,11.67800045,11.67800045,14.627820821309395
6/12/2018 21:00,11.04399967,11.04399967,14.573307820474438
6/12/2018 22:00,10.90400028,10.90400028,14.537063028451287
6/12/2018 23:00,11.18500042,11.18500042,14.56539374385016
6/13/2018 0:00,11.18500042,11.18500042,14.605032250182203
6/13/2018 1:00,10.76299953,10.76299953,14.619046167799675
6/13/2018 2:00,10.90400028,10.90400028,14.43331382816846
6/13/2018 3:00,10.83300018,10.83300018,13.993644640595308
6/13/2018 4:00,10.83300018,10.83300018,13.858291897857027
6/13/2018 5:00,10.62199974,10.62199974,13.803535930857786
6/13/2018 6:00,10.97399998,10.97399998,13.777198729665724
6/13/2018 7:00,11.46700001,11.46700001,14.2147341182086
6/13/2018 8:00,11.81799984,11.81799984,14.686734621273716
6/13/2018 9:00,11.18500042,11.18500042,14.653954778325884
6/13/2018 10:00,11.18500042,11.18500042,15.186207778578217
6/13/2018 11:00,11.5369997,11.5369997,15.590294538289983
6/13/2018 12:00,11.32600021,11.32600021,16.047015183957388
6/13/2018 13:00,12.31099987,12.31099987,16.424985662937644
6/13/2018 14:00,13.29599953,13.29599953,17.177399043487306
6/13/2018 15:00,14.14000034,14.14000034,17.672032606093808
6/13/2018 16:00,14.35099983,14.35099983,18.03997076719842
6/13/2018 17:00,13.64700031,13.64700031,18.06252411794912
6/13/2018 18:00,12.59200001,12.59200001,17.874681216651027
6/13/2018 19:00,11.67800045,11.67800045,17.222344738527802
6/13/2018 20:00,10.90400028,10.90400028,16.868078356311223
6/13/2018 21:00,10.69299984,10.69299984,16.693175819682352
6/13/2018 22:00,10.55200005,10.55200005,16.483838291039348
6/13/2018 23:00,10.55200005,10.55200005,16.264712734751278
6/14/2018 0:00,10.90400028,10.90400028,16.095438803922846
6/14/2018 1:00,10.90400028,10.90400028,15.949212895011213
6/14/2018 2:00,10.69299984,10.69299984,15.814983291503752
6/14/2018 3:00,10.97399998,10.97399998,15.373474049006848
6/14/2018 4:00,11.11499977,11.11499977,15.247871929040931
6/14/2018 5:00,10.83300018,10.83300018,15.17444940788642
6/14/2018 6:00,10.97399998,10.97399998,15.074573763536126
6/14/2018 7:00,10.90400028,10.90400028,15.9602982428076
6/14/2018 8:00,11.11499977,11.11499977,16.795280397225888
6/14/2018 9:00,11.11499977,11.11499977,16.60727675428014
6/14/2018 10:00,11.18500042,11.18500042,17.17782777615213
6/14/2018 11:00,11.25599957,11.25599957,17.549843002178108
6/14/2018 12:00,11.18500042,11.18500042,18.030880257675125
6/14/2018 13:00,11.81799984,11.81799984,18.69854359754937
6/14/2018 14:00,13.29599953,13.29599953,19.810231773465635
6/14/2018 15:00,13.57699966,13.57699966,20.24769744991832
6/14/2018 16:00,13.22500038,13.22500038,20.25939213302155
6/14/2018 17:00,13.08500004,13.08500004,19.89728277654049
6/14/2018 18:00,11.46700001,11.46700001,19.450848934289738
6/14/2018 19:00,11.32600021,11.32600021,18.65024854442071
6/14/2018 20:00,11.32600021,11.32600021,18.214760758192604
6/14/2018 21:00,11.18500042,11.18500042,17.99413927180965
6/14/2018 22:00,11.32600021,11.32600021,17.722202007463142
6/14/2018 23:00,10.62199974,10.62199974,17.344164398321965
6/15/2018 0:00,10.19999981,10.19999981,16.973655430107932
6/15/2018 1:00,10.19999981,10.19999981,16.97025628712725
6/15/2018 2:00,9.848999977,9.848999977,16.88651094795298
6/15/2018 3:00,10.13000011,10.13000011,16.53334354075743
6/15/2018 4:00,10.97399998,10.97399998,16.251093124075084
6/15/2018 5:00,10.19999981,10.19999981,16.158444101131096
6/15/2018 6:00,10.83300018,10.83300018,16.026753394735458
6/15/2018 7:00,11.11499977,11.11499977,16.980854113715516
6/15/2018 8:00,11.5369997,11.5369997,17.856184805014074
6/15/2018 9:00,10.55200005,10.55200005,17.750730604569114
6/15/2018 10:00,10.48200035,10.48200035,18.095448085512665
6/15/2018 11:00,10.3409996,10.3409996,18.385840450627867
6/15/2018 12:00,10.90400028,10.90400028,18.835921830695376
6/15/2018 13:00,11.11499977,11.11499977,19.26003827080837
6/15/2018 14:00,11.25599957,11.25599957,20.11935093775232
6/15/2018 15:00,11.81799984,11.81799984,20.29224751395125
6/15/2018 16:00,12.38099957,12.38099957,20.080870923221045
6/15/2018 17:00,11.95899963,11.95899963,19.76236942520067
6/15/2018 18:00,11.74800014,11.74800014,19.60024915972595
6/15/2018 19:00,10.48200035,10.48200035,18.98434118782367
6/15/2018 20:00,9.848999977,9.848999977,18.57077120052688
6/15/2018 21:00,9.425999641,9.425999641,18.275198293643903
6/15/2018 22:00,9.496999741,9.496999741,17.92063823352412
6/15/2018 23:00,9.425999641,9.425999641,17.478817438229086
6/16/2018 0:00,9.215000153,9.215000153,17.029940693672575
6/16/2018 1:00,9.286000252,9.286000252,16.952022835055566
6/16/2018 2:00,9.00399971,9.00399971,16.938533777315605
6/16/2018 3:00,8.86400032,8.86400032,16.642371660933403
6/16/2018 4:00,8.512000084,8.512000084,16.174795922597507
6/16/2018 5:00,8.512000084,8.512000084,16.051035181621636
6/16/2018 6:00,8.581999779,8.581999779,15.983363742399428
6/16/2018 7:00,8.793000221,8.793000221,16.902741352540563
6/16/2018 8:00,9.425999641,9.425999641,17.773194448438584
6/16/2018 9:00,8.722999573,8.722999573,17.762271431169395
6/16/2018 10:00,9.145000458,9.145000458,18.04953079062828
6/16/2018 11:00,9.00399971,9.00399971,18.48387855578036
6/16/2018 12:00,9.215000153,9.215000153,18.94798073861005
6/16/2018 13:00,9.425999641,9.425999641,19.35869762786431
6/16/2018 14:00,10.13000011,10.13000011,20.336786985453852
6/16/2018 15:00,10.76299953,10.76299953,20.55418701855229
6/16/2018 16:00,10.55200005,10.55200005,20.410654525288564
6/16/2018 17:00,9.918999672,9.918999672,20.214138724975165
6/16/2018 18:00,9.355999947,9.355999947,20.13864205397676
6/16/2018 19:00,9.215000153,9.215000153,19.54682838117394
6/16/2018 20:00,9.215000153,9.215000153,19.06372319894459
6/16/2018 21:00,8.442000389,8.442000389,18.725772755997955
6/16/2018 22:00,8.512000084,8.512000084,18.35016983995154
6/16/2018 23:00,8.300999641,8.300999641,17.895786568506562
6/17/2018 0:00,8.159999847,8.159999847,17.448345906248605
6/17/2018 1:00,8.512000084,8.512000084,17.18172900507013
6/17/2018 2:00,8.020000458,8.020000458,17.05505478862889
6/17/2018 3:00,8.020000458,8.020000458,16.78080782304543
6/17/2018 4:00,8.020000458,8.020000458,16.25336495701613
6/17/2018 5:00,7.948999882,7.948999882,16.026585370723208
6/17/2018 6:00,7.668000221,7.668000221,15.955661097845404
6/17/2018 7:00,7.948999882,7.948999882,16.642963783378466
6/17/2018 8:00,8.230999947,8.230999947,17.336030659100107
6/17/2018 9:00,8.37100029,8.37100029,17.525974323974534
6/17/2018 10:00,8.442000389,8.442000389,17.816372514981413
6/17/2018 11:00,8.652999878,8.652999878,18.300909277683928
6/17/2018 12:00,9.286000252,9.286000252,18.751225017484835
6/17/2018 13:00,10.27099991,10.27099991,19.153327531453822
6/17/2018 14:00,11.32600021,11.32600021,20.234320672999782
6/17/2018 15:00,12.45100021,12.45100021,20.515578304777595
6/17/2018 16:00,12.38099957,12.38099957,20.38084290794721
6/17/2018 17:00,11.5369997,11.5369997,20.227437646795828
6/17/2018 18:00,11.32600021,11.32600021,19.953535997700897
6/17/2018 19:00,10.83300018,10.83300018,19.176782571348284
6/17/2018 20:00,10.27099991,10.27099991,18.61971928314997
6/17/2018 21:00,10.19999981,10.19999981,18.24666519471255
6/17/2018 22:00,9.637999535,9.637999535,17.819148022739327
6/17/2018 23:00,9.567000389,9.567000389,17.357584869428084
6/18/2018 0:00,9.286000252,9.286000252,16.959396825039995
6/18/2018 1:00,9.215000153,9.215000153,16.63501700231681
6/18/2018 2:00,9.215000153,9.215000153,16.304522111838097
6/18/2018 3:00,8.86400032,8.86400032,15.281599075216224
6/18/2018 4:00,9.074999809,9.074999809,14.665970017878012
6/18/2018 5:00,9.00399971,9.00399971,14.45249484828086
6/18/2018 6:00,9.215000153,9.215000153,14.83667347687686
6/18/2018 7:00,9.286000252,9.286000252,15.673189297279304
6/18/2018 8:00,9.145000458,9.145000458,16.190474456355258
6/18/2018 9:00,9.777999878,9.777999878,15.95148737608484
6/18/2018 10:00,9.98900032,9.98900032,16.464134066132303
6/18/2018 11:00,10.06000042,10.06000042,16.82768374192405
6/18/2018 12:00,10.83300018,10.83300018,17.291918861009297
6/18/2018 13:00,11.18500042,11.18500042,17.33286719991911
6/18/2018 14:00,11.95899963,11.95899963,17.746237518019306
6/18/2018 15:00,13.08500004,13.08500004,17.910706677093174
6/18/2018 16:00,11.95899963,11.95899963,17.760533461756633
6/18/2018 17:00,12.02900028,12.02900028,17.39840212577515
6/18/2018 18:00,12.02900028,12.02900028,16.80661228616555
6/18/2018 19:00,11.81799984,11.81799984,16.38475788090306
6/18/2018 20:00,10.62199974,10.62199974,16.330171659202247
6/18/2018 21:00,10.19999981,10.19999981,16.269154447529015
6/18/2018 22:00,10.13000011,10.13000011,16.14319218153211
6/18/2018 23:00,10.27099991,10.27099991,15.979610014466177
6/19/2018 0:00,9.777999878,9.777999878,15.847481439348307
6/19/2018 1:00,9.215000153,9.215000153,15.970354526283105
6/19/2018 2:00,9.215000153,9.215000153,16.083632899251228
6/19/2018 3:00,9.074999809,9.074999809,15.75450603406374
6/19/2018 4:00,9.00399971,9.00399971,15.431928265561774
6/19/2018 5:00,9.145000458,9.145000458,15.343551474910358
6/19/2018 6:00,9.637999535,9.637999535,15.006099675328684
6/19/2018 7:00,9.496999741,9.496999741,15.370291258458012
6/19/2018 8:00,9.074999809,9.074999809,15.626487360711238
6/19/2018 9:00,9.355999947,9.355999947,15.592190336404562
6/19/2018 10:00,9.777999878,9.777999878,16.076179200476115
6/19/2018 11:00,9.848999977,9.848999977,16.332772655023085
6/19/2018 12:00,10.13000011,10.13000011,16.72282378243022
6/19/2018 13:00,9.777999878,9.777999878,16.877225271058485
6/19/2018 14:00,5.55700016,5.55700016,17.20827706381894
6/19/2018 15:00,5.627999783,5.627999783,17.44584871722493
6/19/2018 16:00,4.643000126,4.643000126,17.400340823637535
6/19/2018 17:00,5.276000023,5.276000023,17.14614207538336
6/19/2018 18:00,6.683000088,6.683000088,16.82630803704834
6/19/2018 19:00,6.752999783,6.752999783,16.43283684641313
6/19/2018 20:00,7.105000019,7.105000019,16.30968067410545
6/19/2018 21:00,4.572999954,4.572999954,16.180725621072384
6/19/2018 22:00,5.135000229,5.135000229,16.05039433353709
6/19/2018 23:00,5.90899992,5.90899992,15.99468172864304
6/20/2018 0:00,6.541999817,6.541999817,15.96160986287486
6/20/2018 1:00,7.315999985,7.315999985,16.15876492239326
6/20/2018 2:00,6.964000225,6.964000225,16.168050864101012
6/20/2018 3:00,7.105000019,7.105000019,15.90786905750046
6/20/2018 4:00,7.105000019,7.105000019,15.619109001308049
6/20/2018 5:00,7.105000019,7.105000019,15.474241187190463
6/20/2018 6:00,7.315999985,7.315999985,15.094142801274923
6/20/2018 7:00,7.456999779,7.456999779,15.6937573430342
6/20/2018 8:00,7.105000019,7.105000019,16.122121917433272
6/20/2018 9:00,7.456999779,7.456999779,16.059270741541223
6/20/2018 10:00,8.090000153,8.090000153,16.757327096264934
6/20/2018 11:00,8.090000153,8.090000153,17.085615297864088
6/20/2018 12:00,8.512000084,8.512000084,17.652527520756834
6/20/2018 13:00,8.37100029,8.37100029,18.14053598527275
6/20/2018 14:00,8.934000015,8.934000015,18.779232726912166
6/20/2018 15:00,8.722999573,8.722999573,19.2856594831539
6/20/2018 16:00,8.86400032,8.86400032,19.43581442637564
6/20/2018 17:00,9.286000252,9.286000252,19.09730469782794
6/20/2018 18:00,9.145000458,9.145000458,18.69528427596895
6/20/2018 19:00,9.286000252,9.286000252,17.954035952006365
6/20/2018 20:00,9.215000153,9.215000153,17.696370268577436
6/20/2018 21:00,8.652999878,8.652999878,17.60086616149149
6/20/2018 22:00,8.722999573,8.722999573,17.441756293134596
6/20/2018 23:00,9.00399971,9.00399971,17.27515326882714
6/21/2018 0:00,9.00399971,9.00399971,17.127259830829388
6/21/2018 1:00,8.934000015,8.934000015,17.268124065704725
6/21/2018 2:00,8.581999779,8.581999779,17.259805222015473
6/21/2018 3:00,8.37100029,8.37100029,17.043015318663645
6/21/2018 4:00,8.512000084,8.512000084,16.879528616777247
6/21/2018 5:00,8.512000084,8.512000084,16.692747351830782
6/21/2018 6:00,8.86400032,8.86400032,16.292502767680467
6/21/2018 7:00,8.300999641,8.300999641,17.014059577772397
6/21/2018 8:00,8.86400032,8.86400032,17.46475744310471
6/21/2018 9:00,8.512000084,8.512000084,17.319063014402037
6/21/2018 10:00,8.37100029,8.37100029,17.797916884586204
6/21/2018 11:00,8.512000084,8.512000084,18.00301687147345
6/21/2018 12:00,8.442000389,8.442000389,18.44528255304205
6/21/2018 13:00,8.86400032,8.86400032,18.86802196421304
6/21/2018 14:00,9.567000389,9.567000389,19.51211560005208
6/21/2018 15:00,9.918999672,9.918999672,19.957600351585874
6/21/2018 16:00,10.06000042,10.06000042,20.00380232072269
6/21/2018 17:00,9.848999977,9.848999977,19.71172600809937
6/21/2018 18:00,9.637999535,9.637999535,19.41590523600684
6/21/2018 19:00,9.00399971,9.00399971,18.746224283919297
6/21/2018 20:00,8.652999878,8.652999878,18.52162185982766
6/21/2018 21:00,8.37100029,8.37100029,18.473699134139853
6/21/2018 22:00,8.159999847,8.159999847,18.336896605016918
6/21/2018 23:00,8.090000153,8.090000153,18.11888273478625
6/22/2018 0:00,8.230999947,8.230999947,17.923804340837698
6/22/2018 1:00,8.37100029,8.37100029,18.14217147195464
6/22/2018 2:00,8.159999847,8.159999847,18.26916584762489
6/22/2018 3:00,8.020000458,8.020000458,18.064374103370053
6/22/2018 4:00,7.809000015,7.809000015,17.840526926690455
6/22/2018 5:00,7.668000221,7.668000221,17.6929202814512
6/22/2018 6:00,5.627999783,5.627999783,17.4822764290061
6/22/2018 7:00,7.034999847,7.034999847,18.389581732337987
6/22/2018 8:00,4.854000092,4.854000092,19.054385883464768
6/22/2018 9:00,6.683000088,6.683000088,19.011715993564195
6/22/2018 10:00,6.40199995,6.40199995,19.266327585687712
6/22/2018 11:00,6.752999783,6.752999783,19.34258744849589
6/22/2018 12:00,3.657999992,3.657999992,19.544514442924854
6/22/2018 13:00,3.657999992,3.657999992,19.79501136664436
6/22/2018 14:00,4.150000095,4.150000095,20.62802013266345
6/22/2018 15:00,4.643000126,4.643000126,21.12583251361992
6/22/2018 16:00,5.979000092,5.979000092,21.131030797875983
6/22/2018 17:00,4.361999989,4.361999989,20.94060146548624
6/22/2018 18:00,4.643000126,4.643000126,20.603541324713262
6/22/2018 19:00,5.839000225,5.839000225,19.844413868818304
6/22/2018 20:00,5.90899992,5.90899992,19.591800027913724
6/22/2018 21:00,5.979000092,5.979000092,19.576701964817683
6/22/2018 22:00,5.839000225,5.839000225,19.53100843713637
6/22/2018 23:00,5.839000225,5.839000225,19.374456135226
6/23/2018 0:00,5.346000195,5.346000195,19.1528349787938
6/23/2018 1:00,5.416999817,5.416999817,19.31231293757942
6/23/2018 2:00,5.416999817,5.416999817,19.503821648809087
6/23/2018 3:00,5.768000126,5.768000126,19.461218491849543
6/23/2018 4:00,5.90899992,5.90899992,19.37802687719792
6/23/2018 5:00,6.261000156,6.261000156,19.37295199592012
6/23/2018 6:00,6.683000088,6.683000088,19.398120907220854
6/23/2018 7:00,6.472000122,6.472000122,20.55403713424822
6/23/2018 8:00,6.40199995,6.40199995,21.484876921451992
6/23/2018 9:00,6.964000225,6.964000225,21.462701459220565
6/23/2018 10:00,7.52699995,7.52699995,21.584087090084736
6/23/2018 11:00,7.737999916,7.737999916,21.68427706777237
6/23/2018 12:00,7.809000015,7.809000015,21.800884408207796
6/23/2018 13:00,7.668000221,7.668000221,22.06497578534397
6/23/2018 14:00,8.159999847,8.159999847,22.91934597763916
6/23/2018 15:00,7.809000015,7.809000015,23.390875642731416
6/23/2018 16:00,8.159999847,8.159999847,23.403042223060535
6/23/2018 17:00,7.809000015,7.809000015,23.071068085722203
6/23/2018 18:00,8.300999641,8.300999641,22.5456510411172
6/23/2018 19:00,8.020000458,8.020000458,21.56780690060464
6/23/2018 20:00,7.668000221,7.668000221,21.14642174443546
6/23/2018 21:00,7.386000156,7.386000156,21.008203523634837
6/23/2018 22:00,7.315999985,7.315999985,20.903279214519287
6/23/2018 23:00,7.175000191,7.175000191,20.743347365809324
6/24/2018 0:00,6.894000053,6.894000053,20.57009435096502
6/24/2018 1:00,6.612999916,6.612999916,20.621906124160954
6/24/2018 2:00,6.40199995,6.40199995,20.855408392230068
6/24/2018 3:00,6.541999817,6.541999817,20.798551926467752
6/24/2018 4:00,6.964000225,6.964000225,20.8581338502822
6/24/2018 5:00,6.894000053,6.894000053,20.9374888504508
6/24/2018 6:00,7.456999779,7.456999779,21.06357968328449
6/24/2018 7:00,7.456999779,7.456999779,22.23659119500033
6/24/2018 8:00,8.442000389,8.442000389,23.12527218189161
6/24/2018 9:00,7.948999882,7.948999882,23.231807614869304
6/24/2018 10:00,8.512000084,8.512000084,23.29982542983308
6/24/2018 11:00,9.00399971,9.00399971,23.315537330061343
6/24/2018 12:00,9.286000252,9.286000252,23.28793107753326
6/24/2018 13:00,9.215000153,9.215000153,23.381556334553142
6/24/2018 14:00,9.286000252,9.286000252,24.08789326745032
6/24/2018 15:00,9.355999947,9.355999947,24.461597737249573
6/24/2018 16:00,9.496999741,9.496999741,24.44206511133376
6/24/2018 17:00,9.215000153,9.215000153,24.08954570218072
6/24/2018 18:00,9.145000458,9.145000458,23.43681226898364
6/24/2018 19:00,9.074999809,9.074999809,22.39654687690352
6/24/2018 20:00,8.86400032,8.86400032,21.82869350769156
6/24/2018 21:00,8.37100029,8.37100029,21.54491591294988
6/24/2018 22:00,8.37100029,8.37100029,21.32498214659816
6/24/2018 23:00,8.512000084,8.512000084,21.02200770915191
6/25/2018 0:00,8.722999573,8.722999573,20.724213019033662
6/25/2018 1:00,9.00399971,9.00399971,20.509983859887445
6/25/2018 2:00,9.567000389,9.567000389,20.08471389322227
6/25/2018 3:00,9.567000389,9.567000389,19.46257751349
6/25/2018 4:00,8.512000084,8.512000084,18.839637160706204
6/25/2018 5:00,8.652999878,8.652999878,18.21916592674073
6/25/2018 6:00,8.934000015,8.934000015,18.282715812414214
6/25/2018 7:00,9.567000389,9.567000389,19.136893220657523
6/25/2018 8:00,10.97399998,10.97399998,19.601077495597217
6/25/2018 9:00,11.46700001,11.46700001,19.44210691901408
6/25/2018 10:00,11.18500042,11.18500042,19.940681962153807
6/25/2018 11:00,10.69299984,10.69299984,20.182128098338733
6/25/2018 12:00,10.27099991,10.27099991,20.664111001980345
6/25/2018 13:00,10.62199974,10.62199974,20.669506307300423
6/25/2018 14:00,11.25599957,11.25599957,21.032602357981084
6/25/2018 15:00,11.60700035,11.60700035,21.365476860396885
6/25/2018 16:00,12.38099957,12.38099957,21.19189071047392
6/25/2018 17:00,11.46700001,11.46700001,21.133568238514883
6/25/2018 18:00,11.18500042,11.18500042,20.22237335804835
6/25/2018 19:00,10.55200005,10.55200005,19.2748736391524
6/25/2018 20:00,9.98900032,9.98900032,19.01402251704205
6/25/2018 21:00,9.98900032,9.98900032,18.95611050563304
6/25/2018 22:00,9.567000389,9.567000389,18.86110927892418
6/25/2018 23:00,9.425999641,9.425999641,18.719862653704176
6/26/2018 0:00,9.708000183,9.708000183,18.568370933155663
6/26/2018 1:00,9.637999535,9.637999535,18.512287722106937
6/26/2018 2:00,9.777999878,9.777999878,18.479952964042617
6/26/2018 3:00,9.567000389,9.567000389,18.139325788683333
6/26/2018 4:00,9.425999641,9.425999641,17.85465921583429
6/26/2018 5:00,9.286000252,9.286000252,17.56179190600909
6/26/2018 6:00,9.286000252,9.286000252,17.084264485434634
6/26/2018 7:00,9.637999535,9.637999535,17.31374635861961
6/26/2018 8:00,9.425999641,9.425999641,17.34060292481408
6/26/2018 9:00,9.074999809,9.074999809,17.332281962618758
6/26/2018 10:00,8.934000015,8.934000015,17.77835301070594
6/26/2018 11:00,9.215000153,9.215000153,17.928394613853218
6/26/2018 12:00,9.215000153,9.215000153,18.33125025672818
6/26/2018 13:00,9.425999641,9.425999641,18.329817087375464
6/26/2018 14:00,10.19999981,10.19999981,18.40144827924571
6/26/2018 15:00,10.90400028,10.90400028,18.52932845526424
6/26/2018 16:00,11.04399967,11.04399967,18.26448156590276
6/26/2018 17:00,10.27099991,10.27099991,18.04223677424779
6/26/2018 18:00,9.777999878,9.777999878,17.633989268625104
6/26/2018 19:00,9.567000389,9.567000389,17.08772585953097
