date,OT,actual,forecast
2/1/2018 16:00,3.799000025,3.799000025,4.062684989465831
2/1/2018 17:00,3.588000059,3.588000059,4.0269791306425615
2/1/2018 18:00,3.799000025,3.799000025,3.800458710434989
2/1/2018 19:00,3.588000059,3.588000059,3.755032487675377
2/1/2018 20:00,3.305999994,3.305999994,3.7407884350638936
2/1/2018 21:00,3.657999992,3.657999992,3.6210205847193664
2/1/2018 22:00,4.290999889,4.290999889,3.57489413443086
2/1/2018 23:00,3.938999891,3.938999891,3.5591452524808327
2/2/2018 0:00,3.799000025,3.799000025,3.5088818205888765
2/2/2018 1:00,4.361999989,4.361999989,3.50118398361146
2/2/2018 2:00,4.643000126,4.643000126,3.519382767950222
2/2/2018 3:00,4.221000195,4.221000195,3.4411330201573014
2/2/2018 4:00,4.079999924,4.079999924,3.3734632676917227
2/2/2018 5:00,3.868999958,3.868999958,3.3404231476817774
2/2/2018 6:00,3.938999891,3.938999891,3.2056936567811274
2/2/2018 7:00,3.727999926,3.727999926,3.038011622886727
2/2/2018 8:00,3.868999958,3.868999958,3.171164475115404
2/2/2018 9:00,4.43200016,4.43200016,3.1632226303019664
2/2/2018 10:00,3.377000093,3.377000093,3.3690293538865306
2/2/2018 11:00,4.079999924,4.079999924,3.715988323296371
2/2/2018 12:00,3.588000059,3.588000059,3.591022581496741
2/2/2018 13:00,3.447000027,3.447000027,3.8649980417397702
2/2/2018 14:00,3.305999994,3.305999994,4.126262358409134
2/2/2018 15:00,3.868999958,3.868999958,3.833255495613804
2/2/2018 16:00,3.305999994,3.305999994,3.958063461982708
2/2/2018 17:00,3.51699996,3.51699996,3.9399442994991696
2/2/2018 18:00,2.321000099,2.321000099,3.724248354400432
2/2/2018 19:00,2.039999962,2.039999962,3.688489051954943
2/2/2018 20:00,1.899000049,1.899000049,3.682007444845439
2/2/2018 21:00,2.461999893,2.461999893,3.5686476351445218
2/2/2018 22:00,2.532000065,2.532000065,3.527768560422666
2/2/2018 23:00,2.039999962,2.039999962,3.516323995959542
2/3/2018 0:00,2.039999962,2.039999962,3.469608111076026
2/3/2018 1:00,0.843999982,0.843999982,3.464806292948038
2/3/2018 2:00,0.703000009,0.703000009,3.48537167802511
2/3/2018 3:00,0.703000009,0.703000009,3.409064391211708
2/3/2018 4:00,1.337000012,1.337000012,3.342972862621808
2/3/2018 5:00,0.773999989,0.773999989,3.3112241965294675
2/3/2018 6:00,0.0,0.0,3.1775470323722605
2/3/2018 7:00,0.0,0.0,3.010719481173721
2/3/2018 8:00,0.0,0.0,3.1445750509743107
2/3/2018 9:00,0.773999989,0.773999989,3.1372146005177157
2/3/2018 10:00,1.406999946,1.406999946,3.343487399497267
2/3/2018 11:00,2.039999962,2.039999962,3.690825980247853
2/3/2018 12:00,1.266000032,1.266000032,3.566150067938449
2/3/2018 13:00,1.970000029,1.970000029,3.8403556493326167
2/3/2018 14:00,3.447000027,3.447000027,4.101838667553565
2/3/2018 15:00,3.447000027,3.447000027,3.808938302675801
2/3/2018 16:00,3.657999992,3.657999992,3.9338582827799824
2/3/2018 17:00,3.236000061,3.236000061,3.9158234324951824
2/3/2018 18:00,2.461999893,2.461999893,3.700189433274255
2/3/2018 19:00,2.39199996,2.39199996,3.664473619972337
2/3/2018 20:00,1.687999964,1.687999964,3.6580203592681695
2/3/2018 21:00,1.266000032,1.266000032,3.544676453171596
2/3/2018 22:00,2.180999994,2.180999994,3.503803062021892
2/3/2018 23:00,0.773999989,0.773999989,3.492355785838965
2/4/2018 0:00,1.899000049,1.899000049,3.4456302927050197
2/4/2018 1:00,1.828999996,1.828999996,3.440813201846705
2/4/2018 2:00,2.250999928,2.250999928,3.461358661080052
2/4/2018 3:00,2.039999962,2.039999962,3.38502762598622
2/4/2018 4:00,2.180999994,2.180999994,3.3189092095354438
2/4/2018 5:00,2.39199996,2.39199996,3.287131076382406
2/4/2018 6:00,1.687999964,1.687999964,3.153422326587425
2/4/2018 7:00,1.547999978,1.547999978,2.986561449504593
2/4/2018 8:00,1.899000049,1.899000049,3.1203822637152534
2/4/2018 9:00,2.673000097,2.673000097,3.112985883194239
2/4/2018 10:00,2.884000063,2.884000063,3.319221787654808
2/4/2018 11:00,3.799000025,3.799000025,3.666522681491217
2/4/2018 12:00,2.954999924,2.954999924,3.541808431725773
2/4/2018 13:00,3.377000093,3.377000093,3.815975141016911
2/4/2018 14:00,4.43200016,4.43200016,4.077418847236051
2/4/2018 15:00,3.868999958,3.868999958,3.784478810978311
2/4/2018 16:00,4.150000095,4.150000095,3.9093588226249856
2/4/2018 17:00,4.150000095,4.150000095,3.8912837604703454
2/4/2018 18:00,3.236000061,3.236000061,3.675609349424686
2/4/2018 19:00,2.884000063,2.884000063,3.639852960049676
2/4/2018 20:00,2.461999893,2.461999893,3.633358988352692
2/4/2018 21:00,3.447000027,3.447000027,3.519974260435575
2/4/2018 22:00,4.079999924,4.079999924,3.4790599564275206
2/4/2018 23:00,3.588000059,3.588000059,3.4675716926045936
2/5/2018 0:00,4.290999889,4.290999889,3.420805150402379
2/5/2018 1:00,3.799000025,3.799000025,3.4159469600164467
2/5/2018 2:00,3.165999889,3.165999889,3.4364512782730943
2/5/2018 3:00,4.079999924,4.079999924,3.3600790681548367
2/5/2018 4:00,3.095000029,3.095000029,3.293919448711628
2/5/2018 5:00,3.588000059,3.588000059,3.26210008959226
2/5/2018 6:00,2.884000063,2.884000063,3.12835009495938
2/5/2018 7:00,3.025000095,3.025000095,2.961447957536879
2/5/2018 8:00,3.588000059,3.588000059,3.095227498674175
2/5/2018 9:00,3.447000027,3.447000027,3.087789834619895
2/5/2018 10:00,2.884000063,2.884000063,3.293984446955059
2/5/2018 11:00,3.868999958,3.868999958,3.641244041608181
2/5/2018 12:00,2.884000063,2.884000063,3.5164884868618547
2/5/2018 13:00,3.305999994,3.305999994,3.790613886409762
2/5/2018 14:00,4.501999855,4.501999855,4.052016278973729
2/5/2018 15:00,4.010000229,4.010000229,3.759034925847368
2/5/2018 16:00,4.079999924,4.079999924,3.88387361798582
2/5/2018 17:00,5.205999851,5.205999851,3.865757234154684
2/5/2018 18:00,4.290999889,4.290999889,3.6500414996514334
2/5/2018 19:00,4.290999889,4.290999889,3.614243785355777
2/5/2018 20:00,3.938999891,3.938999891,3.6077084875363417
2/5/2018 21:00,4.221000195,4.221000195,3.4942824325095683
2/5/2018 22:00,4.290999889,4.290999889,3.453326800580934
2/5/2018 23:00,3.799000025,3.799000025,3.4417972081713044
2/6/2018 0:00,3.938999891,3.938999891,3.3949893368352115
2/6/2018 1:00,4.221000195,4.221000195,3.390089816865932
2/6/2018 2:00,3.799000025,3.799000025,3.410552805170022
2/6/2018 3:00,3.51699996,3.51699996,3.3341392647959243
2/6/2018 4:00,4.290999889,4.290999889,3.2679383148477483
2/6/2018 5:00,4.010000229,4.010000229,3.2360776250187726
2/6/2018 6:00,4.010000229,4.010000229,3.102286299508185
2/6/2018 7:00,1.547999978,1.547999978,2.9353428310698937
2/6/2018 8:00,1.19599998,1.19599998,3.069081041077973
2/6/2018 9:00,1.126000047,1.126000047,3.061602045801304
2/6/2018 10:00,1.476999998,1.476999998,3.267755326837544
2/6/2018 11:00,1.687999964,1.687999964,3.614973590128874
2/6/2018 12:00,1.758999944,1.758999944,3.490176703969112
2/6/2018 13:00,2.461999893,2.461999893,3.764260772061164
2/6/2018 14:00,4.501999855,4.501999855,4.02562183313443
2/6/2018 15:00,3.799000025,3.799000025,3.732599148488743
2/6/2018 16:00,2.673000097,2.673000097,3.857396509084358
2/6/2018 17:00,2.673000097,2.673000097,3.839238793691069
2/6/2018 18:00,2.602999926,2.602999926,3.6234817276098017
2/6/2018 19:00,2.250999928,2.250999928,3.587642681723096
2/6/2018 20:00,2.180999994,2.180999994,3.581066052301906
2/6/2018 21:00,2.532000065,2.532000065,3.467598665664585
2/6/2018 22:00,2.602999926,2.602999926,3.426601702118179
2/6/2018 23:00,2.250999928,2.250999928,3.4150307780848443
2/7/2018 0:00,1.828999996,1.828999996,3.368181575120173
2/7/2018 1:00,2.039999962,2.039999962,3.36324072351831
2/7/2018 2:00,1.970000029,1.970000029,3.3836623801865287
2/7/2018 3:00,2.461999893,2.461999893,3.3072075081738577
2/7/2018 4:00,2.250999928,2.250999928,3.2409652265848896
2/7/2018 5:00,2.321000099,2.321000099,3.2090632051133
2/7/2018 6:00,2.461999893,2.461999893,3.0752305479586
2/7/2018 7:00,2.602999926,2.602999926,2.908245747874966
2/7/2018 8:00,2.884000063,2.884000063,3.0419426262366933
2/7/2018 9:00,3.588000059,3.588000059,3.0344222993128414
2/7/2018 10:00,4.150000095,4.150000095,3.240534248701218
2/7/2018 11:00,4.501999855,4.501999855,3.587711180344124
2/7/2018 12:00,4.010000229,4.010000229,3.462872962535478
2/7/2018 13:00,4.290999889,4.290999889,3.736915698978268
2/7/2018 14:00,4.572999954,4.572999954,3.998235428401961
2/7/2018 15:00,4.923999786,4.923999786,3.705171412106447
2/7/2018 16:00,4.643000126,4.643000126,3.829927441052025
2/7/2018 17:00,5.065000057,5.065000057,3.811728394008528
2/7/2018 18:00,4.994999886,4.994999886,3.5959299962769107
2/7/2018 19:00,5.135000229,5.135000229,3.560049618739739
2/7/2018 20:00,5.135000229,5.135000229,3.5534316576679874
2/7/2018 21:00,4.643000126,4.643000126,3.4399229393800264
2/7/2018 22:00,4.643000126,4.643000126,3.398884644182916
2/7/2018 23:00,3.588000059,3.588000059,3.3872723884988245
2/8/2018 0:00,1.899000049,1.899000049,3.3403818538833523
2/8/2018 1:00,2.109999895,2.109999895,3.335399670630653
2/8/2018 2:00,4.150000095,4.150000095,3.3557799956480063
2/8/2018 3:00,4.221000195,4.221000195,3.2792837919844464
2/8/2018 4:00,3.727999926,3.727999926,3.213000178744569
2/8/2018 5:00,3.588000059,3.588000059,3.1810568256220533
2/8/2018 6:00,3.727999926,3.727999926,3.0471828368164147
2/8/2018 7:00,3.165999889,3.165999889,2.8801567050818315
2/8/2018 8:00,3.025000095,3.025000095,3.0138122517926
2/8/2018 9:00,2.180999994,2.180999994,3.0062505932177817
2/8/2018 10:00,2.532000065,2.532000065,3.212321210955185
2/8/2018 11:00,2.884000063,2.884000063,3.5594568109471143
2/8/2018 12:00,3.025000095,3.025000095,3.4345772614874868
2/8/2018 13:00,2.884000063,2.884000063,3.708578666279292
2/8/2018 14:00,3.938999891,3.938999891,3.969857064051997
2/8/2018 15:00,3.588000059,3.588000059,3.6767517161054943
2/8/2018 16:00,3.447000027,3.447000027,3.80146641340008
2/8/2018 17:00,3.868999958,3.868999958,3.78322603470559
2/8/2018 18:00,3.377000093,3.377000093,3.567386305322977
2/8/2018 19:00,2.813999891,2.813999891,3.53146459613481
2/8/2018 20:00,2.743999958,2.743999958,3.5248053034120623
2/8/2018 21:00,2.884000063,2.884000063,3.411255253473104
2/8/2018 22:00,2.813999891,2.813999891,3.3701756266249965
2/8/2018 23:00,2.602999926,2.602999926,3.3585220392899067
2/9/2018 0:00,2.813999891,2.813999891,3.311590173023436
2/9/2018 1:00,2.602999926,2.602999926,3.306566658119739
2/9/2018 2:00,2.954999924,2.954999924,3.326905651486092
2/9/2018 3:00,2.884000063,2.884000063,3.2503681161715328
2/9/2018 4:00,3.377000093,3.377000093,3.1840431712806563
2/9/2018 5:00,3.305999994,3.305999994,3.152058486507141
2/9/2018 6:00,3.305999994,3.305999994,3.018143166050502
2/9/2018 7:00,3.305999994,3.305999994,2.851075702664918
2/9/2018 8:00,3.377000093,3.377000093,2.984689917724687
2/9/2018 9:00,3.588000059,3.588000059,2.977086927498869
2/9/2018 10:00,3.727999926,3.727999926,3.183116213585273
2/9/2018 11:00,4.643000126,4.643000126,3.530210481926202
2/9/2018 12:00,5.697999954,5.697999954,3.405289600815574
2/9/2018 13:00,5.486999989,5.486999989,3.679249673956379
2/9/2018 14:00,5.768000126,5.768000126,3.940486740078084
2/9/2018 15:00,5.768000126,5.768000126,3.64734006048058
2/9/2018 16:00,5.768000126,5.768000126,3.7720134261241673
2/9/2018 17:00,5.768000126,5.768000126,3.753731715778676
2/9/2018 18:00,5.627999783,5.627999783,3.537850654745063
2/9/2018 19:00,5.346000195,5.346000195,3.501887613905896
2/9/2018 20:00,5.839000225,5.839000225,3.495186989532148
2/9/2018 21:00,5.697999954,5.697999954,3.3815956079421894
2/9/2018 22:00,5.416999817,5.416999817,3.340474649443081
2/9/2018 23:00,5.768000126,5.768000126,3.3287797304569917
2/10/2018 0:00,5.839000225,5.839000225,3.2818065325395205
2/10/2018 1:00,5.90899992,5.90899992,3.276741685984822
2/10/2018 2:00,6.190999985,6.190999985,3.297039347700176
2/10/2018 3:00,5.697999954,5.697999954,3.220460480734616
2/10/2018 4:00,4.712999821,4.712999821,3.15409420419274
2/10/2018 5:00,4.643000126,4.643000126,3.1220681877682237
2/10/2018 6:00,3.095000029,3.095000029,2.9881115356605843
2/10/2018 7:00,2.813999891,2.813999891,2.821002740624001
2/10/2018 8:00,3.447000027,3.447000027,2.954575624032769
2/10/2018 9:00,2.321000099,2.321000099,2.946931302155951
2/10/2018 10:00,1.899000049,1.899000049,3.152919256591354
2/10/2018 11:00,2.250999928,2.250999928,3.499972193281283
2/10/2018 12:00,3.025000095,3.025000095,3.3750099805196547
2/10/2018 13:00,3.025000095,3.025000095,3.648928722009461
2/10/2018 14:00,3.938999891,3.938999891,3.910124456480165
2/10/2018 15:00,3.236000061,3.236000061,3.616936445231661
2/10/2018 16:00,3.727999926,3.727999926,3.7415684792242474
2/10/2018 17:00,4.150000095,4.150000095,3.723245437227756
2/10/2018 18:00,4.221000195,4.221000195,3.507323044543144
2/10/2018 19:00,3.727999926,3.727999926,3.471318672052976
2/10/2018 20:00,3.799000025,3.799000025,3.464576716028227
2/10/2018 21:00,3.868999958,3.868999958,3.3509440027872683
2/10/2018 22:00,3.095000029,3.095000029,3.30978171263716
2/10/2018 23:00,1.337000012,1.337000012,3.29804546200007
2/11/2018 0:00,2.532000065,2.532000065,3.251030932431599
2/11/2018 1:00,3.095000029,3.095000029,3.245924754225901
2/11/2018 2:00,4.290999889,4.290999889,3.266181084290254
2/11/2018 3:00,3.938999891,3.938999891,3.189560885673694
2/11/2018 4:00,3.868999958,3.868999958,3.1231532774808173
2/11/2018 5:00,3.657999992,3.657999992,3.091085929405301
2/11/2018 6:00,2.673000097,2.673000097,2.957087945646662
2/11/2018 7:00,3.095000029,3.095000029,2.789937818959078
2/11/2018 8:00,4.079999924,4.079999924,2.923469370716845
2/11/2018 9:00,3.377000093,3.377000093,2.9157837171890275
2/11/2018 10:00,2.813999891,2.813999891,3.12173033997343
2/11/2018 11:00,3.377000093,3.377000093,3.468741945012359
2/11/2018 12:00,2.954999924,2.954999924,3.343738400599731
2/11/2018 13:00,2.743999958,2.743999958,3.617615810438536
2/11/2018 14:00,3.447000027,3.447000027,3.87877021325824
2/11/2018 15:00,3.095000029,3.095000029,3.585540870358736
2/11/2018 16:00,3.095000029,3.095000029,3.710131572700321
2/11/2018 17:00,2.461999893,2.461999893,3.6917671990528302
2/11/2018 18:00,1.970000029,1.970000029,3.475803474717217
2/11/2018 19:00,3.095000029,3.095000029,3.439757770576049
2/11/2018 20:00,1.899000049,1.899000049,3.4329744829003004
2/11/2018 21:00,2.743999958,2.743999958,3.319300438008341
2/11/2018 22:00,3.657999992,3.657999992,3.278096816207233
2/11/2018 23:00,3.165999889,3.165999889,3.2663192339191425
2/12/2018 0:00,3.095000029,3.095000029,3.219263372699671
2/12/2018 1:00,3.095000029,3.095000029,3.2141158628429727
2/12/2018 2:00,2.743999958,2.743999958,3.2343308612563257
2/12/2018 3:00,2.743999958,2.743999958,3.1576693309887656
2/12/2018 4:00,2.884000063,2.884000063,3.091220391144888
2/12/2018 5:00,2.884000063,2.884000063,3.059111711418372
2/12/2018 6:00,2.673000097,2.673000097,2.925072396008732
2/12/2018 7:00,2.532000065,2.532000065,2.757880937670148
2/12/2018 8:00,1.618000031,1.618000031,2.8913711577769154
2/12/2018 9:00,1.758999944,1.758999944,2.883644172598097
2/12/2018 10:00,1.054999948,1.054999948,3.0895494637315
2/12/2018 11:00,1.618000031,1.618000031,3.436519737119428
2/12/2018 12:00,1.337000012,1.337000012,3.3114748610557987
2/12/2018 13:00,1.899000049,1.899000049,3.585310939243603
2/12/2018 14:00,3.236000061,3.236000061,3.8464240104123073
2/12/2018 15:00,2.602999926,2.602999926,3.553153335861803
2/12/2018 16:00,2.532000065,2.532000065,3.677702706552388
2/12/2018 17:00,2.180999994,2.180999994,3.659297001253897
2/12/2018 18:00,2.532000065,2.532000065,3.4432919452672834
2/12/2018 19:00,3.095000029,3.095000029,3.407204909475116
2/12/2018 20:00,3.51699996,3.51699996,3.4003802901483664
2/12/2018 21:00,3.799000025,3.799000025,3.286664913605407
2/12/2018 22:00,3.799000025,3.799000025,3.2454199601532983
2/12/2018 23:00,4.150000095,4.150000095,3.2336010462142077
2/13/2018 0:00,4.290999889,4.290999889,3.186503853343736
2/13/2018 1:00,4.290999889,4.290999889,3.1813150118360367
2/13/2018 2:00,4.079999924,4.079999924,3.2014886785983894
2/13/2018 3:00,3.305999994,3.305999994,3.124785816679829
2/13/2018 4:00,3.799000025,3.799000025,3.058295545184951
2/13/2018 5:00,3.447000027,3.447000027,3.0261455338074343
2/13/2018 6:00,3.588000059,3.588000059,2.892064886746794
2/13/2018 7:00,3.305999994,3.305999994,2.7248320967572104
2/13/2018 8:00,3.588000059,3.588000059,2.858280985212978
2/13/2018 9:00,4.079999924,4.079999924,2.8505126683831588
2/13/2018 10:00,4.923999786,4.923999786,3.056376627865562
2/13/2018 11:00,5.697999954,5.697999954,3.403305569602489
2/13/2018 12:00,4.994999886,4.994999886,3.27821936188786
2/13/2018 13:00,4.994999886,4.994999886,3.5520141084246646
2/13/2018 14:00,5.768000126,5.768000126,3.813085847942368
2/13/2018 15:00,6.190999985,6.190999985,3.5197738417408635
2/13/2018 16:00,6.330999851,6.330999851,3.644281880780449
2/13/2018 17:00,6.050000191,6.050000191,3.625834843830957
2/13/2018 18:00,6.612999916,6.612999916,3.409788456193344
2/13/2018 19:00,6.050000191,6.050000191,3.3736600887501744
2/13/2018 20:00,5.697999954,5.697999954,3.366794137772425
2/13/2018 21:00,6.119999886,6.119999886,3.253037429578466
2/13/2018 22:00,6.050000191,6.050000191,3.211751144475357
2/13/2018 23:00,6.472000122,6.472000122,3.199890898885266
2/14/2018 0:00,6.40199995,6.40199995,3.152752374363794
2/14/2018 1:00,6.472000122,6.472000122,3.147522201205095
2/14/2018 2:00,5.55700016,5.55700016,3.167654536316448
2/14/2018 3:00,6.40199995,6.40199995,3.090910342746888
2/14/2018 4:00,6.261000156,6.261000156,3.0243787396010093
2/14/2018 5:00,5.55700016,5.55700016,2.992187396572493
2/14/2018 6:00,5.627999783,5.627999783,2.8580654178608524
2/14/2018 7:00,4.923999786,4.923999786,2.690791296220268
2/14/2018 8:00,5.90899992,5.90899992,2.8241988530250346
2/14/2018 9:00,6.472000122,6.472000122,2.816389204544216
2/14/2018 10:00,6.752999783,6.752999783,3.0222118323756177
2/14/2018 11:00,6.964000225,6.964000225,3.369099442461545
2/14/2018 12:00,6.752999783,6.752999783,3.2439719030959155
2/14/2018 13:00,7.668000221,7.668000221,3.51772531798172
2/14/2018 14:00,7.386000156,7.386000156,3.778755725848424
2/14/2018 15:00,7.456999779,7.456999779,3.4854023879959186
2/14/2018 16:00,7.456999779,7.456999779,3.609869095384503
2/14/2018 17:00,7.456999779,7.456999779,3.591380726784011
2/14/2018 18:00,6.40199995,6.40199995,3.3752930074953977
2/14/2018 19:00,7.105000019,7.105000019,3.339123308401229
2/14/2018 20:00,7.315999985,7.315999985,3.33221602577248
2/14/2018 21:00,7.315999985,7.315999985,3.2184179859275197
2/14/2018 22:00,7.175000191,7.175000191,3.1770903691734103
2/14/2018 23:00,6.683000088,6.683000088,3.165188791932319
2/15/2018 0:00,7.386000156,7.386000156,3.1180089357598466
2/15/2018 1:00,5.90899992,5.90899992,3.112737430950147
2/15/2018 2:00,3.799000025,3.799000025,3.1328284344104995
2/15/2018 3:00,3.727999926,3.727999926,3.056042909189938
2/15/2018 4:00,3.236000061,3.236000061,2.98946997439306
2/15/2018 5:00,3.588000059,3.588000059,2.9572372997135434
2/15/2018 6:00,3.447000027,3.447000027,2.823073989350903
2/15/2018 7:00,3.236000061,3.236000061,2.655758536059318
2/15/2018 8:00,2.884000063,2.884000063,2.7891247612130843
2/15/2018 9:00,2.884000063,2.884000063,2.781273781081265
2/15/2018 10:00,2.884000063,2.884000063,2.987055077261667
2/15/2018 11:00,2.813999891,2.813999891,3.3339013556965944
2/15/2018 12:00,2.813999891,2.813999891,3.208732484679965
2/15/2018 13:00,3.095000029,3.095000029,3.4824445679147686
2/15/2018 14:00,3.095000029,3.095000029,3.743433644130472
2/15/2018 15:00,3.165999889,3.165999889,3.4500389746269664
2/15/2018 16:00,3.657999992,3.657999992,3.5744643503645506
2/15/2018 17:00,3.236000061,3.236000061,3.555934650113058
2/15/2018 18:00,2.602999926,2.602999926,3.3398055991734443
2/15/2018 19:00,2.532000065,2.532000065,3.303594568428275
2/15/2018 20:00,3.025000095,3.025000095,3.2966459541485253
2/15/2018 21:00,3.236000061,3.236000061,3.1828065826525647
2/15/2018 22:00,3.447000027,3.447000027,3.141437634247456
2/15/2018 23:00,3.305999994,3.305999994,3.129494725355364
2/16/2018 0:00,3.025000095,3.025000095,3.0822735375318917
2/16/2018 1:00,3.447000027,3.447000027,3.076960701071192
2/16/2018 2:00,3.305999994,3.305999994,3.097010372880544
2/16/2018 3:00,3.657999992,3.657999992,3.0201835160089825
2/16/2018 4:00,3.447000027,3.447000027,2.953569249561104
2/16/2018 5:00,3.305999994,3.305999994,2.9212952432305865
2/16/2018 6:00,3.799000025,3.799000025,2.7870906012169456
2/16/2018 7:00,4.150000095,4.150000095,2.61973381627436
2/16/2018 8:00,3.095000029,3.095000029,2.753058709777126
2/16/2018 9:00,3.51699996,3.51699996,2.7451663979943066
2/16/2018 10:00,3.377000093,3.377000093,2.950906362523709
2/16/2018 11:00,4.43200016,4.43200016,3.297711309307636
2/16/2018 12:00,5.135000229,5.135000229,3.1725011066400057
2/16/2018 13:00,5.416999817,5.416999817,3.446171858223809
2/16/2018 14:00,5.697999954,5.697999954,3.707119602788512
2/16/2018 15:00,5.697999954,5.697999954,3.413683601634006
2/16/2018 16:00,5.55700016,5.55700016,3.53806764572059
2/16/2018 17:00,5.205999851,5.205999851,3.519496613818098
2/16/2018 18:00,5.416999817,5.416999817,3.303326231227483
2/16/2018 19:00,5.135000229,5.135000229,3.267073868831314
2/16/2018 20:00,4.923999786,4.923999786,3.2600839229005643
2/16/2018 21:00,4.994999886,4.994999886,3.146203219753604
2/16/2018 22:00,4.923999786,4.923999786,3.104792939697494
2/16/2018 23:00,5.135000229,5.135000229,3.0928086991544017
2/17/2018 0:00,4.572999954,4.572999954,3.045546179679929
2/17/2018 1:00,4.010000229,4.010000229,3.040192011568229
2/17/2018 2:00,4.150000095,4.150000095,3.060200351726581
2/17/2018 3:00,4.994999886,4.994999886,2.983332163204019
2/17/2018 4:00,4.361999989,4.361999989,2.9166765651051403
2/17/2018 5:00,4.221000195,4.221000195,2.8843612271236223
2/17/2018 6:00,3.377000093,3.377000093,2.750115253458981
2/17/2018 7:00,2.039999962,2.039999962,2.582717136865396
2/17/2018 8:00,2.250999928,2.250999928,2.7160006987171625
2/17/2018 9:00,1.828999996,1.828999996,2.7080670552833426
2/17/2018 10:00,2.180999994,2.180999994,2.913765688161744
2/17/2018 11:00,2.954999924,2.954999924,3.2605293032946703
2/17/2018 12:00,2.884000063,2.884000063,3.13527776897604
2/17/2018 13:00,3.377000093,3.377000093,3.408907188908844
2/17/2018 14:00,4.290999889,4.290999889,3.6698136018225456
2/17/2018 15:00,4.221000195,4.221000195,3.37633626901704
2/17/2018 16:00,4.150000095,4.150000095,3.500678981452624
2/17/2018 17:00,3.236000061,3.236000061,3.482066617899131
2/17/2018 18:00,2.743999958,2.743999958,3.265854903657517
2/17/2018 19:00,2.602999926,2.602999926,3.229561209610347
2/17/2018 20:00,2.602999926,2.602999926,3.2225299320285967
2/17/2018 21:00,2.532000065,2.532000065,3.108607897230636
2/17/2018 22:00,2.461999893,2.461999893,3.067156285523526
2/17/2018 23:00,2.39199996,2.39199996,3.055130713329434
2/18/2018 0:00,2.109999895,2.109999895,3.007826862203961
2/18/2018 1:00,2.180999994,2.180999994,3.002431362441261
2/18/2018 2:00,2.250999928,2.250999928,3.022398370948612
2/18/2018 3:00,2.532000065,2.532000065,2.9454888507750505
2/18/2018 4:00,3.095000029,3.095000029,2.878791921025172
2/18/2018 5:00,3.799000025,3.799000025,2.846435251392654
2/18/2018 6:00,2.250999928,2.250999928,2.7121479460770126
2/18/2018 7:00,4.150000095,4.150000095,2.544708497832427
2/18/2018 8:00,4.290999889,4.290999889,2.6779507280331925
2/18/2018 9:00,4.854000092,4.854000092,2.669975752948372
2/18/2018 10:00,5.065000057,5.065000057,2.8756330541757733
2/18/2018 11:00,4.994999886,4.994999886,3.2223553376576994
2/18/2018 12:00,4.643000126,4.643000126,3.097062471688069
2/18/2018 13:00,4.501999855,4.501999855,3.370650559969872
2/18/2018 14:00,2.743999958,2.743999958,3.6315156412325744
2/18/2018 15:00,2.39199996,2.39199996,3.3379969767760684
2/18/2018 16:00,3.025000095,3.025000095,3.4622983575606514
2/18/2018 17:00,1.547999978,1.547999978,3.443644662356159
2/18/2018 18:00,2.039999962,2.039999962,3.227391616463544
2/18/2018 19:00,2.673000097,2.673000097,3.191056590765374
2/18/2018 20:00,2.602999926,2.602999926,3.183983981532624
2/18/2018 21:00,2.250999928,2.250999928,3.070020615083662
2/18/2018 22:00,2.039999962,2.039999962,3.0285276717255525
2/18/2018 23:00,1.337000012,1.337000012,3.01646076788046
2/19/2018 0:00,2.039999962,2.039999962,2.9691155851039865
2/19/2018 1:00,2.321000099,2.321000099,2.9636787536902864
2/19/2018 2:00,2.954999924,2.954999924,2.9836044305466376
2/19/2018 3:00,3.727999926,3.727999926,2.9066535787220755
2/19/2018 4:00,3.236000061,3.236000061,2.839915317321196
2/19/2018 5:00,2.954999924,2.954999924,2.807517316037678
2/19/2018 6:00,3.095000029,3.095000029,2.6731886790710364
2/19/2018 7:00,2.39199996,2.39199996,2.5057078991754502
2/19/2018 8:00,2.39199996,2.39199996,2.6389087977252155
2/19/2018 9:00,1.547999978,1.547999978,2.630892490989395
2/19/2018 10:00,0.563000023,0.563000023,2.836508460565796
2/19/2018 11:00,0.773999989,0.773999989,3.183189412396722
2/19/2018 12:00,2.39199996,2.39199996,3.057855214776092
2/19/2018 13:00,2.109999895,2.109999895,3.331401971406894
2/19/2018 14:00,2.954999924,2.954999924,3.592225721018596
2/19/2018 15:00,2.954999924,2.954999924,3.2986657249110896
2/19/2018 16:00,2.884000063,2.884000063,3.422925774044673
2/19/2018 17:00,3.025000095,3.025000095,3.4042307471891795
2/19/2018 18:00,3.025000095,3.025000095,3.187936369645564
2/19/2018 19:00,3.51699996,3.51699996,3.1515600122963936
2/19/2018 20:00,3.305999994,3.305999994,3.1444460714126428
2/19/2018 21:00,3.657999992,3.657999992,3.0304413733126814
2/19/2018 22:00,3.447000027,3.447000027,2.988907098303571
2/19/2018 23:00,3.727999926,3.727999926,2.976798862807478
2/20/2018 0:00,3.799000025,3.799000025,2.9294123483800045
2/20/2018 1:00,4.079999924,4.079999924,2.923934185315304
2/20/2018 2:00,3.447000027,3.447000027,2.9438185305206543
2/20/2018 3:00,3.657999992,3.657999992,2.866826347045092
2/20/2018 4:00,3.236000061,3.236000061,2.8000467539932123
2/20/2018 5:00,3.51699996,3.51699996,2.7676074210586936
2/20/2018 6:00,2.813999891,2.813999891,2.633237452441052
2/20/2018 7:00,2.461999893,2.461999893,2.465715340894465
2/20/2018 8:00,2.673000097,2.673000097,2.5988749077932307
2/20/2018 9:00,2.673000097,2.673000097,2.5908172694064096
2/20/2018 10:00,1.970000029,1.970000029,2.796391907331811
2/20/2018 11:00,0.703000009,0.703000009,3.143031527511736
2/20/2018 12:00,0.0,0.0,3.017655998240105
2/20/2018 13:00,0.0,0.0,3.291161423219908
2/20/2018 14:00,0.0,0.0,3.551943841180609
2/20/2018 15:00,0.633000016,0.633000016,3.2583425134221025
2/20/2018 16:00,0.0,0.0,3.382561230904685
2/20/2018 17:00,0.0,0.0,3.363824872398192
2/20/2018 18:00,0.0,0.0,3.147489163203576
2/20/2018 19:00,0.0,0.0,3.111071474203406
2/20/2018 20:00,0.0,0.0,3.103916201668655
2/20/2018 21:00,1.899000049,1.899000049,2.9898701719176937
2/20/2018 22:00,2.180999994,2.180999994,2.9482945652575827
2/20/2018 23:00,2.321000099,2.321000099,2.936144998110489
2/21/2018 0:00,2.532000065,2.532000065,2.888717152032016
2/21/2018 1:00,2.461999893,2.461999893,2.8831976573163143
2/21/2018 2:00,2.813999891,2.813999891,2.903040670870665
2/21/2018 3:00,2.461999893,2.461999893,2.826007155744102
2/21/2018 4:00,2.602999926,2.602999926,2.7591862310412223
2/21/2018 5:00,2.532000065,2.532000065,2.726705566455704
2/21/2018 6:00,2.461999893,2.461999893,2.592294266187061
2/21/2018 7:00,2.673000097,2.673000097,2.4247308229894746
2/21/2018 8:00,2.813999891,2.813999891,2.55784905823724
2/21/2018 9:00,2.743999958,2.743999958,2.549750088199419
2/21/2018 10:00,2.743999958,2.743999958,2.7552833944738198
2/21/2018 11:00,2.884000063,2.884000063,3.101881683002744
2/21/2018 12:00,2.602999926,2.602999926,2.9764648220801133
2/21/2018 13:00,2.743999958,2.743999958,3.2499289154089155
2/21/2018 14:00,2.532000065,2.532000065,3.5106700017186165
2/21/2018 15:00,2.954999924,2.954999924,3.21702734230911
2/21/2018 16:00,2.884000063,2.884000063,3.3412047281406925
2/21/2018 17:00,3.165999889,3.165999889,3.322427037983199
2/21/2018 18:00,3.236000061,3.236000061,3.106049997137584
2/21/2018 19:00,3.868999958,3.868999958,3.069590976486413
2/21/2018 20:00,4.221000195,4.221000195,3.0623943723006617
2/21/2018 21:00,5.346000195,5.346000195,2.9483070108986995
2/21/2018 22:00,5.346000195,5.346000195,2.906690072587588
2/21/2018 23:00,5.205999851,5.205999851,2.894499173789495
2/22/2018 0:00,5.205999851,5.205999851,2.847029996060021
2/22/2018 1:00,5.486999989,5.486999989,2.84146916969332
2/22/2018 2:00,5.205999851,5.205999851,2.86127085159667
2/22/2018 3:00,4.854000092,4.854000092,2.784196004819107
2/22/2018 4:00,4.923999786,4.923999786,2.717333748465227
2/22/2018 5:00,4.994999886,4.994999886,2.6848117522287085
2/22/2018 6:00,4.78399992,4.78399992,2.550359120309066
2/22/2018 7:00,4.78399992,4.78399992,2.382754345460479
2/22/2018 8:00,5.205999851,5.205999851,2.515831249057244
2/22/2018 9:00,5.276000023,5.276000023,2.507690947368422
2/22/2018 10:00,4.643000126,4.643000126,2.713182921991822
2/22/2018 11:00,5.346000195,5.346000195,3.059739878869747
2/22/2018 12:00,4.923999786,4.923999786,2.9342816862961154
2/22/2018 13:00,4.361999989,4.361999989,3.2077044479739176
2/22/2018 14:00,5.55700016,5.55700016,3.4684042026326187
2/22/2018 15:00,4.78399992,4.78399992,3.174720211572112
2/22/2018 16:00,4.43200016,4.43200016,3.298856265752694
2/22/2018 17:00,4.43200016,4.43200016,3.2800372439442
2/22/2018 18:00,5.55700016,5.55700016,3.063618871447584
2/22/2018 19:00,4.643000126,4.643000126,3.0271185191454126
2/22/2018 20:00,4.854000092,4.854000092,3.019880583308661
2/22/2018 21:00,5.416999817,5.416999817,2.9057518902556985
2/22/2018 22:00,5.276000023,5.276000023,2.864093620293588
2/22/2018 23:00,5.697999954,5.697999954,2.851861389844494
2/23/2018 0:00,5.697999954,5.697999954,2.80435088046402
2/23/2018 1:00,4.994999886,4.994999886,2.798748722446318
2/23/2018 2:00,4.994999886,4.994999886,2.818509072698668
2/23/2018 3:00,5.276000023,5.276000023,2.741392894270105
2/23/2018 4:00,4.501999855,4.501999855,2.6744893062652246
2/23/2018 5:00,4.501999855,4.501999855,2.641925978377705
2/23/2018 6:00,4.221000195,4.221000195,2.5074320148070623
2/23/2018 7:00,3.938999891,3.938999891,2.339785908307475
2/23/2018 8:00,4.854000092,4.854000092,2.472821480253239
2/23/2018 9:00,4.643000126,4.643000126,2.4646398469134176
2/23/2018 10:00,5.839000225,5.839000225,2.6700904898858173
2/23/2018 11:00,5.768000126,5.768000126,3.0166061151127423
2/23/2018 12:00,5.627999783,5.627999783,2.8911065908881106
2/23/2018 13:00,4.854000092,4.854000092,3.164488020914912
2/23/2018 14:00,8.37100029,8.37100029,3.4251464439226127
2/23/2018 15:00,6.894000053,6.894000053,3.131421121211105
2/23/2018 16:00,7.386000156,7.386000156,3.255515843740687
2/23/2018 17:00,7.105000019,7.105000019,3.236655490281193
2/23/2018 18:00,7.737999916,7.737999916,3.020195786133576
2/23/2018 19:00,6.894000053,6.894000053,2.9836541021804046
2/23/2018 20:00,6.119999886,6.119999886,2.9763748346926526
2/23/2018 21:00,5.768000126,5.768000126,2.86220480998869
2/23/2018 22:00,5.346000195,5.346000195,2.8205052083755784
2/23/2018 23:00,5.135000229,5.135000229,2.8082316462754844
2/24/2018 0:00,5.486999989,5.486999989,2.76067980524401
2/24/2018 1:00,4.994999886,4.994999886,2.755036315575308
2/24/2018 2:00,5.065000057,5.065000057,2.7747553341766573
2/24/2018 3:00,4.923999786,4.923999786,2.6975978240970937
2/24/2018 4:00,4.854000092,4.854000092,2.630652904441213
2/24/2018 5:00,4.854000092,4.854000092,2.598048244902693
2/24/2018 6:00,5.416999817,5.416999817,2.4635129496810504
2/24/2018 7:00,4.361999989,4.361999989,2.2958255115304627
2/24/2018 8:00,5.135000229,5.135000229,2.428819751825227
2/24/2018 9:00,5.346000195,5.346000195,2.4205967868344045
2/24/2018 10:00,6.330999851,6.330999851,2.6260060981558047
2/24/2018 11:00,5.205999851,5.205999851,2.972480391731729
2/24/2018 12:00,4.572999954,4.572999954,2.8469395358560967
2/24/2018 13:00,4.361999989,4.361999989,3.1202796342318977
2/24/2018 14:00,4.994999886,4.994999886,3.3808967255885984
2/24/2018 15:00,4.994999886,4.994999886,3.0871300712260905
2/24/2018 16:00,4.43200016,4.43200016,3.2111834621046724
2/24/2018 17:00,4.78399992,4.78399992,3.192281776994178
2/24/2018 18:00,5.979000092,5.979000092,2.975780741195561
2/24/2018 19:00,5.768000126,5.768000126,2.9391977255913893
2/24/2018 20:00,5.627999783,5.627999783,2.9318771264526373
2/24/2018 21:00,5.486999989,5.486999989,2.817665770097675
2/24/2018 22:00,4.361999989,4.361999989,2.7759248368335627
2/24/2018 23:00,4.643000126,4.643000126,2.7636099430824688
2/25/2018 0:00,3.868999958,3.868999958,2.7160167703999942
2/25/2018 1:00,3.868999958,3.868999958,2.710331949080292
2/25/2018 2:00,3.305999994,3.305999994,2.7300096360306414
2/25/2018 3:00,3.447000027,3.447000027,2.652810794300078
2/25/2018 4:00,3.305999994,3.305999994,2.585824542993197
2/25/2018 5:00,2.743999958,2.743999958,2.5531785518036774
2/25/2018 6:00,3.165999889,3.165999889,2.4186019249310338
2/25/2018 7:00,4.079999924,4.079999924,2.250873155129446
2/25/2018 8:00,3.657999992,3.657999992,2.3838260637732103
2/25/2018 9:00,2.813999891,2.813999891,2.375561767131388
2/25/2018 10:00,3.305999994,3.305999994,2.5809297468017878
2/25/2018 11:00,4.43200016,4.43200016,2.927362708726711
2/25/2018 12:00,5.205999851,5.205999851,2.801780521200079
2/25/2018 13:00,4.994999886,4.994999886,3.07507928792488
2/25/2018 14:00,5.276000023,5.276000023,3.33565504763058
2/25/2018 15:00,5.205999851,5.205999851,3.041847061617072
2/25/2018 16:00,4.854000092,4.854000092,3.1658591208446536
2/25/2018 17:00,5.55700016,5.55700016,3.146916104083159
2/25/2018 18:00,5.979000092,5.979000092,2.9303737366335425
2/25/2018 19:00,4.994999886,4.994999886,2.8937493893783706
2/25/2018 20:00,5.346000195,5.346000195,2.8863874585886182
2/25/2018 21:00,5.205999851,5.205999851,2.772134770582655
2/25/2018 22:00,5.135000229,5.135000229,2.730352505667543
2/25/2018 23:00,4.923999786,4.923999786,2.7179962802654485
2/26/2018 0:00,5.135000229,5.135000229,2.670361775931973
2/26/2018 1:00,4.643000126,4.643000126,2.664635622961271
2/26/2018 2:00,4.501999855,4.501999855,2.6842719782606204
2/26/2018 3:00,4.572999954,4.572999954,2.6070318048790564
2/26/2018 4:00,4.643000126,4.643000126,2.540004221921175
2/26/2018 5:00,4.501999855,4.501999855,2.507316899080655
2/26/2018 6:00,4.150000095,4.150000095,2.372698940557012
2/26/2018 7:00,4.572999954,4.572999954,2.2049288391044235
2/26/2018 8:00,4.712999821,4.712999821,2.337840416097187
2/26/2018 9:00,5.346000195,5.346000195,2.329534787804364
2/26/2018 10:00,6.190999985,6.190999985,2.534861435823763
2/26/2018 11:00,6.330999851,6.330999851,2.8812530660976865
2/26/2018 12:00,5.979000092,5.979000092,2.755629546920054
2/26/2018 13:00,6.752999783,6.752999783,3.028886981993855
2/26/2018 14:00,7.809000015,7.809000015,3.289421410048555
2/26/2018 15:00,8.159999847,8.159999847,2.9955720923840468
2/26/2018 16:00,8.230999947,8.230999947,3.119542819960628
2/26/2018 17:00,8.37100029,8.37100029,3.100558471548133
2/26/2018 18:00,8.159999847,8.159999847,2.8839747724475155
2/26/2018 19:00,7.315999985,7.315999985,2.847309093541343
2/26/2018 20:00,6.40199995,6.40199995,2.8399058311005905
2/26/2018 21:00,6.119999886,6.119999886,2.7256118114436267
2/26/2018 22:00,5.768000126,5.768000126,2.6837882148775147
2/26/2018 23:00,5.839000225,5.839000225,2.67139065782442
2/27/2018 0:00,5.697999954,5.697999954,2.6237148218399446
2/27/2018 1:00,5.416999817,5.416999817,2.617947337218242
2/27/2018 2:00,5.768000126,5.768000126,2.6375423608665907
2/27/2018 3:00,5.346000195,5.346000195,2.5602608558340263
2/27/2018 4:00,5.627999783,5.627999783,2.493191941225145
2/27/2018 5:00,4.994999886,4.994999886,2.460463286733624
2/27/2018 6:00,5.205999851,5.205999851,2.3258039965589807
2/27/2018 7:00,5.135000229,5.135000229,2.1579925634553923
2/27/2018 8:00,5.55700016,5.55700016,2.290862808797155
2/27/2018 9:00,5.135000229,5.135000229,2.2825158488533326
2/27/2018 10:00,5.346000195,5.346000195,2.487801165221732
2/27/2018 11:00,5.346000195,5.346000195,2.8341514638446554
2/27/2018 12:00,6.330999851,6.330999851,2.7084866130160226
2/27/2018 13:00,7.456999779,7.456999779,2.981702716438823
2/27/2018 14:00,7.245999813,7.245999813,3.2421958128425223
2/27/2018 15:00,7.315999985,7.315999985,2.9483051635270137
2/27/2018 16:00,7.668000221,7.668000221,3.0722345594525944
2/27/2018 17:00,7.315999985,7.315999985,3.053208879389099
2/27/2018 18:00,5.697999954,5.697999954,2.8365838486374813
2/27/2018 19:00,4.854000092,4.854000092,2.7998768380803085
2/27/2018 20:00,3.165999889,3.165999889,2.792432243988556
2/27/2018 21:00,1.828999996,1.828999996,2.678096892680592
2/27/2018 22:00,1.476999998,1.476999998,2.6362319644634797
2/27/2018 23:00,2.39199996,2.39199996,2.623793075759384
2/28/2018 0:00,2.39199996,2.39199996,2.5760759081239084
2/28/2018 1:00,2.884000063,2.884000063,2.570267091851205
2/28/2018 2:00,3.588000059,3.588000059,2.589820783848554
2/28/2018 3:00,3.377000093,3.377000093,2.5124979471649893
2/28/2018 4:00,2.743999958,2.743999958,2.4453877009051075
2/28/2018 5:00,3.165999889,3.165999889,2.412617714762587
2/28/2018 6:00,3.095000029,3.095000029,2.2779170929369426
2/28/2018 7:00,3.025000095,3.025000095,2.1100643281823537
2/28/2018 8:00,2.109999895,2.109999895,2.2428932418731167
2/28/2018 9:00,1.266000032,1.266000032,2.2345049502782937
2/28/2018 10:00,2.039999962,2.039999962,2.439748934995692
2/28/2018 11:00,1.970000029,1.970000029,2.7860579019676157
2/28/2018 12:00,2.743999958,2.743999958,2.660351719487982
2/28/2018 13:00,3.025000095,3.025000095,2.933526491259782
2/28/2018 14:00,3.025000095,3.025000095,3.193978256012481
2/28/2018 15:00,3.868999958,3.868999958,2.900046275045972
2/28/2018 16:00,4.501999855,4.501999855,3.0239343393205527
2/28/2018 17:00,5.205999851,5.205999851,3.004867327606057
2/28/2018 18:00,5.839000225,5.839000225,2.788200965203439
2/28/2018 19:00,5.768000126,5.768000126,2.751452622995267
2/28/2018 20:00,5.276000023,5.276000023,2.7439666972525134
2/28/2018 21:00,4.994999886,4.994999886,2.6295900142935498
2/28/2018 22:00,5.697999954,5.697999954,2.5876837544254365
2/28/2018 23:00,5.979000092,5.979000092,2.5752035340703414
3/1/2018 0:00,5.486999989,5.486999989,2.5274450347838657
3/1/2018 1:00,5.346000195,5.346000195,2.5215948868601625
3/1/2018 2:00,5.627999783,5.627999783,2.5411072472065106
3/1/2018 3:00,5.768000126,5.768000126,2.463743078871946
3/1/2018 4:00,4.923999786,4.923999786,2.396591500961064
3/1/2018 5:00,5.697999954,5.697999954,2.363780183167544
3/1/2018 6:00,5.839000225,5.839000225,2.229038229690899
3/1/2018 7:00,4.150000095,4.150000095,2.06114413328531
3/1/2018 8:00,4.361999989,4.361999989,2.193931715325073
3/1/2018 9:00,4.572999954,4.572999954,2.1855020920792496
3/1/2018 10:00,4.43200016,4.43200016,2.390704745145648
3/1/2018 11:00,4.572999954,4.572999954,2.7369723804665704
3/1/2018 12:00,4.221000195,4.221000195,2.611224866335937
3/1/2018 13:00,3.51699996,3.51699996,2.884358306456737
3/1/2018 14:00,3.236000061,3.236000061,3.144768739558436
3/1/2018 15:00,3.095000029,3.095000029,2.850795426940927
3/1/2018 16:00,2.884000063,2.884000063,2.974642159564508
3/1/2018 17:00,2.602999926,2.602999926,2.955533816199012
3/1/2018 18:00,2.954999924,2.954999924,2.738826122145394
3/1/2018 19:00,2.461999893,2.461999893,2.7020364482862207
3/1/2018 20:00,2.743999958,2.743999958,2.694509190892467
3/1/2018 21:00,2.109999895,2.109999895,2.5800911762825027
3/1/2018 22:00,2.321000099,2.321000099,2.53814358476339
3/1/2018 23:00,2.673000097,2.673000097,2.5256220327572945
3/2/2018 0:00,2.180999994,2.180999994,2.477822201819818
3/2/2018 1:00,0.0,0.0,2.471930722245115
3/2/2018 2:00,0.843999982,0.843999982,2.491401750940463
3/2/2018 3:00,-0.492000014,-0.492000014,2.413996250954898
3/2/2018 4:00,0.985000014,0.985000014,2.346803341393016
3/2/2018 5:00,2.039999962,2.039999962,2.3139506919484942
3/2/2018 6:00,2.039999962,2.039999962,2.179167406820849
3/2/2018 7:00,1.687999964,1.687999964,2.0112319787642603
3/2/2018 8:00,1.758999944,1.758999944,2.1439782291530225
3/2/2018 9:00,1.899000049,1.899000049,2.1355072742561987
3/2/2018 10:00,2.321000099,2.321000099,2.3406685956715965
3/2/2018 11:00,2.321000099,2.321000099,2.686894899341519
3/2/2018 12:00,2.884000063,2.884000063,2.561106053559885
3/2/2018 13:00,3.165999889,3.165999889,2.834198162029685
3/2/2018 14:00,3.165999889,3.165999889,3.094567263480384
3/2/2018 15:00,3.236000061,3.236000061,2.8005526192118744
3/2/2018 16:00,3.727999926,3.727999926,2.9243580201844543
3/2/2018 17:00,3.657999992,3.657999992,2.9052083451679582
3/2/2018 18:00,4.150000095,4.150000095,2.68845931946334
3/2/2018 19:00,4.361999989,4.361999989,2.6516283139531662
3/2/2018 20:00,4.150000095,4.150000095,2.6440597249084123
3/2/2018 21:00,4.150000095,4.150000095,2.529600378647448
3/2/2018 22:00,4.501999855,4.501999855,2.4876114554773343
3/2/2018 23:00,4.079999924,4.079999924,2.4750485718202384
3/3/2018 0:00,1.19599998,1.19599998,2.427207409231762
3/3/2018 1:00,1.476999998,1.476999998,2.421274598006058
3/3/2018 2:00,3.51699996,3.51699996,2.4407042950504056
3/3/2018 3:00,4.923999786,4.923999786,2.36325746341384
3/3/2018 4:00,5.065000057,5.065000057,2.2960232222009576
3/3/2018 5:00,4.994999886,4.994999886,2.263129241105436
3/3/2018 6:00,4.221000195,4.221000195,2.128304624326791
3/3/2018 7:00,4.43200016,4.43200016,1.9603278646192015
3/3/2018 8:00,4.643000126,4.643000126,2.0930327833569637
3/3/2018 9:00,5.205999851,5.205999851,2.0845204968091395
3/3/2018 10:00,5.697999954,5.697999954,2.2896404865735374
3/3/2018 11:00,6.823999882,6.823999882,2.63582545859246
3/3/2018 12:00,6.964000225,6.964000225,2.509995281159826
3/3/2018 13:00,7.597000122,7.597000122,2.783046057978625
3/3/2018 14:00,8.020000458,8.020000458,3.0433738277783235
3/3/2018 15:00,7.668000221,7.668000221,2.7493178518588137
3/3/2018 16:00,7.52699995,7.52699995,2.8730819211803933
3/3/2018 17:00,7.456999779,7.456999779,2.853890914512897
3/3/2018 18:00,6.964000225,6.964000225,2.637100557157278
3/3/2018 19:00,6.330999851,6.330999851,2.600228219996104
3/3/2018 20:00,6.330999851,6.330999851,2.59261829930035
3/3/2018 21:00,6.190999985,6.190999985,2.4781176213883858
3/3/2018 22:00,5.768000126,5.768000126,2.436087366567272
3/3/2018 23:00,5.486999989,5.486999989,2.423483151259176
3/4/2018 0:00,5.90899992,5.90899992,2.375600657019699
3/4/2018 1:00,5.768000126,5.768000126,2.369626514142994
3/4/2018 2:00,5.065000057,5.065000057,2.3890148795363424
3/4/2018 3:00,5.135000229,5.135000229,2.3115267162487765
3/4/2018 4:00,5.135000229,5.135000229,2.244251143384894
3/4/2018 5:00,5.065000057,5.065000057,2.211315830638372
3/4/2018 6:00,4.78399992,4.78399992,2.0764498822087267
3/4/2018 7:00,5.065000057,5.065000057,1.908431790850137
3/4/2018 8:00,5.627999783,5.627999783,2.0410953779368985
3/4/2018 9:00,6.472000122,6.472000122,2.0325417597380744
3/4/2018 10:00,8.090000153,8.090000153,2.237620417851472
3/4/2018 11:00,9.145000458,9.145000458,2.5837640582193937
3/4/2018 12:00,9.708000183,9.708000183,2.4578925491357597
3/4/2018 13:00,9.496999741,9.496999741,2.730901994303558
3/4/2018 14:00,8.722999573,8.722999573,2.991188432452256
3/4/2018 15:00,7.879000187,7.879000187,2.6970911248817457
3/4/2018 16:00,7.456999779,7.456999779,2.8208138625523254
3/4/2018 17:00,6.612999916,6.612999916,2.801581524233829
3/4/2018 18:00,5.205999851,5.205999851,2.58474983522721
3/4/2018 19:00,4.501999855,4.501999855,2.5478361664150366
3/4/2018 20:00,1.547999978,1.547999978,2.5401849140682824
3/4/2018 21:00,0.0,0.0,2.425642904505317
3/4/2018 22:00,3.588000059,3.588000059,2.383571318033203
3/4/2018 23:00,1.337000012,1.337000012,2.3709257710741065
3/5/2018 0:00,0.773999989,0.773999989,2.3230019451836297
3/5/2018 1:00,0.0,0.0,2.3169864706559253
3/5/2018 2:00,1.970000029,1.970000029,2.3363335043982723
3/5/2018 3:00,2.250999928,2.250999928,2.258804009459707
3/5/2018 4:00,1.406999946,1.406999946,2.1914871049448235
3/5/2018 5:00,1.337000012,1.337000012,2.158510460547302
3/5/2018 6:00,2.321000099,2.321000099,2.023603180466656
3/5/2018 7:00,2.532000065,2.532000065,1.8555437574570663
3/5/2018 8:00,1.899000049,1.899000049,1.988166012892828
3/5/2018 9:00,1.970000029,1.970000029,1.9795710630430032
3/5/2018 10:00,2.884000063,2.884000063,2.1846083895054
3/5/2018 11:00,3.588000059,3.588000059,2.5307106982223218
3/5/2018 12:00,3.727999926,3.727999926,2.404797857487687
3/5/2018 13:00,3.938999891,3.938999891,2.6777659710044857
3/5/2018 14:00,5.205999851,5.205999851,2.9380110775021837
3/5/2018 15:00,4.854000092,4.854000092,2.643872438280673
3/5/2018 16:00,4.501999855,4.501999855,2.7675538443002528
3/5/2018 17:00,4.290999889,4.290999889,2.748280174330756
3/5/2018 18:00,4.923999786,4.923999786,2.5314071536731366
3/5/2018 19:00,4.712999821,4.712999821,2.4944521532099624
3/5/2018 20:00,3.588000059,3.588000059,2.486759569212208
3/5/2018 21:00,3.377000093,3.377000093,2.372176227998242
3/5/2018 22:00,3.305999994,3.305999994,2.330063309875128
3/5/2018 23:00,3.025000095,3.025000095,2.317376431265032
3/6/2018 0:00,3.025000095,3.025000095,2.269411273723554
3/6/2018 1:00,2.673000097,2.673000097,2.2633544675448496
3/6/2018 2:00,2.39199996,2.39199996,2.282660169636197
3/6/2018 3:00,1.899000049,1.899000049,2.2050893430466303
3/6/2018 4:00,2.109999895,2.109999895,2.137731106880747
3/6/2018 5:00,1.970000029,1.970000029,2.1047131308322244
3/6/2018 6:00,2.461999893,2.461999893,1.9697645191005784
3/6/2018 7:00,1.970000029,1.970000029,1.801663764439988
3/6/2018 8:00,1.406999946,1.406999946,1.9342446882247493
3/6/2018 9:00,1.406999946,1.406999946,1.9256084067239247
3/6/2018 10:00,2.180999994,2.180999994,2.1306044015353214
3/6/2018 11:00,1.828999996,1.828999996,2.4766653786012425
3/6/2018 12:00,2.250999928,2.250999928,2.350711206215608
3/6/2018 13:00,2.321000099,2.321000099,2.6236379880814065
3/6/2018 14:00,2.532000065,2.532000065,2.883841762928104
3/6/2018 15:00,3.025000095,3.025000095,2.589661792055593
3/6/2018 16:00,2.954999924,2.954999924,2.7133018664241724
3/6/2018 17:00,2.884000063,2.884000063,2.693986864803675
3/6/2018 18:00,2.813999891,2.813999891,2.4770725124950554
3/6/2018 19:00,2.109999895,2.109999895,2.440076180380881
3/6/2018 20:00,1.828999996,1.828999996,2.4323422647321262
3/6/2018 21:00,1.476999998,1.476999998,2.3177175918671606
3/6/2018 22:00,1.758999944,1.758999944,2.275563342093046
3/6/2018 23:00,1.828999996,1.828999996,2.262835131831949
3/7/2018 0:00,1.970000029,1.970000029,2.214828642639471
3/7/2018 1:00,1.899000049,1.899000049,2.208730504809766
3/7/2018 2:00,0.773999989,0.773999989,2.227994875250113
3/7/2018 3:00,-0.843999982,-0.843999982,2.1503827170095464
3/7/2018 4:00,-0.633000016,-0.633000016,2.0829831491926627
3/7/2018 5:00,-0.915000021,-0.915000021,2.04992384149314
3/7/2018 6:00,0.0,0.0,1.9149338981104944
3/7/2018 7:00,-0.492000014,-0.492000014,1.7467918117989034
3/7/2018 8:00,-0.773999989,-0.773999989,1.8793314039326643
3/7/2018 9:00,-0.563000023,-0.563000023,1.8706537907808392
3/7/2018 10:00,0.0,0.0,2.075608453941236
3/7/2018 11:00,1.19599998,1.19599998,2.4216280993561567
3/7/2018 12:00,0.0,0.0,2.2956325953195216
3/7/2018 13:00,0.633000016,0.633000016,2.5685180455343195
3/7/2018 14:00,1.828999996,1.828999996,2.8286804887300168
3/7/2018 15:00,1.547999978,1.547999978,2.534459186206506
3/7/2018 16:00,1.828999996,1.828999996,2.658057928924084
3/7/2018 17:00,1.687999964,1.687999964,2.6387015956525866
3/7/2018 18:00,2.109999895,2.109999895,2.4217459116929665
3/7/2018 19:00,1.828999996,1.828999996,2.384708247927792
3/7/2018 20:00,2.180999994,2.180999994,2.3769330006280365
3/7/2018 21:00,2.180999994,2.180999994,2.262266996112071
3/7/2018 22:00,2.039999962,2.039999962,2.220071414686956
3/7/2018 23:00,2.743999958,2.743999958,2.207301872774859
3/8/2018 0:00,2.673000097,2.673000097,2.159254051931381
3/8/2018 1:00,2.532000065,2.532000065,2.153114582450676
3/8/2018 2:00,2.743999958,2.743999958,2.1723376212400223
3/8/2018 3:00,4.221000195,4.221000195,2.094684131348456
3/8/2018 4:00,3.799000025,3.799000025,2.027243231880572
3/8/2018 5:00,4.150000095,4.150000095,1.994142592530049
3/8/2018 6:00,2.884000063,2.884000063,1.859111317496403
3/8/2018 7:00,4.010000229,4.010000229,1.6909278995338115
3/8/2018 8:00,3.377000093,3.377000093,1.8234261600165724
3/8/2018 9:00,3.377000093,3.377000093,1.8147072152137476
3/8/2018 10:00,3.657999992,3.657999992,2.0196205467231434
3/8/2018 11:00,4.150000095,4.150000095,2.365598860487064
3/8/2018 12:00,4.501999855,4.501999855,2.239562024799429
3/8/2018 13:00,4.854000092,4.854000092,2.512406143363226
3/8/2018 14:00,5.416999817,5.416999817,2.7725272549079234
3/8/2018 15:00,4.572999954,4.572999954,2.478264620733412
3/8/2018 16:00,4.572999954,4.572999954,2.6018220317999905
3/8/2018 17:00,4.501999855,4.501999855,2.582424366877493
3/8/2018 18:00,4.712999821,4.712999821,2.365427351266873
3/8/2018 19:00,4.712999821,4.712999821,2.3283483558506983
3/8/2018 20:00,4.712999821,4.712999821,2.320531776899943
3/8/2018 21:00,5.065000057,5.065000057,2.205824440732977
3/8/2018 22:00,4.712999821,4.712999821,2.163587527656862
3/8/2018 23:00,4.643000126,4.643000126,2.1507766540937645
3/9/2018 0:00,4.501999855,4.501999855,2.102687501599286
3/9/2018 1:00,5.205999851,5.205999851,2.096506700467581
3/9/2018 2:00,4.923999786,4.923999786,2.1156884076059272
3/9/2018 3:00,5.276000023,5.276000023,2.03799358606336
3/9/2018 4:00,4.150000095,4.150000095,1.970511354944476
3/9/2018 5:00,4.150000095,4.150000095,1.937369383942953
3/9/2018 6:00,3.799000025,3.799000025,1.8022967772583065
3/9/2018 7:00,4.010000229,4.010000229,1.6340720276447152
3/9/2018 8:00,4.643000126,4.643000126,1.7665289564764757
3/9/2018 9:00,4.079999924,4.079999924,1.7577686800226495
3/9/2018 10:00,5.697999954,5.697999954,1.9626406798810456
3/9/2018 11:00,5.697999954,5.697999954,2.308577661993966
3/9/2018 12:00,5.205999851,5.205999851,2.18249949465533
3/9/2018 13:00,5.486999989,5.486999989,2.455302281568128
3/9/2018 14:00,6.612999916,6.612999916,2.715382061461824
3/9/2018 15:00,6.964000225,6.964000225,2.4210780956363127
3/9/2018 16:00,6.964000225,6.964000225,2.5445941750518912
3/9/2018 17:00,7.034999847,7.034999847,2.525155178478393
3/9/2018 18:00,6.612999916,6.612999916,2.308116831216773
3/9/2018 19:00,5.697999954,5.697999954,2.2709965041495974
3/9/2018 20:00,5.486999989,5.486999989,2.2631385935478416
3/9/2018 21:00,5.135000229,5.135000229,2.1483899257298757
3/9/2018 22:00,5.346000195,5.346000195,2.10611168100276
3/9/2018 23:00,4.78399992,4.78399992,2.093259475788662
3/10/2018 0:00,4.854000092,4.854000092,2.045128991643184
3/10/2018 1:00,5.065000057,5.065000057,2.0389068588604777
3/10/2018 2:00,4.643000126,4.643000126,2.058047234347824
3/10/2018 3:00,4.78399992,4.78399992,1.9803110811542564
3/10/2018 4:00,4.643000126,4.643000126,1.912787518384372
3/10/2018 5:00,4.501999855,4.501999855,1.8796042157318484
3/10/2018 6:00,4.43200016,4.43200016,1.7444902773962012
3/10/2018 7:00,4.572999954,4.572999954,1.5762241961316097
3/10/2018 8:00,5.276000023,5.276000023,1.7086397933123698
3/10/2018 9:00,5.55700016,5.55700016,1.6998381852075442
3/10/2018 10:00,6.964000225,6.964000225,1.90466885341494
3/10/2018 11:00,6.472000122,6.472000122,2.25056450387686
3/10/2018 12:00,6.541999817,6.541999817,2.124445004887224
3/10/2018 13:00,7.245999813,7.245999813,2.3972064601490213
3/10/2018 14:00,9.355999947,9.355999947,2.657244908391718
3/10/2018 15:00,8.512000084,8.512000084,2.362899610915206
3/10/2018 16:00,9.355999947,9.355999947,2.486374358679784
3/10/2018 17:00,9.708000183,9.708000183,2.4668940304552853
3/10/2018 18:00,8.86400032,8.86400032,2.2498143515426645
3/10/2018 19:00,8.020000458,8.020000458,2.2126526928244887
3/10/2018 20:00,7.034999847,7.034999847,2.204753450571733
3/10/2018 21:00,6.823999882,6.823999882,2.0899634511027663
3/10/2018 22:00,6.612999916,6.612999916,2.0476438747246504
3/10/2018 23:00,6.40199995,6.40199995,2.0347503378595526
3/11/2018 0:00,6.683000088,6.683000088,1.986578522063074
3/11/2018 1:00,6.823999882,6.823999882,1.980315057629368
3/11/2018 2:00,6.894000053,6.894000053,1.9994141014657132
3/11/2018 3:00,6.894000053,6.894000053,1.9216366166211456
3/11/2018 4:00,6.330999851,6.330999851,1.8540717222002607
3/11/2018 5:00,6.330999851,6.330999851,1.820847087896737
3/11/2018 6:00,6.612999916,6.612999916,1.6856918179100904
3/11/2018 7:00,5.627999783,5.627999783,1.5173844049944984
3/11/2018 8:00,5.839000225,5.839000225,1.6497586705242582
3/11/2018 9:00,5.697999954,5.697999954,1.640915730768432
3/11/2018 10:00,7.034999847,7.034999847,1.8457050673248276
3/11/2018 11:00,6.683000088,6.683000088,2.191559386135747
3/11/2018 12:00,7.737999916,7.737999916,2.065398555495111
3/11/2018 13:00,8.300999641,8.300999641,2.338118679105908
3/11/2018 14:00,10.3409996,10.3409996,2.598115795697604
3/11/2018 15:00,9.918999672,9.918999672,2.303729166570092
3/11/2018 16:00,9.708000183,9.708000183,2.427162582683669
3/11/2018 17:00,9.708000183,9.708000183,2.4076409228081705
3/11/2018 18:00,8.934000015,8.934000015,2.19051991224455
3/11/2018 19:00,8.512000084,8.512000084,2.153316921875374
3/11/2018 20:00,8.37100029,8.37100029,2.145376347971617
3/11/2018 21:00,7.879000187,7.879000187,2.030545016851651
3/11/2018 22:00,7.52699995,7.52699995,1.988184108822535
3/11/2018 23:00,7.668000221,7.668000221,1.9752492403064368
3/12/2018 0:00,8.020000458,8.020000458,1.9270360928589576
3/12/2018 1:00,7.948999882,7.948999882,1.9207312967742516
3/12/2018 2:00,7.597000122,7.597000122,1.9397890089595968
3/12/2018 3:00,7.668000221,7.668000221,1.8619701924640288
3/12/2018 4:00,7.948999882,7.948999882,1.794363966392144
3/12/2018 5:00,8.159999847,8.159999847,1.76109800043762
3/12/2018 6:00,7.668000221,7.668000221,1.6259013987999722
3/12/2018 7:00,7.456999779,7.456999779,1.45755265423338
3/12/2018 8:00,8.020000458,8.020000458,1.5898855881121396
3/12/2018 9:00,8.300999641,8.300999641,1.5810013167053134
3/12/2018 10:00,8.86400032,8.86400032,1.7857493216107083
3/12/2018 11:00,8.722999573,8.722999573,2.131562308770628
3/12/2018 12:00,9.00399971,9.00399971,2.005360146478991
3/12/2018 13:00,9.355999947,9.355999947,2.278038938438788
3/12/2018 14:00,10.55200005,10.55200005,2.5379947233794837
3/12/2018 15:00,10.13000011,10.13000011,2.2435667626009708
3/12/2018 16:00,10.48200035,10.48200035,2.3669588470635485
3/12/2018 17:00,11.18500042,11.18500042,2.3473958555370498
3/12/2018 18:00,10.97399998,10.97399998,2.130233513322428
3/12/2018 19:00,9.918999672,9.918999672,2.0929891913022525
3/12/2018 20:00,9.848999977,9.848999977,2.085007285747496
3/12/2018 21:00,9.425999641,9.425999641,1.9701346229765289
3/12/2018 22:00,9.286000252,9.286000252,1.9277323832964128
3/12/2018 23:00,9.215000153,9.215000153,1.9147561831293136
3/13/2018 0:00,9.00399971,9.00399971,1.8665017040308347
3/13/2018 1:00,8.722999573,8.722999573,1.860155576295128
3/13/2018 2:00,8.86400032,8.86400032,1.879171956829473
3/13/2018 3:00,8.793000221,8.793000221,1.801311808682905
3/13/2018 4:00,8.722999573,8.722999573,1.7336642509600195
3/13/2018 5:00,8.722999573,8.722999573,1.700356953354495
3/13/2018 6:00,8.581999779,8.581999779,1.5651190200658476
3/13/2018 7:00,8.230999947,8.230999947,1.396728943848255
3/13/2018 8:00,8.159999847,8.159999847,1.5290205460760142
3/13/2018 9:00,9.286000252,9.286000252,1.5200949430181874
3/13/2018 10:00,10.97399998,10.97399998,1.7248016162725823
3/13/2018 11:00,10.83300018,10.83300018,2.0705732717815013
3/13/2018 12:00,10.90400028,10.90400028,1.9443297778388648
3/13/2018 13:00,11.60700035,11.60700035,2.216967238147661
3/13/2018 14:00,12.6619997,12.6619997,2.4768816914373564
3/13/2018 15:00,11.74800014,11.74800014,2.182412399007844
3/13/2018 16:00,11.32600021,11.32600021,2.3057631518194213
3/13/2018 17:00,11.5369997,11.5369997,2.286158828641922
3/13/2018 18:00,12.31099987,12.31099987,2.0689551547763005
3/13/2018 19:00,11.88899994,11.88899994,2.031669501105124
3/13/2018 20:00,11.32600021,11.32600021,2.0236462638993675
3/13/2018 21:00,11.04399967,11.04399967,1.9087322694774
3/13/2018 22:00,10.90400028,10.90400028,1.866288698146284
3/13/2018 23:00,10.62199974,10.62199974,1.853271166328185
3/14/2018 0:00,10.62199974,10.62199974,1.8049753555787047
3/14/2018 1:00,10.48200035,10.48200035,1.7985878961919983
3/14/2018 2:00,10.69299984,10.69299984,1.8175629450753432
3/14/2018 3:00,10.76299953,10.76299953,1.7396614652777749
3/14/2018 4:00,10.76299953,10.76299953,1.6719725759038893
3/14/2018 5:00,9.98900032,9.98900032,1.6386239466473649
3/14/2018 6:00,10.62199974,10.62199974,1.5033446817077163
3/14/2018 7:00,10.19999981,10.19999981,1.3349132738391236
3/14/2018 8:00,10.48200035,10.48200035,1.4671635444158826
3/14/2018 9:00,10.83300018,10.83300018,1.4581966097070558
3/14/2018 10:00,10.76299953,10.76299953,1.66286195131045
3/14/2018 11:00,10.76299953,10.76299953,2.008592275168369
3/14/2018 12:00,10.83300018,10.83300018,1.882307449574732
3/14/2018 13:00,9.496999741,9.496999741,2.154903578232528
3/14/2018 14:00,10.62199974,10.62199974,2.414776699871223
3/14/2018 15:00,10.69299984,10.69299984,2.12026607579071
3/14/2018 16:00,10.76299953,10.76299953,2.2435754969512867
3/14/2018 17:00,10.19999981,10.19999981,2.223929842122787
3/14/2018 18:00,10.48200035,10.48200035,2.006684836606165
3/14/2018 19:00,9.777999878,9.777999878,1.9693578512839889
3/14/2018 20:00,9.637999535,9.637999535,1.961293282427232
3/14/2018 21:00,9.496999741,9.496999741,1.846337956354264
3/14/2018 22:00,9.567000389,9.567000389,1.8038530533721475
3/14/2018 23:00,9.425999641,9.425999641,1.790794189903048
3/15/2018 0:00,9.708000183,9.708000183,1.7424570475025682
3/15/2018 1:00,9.708000183,9.708000183,1.7360282564648613
3/15/2018 2:00,9.567000389,9.567000389,1.7549619736972055
3/15/2018 3:00,9.496999741,9.496999741,1.677019162248637
3/15/2018 4:00,9.637999535,9.637999535,1.609288941223751
3/15/2018 5:00,9.777999878,9.777999878,1.5758989803162262
3/15/2018 6:00,9.918999672,9.918999672,1.440578383725578
3/15/2018 7:00,9.637999535,9.637999535,1.2721056442059848
3/15/2018 8:00,10.13000011,10.13000011,1.4043145831317434
3/15/2018 9:00,10.13000011,10.13000011,1.395306316771916
3/15/2018 10:00,9.918999672,9.918999672,1.5999303267243103
3/15/2018 11:00,9.708000183,9.708000183,1.945619318931229
3/15/2018 12:00,10.62199974,10.62199974,1.8192931616865915
3/15/2018 13:00,10.83300018,10.83300018,2.091847958693388
3/15/2018 14:00,10.90400028,10.90400028,2.3516797486810823
3/15/2018 15:00,10.83300018,10.83300018,2.057127792949569
3/15/2018 16:00,11.67800045,11.67800045,2.180395882459145
3/15/2018 17:00,11.88899994,11.88899994,2.1607088959796457
3/15/2018 18:00,11.60700035,11.60700035,1.943422558812024
3/15/2018 19:00,7.668000221,7.668000221,1.9060542418388475
3/15/2018 20:00,2.321000099,2.321000099,1.8979483413310896
3/15/2018 21:00,0.985000014,0.985000014,1.782951683607122
3/15/2018 22:00,2.884000063,2.884000063,1.7404254489740048
3/15/2018 23:00,1.687999964,1.687999964,1.7273252538539057
3/16/2018 0:00,2.743999958,2.743999958,1.6789467798024256
3/16/2018 1:00,2.250999928,2.250999928,1.672476657113718
3/16/2018 2:00,1.828999996,1.828999996,1.6913690426950625
3/16/2018 3:00,2.602999926,2.602999926,1.6133848995954931
3/16/2018 4:00,3.377000093,3.377000093,1.5456133469196072
3/16/2018 5:00,3.165999889,3.165999889,1.512182054361082
3/16/2018 6:00,3.305999994,3.305999994,1.3768201261194333
3/16/2018 7:00,2.743999958,2.743999958,1.20830605494884
3/16/2018 8:00,1.899000049,1.899000049,1.3404736622235984
3/16/2018 9:00,2.109999895,2.109999895,1.331424064212771
3/16/2018 10:00,2.109999895,2.109999895,1.5360067425141648
3/16/2018 11:00,3.025000095,3.025000095,1.8816544030700837
3/16/2018 12:00,3.657999992,3.657999992,1.7552869141744456
3/16/2018 13:00,4.010000229,4.010000229,2.0278003795302406
3/16/2018 14:00,3.799000025,3.799000025,2.287590837866936
3/16/2018 15:00,3.868999958,3.868999958,1.9929975504844224
3/16/2018 16:00,4.290999889,4.290999889,2.116224308342998
3/16/2018 17:00,4.501999855,4.501999855,2.096495990212498
3/16/2018 18:00,4.78399992,4.78399992,1.879168321393876
3/16/2018 19:00,4.994999886,4.994999886,1.8417586727696984
3/16/2018 20:00,5.205999851,5.205999851,1.8336114406109407
3/16/2018 21:00,5.346000195,5.346000195,1.7185734512359727
3/16/2018 22:00,4.923999786,4.923999786,1.6760058849518555
3/16/2018 23:00,4.150000095,4.150000095,1.6628643581807558
3/17/2018 0:00,3.377000093,3.377000093,1.6144445524782751
3/17/2018 1:00,3.165999889,3.165999889,1.6079330981385678
3/17/2018 2:00,2.743999958,2.743999958,1.6267841520689117
3/17/2018 3:00,3.025000095,3.025000095,1.5487586773183426
3/17/2018 4:00,2.813999891,2.813999891,1.480945792991456
3/17/2018 5:00,2.743999958,2.743999958,1.4474731687819309
3/17/2018 6:00,2.743999958,2.743999958,1.3120699088892818
3/17/2018 7:00,2.321000099,2.321000099,1.143514506067688
3/17/2018 8:00,2.813999891,2.813999891,1.275640781691446
3/17/2018 9:00,3.095000029,3.095000029,1.266549852029618
3/17/2018 10:00,3.868999958,3.868999958,1.471091198680012
3/17/2018 11:00,4.43200016,4.43200016,1.8166975275849304
3/17/2018 12:00,5.135000229,5.135000229,1.690288707038292
3/17/2018 13:00,5.276000023,5.276000023,1.9627608407430872
3/17/2018 14:00,6.119999886,6.119999886,2.222509967428781
3/17/2018 15:00,6.472000122,6.472000122,1.927875348395268
3/17/2018 16:00,6.050000191,6.050000191,2.051060774602844
3/17/2018 17:00,5.839000225,5.839000225,2.0312911248213434
3/17/2018 18:00,5.768000126,5.768000126,1.8139221243517207
3/17/2018 19:00,5.627999783,5.627999783,1.7764711440765435
3/17/2018 20:00,5.486999989,5.486999989,1.7682825802667854
3/17/2018 21:00,5.486999989,5.486999989,1.653203259240817
3/17/2018 22:00,5.276000023,5.276000023,1.6105943613056992
3/17/2018 23:00,3.51699996,3.51699996,1.5974115028835991
3/18/2018 0:00,4.712999821,4.712999821,1.5489503655301189
3/18/2018 1:00,4.854000092,4.854000092,1.542397579539411
3/18/2018 2:00,5.55700016,5.55700016,1.5612073018187544
3/18/2018 3:00,5.90899992,5.90899992,1.483140495417185
3/18/2018 4:00,4.923999786,4.923999786,1.4152862794392984
3/18/2018 5:00,3.799000025,3.799000025,1.3817723235787729
3/18/2018 6:00,5.839000225,5.839000225,1.2463277320351236
3/18/2018 7:00,7.737999916,7.737999916,1.0777309975625298
3/18/2018 8:00,8.090000153,8.090000153,1.2098159415352876
3/18/2018 9:00,7.105000019,7.105000019,1.2006836802224596
3/18/2018 10:00,7.597000122,7.597000122,1.405183695221853
3/18/2018 11:00,7.948999882,7.948999882,1.7507486924757711
3/18/2018 12:00,6.964000225,6.964000225,1.624298540278133
3/18/2018 13:00,7.809000015,7.809000015,1.896729342331928
3/18/2018 14:00,6.261000156,6.261000156,2.1564371373666216
3/18/2018 15:00,5.697999954,5.697999954,1.861761186682108
3/18/2018 16:00,5.486999989,5.486999989,1.9849052812386836
3/18/2018 17:00,5.416999817,5.416999817,1.9650942998061829
3/18/2018 18:00,5.979000092,5.979000092,1.7476839676855598
3/18/2018 19:00,5.486999989,5.486999989,1.710191655759382
3/18/2018 20:00,4.43200016,4.43200016,1.701961760298624
3/18/2018 21:00,5.979000092,5.979000092,1.5868411076216549
3/18/2018 22:00,5.979000092,5.979000092,1.5441908780355371
3/18/2018 23:00,5.768000126,5.768000126,1.530966687962437
3/19/2018 0:00,5.90899992,5.90899992,1.482464218957956
3/19/2018 1:00,6.119999886,6.119999886,1.475870101316248
3/19/2018 2:00,6.752999783,6.752999783,1.4946384919445914
3/19/2018 3:00,4.854000092,4.854000092,1.4165303538920215
3/19/2018 4:00,4.78399992,4.78399992,1.3486348062631346
3/19/2018 5:00,4.361999989,4.361999989,1.315079518751609
3/19/2018 6:00,5.839000225,5.839000225,1.179593595556959
3/19/2018 7:00,4.854000092,4.854000092,1.0109555294333648
3/19/2018 8:00,4.854000092,4.854000092,1.1429991417551222
3/19/2018 9:00,5.276000023,5.276000023,1.1338255487912938
3/19/2018 10:00,5.55700016,5.55700016,1.3382842321396868
3/19/2018 11:00,5.135000229,5.135000229,1.6838078977426043
3/19/2018 12:00,6.261000156,6.261000156,1.5573164138939657
3/19/2018 13:00,5.205999851,5.205999851,1.8297058842967604
3/19/2018 14:00,5.346000195,5.346000195,2.089372347680454
3/19/2018 15:00,5.416999817,5.416999817,1.79465506534494
3/19/2018 16:00,5.065000057,5.065000057,1.9177578282505152
3/19/2018 17:00,6.050000191,6.050000191,1.8979055151670143
3/19/2018 18:00,3.165999889,3.165999889,1.680453851395391
3/19/2018 19:00,3.868999958,3.868999958,1.6429202078182132
3/19/2018 20:00,4.643000126,4.643000126,1.6346489807064546
3/19/2018 21:00,4.572999954,4.572999954,1.5194869963784856
3/19/2018 22:00,4.643000126,4.643000126,1.4767954351413677
3/19/2018 23:00,4.079999924,4.079999924,1.4635299134172668
3/20/2018 0:00,3.095000029,3.095000029,1.4149861127617858
3/20/2018 1:00,3.236000061,3.236000061,1.4083506634690772
3/20/2018 2:00,4.010000229,4.010000229,1.4270777224464202
3/20/2018 3:00,3.727999926,3.727999926,1.3489282527428503
3/20/2018 4:00,4.290999889,4.290999889,1.280991373462963
3/20/2018 5:00,4.643000126,4.643000126,1.247394754300437
3/20/2018 6:00,4.43200016,4.43200016,1.111867499454787
3/20/2018 7:00,3.165999889,3.165999889,0.9431881016801926
3/20/2018 8:00,2.954999924,2.954999924,1.07519038235095
3/20/2018 9:00,3.727999926,3.727999926,1.0659754577361211
3/20/2018 10:00,4.150000095,4.150000095,1.2703928094335142
3/20/2018 11:00,3.588000059,3.588000059,1.6158751433854317
3/20/2018 12:00,3.868999958,3.868999958,1.489342327885793
3/20/2018 13:00,3.447000027,3.447000027,1.7616904666375868
3/20/2018 14:00,3.51699996,3.51699996,2.0213155983702804
3/20/2018 15:00,3.51699996,3.51699996,1.7265569843837658
3/20/2018 16:00,3.095000029,3.095000029,1.849618415638341
3/20/2018 17:00,2.461999893,2.461999893,1.82972477090384
3/20/2018 18:00,2.532000065,2.532000065,1.6122317754812163
3/20/2018 19:00,2.884000063,2.884000063,1.574656800253038
3/20/2018 20:00,2.532000065,2.532000065,1.5663442414902793
3/20/2018 21:00,2.602999926,2.602999926,1.4511409255113097
3/20/2018 22:00,3.377000093,3.377000093,1.4084080326231914
3/20/2018 23:00,3.377000093,3.377000093,1.3951011792480907
3/21/2018 0:00,3.447000027,3.447000027,1.346516046941609
3/21/2018 1:00,2.743999958,2.743999958,1.3398392659979004
3/21/2018 2:00,3.447000027,3.447000027,1.3585249933242434
3/21/2018 3:00,3.799000025,3.799000025,1.280334191969673
3/21/2018 4:00,3.868999958,3.868999958,1.2123559810387856
3/21/2018 5:00,4.079999924,4.079999924,1.1787180302252591
3/21/2018 6:00,3.938999891,3.938999891,1.0431494437286088
3/21/2018 7:00,4.010000229,4.010000229,0.8744287143030139
3/21/2018 8:00,4.290999889,4.290999889,1.006389663322771
3/21/2018 9:00,3.165999889,3.165999889,0.997133407056942
3/21/2018 10:00,5.416999817,5.416999817,1.2015094271033346
3/21/2018 11:00,5.205999851,5.205999851,1.5469504294042518
3/21/2018 12:00,5.065000057,5.065000057,1.4203762822536123
3/21/2018 13:00,6.190999985,6.190999985,1.6926830893544065
3/21/2018 14:00,5.90899992,5.90899992,1.9522668894361
3/21/2018 15:00,6.683000088,6.683000088,1.6574669437985847
3/21/2018 16:00,6.683000088,6.683000088,1.7804870434021594
3/21/2018 17:00,6.40199995,6.40199995,1.760552067016658
3/21/2018 18:00,6.894000053,6.894000053,1.5430177399430345
3/21/2018 19:00,7.034999847,7.034999847,1.505401433063856
3/21/2018 20:00,6.752999783,6.752999783,1.4970475426500969
3/21/2018 21:00,6.752999783,6.752999783,1.381802895020127
3/21/2018 22:00,6.683000088,6.683000088,1.3390286704810088
3/21/2018 23:00,6.683000088,6.683000088,1.3256804854549076
3/22/2018 0:00,6.612999916,6.612999916,1.277054021497426
3/22/2018 1:00,6.330999851,6.330999851,1.270335908902717
3/22/2018 2:00,6.752999783,6.752999783,1.2889803045780597
3/22/2018 3:00,6.261000156,6.261000156,1.210748171572489
3/22/2018 4:00,6.261000156,6.261000156,1.1427286289906011
3/22/2018 5:00,6.472000122,6.472000122,1.1090493465260745
3/22/2018 6:00,6.472000122,6.472000122,0.973439428378424
3/22/2018 7:00,6.119999886,6.119999886,0.8046773673018289
3/22/2018 8:00,6.964000225,6.964000225,0.9365969846705856
3/22/2018 9:00,7.948999882,7.948999882,0.9272993967537564
3/22/2018 10:00,8.512000084,8.512000084,1.1316340851491486
3/22/2018 11:00,7.456999779,7.456999779,1.4770337557990654
3/22/2018 12:00,8.159999847,8.159999847,1.3504182769974258
3/22/2018 13:00,9.425999641,9.425999641,1.6226837524472193
3/22/2018 14:00,9.00399971,9.00399971,1.8822262208779124
3/22/2018 15:00,8.512000084,8.512000084,1.5873849435893972
3/22/2018 16:00,8.793000221,8.793000221,1.710363711541972
3/22/2018 17:00,8.581999779,8.581999779,1.6903874035054702
3/22/2018 18:00,9.708000183,9.708000183,1.472811744780846
3/22/2018 19:00,9.215000153,9.215000153,1.4351541062506672
3/22/2018 20:00,8.512000084,8.512000084,1.4267588841859078
3/22/2018 21:00,8.37100029,8.37100029,1.3114729049049376
3/22/2018 22:00,8.512000084,8.512000084,1.2686573487148187
3/22/2018 23:00,8.37100029,8.37100029,1.2552678320377175
3/23/2018 0:00,8.442000389,8.442000389,1.2066000364292355
3/23/2018 1:00,8.159999847,8.159999847,1.199840592183526
3/23/2018 2:00,8.300999641,8.300999641,1.2184436562078684
3/23/2018 3:00,8.722999573,8.722999573,1.1401701915512974
3/23/2018 4:00,8.300999641,8.300999641,1.0721093173184095
3/23/2018 5:00,8.020000458,8.020000458,1.0383887032028825
3/23/2018 6:00,8.159999847,8.159999847,0.9027374534042316
3/23/2018 7:00,8.230999947,8.230999947,0.7339340606766364
3/23/2018 8:00,8.581999779,8.581999779,0.8658123463943926
3/23/2018 9:00,8.230999947,8.230999947,0.8564734268265632
3/23/2018 10:00,9.918999672,9.918999672,1.060766783570955
3/23/2018 11:00,9.98900032,9.98900032,1.406125122569872
3/23/2018 12:00,9.708000183,9.708000183,1.279468312117232
3/23/2018 13:00,10.27099991,10.27099991,1.5516924559160257
3/23/2018 14:00,11.60700035,11.60700035,1.8111935926957183
3/23/2018 15:00,12.52200031,12.52200031,1.5163109837562028
3/23/2018 16:00,12.38099957,12.38099957,1.6392484200577768
3/23/2018 17:00,12.7329998,12.7329998,1.619230780370275
3/23/2018 18:00,12.02900028,12.02900028,1.4016137899946506
3/23/2018 19:00,10.83300018,10.83300018,1.3639148198134716
3/23/2018 20:00,10.62199974,10.62199974,1.355478266097712
3/23/2018 21:00,9.425999641,9.425999641,1.240150955165742
3/23/2018 22:00,9.00399971,9.00399971,1.1972940673246228
3/23/2018 23:00,9.286000252,9.286000252,1.183863218996521
3/24/2018 0:00,9.145000458,9.145000458,1.1351540917370389
3/24/2018 1:00,9.496999741,9.496999741,1.1283533158403294
3/24/2018 2:00,9.848999977,9.848999977,1.1469150482136712
3/24/2018 3:00,9.286000252,9.286000252,1.0686002519061002
3/24/2018 4:00,9.355999947,9.355999947,1.0004980460222117
3/24/2018 5:00,9.074999809,9.074999809,0.9667361002556843
3/24/2018 6:00,9.00399971,9.00399971,0.8310435188060333
3/24/2018 7:00,10.62199974,10.62199974,0.6621987944274378
3/24/2018 8:00,9.496999741,9.496999741,0.7940357484941939
3/24/2018 9:00,9.848999977,9.848999977,0.7846554972753641
3/24/2018 10:00,9.918999672,9.918999672,0.9889075223687556
3/24/2018 11:00,10.27099991,10.27099991,1.3342245297166722
3/24/2018 12:00,10.69299984,10.69299984,1.2075263876130322
3/24/2018 13:00,10.69299984,10.69299984,1.4797091997608252
3/24/2018 14:00,11.67800045,11.67800045,1.7391690048895176
3/24/2018 15:00,12.7329998,12.7329998,1.444245064299002
3/24/2018 16:00,12.94400024,12.94400024,1.567141168949576
3/24/2018 17:00,13.29599953,13.29599953,1.547082197611074
3/24/2018 18:00,12.6619997,12.6619997,1.3294238755844492
3/24/2018 19:00,12.02900028,12.02900028,1.2916835737522698
3/24/2018 20:00,11.46700001,11.46700001,1.28320568838551
3/24/2018 21:00,11.11499977,11.11499977,1.1678370458025396
3/24/2018 22:00,10.97399998,10.97399998,1.12493882631042
3/24/2018 23:00,10.62199974,10.62199974,1.111466646331318
3/25/2018 0:00,10.69299984,10.69299984,1.0627161874208355
3/25/2018 1:00,9.777999878,9.777999878,1.0558740798731254
3/25/2018 2:00,9.286000252,9.286000252,1.0743944805954673
3/25/2018 3:00,10.55200005,10.55200005,0.9960383526368956
3/25/2018 4:00,10.3409996,10.3409996,0.9278948151020072
3/25/2018 5:00,10.69299984,10.69299984,0.8940915376844796
3/25/2018 6:00,10.41100025,10.41100025,0.7583576245838282
3/25/2018 7:00,9.98900032,9.98900032,0.5894715685542323
3/25/2018 8:00,10.62199974,10.62199974,0.721267190969988
3/25/2018 9:00,10.97399998,10.97399998,0.7118456081001582
3/25/2018 10:00,10.27099991,10.27099991,0.9160563015425496
3/25/2018 11:00,9.98900032,9.98900032,1.2613319772394658
3/25/2018 12:00,10.62199974,10.62199974,1.1345925034848252
3/25/2018 13:00,10.3409996,10.3409996,1.4067339839816182
3/25/2018 14:00,10.76299953,10.76299953,1.6661524574593105
3/25/2018 15:00,10.90400028,10.90400028,1.371187185217794
3/25/2018 16:00,10.83300018,10.83300018,1.4940419582173676
3/25/2018 17:00,10.97399998,10.97399998,1.4739416552278652
3/25/2018 18:00,11.46700001,11.46700001,1.2562420015502402
3/25/2018 19:00,10.3409996,10.3409996,1.2184603680670607
3/25/2018 20:00,10.62199974,10.62199974,1.2099411510493008
3/25/2018 21:00,10.55200005,10.55200005,1.09453117681533
3/25/2018 22:00,10.48200035,10.48200035,1.0515916256722102
3/25/2018 23:00,10.48200035,10.48200035,1.038078114042108
3/26/2018 0:00,10.13000011,10.13000011,0.9892863234806252
3/26/2018 1:00,9.918999672,9.918999672,0.9824028842819152
3/26/2018 2:00,10.83300018,10.83300018,1.0008819533532567
3/26/2018 3:00,10.3409996,10.3409996,0.9224844937436848
3/26/2018 4:00,10.06000042,10.06000042,0.854299624557796
3/26/2018 5:00,10.76299953,10.76299953,0.8204550154892681
3/26/2018 6:00,10.76299953,10.76299953,0.6846797707376165
3/26/2018 7:00,10.76299953,10.76299953,0.5157523830570204
3/26/2018 8:00,11.04399967,11.04399967,0.647506673821776
3/26/2018 9:00,10.62199974,10.62199974,0.6380437593009456
3/26/2018 10:00,11.60700035,11.60700035,0.8422131210923366
3/26/2018 11:00,10.19999981,10.19999981,1.1874474651382525
3/26/2018 12:00,11.11499977,11.11499977,1.060666659732612
3/26/2018 13:00,12.23999977,12.23999977,1.3327668085784043
3/26/2018 14:00,13.50699997,13.50699997,1.5921439504050965
3/26/2018 15:00,13.36600018,13.36600018,1.29713734651258
3/26/2018 16:00,13.78800011,13.78800011,1.4199507878611537
3/26/2018 17:00,13.71800041,13.71800041,1.399809153220651
3/26/2018 18:00,13.64700031,13.64700031,1.1820681678920255
3/26/2018 19:00,12.45100021,12.45100021,1.1442452027578456
3/26/2018 20:00,11.74800014,11.74800014,1.135684654089085
3/26/2018 21:00,11.60700035,11.60700035,1.0202333482041142
3/26/2018 22:00,11.04399967,11.04399967,0.977252465409994
3/26/2018 23:00,10.83300018,10.83300018,0.9636976221288914
3/27/2018 0:00,10.62199974,10.62199974,0.9148644999164084
3/27/2018 1:00,10.69299984,10.69299984,0.907939729066698
3/27/2018 2:00,10.3409996,10.3409996,0.9263774664870392
3/27/2018 3:00,10.62199974,10.62199974,0.8479386752264672
3/27/2018 4:00,10.48200035,10.48200035,0.779712474389578
3/27/2018 5:00,10.27099991,10.27099991,0.7458265336700499
3/27/2018 6:00,10.48200035,10.48200035,0.610009957267398
3/27/2018 7:00,10.3409996,10.3409996,0.4410412379358016
3/27/2018 8:00,11.32600021,11.32600021,0.5727541970495568
3/27/2018 9:00,11.04399967,11.04399967,0.5632499508777263
3/27/2018 10:00,11.88899994,11.88899994,0.767377981018117
3/27/2018 11:00,12.02900028,12.02900028,1.1125709934130328
3/27/2018 12:00,11.5369997,11.5369997,0.9857488563563916
3/27/2018 13:00,11.5369997,11.5369997,1.257807673551184
3/27/2018 14:00,13.01399994,13.01399994,1.5171434837268756
3/27/2018 15:00,13.08500004,13.08500004,1.2220955481833589
3/27/2018 16:00,13.57699966,13.57699966,1.344867657880932
3/27/2018 17:00,13.64700031,13.64700031,1.3246846915894288
3/27/2018 18:00,12.8739996,12.8739996,1.1069023746098032
3/27/2018 19:00,11.5369997,11.5369997,1.0690380778246231
3/27/2018 20:00,10.83300018,10.83300018,1.0604361975048626
3/27/2018 21:00,10.48200035,10.48200035,0.9449435599688912
3/27/2018 22:00,10.19999981,10.19999981,0.9019213455237708
3/27/2018 23:00,9.708000183,9.708000183,0.888325170591668
3/28/2018 0:00,9.496999741,9.496999741,0.8394507167281847
3/28/2018 1:00,8.86400032,8.86400032,0.832484614227474
3/28/2018 2:00,8.86400032,8.86400032,0.8508810199968149
3/28/2018 3:00,8.934000015,8.934000015,0.7724008970852426
3/28/2018 4:00,8.442000389,8.442000389,0.7041333645973532
3/28/2018 5:00,8.581999779,8.581999779,0.6702060922268249
3/28/2018 6:00,8.159999847,8.159999847,0.5343481841731726
3/28/2018 7:00,8.934000015,8.934000015,0.3653381331905759
3/28/2018 8:00,9.848999977,9.848999977,0.4970097606533308
3/28/2018 9:00,9.98900032,9.98900032,0.4874641828305
3/28/2018 10:00,11.11499977,11.11499977,0.6915508813198905
3/28/2018 11:00,10.3409996,10.3409996,1.0367025620638055
3/28/2018 12:00,9.918999672,9.918999672,0.9098390933561644
3/28/2018 13:00,10.83300018,10.83300018,1.1818565788999569
3/28/2018 14:00,12.10000038,12.10000038,1.441151057424648
3/28/2018 15:00,12.59200001,12.59200001,1.146061790230131
3/28/2018 16:00,13.08500004,13.08500004,1.268792568276704
3/28/2018 17:00,13.08500004,13.08500004,1.248568270334201
3/28/2018 18:00,12.23999977,12.23999977,1.030744621703575
3/28/2018 19:00,11.32600021,11.32600021,0.9928389932673944
3/28/2018 20:00,10.90400028,10.90400028,0.9841957812966332
3/28/2018 21:00,9.848999977,9.848999977,0.8686618121096619
3/28/2018 22:00,9.496999741,9.496999741,0.8255982660135412
3/28/2018 23:00,9.567000389,9.567000389,0.8119607594304382
3/29/2018 0:00,9.496999741,9.496999741,0.7630449739159546
3/29/2018 1:00,9.074999809,9.074999809,0.7560375397642436
3/29/2018 2:00,9.286000252,9.286000252,0.7743926138825842
3/29/2018 3:00,9.567000389,9.567000389,0.6958711593200116
3/29/2018 4:00,9.074999809,9.074999809,0.6275622951811219
3/29/2018 5:00,8.581999779,8.581999779,0.5935936911595934
3/29/2018 6:00,8.159999847,8.159999847,0.4576944514549408
3/29/2018 7:00,8.020000458,8.020000458,0.2886430688213438
3/29/2018 8:00,8.652999878,8.652999878,0.4202733646330984
3/29/2018 9:00,8.512000084,8.512000084,0.4106864551592673
3/29/2018 10:00,9.145000458,9.145000458,0.6147318219976575
3/29/2018 11:00,8.86400032,8.86400032,0.9598421710905723
3/29/2018 12:00,9.145000458,9.145000458,0.8329373707319309
3/29/2018 13:00,9.637999535,9.637999535,1.1049135246247228
3/29/2018 14:00,10.13000011,10.13000011,1.3641666714984138
3/29/2018 15:00,10.69299984,10.69299984,1.0690360726528965
3/29/2018 16:00,10.48200035,10.48200035,1.191725519048469
3/29/2018 17:00,10.3409996,10.3409996,1.1714598894549653
3/29/2018 18:00,9.637999535,9.637999535,0.953594909173339
3/29/2018 19:00,9.355999947,9.355999947,0.9156479490861584
3/29/2018 20:00,9.425999641,9.425999641,0.9069634054643972
3/29/2018 21:00,8.230999947,8.230999947,0.7913881046264254
3/29/2018 22:00,7.809000015,7.809000015,0.7482832268793045
3/29/2018 23:00,7.315999985,7.315999985,0.7346043886452013
3/30/2018 0:00,6.612999916,6.612999916,0.6856472714797174
3/30/2018 1:00,6.823999882,6.823999882,0.6785985056770061
3/30/2018 2:00,6.472000122,6.472000122,0.6969122481443464
3/30/2018 3:00,6.119999886,6.119999886,0.6183494619307736
3/30/2018 4:00,6.119999886,6.119999886,0.5499992661408836
3/30/2018 5:00,5.839000225,5.839000225,0.5159893304683548
3/30/2018 6:00,5.276000023,5.276000023,0.380048759112702
3/30/2018 7:00,5.205999851,5.205999851,0.2109560448281046
3/30/2018 8:00,5.55700016,5.55700016,0.342545008988859
3/30/2018 9:00,5.768000126,5.768000126,0.3329167678640276
3/30/2018 10:00,6.261000156,6.261000156,0.5369208030514175
3/30/2018 11:00,6.261000156,6.261000156,0.881989820493332
3/30/2018 12:00,6.330999851,6.330999851,0.7550436884836902
3/30/2018 13:00,7.034999847,7.034999847,1.026978510725482
3/30/2018 14:00,7.034999847,7.034999847,1.2861903259481724
3/30/2018 15:00,7.386000156,7.386000156,0.9910183954516548
3/30/2018 16:00,7.315999985,7.315999985,1.1136665101962273
3/30/2018 17:00,7.809000015,7.809000015,1.0933595489517236
3/30/2018 18:00,6.683000088,6.683000088,0.8754532370190969
3/30/2018 19:00,5.768000126,5.768000126,0.8374649452809159
3/30/2018 20:00,6.330999851,6.330999851,0.8287390700081544
3/30/2018 21:00,6.40199995,6.40199995,0.7131224375191823
3/30/2018 22:00,6.261000156,6.261000156,0.6699762281210612
3/30/2018 23:00,5.979000092,5.979000092,0.6562560582359576
3/31/2018 0:00,5.768000126,5.768000126,0.6072576094194734
3/31/2018 1:00,5.768000126,5.768000126,0.6001675119657618
3/31/2018 2:00,5.768000126,5.768000126,0.6184399227821018
3/31/2018 3:00,5.768000126,5.768000126,0.5398358049175287
3/31/2018 4:00,5.768000126,5.768000126,0.4714442774766385
3/31/2018 5:00,5.768000126,5.768000126,0.4373930101531094
3/31/2018 6:00,5.768000126,5.768000126,0.3014111071464562
3/31/2018 7:00,5.768000126,5.768000126,0.1322770612108586
3/31/2018 8:00,5.768000126,5.768000126,0.2638246937206127
3/31/2018 9:00,5.768000126,5.768000126,0.254155120944781
3/31/2018 10:00,5.768000126,5.768000126,0.4581178244811706
3/31/2018 11:00,5.768000126,5.768000126,0.8031455102720849
3/31/2018 12:00,5.768000126,5.768000126,0.6761580466114429
3/31/2018 13:00,5.768000126,5.768000126,0.948051537202234
3/31/2018 14:00,5.768000126,5.768000126,1.2072220207739246
3/31/2018 15:00,5.768000126,5.768000126,0.9120087586264066
3/31/2018 16:00,5.768000126,5.768000126,1.0346155417199787
3/31/2018 17:00,5.768000126,5.768000126,1.0142672488244746
3/31/2018 18:00,5.768000126,5.768000126,0.7963196052408478
3/31/2018 19:00,5.768000126,5.768000126,0.7582899818516666
3/31/2018 20:00,5.768000126,5.768000126,0.7495227749279049
3/31/2018 21:00,5.768000126,5.768000126,0.6338648107879324
3/31/2018 22:00,5.768000126,5.768000126,0.5906772697388111
3/31/2018 23:00,5.768000126,5.768000126,0.5769157682027072
4/1/2018 0:00,9.00399971,9.00399971,0.5278759877352228
4/1/2018 1:00,9.215000153,9.215000153,0.520744558630511
4/1/2018 2:00,9.00399971,9.00399971,0.5389756377958508
4/1/2018 3:00,8.652999878,8.652999878,0.4603301882802774
4/1/2018 4:00,9.215000153,9.215000153,0.3918973291883869
4/1/2018 5:00,9.215000153,9.215000153,0.3578047302138575
4/1/2018 6:00,9.425999641,9.425999641,0.2217814955562042
4/1/2018 7:00,9.567000389,9.567000389,0.0526061179696063
4/1/2018 8:00,10.19999981,10.19999981,0.1841124188283601
4/1/2018 9:00,10.69299984,10.69299984,0.1744015144015281
4/1/2018 10:00,11.11499977,11.11499977,0.3783228862869175
4/1/2018 11:00,10.97399998,10.97399998,0.7233092404268314
4/1/2018 12:00,10.76299953,10.76299953,0.5962804451151892
4/1/2018 13:00,11.60700035,11.60700035,0.86813260405498
4/1/2018 14:00,11.25599957,11.25599957,1.1272617559756704
4/1/2018 15:00,12.94400024,12.94400024,0.8320071621771521
4/1/2018 16:00,12.7329998,12.7329998,0.954572613619724
4/1/2018 17:00,11.81799984,11.81799984,0.9341829890732196
4/1/2018 18:00,11.74800014,11.74800014,0.7161940138385924
4/1/2018 19:00,10.76299953,10.76299953,0.678123058798411
4/1/2018 20:00,10.69299984,10.69299984,0.669314520223649
4/1/2018 21:00,10.55200005,10.55200005,0.5536152244326763
4/1/2018 22:00,10.48200035,10.48200035,0.5103863517325546
4/1/2018 23:00,10.13000011,10.13000011,0.4965835185454505
4/2/2018 0:00,9.708000183,9.708000183,0.4475024064269658
4/2/2018 1:00,10.19999981,10.19999981,0.4403296456712537
4/2/2018 2:00,10.48200035,10.48200035,0.4585193931855932
4/2/2018 3:00,10.83300018,10.83300018,0.3798326120190196
4/2/2018 4:00,10.3409996,10.3409996,0.3113584212761289
4/2/2018 5:00,10.3409996,10.3409996,0.2772244906505992
4/2/2018 6:00,10.06000042,10.06000042,0.1411599243419455
4/2/2018 7:00,10.48200035,10.48200035,-0.0280567848956526
4/2/2018 8:00,9.637999535,9.637999535,0.1034081843121008
4/2/2018 9:00,10.55200005,10.55200005,0.0936559482342686
4/2/2018 10:00,10.48200035,10.48200035,0.2975359884686577
4/2/2018 11:00,10.13000011,10.13000011,0.6424810109575714
4/2/2018 12:00,10.19999981,10.19999981,0.5154108839949287
4/2/2018 13:00,11.67800045,11.67800045,0.7872217112837193
4/2/2018 14:00,12.02900028,12.02900028,1.0463095315534092
4/2/2018 15:00,12.10000038,12.10000038,0.7510136061038909
4/2/2018 16:00,12.17000008,12.17000008,0.8735377258954624
4/2/2018 17:00,12.02900028,12.02900028,0.8531067696979577
4/2/2018 18:00,11.25599957,11.25599957,0.6350764628123303
4/2/2018 19:00,10.97399998,10.97399998,0.5969641761211487
4/2/2018 20:00,10.55200005,10.55200005,0.5881143058953864
4/2/2018 21:00,10.19999981,10.19999981,0.4723736784534134
4/2/2018 22:00,10.3409996,10.3409996,0.4291034741022915
4/2/2018 23:00,9.848999977,9.848999977,0.4152593092641871
4/3/2018 0:00,9.425999641,9.425999641,0.3661368654947021
4/3/2018 1:00,9.355999947,9.355999947,0.3589227730879897
4/3/2018 2:00,9.215000153,9.215000153,0.3770711889513289
4/3/2018 3:00,9.145000458,9.145000458,0.2983430761337551
4/3/2018 4:00,9.145000458,9.145000458,0.229827553739864
4/3/2018 5:00,9.425999641,9.425999641,0.1956522914633341
4/3/2018 6:00,9.286000252,9.286000252,0.0595463935036801
4/3/2018 7:00,9.496999741,9.496999741,-0.1097116473849182
4/3/2018 8:00,9.848999977,9.848999977,0.0217119901718349
4/3/2018 9:00,10.69299984,10.69299984,0.0119184224430024
4/3/2018 10:00,11.39599991,11.39599991,0.2157571310263911
4/3/2018 11:00,11.32600021,11.32600021,0.5606608218643045
4/3/2018 12:00,11.39599991,11.39599991,0.4335493632506616
4/3/2018 13:00,11.32600021,11.32600021,0.7053188588884519
4/3/2018 14:00,12.7329998,12.7329998,0.9643653475071416
4/3/2018 15:00,12.94400024,12.94400024,0.6690280904066228
4/3/2018 16:00,13.43599987,13.43599987,0.791510878547194
4/3/2018 17:00,13.71800041,13.71800041,0.7710385906986891
4/3/2018 18:00,12.23999977,12.23999977,0.5529669521620614
4/3/2018 19:00,12.17000008,12.17000008,0.5148133338198795
4/3/2018 20:00,11.60700035,11.60700035,0.5059221319431169
4/3/2018 21:00,11.32600021,11.32600021,0.3901401728501436
4/3/2018 22:00,10.97399998,10.97399998,0.3468286368480214
4/3/2018 23:00,10.90400028,10.90400028,0.3329431403589167
4/4/2018 0:00,9.918999672,9.918999672,0.2837793649384315
4/4/2018 1:00,8.86400032,8.86400032,0.2765239408807188
4/4/2018 2:00,8.934000015,8.934000015,0.2946310250930578
4/4/2018 3:00,7.809000015,7.809000015,0.2158615806244836
4/4/2018 4:00,6.823999882,6.823999882,0.1473047265795923
4/4/2018 5:00,7.105000019,7.105000019,0.1130881326520621
4/4/2018 6:00,6.612999916,6.612999916,-0.0230590969585921
4/4/2018 7:00,5.135000229,5.135000229,-0.1923584694981908
4/4/2018 8:00,5.346000195,5.346000195,-0.0609761635924379
4/4/2018 9:00,5.065000057,5.065000057,-0.0708110629722707
4/4/2018 10:00,5.276000023,5.276000023,0.1329863139601177
4/4/2018 11:00,5.276000023,5.276000023,0.4778486731470308
4/4/2018 12:00,5.065000057,5.065000057,0.3506958828823876
4/4/2018 13:00,4.572999954,4.572999954,0.6224240468691776
4/4/2018 14:00,4.290999889,4.290999889,0.8814292038368668
4/4/2018 15:00,4.43200016,4.43200016,0.5860506150853481
4/4/2018 16:00,4.221000195,4.221000195,0.708492071574919
4/4/2018 17:00,4.079999924,4.079999924,0.6879784520754137
4/4/2018 18:00,3.799000025,3.799000025,0.4698654818877858
4/4/2018 19:00,3.657999992,3.657999992,0.4316705318946034
4/4/2018 20:00,3.799000025,3.799000025,0.4227379983668406
4/4/2018 21:00,3.799000025,3.799000025,0.3069147076228671
4/4/2018 22:00,3.868999958,3.868999958,0.2635618399697446
4/4/2018 23:00,3.938999891,3.938999891,0.2496350118296396
4/5/2018 0:00,3.657999992,3.657999992,0.2004299047581541
4/5/2018 1:00,3.799000025,3.799000025,0.1931331490494412
4/5/2018 2:00,3.868999958,3.868999958,0.2111989016107799
4/5/2018 3:00,3.799000025,3.799000025,0.1323881254912055
4/5/2018 4:00,4.361999989,4.361999989,0.0637899397953139
4/5/2018 5:00,3.657999992,3.657999992,0.0295320142167834
4/5/2018 6:00,4.221000195,4.221000195,-0.1066565470448711
4/5/2018 7:00,3.51699996,3.51699996,-0.2759972512354701
4/5/2018 8:00,3.095000029,3.095000029,-0.1446562769807175
4/5/2018 9:00,0.421999991,0.421999991,-0.1545325080115505
4/5/2018 10:00,0.0,0.0,0.0492235372698376
4/5/2018 11:00,-0.633000016,-0.633000016,0.3940445648057504
4/5/2018 12:00,-0.703000009,-0.703000009,0.2668504428901069
4/5/2018 13:00,0.0,0.0,0.5385372752258967
4/5/2018 14:00,-0.633000016,-0.633000016,0.7975011005425857
4/5/2018 15:00,-0.915000021,-0.915000021,0.5020811801400664
4/5/2018 16:00,0.0,0.0,0.6244813049786371
4/5/2018 17:00,0.563000023,0.563000023,0.6039263538281315
4/5/2018 18:00,1.758999944,1.758999944,0.3857720519895033
4/5/2018 19:00,0.563000023,0.563000023,0.3475357703453207
4/5/2018 20:00,0.0,0.0,0.3385619051665575
4/5/2018 21:00,2.039999962,2.039999962,0.2226972827715838
4/5/2018 22:00,0.492000014,0.492000014,0.179303083467461
4/5/2018 23:00,1.126000047,1.126000047,0.1653349236763558
4/6/2018 0:00,0.985000014,0.985000014,0.11608848495387
4/6/2018 1:00,0.0,0.0,0.1087503975941569
4/6/2018 2:00,0.563000023,0.563000023,0.1267748185044953
4/6/2018 3:00,1.970000029,1.970000029,0.0479227107339206
4/6/2018 4:00,2.39199996,2.39199996,-0.0207168066129712
4/6/2018 5:00,1.476999998,1.476999998,-0.055016063842502
4/6/2018 6:00,1.337000012,1.337000012,-0.1912459567551568
4/6/2018 7:00,1.054999948,1.054999948,-0.3606279925967561
4/6/2018 8:00,1.054999948,1.054999948,-0.2293283499930038
4/6/2018 9:00,1.337000012,1.337000012,-0.2392459126748371
4/6/2018 10:00,1.828999996,1.828999996,-0.0355311990444492
4/6/2018 11:00,3.095000029,3.095000029,0.3092484968404633
4/6/2018 12:00,4.010000229,4.010000229,0.1820130432738194
4/6/2018 13:00,4.643000126,4.643000126,0.4536585439586089
4/6/2018 14:00,4.994999886,4.994999886,0.7125810376242977
4/6/2018 15:00,4.994999886,4.994999886,0.4171197855707781
4/6/2018 16:00,5.346000195,5.346000195,0.5394785787583486
4/6/2018 17:00,5.486999989,5.486999989,0.5188822959568428
4/6/2018 18:00,5.346000195,5.346000195,0.3006866624672143
4/6/2018 19:00,5.346000195,5.346000195,0.2624090491720315
4/6/2018 20:00,5.346000195,5.346000195,0.2533938523422681
4/6/2018 21:00,4.221000195,4.221000195,0.137487898296294
4/6/2018 22:00,5.276000023,5.276000023,0.094052367341171
4/6/2018 23:00,4.854000092,4.854000092,0.0800428758990655
4/7/2018 0:00,4.501999855,4.501999855,0.0307551055255794
4/7/2018 1:00,4.221000195,4.221000195,0.0233756865148659
4/7/2018 2:00,4.150000095,4.150000095,0.041358775774204
4/7/2018 3:00,4.221000195,4.221000195,-0.0375346636473708
4/7/2018 4:00,4.221000195,4.221000195,-0.106215512645263
4/7/2018 5:00,4.150000095,4.150000095,-0.140556101525794
4/7/2018 6:00,3.727999926,3.727999926,-0.2768273260894491
4/7/2018 7:00,4.994999886,4.994999886,-0.4462506935820487
4/7/2018 8:00,4.221000195,4.221000195,-0.3149923826292967
4/7/2018 9:00,3.727999926,3.727999926,-0.3249512769621303
4/7/2018 10:00,5.346000195,5.346000195,-0.1212778949827426
4/7/2018 11:00,3.305999994,3.305999994,0.2234604692511695
4/7/2018 12:00,3.236000061,3.236000061,0.0961836840335255
4/7/2018 13:00,3.51699996,3.51699996,0.3677878530673146
4/7/2018 14:00,4.501999855,4.501999855,0.626669015082003
4/7/2018 15:00,4.994999886,4.994999886,0.3311664313774833
4/7/2018 16:00,5.276000023,5.276000023,0.4534838929140535
4/7/2018 17:00,5.768000126,5.768000126,0.4328462784615475
4/7/2018 18:00,6.050000191,6.050000191,0.2146093133209187
4/7/2018 19:00,5.697999954,5.697999954,0.1762903683747355
4/7/2018 20:00,5.346000195,5.346000195,0.1672338398939718
4/7/2018 21:00,4.923999786,4.923999786,0.0512865541969975
4/7/2018 22:00,4.854000092,4.854000092,0.0078096915908742
4/7/2018 23:00,5.065000057,5.065000057,-0.0062411315022315
4/8/2018 0:00,4.572999954,4.572999954,-0.0555702335267178
4/8/2018 1:00,4.712999821,4.712999821,-0.0629909841884316
4/8/2018 2:00,4.501999855,4.501999855,-0.0450492265800937
4/8/2018 3:00,4.501999855,4.501999855,-0.123983997652669
4/8/2018 4:00,4.501999855,4.501999855,-0.1927061783015614
4/8/2018 5:00,4.643000126,4.643000126,-0.2270880988330927
4/8/2018 6:00,4.572999954,4.572999954,-0.3634006550477481
4/8/2018 7:00,5.697999954,5.697999954,-0.532865354191348
4/8/2018 8:00,5.768000126,5.768000126,-0.4016483748895962
4/8/2018 9:00,5.627999783,5.627999783,-0.4116486008734301
4/8/2018 10:00,5.416999817,5.416999817,-0.2080165505450427
4/8/2018 11:00,5.697999954,5.697999954,0.1366804820378692
4/8/2018 12:00,5.627999783,5.627999783,0.0093623651692248
4/8/2018 13:00,6.261000156,6.261000156,0.2809252025520137
4/8/2018 14:00,7.105000019,7.105000019,0.5397650329157019
4/8/2018 15:00,7.668000221,7.668000221,0.2442211175601817
4/8/2018 16:00,7.809000015,7.809000015,0.3664972474457516
4/8/2018 17:00,7.879000187,7.879000187,0.3458183013422453
4/8/2018 18:00,7.597000122,7.597000122,0.1275400045506162
4/8/2018 19:00,8.230999947,8.230999947,0.0891797279534328
4/8/2018 20:00,8.300999641,8.300999641,0.0800818678216688
4/8/2018 21:00,7.879000187,7.879000187,-0.0359067495263057
4/8/2018 22:00,7.737999916,7.737999916,-0.0794249437834293
4/8/2018 23:00,7.245999813,7.245999813,-0.0935170985275353
4/9/2018 0:00,7.386000156,7.386000156,-0.1428875322030219
4/9/2018 1:00,7.668000221,7.668000221,-0.150349614515736
4/9/2018 2:00,7.737999916,7.737999916,-0.1324491885583984
4/9/2018 3:00,7.456999779,7.456999779,-0.2114252912819739
4/9/2018 4:00,7.456999779,7.456999779,-0.2801888035818666
4/9/2018 5:00,7.245999813,7.245999813,-0.3146120557643982
4/9/2018 6:00,6.894000053,6.894000053,-0.4509659436300539
4/9/2018 7:00,8.020000458,8.020000458,-0.6204719744246541
4/9/2018 8:00,8.652999878,8.652999878,-0.4892963267739026
4/9/2018 9:00,9.425999641,9.425999641,-0.4993378844087368
4/9/2018 10:00,10.55200005,10.55200005,-0.2957471657313497
4/9/2018 11:00,9.777999878,9.777999878,0.0489085352005619
4/9/2018 12:00,9.286000252,9.286000252,-0.0784509133190827
4/9/2018 13:00,9.98900032,9.98900032,0.1930705924127058
4/9/2018 14:00,11.32600021,11.32600021,0.4518690911253936
4/9/2018 15:00,10.90400028,10.90400028,0.1562838441188733
4/9/2018 16:00,12.10000038,12.10000038,0.2785186423534429
4/9/2018 17:00,12.45100021,12.45100021,0.2577983645989363
4/9/2018 18:00,12.02900028,12.02900028,0.0394787361563069
4/9/2018 19:00,10.48200035,10.48200035,0.0010771279081233
4/9/2018 20:00,9.918999672,9.918999672,-0.0080620638746409
4/9/2018 21:00,9.708000183,9.708000183,-0.1240920128736158
4/9/2018 22:00,9.496999741,9.496999741,-0.1676515387817397
4/9/2018 23:00,9.215000153,9.215000153,-0.181785025176846
4/10/2018 0:00,8.86400032,8.86400032,-0.2311967905033329
4/10/2018 1:00,8.722999573,8.722999573,-0.2387002044670472
4/10/2018 2:00,8.652999878,8.652999878,-0.2208411101607099
4/10/2018 3:00,8.722999573,8.722999573,-0.2998585445352857
4/10/2018 4:00,8.442000389,8.442000389,-0.3686633884861786
4/10/2018 5:00,8.581999779,8.581999779,-0.4031279723197105
4/10/2018 6:00,8.652999878,8.652999878,-0.5395231918363664
4/10/2018 7:00,9.215000153,9.215000153,-0.7090705542819669
4/10/2018 8:00,9.918999672,9.918999672,-0.5779362382822156
4/10/2018 9:00,10.48200035,10.48200035,-0.5880191275680502
4/10/2018 10:00,9.215000153,9.215000153,-0.3844697405416634
4/10/2018 11:00,9.567000389,9.567000389,-0.039855371260752
4/10/2018 12:00,8.934000015,8.934000015,-0.167256151431397
4/10/2018 13:00,9.425999641,9.425999641,0.1042240226493912
4/10/2018 14:00,10.55200005,10.55200005,0.3629811897110788
4/10/2018 15:00,10.62199974,10.62199974,0.0673546110535582
4/10/2018 16:00,11.18500042,11.18500042,0.1895480776371275
4/10/2018 17:00,10.90400028,10.90400028,0.1687864682316206
4/10/2018 18:00,12.02900028,12.02900028,-0.0495744918620089
4/10/2018 19:00,11.60700035,11.60700035,-0.0880174317611929
4/10/2018 20:00,11.18500042,11.18500042,-0.0971979551949574
4/10/2018 21:00,11.04399967,11.04399967,-0.2132692358449326
4/10/2018 22:00,10.55200005,10.55200005,-0.2568700934040567
4/10/2018 23:00,11.04399967,11.04399967,-0.2710449114501633
4/11/2018 0:00,10.3409996,10.3409996,-0.3204980084276504
4/11/2018 1:00,10.48200035,10.48200035,-0.328042754042365
4/11/2018 2:00,10.55200005,10.55200005,-0.3102249913870281
4/11/2018 3:00,10.41100025,10.41100025,-0.3892837574126041
4/11/2018 4:00,10.55200005,10.55200005,-0.4581299330144973
4/11/2018 5:00,10.55200005,10.55200005,-0.4926358484990294
4/11/2018 6:00,9.777999878,9.777999878,-0.6290723996666857
4/11/2018 7:00,9.918999672,9.918999672,-0.7986610937632864
4/11/2018 8:00,9.918999672,9.918999672,-0.6675681094145355
4/11/2018 9:00,9.708000183,9.708000183,-0.6776923303513703
4/11/2018 10:00,10.3409996,10.3409996,-0.4741842749759838
4/11/2018 11:00,10.13000011,10.13000011,-0.1296112373460727
4/11/2018 12:00,10.27099991,10.27099991,-0.257053349167718
4/11/2018 13:00,10.3409996,10.3409996,0.0143854932620699
4/11/2018 14:00,10.97399998,10.97399998,0.2731013286727572
4/11/2018 15:00,10.97399998,10.97399998,-0.0225665816357636
4/11/2018 16:00,10.76299953,10.76299953,0.0995855532968053
4/11/2018 17:00,9.777999878,9.777999878,0.0787826122402982
4/11/2018 18:00,9.425999641,9.425999641,-0.1396196795043317
4/11/2018 19:00,8.722999573,8.722999573,-0.1781039510545159
4/11/2018 20:00,7.879000187,7.879000187,-0.1873258061392807
4/11/2018 21:00,7.668000221,7.668000221,-0.3034384184402562
4/11/2018 22:00,7.386000156,7.386000156,-0.3470806076503805
4/11/2018 23:00,6.964000225,6.964000225,-0.3612967573474874
4/12/2018 0:00,6.964000225,6.964000225,-0.4107911859759749
4/12/2018 1:00,6.612999916,6.612999916,-0.4183772632416898
4/12/2018 2:00,6.612999916,6.612999916,-0.400600832237353
4/12/2018 3:00,6.050000191,6.050000191,-0.4797009299139294
4/12/2018 4:00,6.40199995,6.40199995,-0.5485884371668228
4/12/2018 5:00,5.90899992,5.90899992,-0.5831356843023553
4/12/2018 6:00,5.768000126,5.768000126,-0.7196135671210118
4/12/2018 7:00,5.627999783,5.627999783,-0.8892435928686128
4/12/2018 8:00,5.90899992,5.90899992,-0.7581919401708622
4/12/2018 9:00,5.90899992,5.90899992,-0.7683574927586971
4/12/2018 10:00,5.979000092,5.979000092,-0.5648907690343109
4/12/2018 11:00,6.330999851,6.330999851,-0.2203590630554002
4/12/2018 12:00,6.472000122,6.472000122,-0.3478425065280457
4/12/2018 13:00,6.050000191,6.050000191,-0.0764449957492579
4/12/2018 14:00,6.541999817,6.541999817,0.1822295080104289
4/12/2018 15:00,6.472000122,6.472000122,-0.1134797339490922
4/12/2018 16:00,6.330999851,6.330999851,0.0086310693324765
4/12/2018 17:00,5.768000126,5.768000126,-0.0122132033750308
4/12/2018 18:00,5.627999783,5.627999783,-0.230656826770661
4/12/2018 19:00,5.346000195,5.346000195,-0.2691824299718456
4/12/2018 20:00,4.854000092,4.854000092,-0.2784456167076106
4/12/2018 21:00,5.135000229,5.135000229,-0.3945995606595863
4/12/2018 22:00,4.994999886,4.994999886,-0.438283081520711
4/12/2018 23:00,4.643000126,4.643000126,-0.4525405628688181
4/13/2018 0:00,4.994999886,4.994999886,-0.5020763231483059
4/13/2018 1:00,4.923999786,4.923999786,-0.509703732065021
4/13/2018 2:00,4.78399992,4.78399992,-0.4919686327116845
4/13/2018 3:00,4.854000092,4.854000092,-0.5711100620392612
4/13/2018 4:00,4.854000092,4.854000092,-0.6400389009431549
4/13/2018 5:00,4.78399992,4.78399992,-0.6746274797296875
4/13/2018 6:00,4.712999821,4.712999821,-0.8111466941993444
4/13/2018 7:00,4.572999954,4.572999954,-0.9808180515979456
4/13/2018 8:00,4.290999889,4.290999889,-0.8498077305511954
4/13/2018 9:00,4.290999889,4.290999889,-0.8600146147900306
4/13/2018 10:00,4.361999989,4.361999989,-0.6565892227166447
4/13/2018 11:00,4.572999954,4.572999954,-0.312098848388734
4/13/2018 12:00,5.065000057,5.065000057,-0.4396236235123798
4/13/2018 13:00,4.643000126,4.643000126,-0.1682674443845924
4/13/2018 14:00,4.854000092,4.854000092,0.0903657277240943
4/13/2018 15:00,5.276000023,5.276000023,-0.2053848458864272
4/13/2018 16:00,4.854000092,4.854000092,-0.0833153742558586
4/13/2018 17:00,5.839000225,5.839000225,-0.1042009786143663
4/13/2018 18:00,4.572999954,4.572999954,-0.3226859336609968
4/13/2018 19:00,3.095000029,3.095000029,-0.3612528685131816
4/13/2018 20:00,3.799000025,3.799000025,-0.370557386899947
4/13/2018 21:00,4.854000092,4.854000092,-0.4867526625029229
4/13/2018 22:00,3.095000029,3.095000029,-0.5304775150150479
4/13/2018 23:00,3.588000059,3.588000059,-0.5447763280141553
4/14/2018 0:00,4.290999889,4.290999889,-0.5943534199446433
4/14/2018 1:00,4.361999989,4.361999989,-0.6020221605123587
4/14/2018 2:00,4.150000095,4.150000095,-0.5843283928100226
4/14/2018 3:00,4.643000126,4.643000126,-0.6635111537885994
4/14/2018 4:00,5.205999851,5.205999851,-0.7324813243434934
4/14/2018 5:00,4.854000092,4.854000092,-0.7671112347810263
4/14/2018 6:00,5.205999851,5.205999851,-0.9036717809016834
4/14/2018 7:00,4.854000092,4.854000092,-1.073384469951285
4/14/2018 8:00,4.923999786,4.923999786,-0.942415480555535
4/14/2018 9:00,3.447000027,3.447000027,-0.9526636964453706
4/14/2018 10:00,4.361999989,4.361999989,-0.7492796360229851
4/14/2018 11:00,3.799000025,3.799000025,-0.4048305933460747
4/14/2018 12:00,3.799000025,3.799000025,-0.5323967001207208
4/14/2018 13:00,3.938999891,3.938999891,-0.2610818526439337
4/14/2018 14:00,4.010000229,4.010000229,-0.0024900121862472
4/14/2018 15:00,4.43200016,4.43200016,-0.298281917447769
4/14/2018 16:00,5.346000195,5.346000195,-0.1762537774682008
4/14/2018 17:00,5.205999851,5.205999851,-0.1971807134777088
4/14/2018 18:00,5.416999817,5.416999817,-0.4157070001753395
4/14/2018 19:00,5.065000057,5.065000057,-0.4543152666785246
4/14/2018 20:00,4.923999786,4.923999786,-0.4636611167162903
4/14/2018 21:00,3.868999958,3.868999958,-0.5798977239702665
4/14/2018 22:00,4.361999989,4.361999989,-0.6236639081333918
4/14/2018 23:00,4.501999855,4.501999855,-0.6380040527834994
4/15/2018 0:00,4.854000092,4.854000092,-0.6876224763649876
4/15/2018 1:00,5.346000195,5.346000195,-0.6953325485837033
4/15/2018 2:00,4.643000126,4.643000126,-0.6776801125323674
4/15/2018 3:00,4.854000092,4.854000092,-0.7569042051619446
4/15/2018 4:00,5.135000229,5.135000229,-0.8259157073678388
4/15/2018 5:00,5.276000023,5.276000023,-0.860586949456372
4/15/2018 6:00,5.135000229,5.135000229,-0.9971888272280296
4/15/2018 7:00,5.768000126,5.768000126,-1.1669428479286312
4/15/2018 8:00,4.854000092,4.854000092,-1.0360151901838817
4/15/2018 9:00,5.979000092,5.979000092,-1.0463047377247174
4/15/2018 10:00,6.261000156,6.261000156,-0.8429620089533322
4/15/2018 11:00,6.190999985,6.190999985,-0.4985542979274221
4/15/2018 12:00,6.612999916,6.612999916,-0.6261617363530685
4/15/2018 13:00,6.823999882,6.823999882,-0.3548882205272816
4/15/2018 14:00,8.300999641,8.300999641,-0.0963377117205955
4/15/2018 15:00,8.722999573,8.722999573,-0.3921709486331176
4/15/2018 16:00,9.425999641,9.425999641,-0.2701841403045496
4/15/2018 17:00,9.355999947,9.355999947,-0.2911524079650578
4/15/2018 18:00,8.722999573,8.722999573,-0.509720026313689
4/15/2018 19:00,7.809000015,7.809000015,-0.5483696244678743
4/15/2018 20:00,6.964000225,6.964000225,-0.5577568061566403
4/15/2018 21:00,6.261000156,6.261000156,-0.6740347450616168
4/15/2018 22:00,6.050000191,6.050000191,-0.7178422608757422
4/15/2018 23:00,6.050000191,6.050000191,-0.7322237371768502
4/16/2018 0:00,6.823999882,6.823999882,-0.7818834924093387
4/16/2018 1:00,6.472000122,6.472000122,-0.7896348962790547
4/16/2018 2:00,6.612999916,6.612999916,-0.7720237918787191
4/16/2018 3:00,6.541999817,6.541999817,-0.8512892161592965
4/16/2018 4:00,6.40199995,6.40199995,-0.920342050016191
4/16/2018 5:00,5.90899992,5.90899992,-0.9550546237557244
4/16/2018 6:00,6.190999985,6.190999985,-1.091697833178382
4/16/2018 7:00,6.330999851,6.330999851,-1.2614931855299842
4/16/2018 8:00,6.541999817,6.541999817,-1.1306068594362348
4/16/2018 9:00,6.683000088,6.683000088,-1.140937738628071
4/16/2018 10:00,6.964000225,6.964000225,-0.9376363415076862
4/16/2018 11:00,7.315999985,7.315999985,-0.5932699621327766
4/16/2018 12:00,6.964000225,6.964000225,-0.7209187322094233
4/16/2018 13:00,7.245999813,7.245999813,-0.4496865480346367
4/16/2018 14:00,8.020000458,8.020000458,-0.1911773708789508
4/16/2018 15:00,8.652999878,8.652999878,-0.4870519394424732
4/16/2018 16:00,9.00399971,9.00399971,-0.3651064627649055
4/16/2018 17:00,8.512000084,8.512000084,-0.386116062076414
4/16/2018 18:00,7.737999916,7.737999916,-0.6047250120760453
4/16/2018 19:00,7.668000221,7.668000221,-0.6434159418812311
4/16/2018 20:00,6.894000053,6.894000053,-0.6528444552209973
4/16/2018 21:00,6.823999882,6.823999882,-0.7691637257769741
4/16/2018 22:00,6.894000053,6.894000053,-0.8130125732420999
4/16/2018 23:00,6.190999985,6.190999985,-0.8274353811942081
4/17/2018 0:00,5.90899992,5.90899992,-0.877136468077697
4/17/2018 1:00,6.261000156,6.261000156,-0.8849292035984132
4/17/2018 2:00,6.261000156,6.261000156,-0.8673594308490779
4/17/2018 3:00,5.90899992,5.90899992,-0.9466661867806556
4/17/2018 4:00,6.261000156,6.261000156,-1.0157603522885503
4/17/2018 5:00,5.768000126,5.768000126,-1.050514257679084
4/17/2018 6:00,5.768000126,5.768000126,-1.187198798752742
4/17/2018 7:00,6.683000088,6.683000088,-1.3570354827553444
4/17/2018 8:00,7.245999813,7.245999813,-1.2261904883125951
4/17/2018 9:00,8.159999847,8.159999847,-1.2365626991554317
4/17/2018 10:00,8.86400032,8.86400032,-1.0333026336860467
4/17/2018 11:00,7.879000187,7.879000187,-0.6889775859621373
4/17/2018 12:00,8.090000153,8.090000153,-0.8166676876897843
4/17/2018 13:00,8.934000015,8.934000015,-0.545476835165998
4/17/2018 14:00,9.567000389,9.567000389,-0.2870089896613124
4/17/2018 15:00,10.27099991,10.27099991,-0.5829248898758351
4/17/2018 16:00,10.90400028,10.90400028,-0.4610207448492676
4/17/2018 17:00,10.90400028,10.90400028,-0.4820716758117764
4/17/2018 18:00,10.62199974,10.62199974,-0.7007219574624081
4/17/2018 19:00,8.934000015,8.934000015,-0.739454218918594
4/17/2018 20:00,8.090000153,8.090000153,-0.7489240639093605
4/17/2018 21:00,8.159999847,8.159999847,-0.8652846661163376
4/17/2018 22:00,7.948999882,7.948999882,-0.9091748452324636
4/17/2018 23:00,7.668000221,7.668000221,-0.9236389848355722
4/18/2018 0:00,7.456999779,7.456999779,-0.9733814033700612
4/18/2018 1:00,7.245999813,7.245999813,-0.9812154705417778
4/18/2018 2:00,7.386000156,7.386000156,-0.9636870294434428
4/18/2018 3:00,7.245999813,7.245999813,-1.0430351170260206
4/18/2018 4:00,7.245999813,7.245999813,-1.112170614184916
4/18/2018 5:00,7.245999813,7.245999813,-1.1469658512264498
4/18/2018 6:00,6.964000225,6.964000225,-1.283691723951108
4/18/2018 7:00,7.737999916,7.737999916,-1.453569739604711
4/18/2018 8:00,9.145000458,9.145000458,-1.322766076812962
4/18/2018 9:00,8.722999573,8.722999573,-1.3331796193067988
4/18/2018 10:00,9.637999535,9.637999535,-1.1299608854884144
4/18/2018 11:00,9.215000153,9.215000153,-0.7856771694155056
4/18/2018 12:00,9.286000252,9.286000252,-0.9134086027941528
4/18/2018 13:00,9.98900032,9.98900032,-0.6422590819213668
4/18/2018 14:00,11.18500042,11.18500042,-0.3838325680676815
4/18/2018 15:00,11.5369997,11.5369997,-0.6797897999332044
4/18/2018 16:00,12.31099987,12.31099987,-0.5579269865576374
4/18/2018 17:00,12.6619997,12.6619997,-0.5790192491711464
4/18/2018 18:00,11.81799984,11.81799984,-0.7977108624727783
4/18/2018 19:00,10.13000011,10.13000011,-0.8364844555799645
4/18/2018 20:00,9.98900032,9.98900032,-0.8459956322217314
4/18/2018 21:00,9.355999947,9.355999947,-0.9623975660797088
4/18/2018 22:00,9.00399971,9.00399971,-1.006329076846835
4/18/2018 23:00,8.934000015,8.934000015,-1.0208345481009435
4/19/2018 0:00,8.512000084,8.512000084,-1.070618298286433
4/19/2018 1:00,8.442000389,8.442000389,-1.07849369710915
4/19/2018 2:00,8.37100029,8.37100029,-1.061006587661815
4/19/2018 3:00,8.230999947,8.230999947,-1.140396006895393
4/19/2018 4:00,8.020000458,8.020000458,-1.2095728357052886
4/19/2018 5:00,8.020000458,8.020000458,-1.2444094043978229
4/19/2018 6:00,7.52699995,7.52699995,-1.3811766087734814
4/19/2018 7:00,8.090000153,8.090000153,-1.5510959560780844
4/19/2018 8:00,9.074999809,9.074999809,-1.4203336249373355
4/19/2018 9:00,9.286000252,9.286000252,-1.4307884990821726
4/19/2018 10:00,9.918999672,9.918999672,-1.2276110969147884
4/19/2018 11:00,9.777999878,9.777999878,-0.8833687124928796
4/19/2018 12:00,10.27099991,10.27099991,-1.0111414775225271
4/19/2018 13:00,11.04399967,11.04399967,-0.7400332883007414
4/19/2018 14:00,11.88899994,11.88899994,-0.4816481060980564
4/19/2018 15:00,12.59200001,12.59200001,-0.7776466696145797
4/19/2018 16:00,12.52200031,12.52200031,-0.6558251878900128
4/19/2018 17:00,12.17000008,12.17000008,-0.6769587821545221
4/19/2018 18:00,11.60700035,11.60700035,-0.8956917271071544
4/19/2018 19:00,10.41100025,10.41100025,-0.9345066518653408
4/19/2018 20:00,9.848999977,9.848999977,-0.9440591601581078
4/19/2018 21:00,9.355999947,9.355999947,-1.0605024256670852
4/19/2018 22:00,8.934000015,8.934000015,-1.1044752680852117
4/19/2018 23:00,8.512000084,8.512000084,-1.1190220709903207
4/20/2018 0:00,8.512000084,8.512000084,-1.1688471528268105
4/20/2018 1:00,8.652999878,8.652999878,-1.1767638833005272
4/20/2018 2:00,8.793000221,8.793000221,-1.1593181055041928
4/20/2018 3:00,8.37100029,8.37100029,-1.2387488563887712
4/20/2018 4:00,8.300999641,8.300999641,-1.3079670168496669
4/20/2018 5:00,8.090000153,8.090000153,-1.342844917193201
4/20/2018 6:00,8.37100029,8.37100029,-1.4796534532198602
4/20/2018 7:00,9.145000458,9.145000458,-1.6496141321754636
4/20/2018 8:00,9.00399971,9.00399971,-1.5188931326857154
4/20/2018 9:00,8.86400032,8.86400032,-1.529389338481553
4/20/2018 10:00,9.496999741,9.496999741,-1.3262532679651686
4/20/2018 11:00,9.98900032,9.98900032,-0.9820522151942604
4/20/2018 12:00,10.3409996,10.3409996,-1.109866311874908
4/20/2018 13:00,11.74800014,11.74800014,-0.8387994543041227
4/20/2018 14:00,12.38099957,12.38099957,-0.5804556037524381
4/20/2018 15:00,12.94400024,12.94400024,-0.8764954989199615
4/20/2018 16:00,13.43599987,13.43599987,-0.7547153488463949
4/20/2018 17:00,12.8739996,12.8739996,-0.7758902747619045
4/20/2018 18:00,12.23999977,12.23999977,-0.9946645513655372
4/20/2018 19:00,11.74800014,11.74800014,-1.0335208077747235
4/20/2018 20:00,11.25599957,11.25599957,-1.043114647718491
4/20/2018 21:00,11.88899994,11.88899994,-1.1595992448784689
4/20/2018 22:00,11.04399967,11.04399967,-1.2036134189475958
4/20/2018 23:00,10.90400028,10.90400028,-1.2182015535037052
4/21/2018 0:00,10.97399998,10.97399998,-1.2680679669911952
4/21/2018 1:00,10.90400028,10.90400028,-1.276026029115913
4/21/2018 2:00,11.32600021,11.32600021,-1.2586215829705782
4/21/2018 3:00,10.3409996,10.3409996,-1.3380936655061573
4/21/2018 4:00,9.567000389,9.567000389,-1.4073531576180531
4/21/2018 5:00,10.27099991,10.27099991,-1.442272389612588
4/21/2018 6:00,10.3409996,10.3409996,-1.579122257290247
4/21/2018 7:00,10.3409996,10.3409996,-1.7491242678968506
4/21/2018 8:00,10.06000042,10.06000042,-1.6184446000581023
4/21/2018 9:00,10.62199974,10.62199974,-1.6289821375049398
4/21/2018 10:00,10.76299953,10.76299953,-1.4258873986395564
4/21/2018 11:00,10.48200035,10.48200035,-1.081727677519648
4/21/2018 12:00,11.25599957,11.25599957,-1.2095831058512962
4/21/2018 13:00,11.25599957,11.25599957,-0.9385575799315112
4/21/2018 14:00,9.777999878,9.777999878,-0.680255061030827
4/21/2018 15:00,10.27099991,10.27099991,-0.9763362878493508
4/21/2018 16:00,9.848999977,9.848999977,-0.8545974694267844
4/21/2018 17:00,9.567000389,9.567000389,-0.8758137269932943
4/21/2018 18:00,9.425999641,9.425999641,-1.094629335247927
4/21/2018 19:00,9.355999947,9.355999947,-1.133526923308114
4/21/2018 20:00,9.496999741,9.496999741,-1.1431620949028816
4/21/2018 21:00,9.00399971,9.00399971,-1.2596880237138597
4/21/2018 22:00,9.215000153,9.215000153,-1.3037435294339867
4/21/2018 23:00,9.145000458,9.145000458,-1.3183729956410963
4/22/2018 0:00,9.567000389,9.567000389,-1.3682807407795865
4/22/2018 1:00,9.708000183,9.708000183,-1.376280134555304
4/22/2018 2:00,9.637999535,9.637999535,-1.35891702006097
4/22/2018 3:00,9.708000183,9.708000183,-1.4384304342475491
4/22/2018 4:00,7.034999847,7.034999847,-1.5077312580104452
4/22/2018 5:00,8.652999878,8.652999878,-1.5426918216559804
4/22/2018 6:00,9.355999947,9.355999947,-1.67958302098464
4/22/2018 7:00,8.512000084,8.512000084,-1.849626363242244
4/22/2018 8:00,9.98900032,9.98900032,-1.7189880270544962
4/22/2018 9:00,10.3409996,10.3409996,-1.729566896152334
4/22/2018 10:00,9.918999672,9.918999672,-1.5265134889379506
4/22/2018 11:00,9.425999641,9.425999641,-1.1823950994690426
4/22/2018 12:00,9.637999535,9.637999535,-1.3102918594516912
4/22/2018 13:00,9.496999741,9.496999741,-1.0393076651829063
4/22/2018 14:00,9.355999947,9.355999947,-0.7810464779332223
4/22/2018 15:00,9.918999672,9.918999672,-1.0771690364027464
4/22/2018 16:00,10.06000042,10.06000042,-0.9554715496311806
4/22/2018 17:00,10.27099991,10.27099991,-0.9767291388486908
4/22/2018 18:00,10.06000042,10.06000042,-1.1955860787543238
4/22/2018 19:00,9.98900032,9.98900032,-1.234524998465511
4/22/2018 20:00,8.37100029,8.37100029,-1.2442015017112786
4/22/2018 21:00,8.442000389,8.442000389,-1.3607687621732572
4/22/2018 22:00,7.737999916,7.737999916,-1.4048655995443844
4/22/2018 23:00,7.105000019,7.105000019,-1.4195363974024944
4/23/2018 0:00,6.752999783,6.752999783,-1.469485474191985
4/23/2018 1:00,6.40199995,6.40199995,-1.4775261996187028
4/23/2018 2:00,5.839000225,5.839000225,-1.460204416775369
4/23/2018 3:00,5.90899992,5.90899992,-1.5397591626129483
4/23/2018 4:00,5.416999817,5.416999817,-1.609101318026845
4/23/2018 5:00,4.994999886,4.994999886,-1.6441032133233804
4/23/2018 6:00,5.135000229,5.135000229,-1.78103574430304
4/23/2018 7:00,4.643000126,4.643000126,-1.951120418211644
4/23/2018 8:00,4.361999989,4.361999989,-1.820523413674897
4/23/2018 9:00,4.290999889,4.290999889,-1.8311436144237343
4/23/2018 10:00,3.657999992,3.657999992,-1.6281315388603517
4/23/2018 11:00,3.165999889,3.165999889,-1.284054481042444
4/23/2018 12:00,3.51699996,3.51699996,-1.4119925726760925
4/23/2018 13:00,3.236000061,3.236000061,-1.141049710058308
4/23/2018 14:00,3.236000061,3.236000061,-0.8828298544596244
4/23/2018 15:00,3.727999926,3.727999926,-1.1789937445801486
4/23/2018 16:00,5.205999851,5.205999851,-1.057337589459583
4/23/2018 17:00,5.697999954,5.697999954,-1.0786365103280933
4/23/2018 18:00,5.205999851,5.205999851,-1.2975347818847265
4/23/2018 19:00,5.55700016,5.55700016,-1.336515033246914
4/23/2018 20:00,4.643000126,4.643000126,-1.3462328681436824
4/23/2018 21:00,5.486999989,5.486999989,-1.462841460256661
4/23/2018 22:00,6.050000191,6.050000191,-1.5069796292787887
4/23/2018 23:00,5.135000229,5.135000229,-1.5216917587878989
4/24/2018 0:00,6.261000156,6.261000156,-1.5716821672283894
4/24/2018 1:00,6.40199995,6.40199995,-1.5797642243061076
4/24/2018 2:00,6.612999916,6.612999916,-1.5624837731137744
4/24/2018 3:00,6.261000156,6.261000156,-1.642079850602354
4/24/2018 4:00,6.683000088,6.683000088,-1.7114633376672506
4/24/2018 5:00,6.330999851,6.330999851,-1.7465065646147864
4/24/2018 6:00,6.752999783,6.752999783,-1.8834804272454464
4/24/2018 7:00,6.541999817,6.541999817,-2.053606432805051
4/24/2018 8:00,6.261000156,6.261000156,-1.9230507599193036
4/24/2018 9:00,6.964000225,6.964000225,-1.9337122923191417
4/24/2018 10:00,6.472000122,6.472000122,-1.730741548406759
4/24/2018 11:00,7.105000019,7.105000019,-1.3867058222398516
4/24/2018 12:00,7.175000191,7.175000191,-1.5146852455245008
4/24/2018 13:00,8.020000458,8.020000458,-1.2437837145577164
4/24/2018 14:00,8.159999847,8.159999847,-0.985605190610033
4/24/2018 15:00,8.652999878,8.652999878,-1.2818104123815577
4/24/2018 16:00,8.230999947,8.230999947,-1.1601955889119924
4/24/2018 17:00,7.668000221,7.668000221,-1.181535841431503
4/24/2018 18:00,8.442000389,8.442000389,-1.4004754446391368
4/24/2018 19:00,7.948999882,7.948999882,-1.4394970276523245
4/24/2018 20:00,7.809000015,7.809000015,-1.4492561942000928
4/24/2018 21:00,7.737999916,7.737999916,-1.5659061179640716
4/24/2018 22:00,7.386000156,7.386000156,-1.6100856186371997
4/24/2018 23:00,7.668000221,7.668000221,-1.62483907979731
4/25/2018 0:00,7.456999779,7.456999779,-1.6748708198888012
4/25/2018 1:00,7.315999985,7.315999985,-1.6829942086175196
4/25/2018 2:00,7.809000015,7.809000015,-1.6657550890761863
4/25/2018 3:00,7.52699995,7.52699995,-1.7453924982157665
4/25/2018 4:00,6.541999817,6.541999817,-1.8148173169316637
4/25/2018 5:00,7.034999847,7.034999847,-1.8499018755301992
4/25/2018 6:00,7.879000187,7.879000187,-1.98691706981186
4/25/2018 7:00,9.074999809,9.074999809,-2.1570844070224644
4/25/2018 8:00,8.020000458,8.020000458,-2.026570065787717
4/25/2018 9:00,8.512000084,8.512000084,-2.037272929838556
4/25/2018 10:00,9.496999741,9.496999741,-1.8343435175771736
4/25/2018 11:00,9.145000458,9.145000458,-1.4903491230612664
4/25/2018 12:00,9.567000389,9.567000389,-1.6183698779969158
4/25/2018 13:00,8.86400032,8.86400032,-1.347509678681132
4/25/2018 14:00,9.848999977,9.848999977,-1.0893724863844487
4/25/2018 15:00,10.19999981,10.19999981,-1.3856190398069737
4/25/2018 16:00,9.98900032,9.98900032,-1.2640455479884083
4/25/2018 17:00,10.55200005,10.55200005,-1.2854271321589192
4/25/2018 18:00,10.27099991,10.27099991,-1.504408067017553
4/25/2018 19:00,9.425999641,9.425999641,-1.5434709816817411
4/25/2018 20:00,8.512000084,8.512000084,-1.5532714798805098
4/25/2018 21:00,9.074999809,9.074999809,-1.669962735295489
4/25/2018 22:00,8.934000015,8.934000015,-1.7141835676196175
4/25/2018 23:00,8.512000084,8.512000084,-1.7289783604307285
4/26/2018 0:00,8.722999573,8.722999573,-1.7790514321732194
4/26/2018 1:00,8.512000084,8.512000084,-1.7872161525529382
4/26/2018 2:00,9.215000153,9.215000153,-1.770018364662605
4/26/2018 3:00,9.425999641,9.425999641,-1.8496971054531852
4/26/2018 4:00,9.355999947,9.355999947,-1.9191632558200824
4/26/2018 5:00,9.567000389,9.567000389,-1.9542891460696188
4/26/2018 6:00,9.074999809,9.074999809,-2.09134567200228
4/26/2018 7:00,9.848999977,9.848999977,-2.2615543408638845
4/26/2018 8:00,10.27099991,10.27099991,-2.131081331280137
4/26/2018 9:00,9.848999977,9.848999977,-2.1418255269819766
4/26/2018 10:00,9.98900032,9.98900032,-1.9389374463715945
4/26/2018 11:00,10.69299984,10.69299984,-1.5949843835066877
4/26/2018 12:00,10.83300018,10.83300018,-1.7230464700933372
4/26/2018 13:00,10.62199974,10.62199974,-1.4522276024285534
4/26/2018 14:00,11.11499977,11.11499977,-1.1941317417828703
4/26/2018 15:00,10.48200035,10.48200035,-1.4904196268563956
4/26/2018 16:00,11.60700035,11.60700035,-1.3688874666888309
4/26/2018 17:00,11.32600021,11.32600021,-1.390310382510342
4/26/2018 18:00,10.06000042,10.06000042,-1.6093326490199764
4/26/2018 19:00,10.3409996,10.3409996,-1.648436895335165
4/26/2018 20:00,9.777999878,9.777999878,-1.6582787251849336
4/26/2018 21:00,10.13000011,10.13000011,-1.775011312250913
4/26/2018 22:00,10.48200035,10.48200035,-1.8192734762260412
4/26/2018 23:00,9.848999977,9.848999977,-1.8341096006881523
4/27/2018 0:00,9.777999878,9.777999878,-1.884224004081644
4/27/2018 1:00,9.918999672,9.918999672,-1.8924300561123628
4/27/2018 2:00,9.918999672,9.918999672,-1.8752735998730303
4/27/2018 3:00,9.425999641,9.425999641,-1.9549936723146109
4/27/2018 4:00,9.496999741,9.496999741,-2.024501154332509
4/27/2018 5:00,9.637999535,9.637999535,-2.059668376233045
4/27/2018 6:00,9.777999878,9.777999878,-2.1967662338167058
4/27/2018 7:00,10.3409996,10.3409996,-2.367016234329311
4/27/2018 8:00,11.18500042,11.18500042,-2.236584556396565
4/27/2018 9:00,11.25599957,11.25599957,-2.2473700837494044
4/27/2018 10:00,11.67800045,11.67800045,-2.0445233347900222
4/27/2018 11:00,11.32600021,11.32600021,-1.7006116035761156
4/27/2018 12:00,11.60700035,11.60700035,-1.828715021813765
4/27/2018 13:00,12.7329998,12.7329998,-1.557937485799982
4/27/2018 14:00,13.08500004,13.08500004,-1.2998829568052994
4/27/2018 15:00,13.9989996,13.9989996,-1.596212173529825
4/27/2018 16:00,14.21000004,14.21000004,-1.47472134501326
4/27/2018 17:00,13.9989996,13.9989996,-1.4961855924857717
4/27/2018 18:00,13.71800041,13.71800041,-1.715249190646406
4/27/2018 19:00,12.45100021,12.45100021,-1.7543947686125947
4/27/2018 20:00,11.67800045,11.67800045,-1.764277930113364
4/27/2018 21:00,11.32600021,11.32600021,-1.881051848830344
4/27/2018 22:00,11.04399967,11.04399967,-1.9253553444564728
4/27/2018 23:00,10.97399998,10.97399998,-1.940232800569584
4/28/2018 0:00,10.83300018,10.83300018,-1.990388535614076
4/28/2018 1:00,10.69299984,10.69299984,-1.9986359192957952
4/28/2018 2:00,10.97399998,10.97399998,-1.981520794707463
4/28/2018 3:00,9.567000389,9.567000389,-2.061282198800044
4/28/2018 4:00,9.567000389,9.567000389,-2.130831012468941
4/28/2018 5:00,9.496999741,9.496999741,-2.166039566020478
4/28/2018 6:00,9.496999741,9.496999741,-2.3031787552551397
4/28/2018 7:00,9.637999535,9.637999535,-2.473470087418745
4/28/2018 8:00,10.19999981,10.19999981,-2.3430797411369992
4/28/2018 9:00,10.06000042,10.06000042,-2.353906600140838
4/28/2018 10:00,10.83300018,10.83300018,-2.151101182832457
4/28/2018 11:00,10.83300018,10.83300018,-1.80723078326955
4/28/2018 12:00,11.32600021,11.32600021,-1.9353755331582003
4/28/2018 13:00,11.81799984,11.81799984,-1.664639328795417
4/28/2018 14:00,12.80300045,12.80300045,-1.4066261314517348
4/28/2018 15:00,13.22500038,13.22500038,-1.7029966798272609
4/28/2018 16:00,13.9289999,13.9289999,-1.5815471829616965
4/28/2018 17:00,13.08500004,13.08500004,-1.6030527620852082
4/28/2018 18:00,12.59200001,12.59200001,-1.8221576918968432
4/28/2018 19:00,11.81799984,11.81799984,-1.861344601514032
4/28/2018 20:00,11.5369997,11.5369997,-1.8712690946658013
4/28/2018 21:00,11.11499977,11.11499977,-1.9880843450337813
4/28/2018 22:00,10.83300018,10.83300018,-2.0324291723109105
4/28/2018 23:00,10.69299984,10.69299984,-2.047347960075022
4/29/2018 0:00,10.90400028,10.90400028,-2.097545026770514
4/29/2018 1:00,11.60700035,11.60700035,-2.1058337421032336
4/29/2018 2:00,11.60700035,11.60700035,-2.088759949165902
4/29/2018 3:00,11.18500042,11.18500042,-2.1685626849094826
4/29/2018 4:00,11.74800014,11.74800014,-2.2381528302293807
4/29/2018 5:00,11.60700035,11.60700035,-2.273402715431918
4/29/2018 6:00,11.32600021,11.32600021,-2.410583236317579
4/29/2018 7:00,11.95899963,11.95899963,-2.5809159001321853
4/29/2018 8:00,12.59200001,12.59200001,-2.4505668855014395
4/29/2018 9:00,12.6619997,12.6619997,-2.4614350761562798
4/29/2018 10:00,12.59200001,12.59200001,-2.258670990498898
4/29/2018 11:00,12.02900028,12.02900028,-1.914841922586992
4/29/2018 12:00,12.52200031,12.52200031,-2.043028004126642
4/29/2018 13:00,11.95899963,11.95899963,-1.7723331314148598
4/29/2018 14:00,12.80300045,12.80300045,-1.5143612657221777
4/29/2018 15:00,12.6619997,12.6619997,-1.810773145748704
4/29/2018 16:00,12.45100021,12.45100021,-1.6893649805341395
4/29/2018 17:00,13.29599953,13.29599953,-1.7109118913086516
4/29/2018 18:00,12.94400024,12.94400024,-1.9300581527712863
4/29/2018 19:00,12.7329998,12.7329998,-1.969286394039476
4/29/2018 20:00,12.6619997,12.6619997,-1.9792522188422457
4/29/2018 21:00,12.45100021,12.45100021,-2.0961088008612263
4/29/2018 22:00,12.52200031,12.52200031,-2.140494959789356
4/29/2018 23:00,12.38099957,12.38099957,-2.1554550792044678
4/30/2018 0:00,12.7329998,12.7329998,-2.20569347755096
4/30/2018 1:00,12.52200031,12.52200031,-2.21402352453468
4/30/2018 2:00,12.10000038,12.10000038,-2.196991063248348
4/30/2018 3:00,11.67800045,11.67800045,-2.276835130642929
4/30/2018 4:00,11.88899994,11.88899994,-2.346466607613828
4/30/2018 5:00,12.59200001,12.59200001,-2.381757824467365
4/30/2018 6:00,12.7329998,12.7329998,-2.518979677004027
4/30/2018 7:00,12.94400024,12.94400024,-2.689353672469633
4/30/2018 8:00,12.8739996,12.8739996,-2.559045989489887
4/30/2018 9:00,12.52200031,12.52200031,-2.569955511795728
4/30/2018 10:00,13.71800041,13.71800041,-2.367232757789346
4/30/2018 11:00,13.64700031,13.64700031,-2.0234450215284405
4/30/2018 12:00,14.56200027,14.56200027,-2.151672434719091
4/30/2018 13:00,14.84300041,14.84300041,-1.8810188936583083
4/30/2018 14:00,15.0539999,15.0539999,-1.6230883596166263
4/30/2018 15:00,15.89799976,15.89799976,-1.9195415712941528
4/30/2018 16:00,16.81299973,16.81299973,-1.798174737730589
4/30/2018 17:00,15.82800007,15.82800007,-1.8197629801561013
4/30/2018 18:00,14.77299976,14.77299976,-2.0389505732697373
4/30/2018 19:00,14.49100018,14.49100018,-2.0782201461889267
4/30/2018 20:00,13.57699966,13.57699966,-2.088227302642697
4/30/2018 21:00,13.22500038,13.22500038,-2.2051252163126778
4/30/2018 22:00,13.50699997,13.50699997,-2.2495527068918078
4/30/2018 23:00,13.36600018,13.36600018,-2.26455415795792
5/1/2018 0:00,13.43599987,13.43599987,-2.3148338879554125
5/1/2018 1:00,13.43599987,13.43599987,-2.3232052665901324
5/1/2018 2:00,13.57699966,13.57699966,-2.3062141369548006
5/1/2018 3:00,13.43599987,13.43599987,-2.386099536000382
5/1/2018 4:00,13.08500004,13.08500004,-2.455772344622281
5/1/2018 5:00,13.64700031,13.64700031,-2.4911048931268183
5/1/2018 6:00,13.78800011,13.78800011,-2.62836807731448
5/1/2018 7:00,13.9989996,13.9989996,-2.798783404431086
5/1/2018 8:00,14.06900024,14.06900024,-2.6685170531023417
5/1/2018 9:00,13.43599987,13.43599987,-2.679467907059182
5/1/2018 10:00,13.57699966,13.57699966,-2.476786484703801
5/1/2018 11:00,12.8739996,12.8739996,-2.133040080093896
5/1/2018 12:00,12.8739996,12.8739996,-2.261308824935547
5/1/2018 13:00,12.38099957,12.38099957,-1.990696615525764
5/1/2018 14:00,12.7329998,12.7329998,-1.7328074131350828
5/1/2018 15:00,13.50699997,13.50699997,-2.029301956463609
5/1/2018 16:00,13.43599987,13.43599987,-1.9079764545510456
5/1/2018 17:00,13.64700031,13.64700031,-1.9296060286275585
5/1/2018 18:00,7.52699995,7.52699995,-2.1488349533921944
5/1/2018 19:00,5.768000126,5.768000126,-2.188145857962384
5/1/2018 20:00,8.020000458,8.020000458,-2.1981943460671545
5/1/2018 21:00,9.777999878,9.777999878,-2.3151335913881352
5/1/2018 22:00,10.83300018,10.83300018,-2.3596024136182647
5/1/2018 23:00,10.48200035,10.48200035,-2.3746451963353774
5/2/2018 0:00,10.48200035,10.48200035,-2.4249662579838698
5/2/2018 1:00,10.3409996,10.3409996,-2.43337896826959
5/2/2018 2:00,10.19999981,10.19999981,-2.416429170285259
5/2/2018 3:00,10.06000042,10.06000042,-2.496355900981841
5/2/2018 4:00,9.567000389,9.567000389,-2.5660700412547395
5/2/2018 5:00,9.637999535,9.637999535,-2.6014439214102776
5/2/2018 6:00,10.13000011,10.13000011,-2.7387484372489395
5/2/2018 7:00,9.215000153,9.215000153,-2.9092050960165463
5/2/2018 8:00,9.215000153,9.215000153,-2.7789800763388017
5/2/2018 9:00,9.708000183,9.708000183,-2.789972261946642
5/2/2018 10:00,9.286000252,9.286000252,-2.5873321712422617
5/2/2018 11:00,9.425999641,9.425999641,-2.243627098283356
5/2/2018 12:00,9.918999672,9.918999672,-2.3719371747760074
5/2/2018 13:00,9.918999672,9.918999672,-2.101366297017225
5/2/2018 14:00,9.918999672,9.918999672,-1.843518426277544
5/2/2018 15:00,10.27099991,10.27099991,-2.1400543012570714
5/2/2018 16:00,10.48200035,10.48200035,-2.018770130995508
5/2/2018 17:00,10.62199974,10.62199974,-2.040441036723021
5/2/2018 18:00,10.83300018,10.83300018,-2.259711293138657
5/2/2018 19:00,10.06000042,10.06000042,-2.299063529359848
5/2/2018 20:00,10.13000011,10.13000011,-2.309153349115617
5/2/2018 21:00,9.074999809,9.074999809,-2.4261339260875987
5/2/2018 22:00,8.020000458,8.020000458,-2.470644079968729
5/2/2018 23:00,7.737999916,7.737999916,-2.4857281943368417
5/3/2018 0:00,8.230999947,8.230999947,-2.536090587636335
5/3/2018 1:00,7.809000015,7.809000015,-2.544544629573056
5/3/2018 2:00,8.230999947,8.230999947,-2.5276361632397246
5/3/2018 3:00,8.722999573,8.722999573,-2.607604225587307
5/3/2018 4:00,8.581999779,8.581999779,-2.677359697511206
5/3/2018 5:00,8.37100029,8.37100029,-2.712774909317744
5/3/2018 6:00,8.652999878,8.652999878,-2.850120756807407
5/3/2018 7:00,9.637999535,9.637999535,-3.020618747226014
5/3/2018 8:00,9.918999672,9.918999672,-2.8904350591992696
5/3/2018 9:00,9.708000183,9.708000183,-2.9014685764581105
5/3/2018 10:00,9.496999741,9.496999741,-2.6988698174047303
5/3/2018 11:00,9.215000153,9.215000153,-2.3552060760968256
5/3/2018 12:00,9.777999878,9.777999878,-2.4835574842404773
5/3/2018 13:00,10.62199974,10.62199974,-2.213027938132696
5/3/2018 14:00,12.02900028,12.02900028,-1.9552213990440144
5/3/2018 15:00,12.94400024,12.94400024,-2.2517986056745416
5/3/2018 16:00,13.8579998,13.8579998,-2.1305557670639788
5/3/2018 17:00,12.94400024,12.94400024,-2.152268004442492
5/3/2018 18:00,13.29599953,13.29599953,-2.3715795925091285
5/3/2018 19:00,11.5369997,11.5369997,-2.4109731603813183
5/3/2018 20:00,11.39599991,11.39599991,-2.4211043117880893
5/3/2018 21:00,11.32600021,11.32600021,-2.538126220411071
5/3/2018 22:00,10.97399998,10.97399998,-2.5826777059432016
5/3/2018 23:00,10.90400028,10.90400028,-2.597803151962314
5/4/2018 0:00,10.41100025,10.41100025,-2.648206876912808
5/4/2018 1:00,10.3409996,10.3409996,-2.656702250500529
5/4/2018 2:00,10.13000011,10.13000011,-2.6398351158181983
5/4/2018 3:00,10.06000042,10.06000042,-2.719844509816781
5/4/2018 4:00,10.19999981,10.19999981,-2.78964131339168
5/4/2018 5:00,10.27099991,10.27099991,-2.8250978568492187
5/4/2018 6:00,10.19999981,10.19999981,-2.9624850359898818
5/4/2018 7:00,11.04399967,11.04399967,-3.133024358059489
5/4/2018 8:00,11.5369997,11.5369997,-3.0028820016837443
5/4/2018 9:00,10.97399998,10.97399998,-3.0139568505935856
5/4/2018 10:00,11.32600021,11.32600021,-2.8113994231912054
5/4/2018 11:00,12.02900028,12.02900028,-2.467777013534301
5/4/2018 12:00,12.31099987,12.31099987,-2.5961697533289527
5/4/2018 13:00,13.15499973,13.15499973,-2.325681538872171
5/4/2018 14:00,14.21000004,14.21000004,-2.067916331434491
5/4/2018 15:00,14.49100018,14.49100018,-2.3645348697160182
5/4/2018 16:00,15.54699993,15.54699993,-2.243333362756455
5/4/2018 17:00,13.78800011,13.78800011,-2.2650869317859685
5/4/2018 18:00,13.50699997,13.50699997,-2.484439851503605
5/4/2018 19:00,12.6619997,12.6619997,-2.523874751026796
5/4/2018 20:00,12.6619997,12.6619997,-2.534047234084567
5/4/2018 21:00,12.6619997,12.6619997,-2.651110474358549
5/4/2018 22:00,12.45100021,12.45100021,-2.695703291541679
5/4/2018 23:00,12.52200031,12.52200031,-2.7108700692117926
5/5/2018 0:00,11.95899963,11.95899963,-2.761315125813286
5/5/2018 1:00,12.23999977,12.23999977,-2.769851831052008
5/5/2018 2:00,12.10000038,12.10000038,-2.753026028020677
5/5/2018 3:00,11.88899994,11.88899994,-2.83307675367026
5/5/2018 4:00,11.46700001,11.46700001,-2.90291488889616
5/5/2018 5:00,8.722999573,8.722999573,-2.938412764004698
5/5/2018 6:00,10.83300018,10.83300018,-3.0758412747963613
5/5/2018 7:00,7.315999985,7.315999985,-3.246421928516969
5/5/2018 8:00,9.708000183,9.708000183,-3.116320903792225
5/5/2018 9:00,6.683000088,6.683000088,-3.1274370843530663
5/5/2018 10:00,8.86400032,8.86400032,-2.924920988601687
5/5/2018 11:00,10.13000011,10.13000011,-2.5813399105957826
5/5/2018 12:00,11.04399967,11.04399967,-2.709773982041435
5/5/2018 13:00,11.18500042,11.18500042,-2.439327099235653
5/5/2018 14:00,11.04399967,11.04399967,-2.181603223448973
5/5/2018 15:00,11.32600021,11.32600021,-2.478263093381501
5/5/2018 16:00,11.60700035,11.60700035,-2.3571029180729384
5/5/2018 17:00,11.60700035,11.60700035,-2.3788978187534524
5/5/2018 18:00,11.5369997,11.5369997,-2.598292070122089
5/5/2018 19:00,11.5369997,11.5369997,-2.63776830129628
5/5/2018 20:00,11.81799984,11.81799984,-2.647982116005052
5/5/2018 21:00,11.5369997,11.5369997,-2.765086687930033
5/5/2018 22:00,11.67800045,11.67800045,-2.809720836764164
5/5/2018 23:00,11.74800014,11.74800014,-2.824928946085278
5/6/2018 0:00,11.74800014,11.74800014,-2.8754153343377715
5/6/2018 1:00,12.02900028,12.02900028,-2.883993371227493
5/6/2018 2:00,12.23999977,12.23999977,-2.867208899847163
5/6/2018 3:00,12.23999977,12.23999977,-2.9473009571477458
5/6/2018 4:00,11.81799984,11.81799984,-3.017180424024646
5/6/2018 5:00,12.45100021,12.45100021,-3.052719630784185
5/6/2018 6:00,12.23999977,12.23999977,-3.190189473226848
5/6/2018 7:00,12.38099957,12.38099957,-3.360811458598456
5/6/2018 8:00,12.02900028,12.02900028,-3.2307517655247127
5/6/2018 9:00,10.69299984,10.69299984,-3.241909277736554
5/6/2018 10:00,11.88899994,11.88899994,-3.039434513636175
5/6/2018 11:00,10.90400028,10.90400028,-2.6958947672812705
5/6/2018 12:00,7.105000019,7.105000019,-2.824370170377923
5/6/2018 13:00,8.934000015,8.934000015,-2.553964619223142
5/6/2018 14:00,9.286000252,9.286000252,-2.296282075087462
5/6/2018 15:00,9.074999809,9.074999809,-2.5929832766709904
5/6/2018 16:00,9.567000389,9.567000389,-2.4718644330134283
5/6/2018 17:00,7.668000221,7.668000221,-2.4937006653449423
5/6/2018 18:00,9.567000389,9.567000389,-2.71313624836458
5/6/2018 19:00,8.934000015,8.934000015,-2.752653811189771
5/6/2018 20:00,5.697999954,5.697999954,-2.7629089575495422
5/6/2018 21:00,8.020000458,8.020000458,-2.880054861125525
5/6/2018 22:00,7.456999779,7.456999779,-2.924730341610656
5/6/2018 23:00,7.597000122,7.597000122,-2.9399797825827694
5/7/2018 0:00,7.948999882,7.948999882,-2.990507502486264
5/7/2018 1:00,7.456999779,7.456999779,-2.9991268710269856
5/7/2018 2:00,7.456999779,7.456999779,-2.982383731297656
5/7/2018 3:00,7.668000221,7.668000221,-3.062517120249239
5/7/2018 4:00,8.090000153,8.090000153,-3.132437918777139
5/7/2018 5:00,8.442000389,8.442000389,-3.1680184571876784
5/7/2018 6:00,8.652999878,8.652999878,-3.3055296312813423
5/7/2018 7:00,8.512000084,8.512000084,-3.47619294830395
5/7/2018 8:00,8.300999641,8.300999641,-3.346174586881207
5/7/2018 9:00,7.948999882,7.948999882,-3.3573734307440493
5/7/2018 10:00,8.159999847,8.159999847,-3.15493999829467
5/7/2018 11:00,8.230999947,8.230999947,-2.8114415835907667
5/7/2018 12:00,8.722999573,8.722999573,-2.9399583183384195
5/7/2018 13:00,8.230999947,8.230999947,-2.669594098834639
5/7/2018 14:00,8.159999847,8.159999847,-2.4119528863499595
5/7/2018 15:00,7.737999916,7.737999916,-2.708695419584488
5/7/2018 16:00,7.386000156,7.386000156,-2.587617907577926
5/7/2018 17:00,7.315999985,7.315999985,-2.60949547156044
5/7/2018 18:00,7.737999916,7.737999916,-2.8289723862310776
5/7/2018 19:00,8.722999573,8.722999573,-2.8685312807072685
5/7/2018 20:00,8.86400032,8.86400032,-2.8788277587180406
5/7/2018 21:00,9.074999809,9.074999809,-2.996014993945024
5/7/2018 22:00,8.442000389,8.442000389,-3.040731806081155
5/7/2018 23:00,8.300999641,8.300999641,-3.056022578704269
5/8/2018 0:00,8.512000084,8.512000084,-3.106591630258764
5/8/2018 1:00,8.020000458,8.020000458,-3.115252330450486
5/8/2018 2:00,7.737999916,7.737999916,-3.098550522372156
5/8/2018 3:00,7.245999813,7.245999813,-3.1787252429747395
5/8/2018 4:00,7.105000019,7.105000019,-3.2486873731536403
5/8/2018 5:00,7.597000122,7.597000122,-3.2843092432151795
5/8/2018 6:00,8.300999641,8.300999641,-3.421861748959844
5/8/2018 7:00,6.964000225,6.964000225,-3.592566397633452
5/8/2018 8:00,7.456999779,7.456999779,-3.462589367861709
5/8/2018 9:00,7.809000015,7.809000015,-3.473829543375551
5/8/2018 10:00,8.300999641,8.300999641,-3.271437442577172
5/8/2018 11:00,8.581999779,8.581999779,-2.927980359524269
5/8/2018 12:00,8.934000015,8.934000015,-3.056538425922922
5/8/2018 13:00,10.13000011,10.13000011,-2.7862155380701417
5/8/2018 14:00,10.41100025,10.41100025,-2.5286156572364624
5/8/2018 15:00,11.88899994,11.88899994,-2.825399522121991
5/8/2018 16:00,12.59200001,12.59200001,-2.704363341766429
5/8/2018 17:00,12.31099987,12.31099987,-2.726282237399944
5/8/2018 18:00,11.74800014,11.74800014,-2.945800483721581
5/8/2018 19:00,10.62199974,10.62199974,-2.985400709848773
5/8/2018 20:00,10.19999981,10.19999981,-2.995738519510545
5/8/2018 21:00,9.496999741,9.496999741,-3.112967086388528
5/8/2018 22:00,9.708000183,9.708000183,-3.1577252301756595
5/8/2018 23:00,9.074999809,9.074999809,-3.173057334449774
5/9/2018 0:00,8.581999779,8.581999779,-3.223667717655269
5/9/2018 1:00,8.230999947,8.230999947,-3.2323697494979906
5/9/2018 2:00,8.159999847,8.159999847,-3.2157092730706616
5/9/2018 3:00,7.809000015,7.809000015,-3.2959253253242453
5/9/2018 4:00,7.175000191,7.175000191,-3.365928787154146
5/9/2018 5:00,7.034999847,7.034999847,-3.401591988866686
5/9/2018 6:00,7.034999847,7.034999847,-3.5391858262623503
5/9/2018 7:00,7.879000187,7.879000187,-3.709931806586959
5/9/2018 8:00,8.230999947,8.230999947,-3.5799961084662164
5/9/2018 9:00,8.230999947,8.230999947,-3.591277615631059
5/9/2018 10:00,8.581999779,8.581999779,-3.3889268464836806
5/9/2018 11:00,9.074999809,9.074999809,-3.0455110950817774
5/9/2018 12:00,9.567000389,9.567000389,-3.174110493131431
5/9/2018 13:00,10.3409996,10.3409996,-2.9038289369296506
5/9/2018 14:00,11.60700035,11.60700035,-2.6462703877469718
5/9/2018 15:00,12.38099957,12.38099957,-2.9430955842835003
5/9/2018 16:00,12.6619997,12.6619997,-2.822100735578939
5/9/2018 17:00,12.8739996,12.8739996,-2.844060962863454
5/9/2018 18:00,12.23999977,12.23999977,-3.063620540836092
5/9/2018 19:00,11.60700035,11.60700035,-3.103262098614284
5/9/2018 20:00,10.76299953,10.76299953,-3.113641239927056
5/9/2018 21:00,9.708000183,9.708000183,-3.230911138456039
5/9/2018 22:00,9.425999641,9.425999641,-3.275710613894171
5/9/2018 23:00,8.722999573,8.722999573,-3.2910840498192857
5/10/2018 0:00,7.948999882,7.948999882,-3.341735764675781
5/10/2018 1:00,7.668000221,7.668000221,-3.3504791281695034
5/10/2018 2:00,7.315999985,7.315999985,-3.333859983393175
5/10/2018 3:00,6.752999783,6.752999783,-3.4141173672977585
5/10/2018 4:00,6.330999851,6.330999851,-3.48416216077866
5/10/2018 5:00,6.119999886,6.119999886,-3.5198666941422
5/10/2018 6:00,6.050000191,6.050000191,-3.657501863188864
5/10/2018 7:00,6.40199995,6.40199995,-3.8282891751644734
5/10/2018 8:00,6.612999916,6.612999916,-3.698394808694731
5/10/2018 9:00,6.683000088,6.683000088,-3.7097176475105735
5/10/2018 10:00,7.456999779,7.456999779,-3.507408210014196
5/10/2018 11:00,7.105000019,7.105000019,-3.1640337902632925
5/10/2018 12:00,8.159999847,8.159999847,-3.292674519963946
5/10/2018 13:00,8.512000084,8.512000084,-3.0224342954131664
5/10/2018 14:00,9.637999535,9.637999535,-2.764917077881488
5/10/2018 15:00,10.13000011,10.13000011,-3.061783606069017
5/10/2018 16:00,10.06000042,10.06000042,-2.940830089015456
5/10/2018 17:00,9.918999672,9.918999672,-2.962831647950971
5/10/2018 18:00,9.567000389,9.567000389,-3.182432557574609
5/10/2018 19:00,9.286000252,9.286000252,-3.2221154470038016
5/10/2018 20:00,8.581999779,8.581999779,-3.2325359199675745
5/10/2018 21:00,8.230999947,8.230999947,-3.349847150147558
5/10/2018 22:00,8.37100029,8.37100029,-3.3946879572366906
5/10/2018 23:00,7.948999882,7.948999882,-3.410102724812805
5/11/2018 0:00,7.809000015,7.809000015,-3.4607957713203006
5/11/2018 1:00,7.597000122,7.597000122,-3.469580466465024
5/11/2018 2:00,7.809000015,7.809000015,-3.453002653339695
5/11/2018 3:00,7.737999916,7.737999916,-3.5333013688952795
5/11/2018 4:00,7.809000015,7.809000015,-3.6033874940271806
5/11/2018 5:00,8.300999641,8.300999641,-3.639133359041721
5/11/2018 6:00,8.652999878,8.652999878,-3.776809859739386
5/11/2018 7:00,8.793000221,8.793000221,-3.947638503365996
5/11/2018 8:00,8.722999573,8.722999573,-3.817785468547253
5/11/2018 9:00,9.496999741,9.496999741,-3.829149639014096
5/11/2018 10:00,10.48200035,10.48200035,-3.626881533168718
5/11/2018 11:00,11.04399967,11.04399967,-3.283548445068816
5/11/2018 12:00,11.60700035,11.60700035,-3.4122305064204697
5/11/2018 13:00,12.10000038,12.10000038,-3.1420316135206905
5/11/2018 14:00,11.25599957,11.25599957,-2.884555727640012
5/11/2018 15:00,10.97399998,10.97399998,-3.1814635874785417
5/11/2018 16:00,11.39599991,11.39599991,-3.0605514020759808
5/11/2018 17:00,11.11499977,11.11499977,-3.082594292662496
5/11/2018 18:00,10.69299984,10.69299984,-3.3022365339371347
5/11/2018 19:00,10.76299953,10.76299953,-3.3419607550173267
5/11/2018 20:00,11.46700001,11.46700001,-3.3524225596321
5/11/2018 21:00,11.39599991,11.39599991,-3.469775121463084
5/11/2018 22:00,11.88899994,11.88899994,-3.514657260203216
5/11/2018 23:00,11.88899994,11.88899994,-3.5301133594303318
5/12/2018 0:00,11.81799984,11.81799984,-3.5808477375888272
5/12/2018 1:00,11.46700001,11.46700001,-3.58967376438455
5/12/2018 2:00,11.60700035,11.60700035,-3.573137282910221
5/12/2018 3:00,9.848999977,9.848999977,-3.653477330116806
5/12/2018 4:00,8.37100029,8.37100029,-3.723604786899708
5/12/2018 5:00,10.13000011,10.13000011,-3.759391983565248
5/12/2018 6:00,10.76299953,10.76299953,-3.8971098159139137
5/12/2018 7:00,8.442000389,8.442000389,-4.067979791191523
5/12/2018 8:00,8.300999641,8.300999641,-3.938168088023781
5/12/2018 9:00,9.777999878,9.777999878,-3.949573590141625
5/12/2018 10:00,10.55200005,10.55200005,-3.747346815947247
5/12/2018 11:00,10.90400028,10.90400028,-3.404055059498345
5/12/2018 12:00,11.04399967,11.04399967,-3.532778452500999
5/12/2018 13:00,10.62199974,10.62199974,-3.26262089125222
5/12/2018 14:00,10.83300018,10.83300018,-3.0051863370225416
5/12/2018 15:00,10.69299984,10.69299984,-3.3021355285120717
5/12/2018 16:00,10.90400028,10.90400028,-3.1812646747605102
5/12/2018 17:00,10.55200005,10.55200005,-3.203348896998026
5/12/2018 18:00,11.11499977,11.11499977,-3.423032469923665
5/12/2018 19:00,11.04399967,11.04399967,-3.462798022654858
5/12/2018 20:00,10.69299984,10.69299984,-3.4733011589206315
5/12/2018 21:00,10.27099991,10.27099991,-3.590695052402615
5/12/2018 22:00,10.13000011,10.13000011,-3.635618522793748
5/12/2018 23:00,10.3409996,10.3409996,-3.651115953671864
5/13/2018 0:00,10.48200035,10.48200035,-3.701891663481359
5/13/2018 1:00,10.3409996,10.3409996,-3.7107590219280815
5/13/2018 2:00,9.918999672,9.918999672,-3.6942638721047545
5/13/2018 3:00,9.98900032,9.98900032,-3.774645250962339
5/13/2018 4:00,10.19999981,10.19999981,-3.844814039396241
5/13/2018 5:00,9.98900032,9.98900032,-3.880642567712782
5/13/2018 6:00,10.27099991,10.27099991,-4.018401731712447
5/13/2018 7:00,10.83300018,10.83300018,-4.189313038641057
5/13/2018 8:00,10.55200005,10.55200005,-4.059542667124315
5/13/2018 9:00,11.32600021,11.32600021,-4.070989500893159
5/13/2018 10:00,11.5369997,11.5369997,-3.868804058349782
5/13/2018 11:00,12.38099957,12.38099957,-3.52555363355188
5/13/2018 12:00,12.45100021,12.45100021,-3.6543183582055354
5/13/2018 13:00,13.08500004,13.08500004,-3.3842021286077557
5/13/2018 14:00,13.36600018,13.36600018,-3.126808906029077
5/13/2018 15:00,14.49100018,14.49100018,-3.4237994291696072
5/13/2018 16:00,15.26500034,15.26500034,-3.302969907069047
5/13/2018 17:00,15.54699993,15.54699993,-3.325095460957564
5/13/2018 18:00,14.42099953,14.42099953,-3.544820365534202
5/13/2018 19:00,13.43599987,13.43599987,-3.584627249916396
5/13/2018 20:00,13.29599953,13.29599953,-3.5951717178331686
5/13/2018 21:00,12.94400024,12.94400024,-3.712606942966153
5/13/2018 22:00,12.6619997,12.6619997,-3.757571745008286
5/13/2018 23:00,12.52200031,12.52200031,-3.7731105075374014
5/14/2018 0:00,12.45100021,12.45100021,-3.8239275489978977
5/14/2018 1:00,12.52200031,12.52200031,-3.832836239095621
5/14/2018 2:00,12.7329998,12.7329998,-3.8163824209232935
5/14/2018 3:00,12.7329998,12.7329998,-3.896805131431879
5/14/2018 4:00,12.59200001,12.59200001,-3.9670152515167807
5/14/2018 5:00,12.45100021,12.45100021,-4.002885111484322
5/14/2018 6:00,12.7329998,12.7329998,-4.140685607134988
5/14/2018 7:00,12.45100021,12.45100021,-4.311638245714598
5/14/2018 8:00,13.22500038,13.22500038,-4.181909205848857
5/14/2018 9:00,13.36600018,13.36600018,-4.193397371268701
5/14/2018 10:00,13.71800041,13.71800041,-3.991253260376325
5/14/2018 11:00,14.70300007,14.70300007,-3.6480441672294224
5/14/2018 12:00,13.9989996,13.9989996,-3.776850223534077
5/14/2018 13:00,14.70300007,14.70300007,-3.5067753255872987
5/14/2018 14:00,15.0539999,15.0539999,-3.249423434659621
5/14/2018 15:00,16.81299973,16.81299973,-3.5464552894511514
5/14/2018 16:00,16.32099915,16.32099915,-3.425667099001592
5/14/2018 17:00,16.60199928,16.60199928,-3.4478339845411075
5/14/2018 18:00,16.18000031,16.18000031,-3.667600220768747
5/14/2018 19:00,15.75800037,15.75800037,-3.70744843680194
5/14/2018 20:00,15.33600044,15.33600044,-3.7180342363697134
5/14/2018 21:00,15.33600044,15.33600044,-3.835510793153699
5/14/2018 22:00,14.98400021,14.98400021,-3.880516926846832
5/14/2018 23:00,14.70300007,14.70300007,-3.896097021026948
5/15/2018 0:00,14.56200027,14.56200027,-3.946955394138445
5/15/2018 1:00,14.14000034,14.14000034,-3.955905415887169
5/15/2018 2:00,14.49100018,14.49100018,-3.9394929293658416
5/15/2018 3:00,14.56200027,14.56200027,-4.019956971525427
5/15/2018 4:00,14.27999973,14.27999973,-4.09020842326133
5/15/2018 5:00,14.14000034,14.14000034,-4.126119614879872
5/15/2018 6:00,14.35099983,14.35099983,-4.263961442181537
5/15/2018 7:00,14.56200027,14.56200027,-4.434955412412148
5/15/2018 8:00,16.03899956,16.03899956,-4.305267704197407
5/15/2018 9:00,16.46100044,16.46100044,-4.316797201268251
5/15/2018 10:00,15.19499969,15.19499969,-4.114694422026875
5/15/2018 11:00,14.14000034,14.14000034,-3.7715266605309736
5/15/2018 12:00,15.40600014,15.40600014,-3.9003740484866287
5/15/2018 13:00,14.42099953,14.42099953,-3.6303404821908503
5/15/2018 14:00,15.75800037,15.75800037,-3.373029922914173
5/15/2018 15:00,16.18000031,16.18000031,-3.670103109356704
5/15/2018 16:00,16.88299942,16.88299942,-3.5493562505581435
5/15/2018 17:00,16.25,16.25,-3.57156446774866
5/15/2018 18:00,17.16500092,17.16500092,-3.7913720356273
5/15/2018 19:00,16.88299942,16.88299942,-3.831261583311493
5/15/2018 20:00,16.32099915,16.32099915,-3.841888714530268
5/15/2018 21:00,15.96899986,15.96899986,-3.959406602965253
5/15/2018 22:00,15.89799976,15.89799976,-4.004454068309386
5/15/2018 23:00,15.68700027,15.68700027,-4.020075494140502
5/16/2018 0:00,15.96899986,15.96899986,-4.070975198902999
5/16/2018 1:00,16.25,16.25,-4.079966552302723
5/16/2018 2:00,16.10899925,16.10899925,-4.063595397432396
5/16/2018 3:00,16.10899925,16.10899925,-4.144100771242981
5/16/2018 4:00,16.25,16.25,-4.2143935546298845
5/16/2018 5:00,16.46100044,16.46100044,-4.250346077899426
5/16/2018 6:00,16.88299942,16.88299942,-4.3882292368520925
5/16/2018 7:00,16.67200089,16.67200089,-4.559264538733704
5/16/2018 8:00,15.68700027,15.68700027,-4.429618162169963
5/16/2018 9:00,14.84300041,14.84300041,-4.441188990891807
5/16/2018 10:00,15.33600044,15.33600044,-4.239127543301431
5/16/2018 11:00,14.98400021,14.98400021,-3.8960011134565296
5/16/2018 12:00,14.70300007,14.70300007,-4.024889833063185
5/16/2018 13:00,14.98400021,14.98400021,-3.754897598418407
5/16/2018 14:00,15.68700027,15.68700027,-3.4976283707927296
5/16/2018 15:00,16.74300003,16.74300003,-3.79474288888626
5/16/2018 16:00,16.10899925,16.10899925,-3.674037361738701
5/16/2018 17:00,16.32099915,16.32099915,-3.6962869105802176
5/16/2018 18:00,15.82800007,15.82800007,-3.916135810109857
5/16/2018 19:00,15.54699993,15.54699993,-3.956066689445051
5/16/2018 20:00,16.32099915,16.32099915,-3.966735152314825
5/16/2018 21:00,16.03899956,16.03899956,-4.0842943724008105
5/16/2018 22:00,16.67200089,16.67200089,-4.129383169395944
5/16/2018 23:00,15.0539999,15.0539999,-4.145045926878061
5/17/2018 0:00,16.10899925,16.10899925,-4.195986963291558
5/17/2018 1:00,16.60199928,16.60199928,-4.205019648342283
5/17/2018 2:00,14.63199997,14.63199997,-4.188689825122956
5/17/2018 3:00,12.23999977,12.23999977,-4.269236530584542
5/17/2018 4:00,9.708000183,9.708000183,-4.339570645622445
5/17/2018 5:00,8.652999878,8.652999878,-4.375564500542986
5/17/2018 6:00,9.98900032,9.98900032,-4.513488991146653
5/17/2018 7:00,10.97399998,10.97399998,-4.684565624679265
5/17/2018 8:00,8.090000153,8.090000153,-4.554960579766524
5/17/2018 9:00,11.32600021,11.32600021,-4.566572740139369
5/17/2018 10:00,12.38099957,12.38099957,-4.364552624199992
5/17/2018 11:00,13.15499973,13.15499973,-4.021467526006092
5/17/2018 12:00,12.52200031,12.52200031,-4.150397577263747
5/17/2018 13:00,13.01399994,13.01399994,-3.880446674269969
5/17/2018 14:00,13.50699997,13.50699997,-3.623218778295292
5/17/2018 15:00,13.50699997,13.50699997,-3.920374628039824
5/17/2018 16:00,13.9989996,13.9989996,-3.799710432543265
5/17/2018 17:00,13.78800011,13.78800011,-3.8220013130357815
5/17/2018 18:00,14.14000034,14.14000034,-4.041891544216422
5/17/2018 19:00,13.78800011,13.78800011,-4.081863755202616
5/17/2018 20:00,13.50699997,13.50699997,-4.092573549723391
5/17/2018 21:00,13.15499973,13.15499973,-4.210174101460376
5/17/2018 22:00,13.43599987,13.43599987,-4.255304230106511
5/17/2018 23:00,13.36600018,13.36600018,-4.271008319239628
5/18/2018 0:00,12.94400024,12.94400024,-4.321990687304125
5/18/2018 1:00,12.94400024,12.94400024,-4.33106470400585
5/18/2018 2:00,13.36600018,13.36600018,-4.314776212437523
5/18/2018 3:00,13.08500004,13.08500004,-4.395364249550109
5/18/2018 4:00,13.08500004,13.08500004,-4.465739696239012
5/18/2018 5:00,12.80300045,12.80300045,-4.501774882810555
5/18/2018 6:00,13.01399994,13.01399994,-4.639740705065222
5/18/2018 7:00,12.94400024,12.94400024,-4.810858670248833
5/18/2018 8:00,12.8739996,12.8739996,-4.681294956987092
5/18/2018 9:00,12.52200031,12.52200031,-4.692948449010936
5/18/2018 10:00,12.52200031,12.52200031,-4.49096966472256
5/18/2018 11:00,12.7329998,12.7329998,-4.14792589817966
5/18/2018 12:00,12.80300045,12.80300045,-4.276897281088315
5/18/2018 13:00,12.59200001,12.59200001,-4.006987709745538
5/18/2018 14:00,12.8739996,12.8739996,-3.749801145421861
5/18/2018 15:00,12.7329998,12.7329998,-4.046998326817392
5/18/2018 16:00,9.425999641,9.425999641,-3.9263754629718335
5/18/2018 17:00,8.090000153,8.090000153,-3.9487076751153514
5/18/2018 18:00,6.330999851,6.330999851,-4.168639237946991
5/18/2018 19:00,5.346000195,5.346000195,-4.208652780584186
5/18/2018 20:00,6.40199995,6.40199995,-4.21940390675596
5/18/2018 21:00,8.300999641,8.300999641,-4.337045790143946
5/18/2018 22:00,8.652999878,8.652999878,-4.38221725044108
5/18/2018 23:00,8.512000084,8.512000084,-4.397962671225198
5/19/2018 0:00,8.512000084,8.512000084,-4.448986370940695
5/19/2018 1:00,8.512000084,8.512000084,-4.45810171929342
5/19/2018 2:00,8.230999947,8.230999947,-4.441854559376093
5/19/2018 3:00,8.512000084,8.512000084,-4.52248392813968
5/19/2018 4:00,7.809000015,7.809000015,-4.592900706479584
5/19/2018 5:00,7.737999916,7.737999916,-4.628977224702126
5/19/2018 6:00,7.737999916,7.737999916,-4.766984378607793
5/19/2018 7:00,7.948999882,7.948999882,-4.938143675442404
5/19/2018 8:00,7.879000187,7.879000187,-4.808621293831664
5/19/2018 9:00,7.105000019,7.105000019,-4.8203161175065095
5/19/2018 10:00,7.597000122,7.597000122,-4.618378664869134
5/19/2018 11:00,7.456999779,7.456999779,-4.275376229977234
5/19/2018 12:00,7.809000015,7.809000015,-4.40438894453689
5/19/2018 13:00,7.879000187,7.879000187,-4.134520704845112
5/19/2018 14:00,8.020000458,8.020000458,-3.877375472172436
5/19/2018 15:00,7.668000221,7.668000221,-4.174613985218968
5/19/2018 16:00,7.456999779,7.456999779,-4.054032453024409
5/19/2018 17:00,7.034999847,7.034999847,-4.076405996818926
5/19/2018 18:00,7.175000191,7.175000191,-4.296378891301568
5/19/2018 19:00,7.034999847,7.034999847,-4.336433765589762
5/19/2018 20:00,6.894000053,6.894000053,-4.347226223412537
5/19/2018 21:00,7.386000156,7.386000156,-4.464909438451524
5/19/2018 22:00,7.315999985,7.315999985,-4.510122230399658
5/19/2018 23:00,7.105000019,7.105000019,-4.525908982834776
5/20/2018 0:00,7.105000019,7.105000019,-4.576974014201274
5/20/2018 1:00,7.105000019,7.105000019,-4.586130694204999
5/20/2018 2:00,6.964000225,6.964000225,-4.569924865938673
5/20/2018 3:00,6.752999783,6.752999783,-4.65059556635326
5/20/2018 4:00,6.823999882,6.823999882,-4.721053676344163
5/20/2018 5:00,6.823999882,6.823999882,-4.757171526217706
5/20/2018 6:00,6.752999783,6.752999783,-4.895220011774374
5/20/2018 7:00,6.823999882,6.823999882,-5.066420640259985
5/20/2018 8:00,7.105000019,7.105000019,-4.936939590300246
5/20/2018 9:00,7.245999813,7.245999813,-4.948675745626091
5/20/2018 10:00,7.386000156,7.386000156,-4.746779624639716
5/20/2018 11:00,7.175000191,7.175000191,-4.403818521398816
5/20/2018 12:00,6.964000225,6.964000225,-4.5328725676094725
5/20/2018 13:00,6.823999882,6.823999882,-4.263045659568696
5/20/2018 14:00,6.683000088,6.683000088,-4.00594175854702
5/20/2018 15:00,6.330999851,6.330999851,-4.303221603244552
5/20/2018 16:00,6.541999817,6.541999817,-4.182681402700994
5/20/2018 17:00,4.361999989,4.361999989,-4.205096278146511
5/20/2018 18:00,5.55700016,5.55700016,-4.425110504280153
5/20/2018 19:00,5.627999783,5.627999783,-4.465206710219348
5/20/2018 20:00,5.979000092,5.979000092,-4.476040499693124
5/20/2018 21:00,5.697999954,5.697999954,-4.59376504638311
5/20/2018 22:00,5.90899992,5.90899992,-4.6390191699822445
5/20/2018 23:00,5.768000126,5.768000126,-4.654847254068362
5/21/2018 0:00,5.697999954,5.697999954,-4.705953617085861
5/21/2018 1:00,5.416999817,5.416999817,-4.7151516287405855
5/21/2018 2:00,5.768000126,5.768000126,-4.69898713212526
5/21/2018 3:00,5.627999783,5.627999783,-4.779699164190847
5/21/2018 4:00,5.697999954,5.697999954,-4.850198605832751
5/21/2018 5:00,6.050000191,6.050000191,-4.886357787357294
5/21/2018 6:00,5.90899992,5.90899992,-5.024447604564962
5/21/2018 7:00,5.979000092,5.979000092,-5.195689564701574
5/21/2018 8:00,6.050000191,6.050000191,-5.066249846392835
5/21/2018 9:00,6.472000122,6.472000122,-5.078027333369681
5/21/2018 10:00,6.40199995,6.40199995,-4.876172544034306
5/21/2018 11:00,6.40199995,6.40199995,-4.533252772444406
5/21/2018 12:00,6.752999783,6.752999783,-4.662348150306063
5/21/2018 13:00,7.105000019,7.105000019,-4.392562573916287
5/21/2018 14:00,7.175000191,7.175000191,-4.135500004545611
5/21/2018 15:00,7.315999985,7.315999985,-4.432821180894144
5/21/2018 16:00,5.627999783,5.627999783,-4.3123223120015854
5/21/2018 17:00,4.43200016,4.43200016,-4.334778519098104
5/21/2018 18:00,6.472000122,6.472000122,-4.554834076882746
5/21/2018 19:00,6.472000122,6.472000122,-4.59497161447294
5/21/2018 20:00,6.894000053,6.894000053,-4.605846735597717
5/21/2018 21:00,6.612999916,6.612999916,-4.723612613938702
5/21/2018 22:00,6.894000053,6.894000053,-4.7689080691888375
5/21/2018 23:00,6.683000088,6.683000088,-4.7847774849259554
5/22/2018 0:00,6.964000225,6.964000225,-4.835925179594454
5/22/2018 1:00,7.315999985,7.315999985,-4.84516452290018
5/22/2018 2:00,7.456999779,7.456999779,-4.829041357935854
5/22/2018 3:00,7.879000187,7.879000187,-4.909794721652441
5/22/2018 4:00,8.300999641,8.300999641,-4.980335494945345
5/22/2018 5:00,9.00399971,9.00399971,-5.016536008120889
5/22/2018 6:00,9.145000458,9.145000458,-5.154667156979556
5/22/2018 7:00,7.456999779,7.456999779,-5.325950448767169
5/22/2018 8:00,6.823999882,6.823999882,-5.19655206210943
5/22/2018 9:00,6.683000088,6.683000088,-5.208370880737276
5/22/2018 10:00,6.40199995,6.40199995,-5.006557423052902
5/22/2018 11:00,3.727999926,3.727999926,-4.663678983114003
5/22/2018 12:00,4.150000095,4.150000095,-4.79281569262666
5/22/2018 13:00,6.541999817,6.541999817,-4.523071447887884
5/22/2018 14:00,6.964000225,6.964000225,-4.266050210168209
5/22/2018 15:00,6.261000156,6.261000156,-4.563412718167741
5/22/2018 16:00,6.119999886,6.119999886,-4.442955180926183
5/22/2018 17:00,6.894000053,6.894000053,-4.465452719673702
5/22/2018 18:00,6.261000156,6.261000156,-4.685549609109343
5/22/2018 19:00,7.034999847,7.034999847,-4.725728478350538
5/22/2018 20:00,7.52699995,7.52699995,-4.736644931126314
5/22/2018 21:00,7.737999916,7.737999916,-4.8544521411183
5/22/2018 22:00,7.809000015,7.809000015,-4.899788928019436
5/22/2018 23:00,6.752999783,6.752999783,-4.915699675407554
5/23/2018 0:00,7.105000019,7.105000019,-4.966888701727052
5/23/2018 1:00,6.612999916,6.612999916,-4.976169376683779
5/23/2018 2:00,6.823999882,6.823999882,-4.960087543370453
5/23/2018 3:00,6.472000122,6.472000122,-5.040882238738041
5/23/2018 4:00,7.597000122,7.597000122,-5.111464343681946
5/23/2018 5:00,6.894000053,6.894000053,-5.147706188508489
5/23/2018 6:00,7.668000221,7.668000221,-5.285878669018158
5/23/2018 7:00,9.215000153,9.215000153,-5.457203292456771
5/23/2018 8:00,9.848999977,9.848999977,-5.327846237450032
5/23/2018 9:00,9.00399971,9.00399971,-5.339706387728879
5/23/2018 10:00,9.286000252,9.286000252,-5.137934261695505
5/23/2018 11:00,9.567000389,9.567000389,-4.795097153407606
5/23/2018 12:00,9.215000153,9.215000153,-4.924275194571264
5/23/2018 13:00,9.215000153,9.215000153,-4.654572281483487
5/23/2018 14:00,10.48200035,10.48200035,-4.397592375414812
5/23/2018 15:00,11.95899963,11.95899963,-4.694996215065345
5/23/2018 16:00,11.67800045,11.67800045,-4.574580009474787
5/23/2018 17:00,11.67800045,11.67800045,-4.597118879873306
5/23/2018 18:00,11.46700001,11.46700001,-4.817257100959948
5/23/2018 19:00,9.918999672,9.918999672,-4.857477301852144
5/23/2018 20:00,9.496999741,9.496999741,-4.86843508627892
5/23/2018 21:00,9.425999641,9.425999641,-4.986283627921907
5/23/2018 22:00,9.286000252,9.286000252,-5.031661746474042
5/23/2018 23:00,8.793000221,8.793000221,-5.047613825513161
5/24/2018 0:00,8.442000389,8.442000389,-5.09884418348366
5/24/2018 1:00,8.722999573,8.722999573,-5.108166190091387
5/24/2018 2:00,8.37100029,8.37100029,-5.0921256884290615
5/24/2018 3:00,8.300999641,8.300999641,-5.1729617154476495
5/24/2018 4:00,8.230999947,8.230999947,-5.243585152042555
5/24/2018 5:00,8.159999847,8.159999847,-5.279868328520098
5/24/2018 6:00,8.512000084,8.512000084,-5.418082140680767
5/24/2018 7:00,9.145000458,9.145000458,-5.58944809577038
5/24/2018 8:00,9.286000252,9.286000252,-5.460132372414642
5/24/2018 9:00,9.637999535,9.637999535,-5.472033854344488
5/24/2018 10:00,8.86400032,8.86400032,-5.270303059962114
5/24/2018 11:00,9.567000389,9.567000389,-4.927507283325214
5/24/2018 12:00,9.496999741,9.496999741,-5.056726656139872
5/24/2018 13:00,9.074999809,9.074999809,-4.787065074703096
5/24/2018 14:00,9.777999878,9.777999878,-4.530126500285421
5/24/2018 15:00,11.18500042,11.18500042,-4.827571671586955
5/24/2018 16:00,10.76299953,10.76299953,-4.707196797647398
5/24/2018 17:00,9.918999672,9.918999672,-4.729776999696917
5/24/2018 18:00,10.3409996,10.3409996,-4.949956552434559
5/24/2018 19:00,9.918999672,9.918999672,-4.990218084977755
5/24/2018 20:00,9.918999672,9.918999672,-5.001217201055532
5/24/2018 21:00,9.425999641,9.425999641,-5.119107074349519
5/24/2018 22:00,9.355999947,9.355999947,-5.164526524552655
5/24/2018 23:00,9.215000153,9.215000153,-5.180519935242774
5/25/2018 0:00,8.722999573,8.722999573,-5.2317916248642735
5/25/2018 1:00,8.512000084,8.512000084,-5.241154963123001
5/25/2018 2:00,8.652999878,8.652999878,-5.225155793111675
5/25/2018 3:00,7.737999916,7.737999916,-5.306033151781263
5/25/2018 4:00,8.512000084,8.512000084,-5.376697920027168
5/25/2018 5:00,9.00399971,9.00399971,-5.413022428155712
5/25/2018 6:00,9.145000458,9.145000458,-5.551277571967382
5/25/2018 7:00,9.425999641,9.425999641,-5.722684858707996
5/25/2018 8:00,9.145000458,9.145000458,-5.593410467003257
5/25/2018 9:00,9.777999878,9.777999878,-5.605353280584104
5/25/2018 10:00,9.918999672,9.918999672,-5.403663817852729
5/25/2018 11:00,9.425999641,9.425999641,-5.060909372866831
5/25/2018 12:00,9.215000153,9.215000153,-5.190170077332489
5/25/2018 13:00,9.215000153,9.215000153,-4.920549827546714
5/25/2018 14:00,8.86400032,8.86400032,-4.663652584780039
5/25/2018 15:00,8.652999878,8.652999878,-4.9611390877325725
5/25/2018 16:00,8.512000084,8.512000084,-4.840805545444016
5/25/2018 17:00,8.86400032,8.86400032,-4.863427079144535
5/25/2018 18:00,5.979000092,5.979000092,-5.083647963533178
5/25/2018 19:00,6.823999882,6.823999882,-5.123950827727374
5/25/2018 20:00,5.768000126,5.768000126,-5.134991275456151
5/25/2018 21:00,6.261000156,6.261000156,-5.252922480401138
5/25/2018 22:00,5.697999954,5.697999954,-5.298383262255275
5/25/2018 23:00,6.261000156,6.261000156,-5.314418004596394
5/26/2018 0:00,7.52699995,7.52699995,-5.365731025868893
5/26/2018 1:00,8.090000153,8.090000153,-5.37513569577862
5/26/2018 2:00,7.456999779,7.456999779,-5.359177857418295
5/26/2018 3:00,7.52699995,7.52699995,-5.440096547738884
5/26/2018 4:00,8.230999947,8.230999947,-5.510802647635789
5/26/2018 5:00,8.512000084,8.512000084,-5.547168487415334
5/26/2018 6:00,8.512000084,8.512000084,-5.685464962878004
5/26/2018 7:00,8.37100029,8.37100029,-5.856913581269617
5/26/2018 8:00,7.597000122,7.597000122,-5.727680521215878
5/26/2018 9:00,8.442000389,8.442000389,-5.739664666447725
5/26/2018 10:00,8.159999847,8.159999847,-5.538016535367351
5/26/2018 11:00,8.300999641,8.300999641,-5.195303422032453
5/26/2018 12:00,8.722999573,8.722999573,-5.324605458149111
5/26/2018 13:00,9.425999641,9.425999641,-5.055026540014336
5/26/2018 14:00,9.215000153,9.215000153,-4.798170628898661
5/26/2018 15:00,9.355999947,9.355999947,-5.0956984635021945
5/26/2018 16:00,9.425999641,9.425999641,-4.975406252864638
5/26/2018 17:00,9.074999809,9.074999809,-4.998069118216158
5/26/2018 18:00,8.86400032,8.86400032,-5.218331334255801
5/26/2018 19:00,8.934000015,8.934000015,-5.258675530100997
5/26/2018 20:00,8.37100029,8.37100029,-5.269757309480775
5/26/2018 21:00,9.425999641,9.425999641,-5.387729846076763
5/26/2018 22:00,8.86400032,8.86400032,-5.433231959581899
5/26/2018 23:00,9.00399971,9.00399971,-5.4493080335740185
5/27/2018 0:00,8.37100029,8.37100029,-5.500662386497519
5/27/2018 1:00,8.86400032,8.86400032,-5.510108388058246
5/27/2018 2:00,9.425999641,9.425999641,-5.494191881348922
5/27/2018 3:00,9.215000153,9.215000153,-5.575151903320511
5/27/2018 4:00,9.425999641,9.425999641,-5.645899334868416
5/27/2018 5:00,9.355999947,9.355999947,-5.682306506298961
5/27/2018 6:00,9.918999672,9.918999672,-5.82064431341263
5/27/2018 7:00,9.777999878,9.777999878,-5.992134263455244
5/27/2018 8:00,9.286000252,9.286000252,-5.862942535052506
5/27/2018 9:00,9.567000389,9.567000389,-5.874968011935353
5/27/2018 10:00,9.567000389,9.567000389,-5.67336121250598
5/27/2018 11:00,9.215000153,9.215000153,-5.3306894308220825
5/27/2018 12:00,10.13000011,10.13000011,-5.46003279858974
5/27/2018 13:00,10.76299953,10.76299953,-5.190495212105965
5/27/2018 14:00,10.62199974,10.62199974,-4.933680632641291
5/27/2018 15:00,11.5369997,11.5369997,-5.231249798895825
5/27/2018 16:00,11.60700035,11.60700035,-5.110998919909269
5/27/2018 17:00,11.32600021,11.32600021,-5.133703116911788
5/27/2018 18:00,11.46700001,11.46700001,-5.354006664602432
5/27/2018 19:00,10.48200035,10.48200035,-5.394392192098628
5/27/2018 20:00,10.13000011,10.13000011,-5.405515303129406
5/27/2018 21:00,9.918999672,9.918999672,-5.523529171376395
5/27/2018 22:00,9.848999977,9.848999977,-5.569072616532531
5/27/2018 23:00,10.19999981,10.19999981,-5.5851900221756505
5/28/2018 0:00,10.06000042,10.06000042,-5.636585706750151
5/28/2018 1:00,10.13000011,10.13000011,-5.646073039961878
5/28/2018 2:00,10.13000011,10.13000011,-5.630197864903554
5/28/2018 3:00,9.918999672,9.918999672,-5.711199218526143
5/28/2018 4:00,9.708000183,9.708000183,-5.781987981725049
5/28/2018 5:00,9.918999672,9.918999672,-5.818436484806594
5/28/2018 6:00,10.19999981,10.19999981,-5.956815623571264
5/28/2018 7:00,10.97399998,10.97399998,-6.128346905264878
5/28/2018 8:00,10.48200035,10.48200035,-5.9991965085131405
5/28/2018 9:00,10.41100025,10.41100025,-6.011263317046988
5/28/2018 10:00,10.27099991,10.27099991,-5.809697849268615
5/28/2018 11:00,10.69299984,10.69299984,-5.4670673992357175
5/28/2018 12:00,10.55200005,10.55200005,-5.596452098654376
5/28/2018 13:00,10.69299984,10.69299984,-5.326955843821602
5/28/2018 14:00,11.32600021,11.32600021,-5.070182596007928
5/28/2018 15:00,11.95899963,11.95899963,-5.367793093913463
5/28/2018 16:00,11.5369997,11.5369997,-5.247583546577906
5/28/2018 17:00,11.46700001,11.46700001,-5.270329075231427
5/28/2018 18:00,11.25599957,11.25599957,-5.490673954573071
5/28/2018 19:00,11.11499977,11.11499977,-5.531100813720268
5/28/2018 20:00,10.76299953,10.76299953,-5.542265256402046
5/28/2018 21:00,10.69299984,10.69299984,-5.660320456300033
5/28/2018 22:00,10.76299953,10.76299953,-5.7059052331071705
5/28/2018 23:00,10.55200005,10.55200005,-5.72206397040129
5/29/2018 0:00,10.62199974,10.62199974,-5.77350098662679
5/29/2018 1:00,10.48200035,10.48200035,-5.783029651489518
5/29/2018 2:00,10.48200035,10.48200035,-5.767195808082195
5/29/2018 3:00,10.69299984,10.69299984,-5.848238493355784
5/29/2018 4:00,10.83300018,10.83300018,-5.919068588205691
5/29/2018 5:00,10.69299984,10.69299984,-5.955558422938236
5/29/2018 6:00,10.76299953,10.76299953,-6.093978893353905
5/29/2018 7:00,10.69299984,10.69299984,-6.26555150669852
5/29/2018 8:00,11.67800045,11.67800045,-6.136442441597783
5/29/2018 9:00,11.74800014,11.74800014,-6.148550581782631
5/29/2018 10:00,11.81799984,11.81799984,-5.947026445655259
5/29/2018 11:00,11.88899994,11.88899994,-5.604437327273361
5/29/2018 12:00,12.02900028,12.02900028,-5.7338633583430205
5/29/2018 13:00,11.81799984,11.81799984,-5.464408435161246
5/29/2018 14:00,12.38099957,12.38099957,-5.207676518998573
5/29/2018 15:00,11.60700035,11.60700035,-5.505328348555108
5/29/2018 16:00,11.32600021,11.32600021,-5.385160132870552
5/29/2018 17:00,11.60700035,11.60700035,-5.407946993175073
5/29/2018 18:00,10.90400028,10.90400028,-5.628333204167716
5/29/2018 19:00,10.76299953,10.76299953,-5.668801394965913
5/29/2018 20:00,10.3409996,10.3409996,-5.68000716929869
5/29/2018 21:00,9.637999535,9.637999535,-5.798103700847679
5/29/2018 22:00,10.41100025,10.41100025,-5.843729809305817
5/29/2018 23:00,10.13000011,10.13000011,-5.859929878250936
5/30/2018 0:00,9.918999672,9.918999672,-5.9114082261274365
5/30/2018 1:00,10.13000011,10.13000011,-5.920978222641165
5/30/2018 2:00,9.777999878,9.777999878,-5.905185710884842
5/30/2018 3:00,10.19999981,10.19999981,-5.986269727809431
5/30/2018 4:00,9.777999878,9.777999878,-6.0571411543103375
5/30/2018 5:00,9.145000458,9.145000458,-6.093672320693883
5/30/2018 6:00,9.98900032,9.98900032,-6.232134122760553
5/30/2018 7:00,10.55200005,10.55200005,-6.403748067756168
5/30/2018 8:00,10.90400028,10.90400028,-6.274680334306432
5/30/2018 9:00,11.46700001,11.46700001,-6.28682980614228
5/30/2018 10:00,11.5369997,11.5369997,-6.085347001665908
5/30/2018 11:00,11.60700035,11.60700035,-5.742799214935011
5/30/2018 12:00,11.67800045,11.67800045,-5.872266577655671
5/30/2018 13:00,11.5369997,11.5369997,-5.602852986124897
5/30/2018 14:00,11.67800045,11.67800045,-5.346162401613224
5/30/2018 15:00,12.02900028,12.02900028,-5.643855562820758
5/30/2018 16:00,11.32600021,11.32600021,-5.523728678787203
5/30/2018 17:00,11.25599957,11.25599957,-5.546556870742723
5/30/2018 18:00,10.55200005,10.55200005,-5.766984413386367
5/30/2018 19:00,10.62199974,10.62199974,-5.807493935835565
5/30/2018 20:00,10.97399998,10.97399998,-5.818741041819343
5/30/2018 21:00,10.3409996,10.3409996,-5.936878905019332
5/30/2018 22:00,10.13000011,10.13000011,-5.982546345128469
5/30/2018 23:00,9.918999672,9.918999672,-5.99878774572459
5/31/2018 0:00,10.41100025,10.41100025,-6.0503074252520905
5/31/2018 1:00,10.41100025,10.41100025,-6.059918753416819
5/31/2018 2:00,10.41100025,10.41100025,-6.044167573311496
5/31/2018 3:00,10.41100025,10.41100025,-6.125292921887086
5/31/2018 4:00,10.41100025,10.41100025,-6.196205680038993
5/31/2018 5:00,10.41100025,10.41100025,-6.232778178073538
5/31/2018 6:00,10.41100025,10.41100025,-6.371281311791209
5/31/2018 7:00,10.41100025,10.41100025,-6.542936588437824
5/31/2018 8:00,10.41100025,10.41100025,-6.413910186639088
5/31/2018 9:00,10.41100025,10.41100025,-6.426100990125937
5/31/2018 10:00,10.41100025,10.41100025,-6.224659517300565
5/31/2018 11:00,10.41100025,10.41100025,-5.882153062220668
5/31/2018 12:00,10.41100025,10.41100025,-6.0116617565923285
5/31/2018 13:00,10.41100025,10.41100025,-5.742289496712554
5/31/2018 14:00,10.41100025,10.41100025,-5.485640243851881
5/31/2018 15:00,10.41100025,10.41100025,-5.7833747367104165
5/31/2018 16:00,10.41100025,10.41100025,-5.663289184327861
5/31/2018 17:00,10.41100025,10.41100025,-5.686158707934382
5/31/2018 18:00,10.41100025,10.41100025,-5.906627582229026
5/31/2018 19:00,10.41100025,10.41100025,-5.947178436329224
5/31/2018 20:00,10.41100025,10.41100025,-5.958466873964003
5/31/2018 21:00,10.41100025,10.41100025,-6.076646068814992
5/31/2018 22:00,10.41100025,10.41100025,-6.12235484057513
5/31/2018 23:00,10.41100025,10.41100025,-6.138637572822251
6/1/2018 0:00,8.512000084,8.512000084,-6.190198584000752
6/1/2018 1:00,8.512000084,8.512000084,-6.1998512438164814
6/1/2018 2:00,8.230999947,8.230999947,-6.184141395362158
6/1/2018 3:00,8.300999641,8.300999641,-6.265308075588748
6/1/2018 4:00,8.37100029,8.37100029,-6.336262165391655
6/1/2018 5:00,8.230999947,8.230999947,-6.372875995077201
6/1/2018 6:00,8.581999779,8.581999779,-6.511420460445872
6/1/2018 7:00,9.425999641,9.425999641,-6.683117068743488
6/1/2018 8:00,10.83300018,10.83300018,-6.554131998595752
6/1/2018 9:00,10.48200035,10.48200035,-6.566364133733599
6/1/2018 10:00,9.777999878,9.777999878,-6.364963992559228
6/1/2018 11:00,9.848999977,9.848999977,-6.022498869130331
6/1/2018 12:00,9.918999672,9.918999672,-6.152048895152991
6/1/2018 13:00,10.41100025,10.41100025,-5.882717966924218
6/1/2018 14:00,10.90400028,10.90400028,-5.626110045714545
6/1/2018 15:00,11.67800045,11.67800045,-5.923885870224081
6/1/2018 16:00,12.02900028,12.02900028,-5.803841649492526
6/1/2018 17:00,11.88899994,11.88899994,-5.826752504750047
6/1/2018 18:00,11.32600021,11.32600021,-6.047262710695692
6/1/2018 19:00,10.90400028,10.90400028,-6.08785489644689
6/1/2018 20:00,10.83300018,10.83300018,-6.099184665732668
6/1/2018 21:00,10.48200035,10.48200035,-6.217405192234658
6/1/2018 22:00,10.41100025,10.41100025,-6.263155295645796
6/1/2018 23:00,10.27099991,10.27099991,-6.279479359543918
6/2/2018 0:00,9.98900032,9.98900032,-6.331081702373418
6/2/2018 1:00,9.567000389,9.567000389,-6.340775693840147
6/2/2018 2:00,9.215000153,9.215000153,-6.325107177036824
6/2/2018 3:00,9.215000153,9.215000153,-6.406315188914415
6/2/2018 4:00,8.512000084,8.512000084,-6.477310610368322
6/2/2018 5:00,8.934000015,8.934000015,-6.513965771704869
6/2/2018 6:00,8.934000015,8.934000015,-6.65255156872454
6/2/2018 7:00,8.652999878,8.652999878,-6.824289508673156
6/2/2018 8:00,8.722999573,8.722999573,-6.69534577017642
6/2/2018 9:00,8.722999573,8.722999573,-6.707619236965269
6/2/2018 10:00,9.215000153,9.215000153,-6.506260427441897
6/2/2018 11:00,9.637999535,9.637999535,-6.163836635664001
6/2/2018 12:00,10.48200035,10.48200035,-6.293427993337661
6/2/2018 13:00,10.19999981,10.19999981,-6.024138396759889
6/2/2018 14:00,10.3409996,10.3409996,-5.767571807201215
6/2/2018 15:00,10.19999981,10.19999981,-6.065388963361752
6/2/2018 16:00,11.11499977,11.11499977,-5.945386074281197
6/2/2018 17:00,10.48200035,10.48200035,-5.968338261189719
6/2/2018 18:00,10.06000042,10.06000042,-6.188889798786364
6/2/2018 19:00,9.567000389,9.567000389,-6.229523316188562
6/2/2018 20:00,9.425999641,9.425999641,-6.240894417125341
6/2/2018 21:00,9.567000389,9.567000389,-6.359156275278331
6/2/2018 22:00,9.848999977,9.848999977,-6.40494771034047
6/2/2018 23:00,9.637999535,9.637999535,-6.421313105889591
6/3/2018 0:00,9.286000252,9.286000252,-6.472956780370093
6/3/2018 1:00,9.496999741,9.496999741,-6.482692103487822
6/3/2018 2:00,9.496999741,9.496999741,-6.4670649183355
6/3/2018 3:00,9.637999535,9.637999535,-6.548314261864091
6/3/2018 4:00,9.567000389,9.567000389,-6.619351014968998
6/3/2018 5:00,9.848999977,9.848999977,-6.656047507956544
6/3/2018 6:00,9.567000389,9.567000389,-6.794674636627216
6/3/2018 7:00,9.355999947,9.355999947,-6.966453908226832
6/3/2018 8:00,9.425999641,9.425999641,-6.837551501381095
6/3/2018 9:00,9.637999535,9.637999535,-6.8498662998209445
6/3/2018 10:00,9.918999672,9.918999672,-6.648548821948573
6/3/2018 11:00,10.62199974,10.62199974,-6.306166361821678
6/3/2018 12:00,10.69299984,10.69299984,-6.435799051146338
6/3/2018 13:00,10.97399998,10.97399998,-6.166550786219566
6/3/2018 14:00,12.23999977,12.23999977,-5.910025528311893
6/3/2018 15:00,12.6619997,12.6619997,-6.207884016123429
6/3/2018 16:00,13.43599987,13.43599987,-6.087922458693875
6/3/2018 17:00,13.08500004,13.08500004,-6.110915977253396
6/3/2018 18:00,11.67800045,11.67800045,-6.331508846501041
6/3/2018 19:00,11.04399967,11.04399967,-6.37218369555424
6/3/2018 20:00,10.55200005,10.55200005,-6.38359612814202
6/3/2018 21:00,9.567000389,9.567000389,-6.50189931794601
6/3/2018 22:00,9.425999641,9.425999641,-6.547732084659148
6/3/2018 23:00,8.722999573,8.722999573,-6.564138811859269
6/4/2018 0:00,8.442000389,8.442000389,-6.615823817990772
6/4/2018 1:00,9.215000153,9.215000153,-6.6256004727595
6/4/2018 2:00,9.425999641,9.425999641,-6.610014619258179
6/4/2018 3:00,9.637999535,9.637999535,-6.691305294437769
6/4/2018 4:00,9.708000183,9.708000183,-6.762383379193677
6/4/2018 5:00,9.425999641,9.425999641,-6.799121203832224
6/4/2018 6:00,9.567000389,9.567000389,-6.937789664153896
6/4/2018 7:00,9.777999878,9.777999878,-7.109610267404512
6/4/2018 8:00,10.76299953,10.76299953,-6.980749192209776
6/4/2018 9:00,11.18500042,11.18500042,-6.993105322300626
6/4/2018 10:00,11.18500042,11.18500042,-6.791829176079255
6/4/2018 11:00,11.18500042,11.18500042,-6.449488047603359
6/4/2018 12:00,11.81799984,11.81799984,-6.57916206857902
6/4/2018 13:00,11.67800045,11.67800045,-6.309955135303247
6/4/2018 14:00,12.23999977,12.23999977,-6.053471209046576
6/4/2018 15:00,12.38099957,12.38099957,-6.351371028509112
6/4/2018 16:00,11.60700035,11.60700035,-6.231450802730557
6/4/2018 17:00,10.76299953,10.76299953,-6.25448565294108
6/4/2018 18:00,10.06000042,10.06000042,-6.475119853839725
6/4/2018 19:00,9.637999535,9.637999535,-6.515836034543924
6/4/2018 20:00,9.708000183,9.708000183,-6.5272897987827045
6/4/2018 21:00,9.848999977,9.848999977,-6.645634320237694
6/4/2018 22:00,10.27099991,10.27099991,-6.691508418601834
6/4/2018 23:00,10.13000011,10.13000011,-6.707956477452956
6/5/2018 0:00,9.918999672,9.918999672,-6.7596828152354576
6/5/2018 1:00,9.637999535,9.637999535,-6.769500801655187
6/5/2018 2:00,9.425999641,9.425999641,-6.753956279804866
6/5/2018 3:00,9.708000183,9.708000183,-6.835288286635457
6/5/2018 4:00,9.918999672,9.918999672,-6.906407703042365
6/5/2018 5:00,9.848999977,9.848999977,-6.943186859331913
6/5/2018 6:00,9.848999977,9.848999977,-7.081896651304584
6/5/2018 7:00,10.06000042,10.06000042,-7.2537585862062
6/5/2018 8:00,9.918999672,9.918999672,-7.124938842662465
6/5/2018 9:00,10.13000011,10.13000011,-7.137336304404315
6/5/2018 10:00,9.848999977,9.848999977,-6.936101489833945
6/5/2018 11:00,9.918999672,9.918999672,-6.593801693009049
6/5/2018 12:00,9.777999878,9.777999878,-6.723517045635711
6/5/2018 13:00,10.13000011,10.13000011,-6.454351444010938
6/5/2018 14:00,10.76299953,10.76299953,-6.197908849405267
6/5/2018 15:00,10.90400028,10.90400028,-6.495850000518804
6/5/2018 16:00,10.97399998,10.97399998,-6.375971106391249
6/5/2018 17:00,10.83300018,10.83300018,-6.399047288252772
6/5/2018 18:00,10.27099991,10.27099991,-6.6197228208024175
6/5/2018 19:00,9.567000389,9.567000389,-6.660480333157617
6/5/2018 20:00,9.286000252,9.286000252,-6.671975429047397
6/5/2018 21:00,9.215000153,9.215000153,-6.790361282153387
6/5/2018 22:00,8.934000015,8.934000015,-6.836276712168527
6/5/2018 23:00,8.934000015,8.934000015,-6.852766102670648
6/6/2018 0:00,8.581999779,8.581999779,-6.90453377210415
6/6/2018 1:00,8.581999779,8.581999779,-6.9143930901748805
6/6/2018 2:00,8.581999779,8.581999779,-6.89888989997556
6/6/2018 3:00,8.512000084,8.512000084,-6.98026323845715
6/6/2018 4:00,8.37100029,8.37100029,-7.051423986515059
6/6/2018 5:00,8.159999847,8.159999847,-7.088244474455606
6/6/2018 6:00,8.512000084,8.512000084,-7.226995598079278
6/6/2018 7:00,9.496999741,9.496999741,-7.398898864631895
6/6/2018 8:00,10.19999981,10.19999981,-7.27012045273916
6/6/2018 9:00,10.27099991,10.27099991,-7.282559246132011
6/6/2018 10:00,9.98900032,9.98900032,-7.0813657632126406
6/6/2018 11:00,10.13000011,10.13000011,-6.739107298038745
6/6/2018 12:00,10.06000042,10.06000042,-6.868863982316407
6/6/2018 13:00,10.55200005,10.55200005,-6.599739712342635
6/6/2018 14:00,12.02900028,12.02900028,-6.343338449387964
6/6/2018 15:00,13.15499973,13.15499973,-6.641320932152501
6/6/2018 16:00,13.29599953,13.29599953,-6.521483369675948
6/6/2018 17:00,12.94400024,12.94400024,-6.54460088318847
6/6/2018 18:00,13.22500038,13.22500038,-6.765317747389116
6/6/2018 19:00,11.39599991,11.39599991,-6.806116591395315
6/6/2018 20:00,10.90400028,10.90400028,-6.817653018936095
6/6/2018 21:00,11.04399967,11.04399967,-6.936080203693086
6/6/2018 22:00,10.55200005,10.55200005,-6.982036965359225
6/6/2018 23:00,10.27099991,10.27099991,-6.998567687512348
6/7/2018 0:00,9.777999878,9.777999878,-7.050376688596851
6/7/2018 1:00,10.13000011,10.13000011,-7.060277338318581
6/7/2018 2:00,10.13000011,10.13000011,-7.04481547977026
6/7/2018 3:00,9.848999977,9.848999977,-7.126230149902852
6/7/2018 4:00,9.98900032,9.98900032,-7.197432229611761
6/7/2018 5:00,9.918999672,9.918999672,-7.234294049203307
6/7/2018 6:00,10.13000011,10.13000011,-7.37308650447798
6/7/2018 7:00,10.48200035,10.48200035,-7.545031102681597
6/7/2018 8:00,10.69299984,10.69299984,-7.416294022439863
6/7/2018 9:00,10.83300018,10.83300018,-7.428774147483714
6/7/2018 10:00,11.11499977,11.11499977,-7.227621996215344
6/7/2018 11:00,11.5369997,11.5369997,-6.885404862692449
6/7/2018 12:00,11.95899963,11.95899963,-7.015202878621111
6/7/2018 13:00,12.02900028,12.02900028,-6.74611994029834
6/7/2018 14:00,12.80300045,12.80300045,-6.489760008994669
6/7/2018 15:00,12.7329998,12.7329998,-6.787783823410206
6/7/2018 16:00,12.6619997,12.6619997,-6.667987592584653
6/7/2018 17:00,12.6619997,12.6619997,-6.691146437748175
6/7/2018 18:00,12.02900028,12.02900028,-6.911904633599821
6/7/2018 19:00,11.67800045,11.67800045,-6.952744809257021
6/7/2018 20:00,11.39599991,11.39599991,-6.964322568448802
6/7/2018 21:00,10.83300018,10.83300018,-7.082791084856793
6/7/2018 22:00,10.83300018,10.83300018,-7.128789178173933
6/7/2018 23:00,10.3409996,10.3409996,-7.145361231978056
6/8/2018 0:00,10.48200035,10.48200035,-7.197211564713559
6/8/2018 1:00,10.41100025,10.41100025,-7.20715354608629
6/8/2018 2:00,10.13000011,10.13000011,-7.191733019188968
6/8/2018 3:00,10.06000042,10.06000042,-7.27318902097256
6/8/2018 4:00,9.98900032,9.98900032,-7.344432432332469
6/8/2018 5:00,9.708000183,9.708000183,-7.381335583575017
6/8/2018 6:00,9.425999641,9.425999641,-7.52016937050069
6/8/2018 7:00,9.777999878,9.777999878,-7.692155300355307
6/8/2018 8:00,10.13000011,10.13000011,-7.563459551764573
6/8/2018 9:00,10.19999981,10.19999981,-7.575981008459425
6/8/2018 10:00,10.06000042,10.06000042,-7.3748701888420545
6/8/2018 11:00,10.3409996,10.3409996,-7.03269438697016
6/8/2018 12:00,10.13000011,10.13000011,-7.162533734549823
6/8/2018 13:00,9.918999672,9.918999672,-6.8934921278780505
6/8/2018 14:00,10.19999981,10.19999981,-6.63717352822538
6/8/2018 15:00,10.3409996,10.3409996,-6.935238674291917
6/8/2018 16:00,10.13000011,10.13000011,-6.8154837751173645
6/8/2018 17:00,9.918999672,9.918999672,-6.838683951931888
6/8/2018 18:00,8.934000015,8.934000015,-7.059483479434534
6/8/2018 19:00,9.00399971,9.00399971,-7.100364986742735
6/8/2018 20:00,9.355999947,9.355999947,-7.111984077585515
6/8/2018 21:00,8.86400032,8.86400032,-7.230493925644507
6/8/2018 22:00,9.074999809,9.074999809,-7.276533350612647
6/8/2018 23:00,8.722999573,8.722999573,-7.29314673606777
6/9/2018 0:00,8.86400032,8.86400032,-7.345038400454274
6/9/2018 1:00,8.86400032,8.86400032,-7.355021713478004
6/9/2018 2:00,8.300999641,8.300999641,-7.339642518231684
6/9/2018 3:00,8.020000458,8.020000458,-7.421139851666276
6/9/2018 4:00,8.020000458,8.020000458,-7.4924245946771855
6/9/2018 5:00,8.159999847,8.159999847,-7.529369077570734
6/9/2018 6:00,8.159999847,8.159999847,-7.668244196147407
6/9/2018 7:00,8.159999847,8.159999847,-7.840271457653025
6/9/2018 8:00,8.512000084,8.512000084,-7.711617040713292
6/9/2018 9:00,8.442000389,8.442000389,-7.724179829059142
6/9/2018 10:00,6.823999882,6.823999882,-7.523110341092773
6/9/2018 11:00,3.025000095,3.025000095,-7.180975870871878
6/9/2018 12:00,4.150000095,4.150000095,-7.31085655010254
6/9/2018 13:00,3.938999891,3.938999891,-7.041856275081769
6/9/2018 14:00,4.78399992,4.78399992,-6.7855790070800985
6/9/2018 15:00,5.768000126,5.768000126,-7.083685484797637
6/9/2018 16:00,6.683000088,6.683000088,-6.963971917274084
6/9/2018 17:00,6.894000053,6.894000053,-6.987213425739608
6/9/2018 18:00,7.034999847,7.034999847,-7.2080542848932545
6/9/2018 19:00,6.40199995,6.40199995,-7.2489771238524545
6/9/2018 20:00,6.330999851,6.330999851,-7.260637546346236
6/9/2018 21:00,6.050000191,6.050000191,-7.379188726056228
6/9/2018 22:00,6.894000053,6.894000053,-7.425269482675368
6/9/2018 23:00,7.245999813,7.245999813,-7.441924199781492
6/10/2018 0:00,6.261000156,6.261000156,-7.493857195818995
6/10/2018 1:00,6.823999882,6.823999882,-7.503881840493726
6/10/2018 2:00,7.315999985,7.315999985,-7.488543976898406
6/10/2018 3:00,7.668000221,7.668000221,-7.570082641983999
6/10/2018 4:00,7.737999916,7.737999916,-7.641408716645907
6/10/2018 5:00,7.456999779,7.456999779,-7.678394531190456
6/10/2018 6:00,7.668000221,7.668000221,-7.81731098141813
6/10/2018 7:00,8.020000458,8.020000458,-7.989379574574748
6/10/2018 8:00,8.300999641,8.300999641,-7.860766489286014
6/10/2018 9:00,8.159999847,8.159999847,-7.8733706092828655
6/10/2018 10:00,8.090000153,8.090000153,-7.672342452967496
6/10/2018 11:00,8.090000153,8.090000153,-7.330249314397602
6/10/2018 12:00,8.37100029,8.37100029,-7.460171325279265
6/10/2018 13:00,8.934000015,8.934000015,-7.191212381909494
6/10/2018 14:00,9.425999641,9.425999641,-6.934976445558824
6/10/2018 15:00,9.567000389,9.567000389,-7.233124254927363
6/10/2018 16:00,9.98900032,9.98900032,-7.113452019054811
6/10/2018 17:00,9.286000252,9.286000252,-7.136734859171334
6/10/2018 18:00,9.286000252,9.286000252,-7.357617049975981
6/10/2018 19:00,9.145000458,9.145000458,-7.398581220586181
6/10/2018 20:00,8.442000389,8.442000389,-7.410282974730963
6/10/2018 21:00,8.722999573,8.722999573,-7.528875486091955
6/10/2018 22:00,8.442000389,8.442000389,-7.574997574362095
6/10/2018 23:00,8.230999947,8.230999947,-7.591693623119219
6/11/2018 0:00,8.300999641,8.300999641,-7.643667950807723
6/11/2018 1:00,7.879000187,7.879000187,-7.653733927133453
6/11/2018 2:00,7.809000015,7.809000015,-7.638437395189134
6/11/2018 3:00,7.809000015,7.809000015,-7.720017391925726
6/11/2018 4:00,7.948999882,7.948999882,-7.791384798238636
6/11/2018 5:00,7.948999882,7.948999882,-7.828411944434185
6/11/2018 6:00,8.159999847,8.159999847,-7.967369726312859
6/11/2018 7:00,8.512000084,8.512000084,-8.139479651120476
6/11/2018 8:00,9.074999809,9.074999809,-8.010907897482742
6/11/2018 9:00,9.074999809,9.074999809,-8.023553349130594
6/11/2018 10:00,9.00399971,9.00399971,-7.822566524466225
6/11/2018 11:00,9.074999809,9.074999809,-7.480514717547332
6/11/2018 12:00,9.567000389,9.567000389,-7.610478060079994
6/11/2018 13:00,10.19999981,10.19999981,-7.341560448361224
6/11/2018 14:00,11.04399967,11.04399967,-7.085365843661553
6/11/2018 15:00,12.02900028,12.02900028,-7.3835549846810915
6/11/2018 16:00,12.17000008,12.17000008,-7.263924080459539
6/11/2018 17:00,12.31099987,12.31099987,-7.287248252227063
6/11/2018 18:00,10.55200005,10.55200005,-7.508171774682711
6/11/2018 19:00,10.90400028,10.90400028,-7.549177276943912
6/11/2018 20:00,10.27099991,10.27099991,-7.560920362739694
6/11/2018 21:00,10.27099991,10.27099991,-7.679554205751685
6/11/2018 22:00,9.777999878,9.777999878,-7.725717625672827
6/11/2018 23:00,9.848999977,9.848999977,-7.7424550060809505
6/12/2018 0:00,10.06000042,10.06000042,-7.794470665420454
6/12/2018 1:00,9.777999878,9.777999878,-7.804577973397186
6/12/2018 2:00,9.496999741,9.496999741,-7.789322773103867
6/12/2018 3:00,9.848999977,9.848999977,-7.870944101491459
6/12/2018 4:00,9.708000183,9.708000183,-7.94235283945537
6/12/2018 5:00,9.496999741,9.496999741,-7.979421317301919
6/12/2018 6:00,9.567000389,9.567000389,-8.118420430831591
6/12/2018 7:00,10.3409996,10.3409996,-8.29057168729021
6/12/2018 8:00,10.41100025,10.41100025,-8.162041265303479
6/12/2018 9:00,10.62199974,10.62199974,-8.17472804860233
6/12/2018 10:00,10.27099991,10.27099991,-7.973782555588962
6/12/2018 11:00,10.3409996,10.3409996,-7.63177208032107
6/12/2018 12:00,10.83300018,10.83300018,-7.761776754504732
6/12/2018 13:00,11.5369997,11.5369997,-7.492900474436961
6/12/2018 14:00,12.10000038,12.10000038,-7.236747201388292
6/12/2018 15:00,13.57699966,13.57699966,-7.534977674058831
6/12/2018 16:00,14.27999973,14.27999973,-7.415388101488278
6/12/2018 17:00,13.50699997,13.50699997,-7.438753604906803
6/12/2018 18:00,13.9289999,13.9289999,-7.659718459013451
6/12/2018 19:00,12.02900028,12.02900028,-7.700765292925652
6/12/2018 20:00,11.67800045,11.67800045,-7.712549710372435
6/12/2018 21:00,11.04399967,11.04399967,-7.831224885035426
6/12/2018 22:00,10.90400028,10.90400028,-7.877429636607568
6/12/2018 23:00,11.18500042,11.18500042,-7.894208348666692
6/13/2018 0:00,11.18500042,11.18500042,-7.946265339657196
6/13/2018 1:00,10.76299953,10.76299953,-7.956413979284928
6/13/2018 2:00,10.90400028,10.90400028,-7.941200110642609
6/13/2018 3:00,10.83300018,10.83300018,-8.0228627706812
6/13/2018 4:00,10.83300018,10.83300018,-8.094312840296112
6/13/2018 5:00,10.62199974,10.62199974,-8.131422649793661
6/13/2018 6:00,10.97399998,10.97399998,-8.270463094974335
6/13/2018 7:00,11.46700001,11.46700001,-8.442655683083954
6/13/2018 8:00,11.81799984,11.81799984,-8.31416659274822
6/13/2018 9:00,11.18500042,11.18500042,-8.326894707698072
6/13/2018 10:00,11.18500042,11.18500042,-8.125990546335704
6/13/2018 11:00,11.5369997,11.5369997,-7.78402140271881
6/13/2018 12:00,11.32600021,11.32600021,-7.914067408553474
6/13/2018 13:00,12.31099987,12.31099987,-7.645232460136704
6/13/2018 14:00,13.29599953,13.29599953,-7.389120518739035
6/13/2018 15:00,14.14000034,14.14000034,-7.687392323060574
6/13/2018 16:00,14.35099983,14.35099983,-7.567844082141022
6/13/2018 17:00,13.64700031,13.64700031,-7.591250917210547
6/13/2018 18:00,12.59200001,12.59200001,-7.812257102968195
6/13/2018 19:00,11.67800045,11.67800045,-7.853345268531396
6/13/2018 20:00,10.90400028,10.90400028,-7.865171017629178
6/13/2018 21:00,10.69299984,10.69299984,-7.983887523943171
6/13/2018 22:00,10.55200005,10.55200005,-8.030133607166311
6/13/2018 23:00,10.55200005,10.55200005,-8.046953650876436
6/14/2018 0:00,10.90400028,10.90400028,-8.099051973517941
6/14/2018 1:00,10.90400028,10.90400028,-8.109241944796674
6/14/2018 2:00,10.69299984,10.69299984,-8.094069407805355
6/14/2018 3:00,10.97399998,10.97399998,-8.17577339949495
6/14/2018 4:00,11.11499977,11.11499977,-8.24726480076086
6/14/2018 5:00,10.83300018,10.83300018,-8.28441594190941
6/14/2018 6:00,10.97399998,10.97399998,-8.423497718741086
6/14/2018 7:00,10.90400028,10.90400028,-8.595731638501706
6/14/2018 8:00,11.11499977,11.11499977,-8.467283879816973
6/14/2018 9:00,11.11499977,11.11499977,-8.480053326417826
6/14/2018 10:00,11.18500042,11.18500042,-8.279190496706459
6/14/2018 11:00,11.25599957,11.25599957,-7.937262684740566
6/14/2018 12:00,11.18500042,11.18500042,-8.067350022226229
6/14/2018 13:00,11.81799984,11.81799984,-7.7985564054604595
6/14/2018 14:00,13.29599953,13.29599953,-7.542485795713791
6/14/2018 15:00,13.57699966,13.57699966,-7.84079893168633
6/14/2018 16:00,13.22500038,13.22500038,-7.721292022417779
6/14/2018 17:00,13.08500004,13.08500004,-7.744740189138303
6/14/2018 18:00,11.46700001,11.46700001,-7.965787706546952
6/14/2018 19:00,11.32600021,11.32600021,-8.006917203761152
6/14/2018 20:00,11.32600021,11.32600021,-8.018784284509936
6/14/2018 21:00,11.18500042,11.18500042,-8.137542122474928
6/14/2018 22:00,11.32600021,11.32600021,-8.18382953734907
6/14/2018 23:00,10.62199974,10.62199974,-8.200690912710193
6/15/2018 0:00,10.19999981,10.19999981,-8.252830567002698
6/15/2018 1:00,10.19999981,10.19999981,-8.26306186993243
6/15/2018 2:00,9.848999977,9.848999977,-8.247930664592111
6/15/2018 3:00,10.13000011,10.13000011,-8.329675987932704
6/15/2018 4:00,10.97399998,10.97399998,-8.401208720849615
6/15/2018 5:00,10.19999981,10.19999981,-8.438401193649165
6/15/2018 6:00,10.83300018,10.83300018,-8.57752430213184
6/15/2018 7:00,11.11499977,11.11499977,-8.74979955354346
6/15/2018 8:00,11.5369997,11.5369997,-8.621393126509727
6/15/2018 9:00,10.55200005,10.55200005,-8.634203904761579
6/15/2018 10:00,10.48200035,10.48200035,-8.43338240670121
6/15/2018 11:00,10.3409996,10.3409996,-8.091495926386319
6/15/2018 12:00,10.90400028,10.90400028,-8.221624595522982
6/15/2018 13:00,11.11499977,11.11499977,-7.952872310408213
6/15/2018 14:00,11.25599957,11.25599957,-7.696843032312545
6/15/2018 15:00,11.81799984,11.81799984,-7.995197499936084
6/15/2018 16:00,12.38099957,12.38099957,-7.875731922318533
6/15/2018 17:00,11.95899963,11.95899963,-7.899221420690058
6/15/2018 18:00,11.74800014,11.74800014,-8.120310269749705
6/15/2018 19:00,10.48200035,10.48200035,-8.161481098614908
6/15/2018 20:00,9.848999977,9.848999977,-8.17338951101469
6/15/2018 21:00,9.425999641,9.425999641,-8.292188680630684
6/15/2018 22:00,9.496999741,9.496999741,-8.338517427155827
6/15/2018 23:00,9.425999641,9.425999641,-8.355420134167952
6/16/2018 0:00,9.215000153,9.215000153,-8.407601120111458
6/16/2018 1:00,9.286000252,9.286000252,-8.41787375469219
6/16/2018 2:00,9.00399971,9.00399971,-8.402783881002872
6/16/2018 3:00,8.86400032,8.86400032,-8.484570535994466
6/16/2018 4:00,8.512000084,8.512000084,-8.556144600562378
6/16/2018 5:00,8.512000084,8.512000084,-8.59337840501293
6/16/2018 6:00,8.581999779,8.581999779,-8.732542845146604
6/16/2018 7:00,8.793000221,8.793000221,-8.904859428209223
6/16/2018 8:00,9.425999641,9.425999641,-8.77649433282649
6/16/2018 9:00,8.722999573,8.722999573,-8.789346442729343
6/16/2018 10:00,9.145000458,9.145000458,-8.588566276319977
6/16/2018 11:00,9.00399971,9.00399971,-8.246721127656084
6/16/2018 12:00,9.215000153,9.215000153,-8.376891128443747
6/16/2018 13:00,9.425999641,9.425999641,-8.108180174979978
6/16/2018 14:00,10.13000011,10.13000011,-7.852192228535311
6/16/2018 15:00,10.76299953,10.76299953,-8.15058802780985
6/16/2018 16:00,10.55200005,10.55200005,-8.031163781843299
6/16/2018 17:00,9.918999672,9.918999672,-8.054694611865825
6/16/2018 18:00,9.355999947,9.355999947,-8.275824792576474
6/16/2018 19:00,9.215000153,9.215000153,-8.317036953092675
6/16/2018 20:00,9.215000153,9.215000153,-8.32898669714346
6/16/2018 21:00,8.442000389,8.442000389,-8.447827198410453
6/16/2018 22:00,8.512000084,8.512000084,-8.494197276586595
6/16/2018 23:00,8.300999641,8.300999641,-8.51114131524972
6/17/2018 0:00,8.159999847,8.159999847,-8.563363632844224
6/17/2018 1:00,8.512000084,8.512000084,-8.573677599075959
6/17/2018 2:00,8.020000458,8.020000458,-8.55862905703764
6/17/2018 3:00,8.020000458,8.020000458,-8.640457043680234
6/17/2018 4:00,8.020000458,8.020000458,-8.712072439899146
6/17/2018 5:00,7.948999882,7.948999882,-8.749347576000694
6/17/2018 6:00,7.668000221,7.668000221,-8.88855334778537
6/17/2018 7:00,7.948999882,7.948999882,-9.06091126249899
6/17/2018 8:00,8.230999947,8.230999947,-8.93258749876726
6/17/2018 9:00,8.37100029,8.37100029,-8.945480940321113
6/17/2018 10:00,8.442000389,8.442000389,-8.744742105562745
6/17/2018 11:00,8.652999878,8.652999878,-8.402938288549853
6/17/2018 12:00,9.286000252,9.286000252,-8.53314962098852
6/17/2018 13:00,10.27099991,10.27099991,-8.26447999917575
6/17/2018 14:00,11.32600021,11.32600021,-8.008533384382082
6/17/2018 15:00,12.45100021,12.45100021,-8.30697051530762
6/17/2018 16:00,12.38099957,12.38099957,-8.187587600992071
6/17/2018 17:00,11.5369997,11.5369997,-8.211159762665595
6/17/2018 18:00,11.32600021,11.32600021,-8.432331275027245
6/17/2018 19:00,10.83300018,10.83300018,-8.473584767194449
6/17/2018 20:00,10.27099991,10.27099991,-8.485575842896232
6/17/2018 21:00,10.19999981,10.19999981,-8.604457675814224
6/17/2018 22:00,9.637999535,9.637999535,-8.650869085641368
6/17/2018 23:00,9.567000389,9.567000389,-8.667854455955492
6/18/2018 0:00,9.286000252,9.286000252,-8.720118105201
6/18/2018 1:00,9.215000153,9.215000153,-8.730473403083732
6/18/2018 2:00,9.215000153,9.215000153,-8.715466192696415
6/18/2018 3:00,8.86400032,8.86400032,-8.797335510990008
6/18/2018 4:00,9.074999809,9.074999809,-8.86899223885992
6/18/2018 5:00,9.00399971,9.00399971,-8.90630870661247
6/18/2018 6:00,9.215000153,9.215000153,-9.045555810048146
6/18/2018 7:00,9.286000252,9.286000252,-9.217955056412766
6/18/2018 8:00,9.145000458,9.145000458,-9.089672624332032
6/18/2018 9:00,9.777999878,9.777999878,-9.102607397536888
6/18/2018 10:00,9.98900032,9.98900032,-8.901909894429522
6/18/2018 11:00,10.06000042,10.06000042,-8.56014740906763
6/18/2018 12:00,10.83300018,10.83300018,-8.690400073157294
6/18/2018 13:00,11.18500042,11.18500042,-8.421771782995526
6/18/2018 14:00,11.95899963,11.95899963,-8.165866499852859
6/18/2018 15:00,13.08500004,13.08500004,-8.4643449624294
6/18/2018 16:00,11.95899963,11.95899963,-8.345003379764849
6/18/2018 17:00,12.02900028,12.02900028,-8.368616873089376
6/18/2018 18:00,12.02900028,12.02900028,-8.589829717102026
6/18/2018 19:00,11.81799984,11.81799984,-8.631124540920228
6/18/2018 20:00,10.62199974,10.62199974,-8.643156948273012
6/18/2018 21:00,10.19999981,10.19999981,-8.762080112842007
6/18/2018 22:00,10.13000011,10.13000011,-8.808532854320148
6/18/2018 23:00,10.27099991,10.27099991,-8.825559556285276
6/19/2018 0:00,9.777999878,9.777999878,-8.87786453718178
6/19/2018 1:00,9.215000153,9.215000153,-8.888261166715516
6/19/2018 2:00,9.215000153,9.215000153,-8.873295287979197
6/19/2018 3:00,9.074999809,9.074999809,-8.955205937923793
6/19/2018 4:00,9.00399971,9.00399971,-9.026903997444704
6/19/2018 5:00,9.145000458,9.145000458,-9.064261796848257
6/19/2018 6:00,9.637999535,9.637999535,-9.203550231934932
6/19/2018 7:00,9.496999741,9.496999741,-9.375990809950553
6/19/2018 8:00,9.074999809,9.074999809,-9.247749709520823
6/19/2018 9:00,9.355999947,9.355999947,-9.260725814376675
6/19/2018 10:00,9.777999878,9.777999878,-9.06006964292031
6/19/2018 11:00,9.848999977,9.848999977,-8.718348489209419
6/19/2018 12:00,10.13000011,10.13000011,-8.848642484950085
6/19/2018 13:00,9.777999878,9.777999878,-8.580055526439317
6/19/2018 14:00,5.55700016,5.55700016,-8.32419157494765
6/19/2018 15:00,5.627999783,5.627999783,-8.622711369175189
6/19/2018 16:00,4.643000126,4.643000126,-8.50341111816164
6/19/2018 17:00,5.276000023,5.276000023,-8.527065943137165
6/19/2018 18:00,6.683000088,6.683000088,-8.748320118800816
6/19/2018 19:00,6.752999783,6.752999783,-8.789656274270019
6/19/2018 20:00,7.105000019,7.105000019,-8.801730013273803
6/19/2018 21:00,4.572999954,4.572999954,-8.920694509493796
6/19/2018 22:00,5.135000229,5.135000229,-8.96718858262294
6/19/2018 23:00,5.90899992,5.90899992,-8.984256616239065
6/20/2018 0:00,6.541999817,6.541999817,-9.036602928786571
6/20/2018 1:00,7.315999985,7.315999985,-9.047040889971305
6/20/2018 2:00,6.964000225,6.964000225,-9.032116342885988
6/20/2018 3:00,7.105000019,7.105000019,-9.11406832448158
6/20/2018 4:00,7.105000019,7.105000019,-9.185807715653494
6/20/2018 5:00,7.105000019,7.105000019,-9.223206846708043
6/20/2018 6:00,7.315999985,7.315999985,-9.36253661344572
6/20/2018 7:00,7.456999779,7.456999779,-9.535018523112342
6/20/2018 8:00,7.105000019,7.105000019,-9.40681875433361
6/20/2018 9:00,7.456999779,7.456999779,-9.419836190840464
6/20/2018 10:00,8.090000153,8.090000153,-9.2192213510351
6/20/2018 11:00,8.090000153,8.090000153,-8.877541528975208
6/20/2018 12:00,8.512000084,8.512000084,-9.007876856366872
6/20/2018 13:00,8.37100029,8.37100029,-8.739331229507103
6/20/2018 14:00,8.934000015,8.934000015,-8.483508609666437
6/20/2018 15:00,8.722999573,8.722999573,-8.782069735544978
6/20/2018 16:00,8.86400032,8.86400032,-8.662810816182427
6/20/2018 17:00,9.286000252,9.286000252,-8.686506972808955
6/20/2018 18:00,9.145000458,9.145000458,-8.907802480123603
6/20/2018 19:00,9.286000252,9.286000252,-8.949179967243808
6/20/2018 20:00,9.215000153,9.215000153,-8.96129503789859
6/20/2018 21:00,8.652999878,8.652999878,-9.080300865769589
6/20/2018 22:00,8.722999573,8.722999573,-9.12683627054973
6/20/2018 23:00,9.00399971,9.00399971,-9.143945635816856
6/21/2018 0:00,9.00399971,9.00399971,-9.196333280015365
6/21/2018 1:00,8.934000015,8.934000015,-9.206812572851096
6/21/2018 2:00,8.581999779,8.581999779,-9.19192935741678
6/21/2018 3:00,8.37100029,8.37100029,-9.273922670663378
6/21/2018 4:00,8.512000084,8.512000084,-9.34570339348629
6/21/2018 5:00,8.512000084,8.512000084,-9.38314385619184
6/21/2018 6:00,8.86400032,8.86400032,-9.52251495458052
6/21/2018 7:00,8.300999641,8.300999641,-9.69503819589814
6/21/2018 8:00,8.86400032,8.86400032,-9.566879758770412
6/21/2018 9:00,8.512000084,8.512000084,-9.579938526928265
6/21/2018 10:00,8.37100029,8.37100029,-9.3793650187739
6/21/2018 11:00,8.512000084,8.512000084,-9.037726528365008
6/21/2018 12:00,8.442000389,8.442000389,-9.168103187407674
6/21/2018 13:00,8.86400032,8.86400032,-8.899598892198908
6/21/2018 14:00,9.567000389,9.567000389,-8.64381760400924
6/21/2018 15:00,9.918999672,9.918999672,-8.942420061538781
6/21/2018 16:00,10.06000042,10.06000042,-8.823202473827232
6/21/2018 17:00,9.848999977,9.848999977,-8.84693996210476
6/21/2018 18:00,9.637999535,9.637999535,-9.068276801070413
6/21/2018 19:00,9.00399971,9.00399971,-9.109695619841611
6/21/2018 20:00,8.652999878,8.652999878,-9.1218520221474
6/21/2018 21:00,8.37100029,8.37100029,-9.240899181669391
6/21/2018 22:00,8.159999847,8.159999847,-9.287475918100537
6/21/2018 23:00,8.090000153,8.090000153,-9.304626615018664
6/22/2018 0:00,8.230999947,8.230999947,-9.35705559086817
6/22/2018 1:00,8.37100029,8.37100029,-9.367576215354903
6/22/2018 2:00,8.159999847,8.159999847,-9.352734331571586
6/22/2018 3:00,8.020000458,8.020000458,-9.43476897646918
6/22/2018 4:00,7.809000015,7.809000015,-9.506591030943094
6/22/2018 5:00,7.668000221,7.668000221,-9.544072825299644
6/22/2018 6:00,5.627999783,5.627999783,-9.683485255339322
6/22/2018 7:00,7.034999847,7.034999847,-9.856049828307944
6/22/2018 8:00,4.854000092,4.854000092,-9.727932722831213
6/22/2018 9:00,6.683000088,6.683000088,-9.741032822640069
6/22/2018 10:00,6.40199995,6.40199995,-9.5405006461367
6/22/2018 11:00,6.752999783,6.752999783,-9.19890348737881
6/22/2018 12:00,3.657999992,3.657999992,-9.329321478072476
6/22/2018 13:00,3.657999992,3.657999992,-9.060858514514708
6/22/2018 14:00,4.150000095,4.150000095,-8.805118557976042
6/22/2018 15:00,4.643000126,4.643000126,-9.103762347156584
6/22/2018 16:00,5.979000092,5.979000092,-8.984586091096034
6/22/2018 17:00,4.361999989,4.361999989,-9.00836491102456
6/22/2018 18:00,4.643000126,4.643000126,-9.22974308164121
6/22/2018 19:00,5.839000225,5.839000225,-9.271203232063415
6/22/2018 20:00,5.90899992,5.90899992,-9.2834009660202
6/22/2018 21:00,5.979000092,5.979000092,-9.402489457193196
6/22/2018 22:00,5.839000225,5.839000225,-9.44910752527534
6/22/2018 23:00,5.839000225,5.839000225,-9.466299553844468
6/23/2018 0:00,5.346000195,5.346000195,-9.518769861344976
6/23/2018 1:00,5.416999817,5.416999817,-9.529331817482708
6/23/2018 2:00,5.416999817,5.416999817,-9.514531265350392
6/23/2018 3:00,5.768000126,5.768000126,-9.596607241898989
6/23/2018 4:00,5.90899992,5.90899992,-9.668470628023902
6/23/2018 5:00,6.261000156,6.261000156,-9.705993754031455
6/23/2018 6:00,6.683000088,6.683000088,-9.845447515722132
6/23/2018 7:00,6.472000122,6.472000122,-10.018053420341753
6/23/2018 8:00,6.40199995,6.40199995,-9.88997764651602
6/23/2018 9:00,6.964000225,6.964000225,-9.903119077975877
6/23/2018 10:00,7.52699995,7.52699995,-9.702628233123512
6/23/2018 11:00,7.737999916,7.737999916,-9.36107240601662
6/23/2018 12:00,7.809000015,7.809000015,-9.491531728361286
6/23/2018 13:00,7.668000221,7.668000221,-9.22311009645452
6/23/2018 14:00,8.159999847,8.159999847,-8.967411471566853
6/23/2018 15:00,7.809000015,7.809000015,-9.266096592398396
6/23/2018 16:00,8.159999847,8.159999847,-9.146961667988846
6/23/2018 17:00,7.809000015,7.809000015,-9.170781819568374
6/23/2018 18:00,8.300999641,8.300999641,-9.392201321836026
6/23/2018 19:00,8.020000458,8.020000458,-9.43370280390923
6/23/2018 20:00,7.668000221,7.668000221,-9.445941869517016
6/23/2018 21:00,7.386000156,7.386000156,-9.56507169234101
6/23/2018 22:00,7.315999985,7.315999985,-9.611731092074155
6/23/2018 23:00,7.175000191,7.175000191,-9.628964452294282
6/24/2018 0:00,6.894000053,6.894000053,-9.681476091445788
6/24/2018 1:00,6.612999916,6.612999916,-9.692079379234524
6/24/2018 2:00,6.40199995,6.40199995,-9.677320158753208
6/24/2018 3:00,6.541999817,6.541999817,-9.759437466952804
6/24/2018 4:00,6.964000225,6.964000225,-9.831342184728715
6/24/2018 5:00,6.894000053,6.894000053,-9.868906642387268
6/24/2018 6:00,7.456999779,7.456999779,-10.008401735728944
6/24/2018 7:00,7.456999779,7.456999779,-10.181048971999568
6/24/2018 8:00,8.442000389,8.442000389,-10.05301452982484
6/24/2018 9:00,7.948999882,7.948999882,-10.066197292935694
6/24/2018 10:00,8.512000084,8.512000084,-9.865747779734328
6/24/2018 11:00,9.00399971,9.00399971,-9.52423328427844
6/24/2018 12:00,9.286000252,9.286000252,-9.654733938274106
6/24/2018 13:00,9.215000153,9.215000153,-9.386353638018338
6/24/2018 14:00,9.286000252,9.286000252,-9.130696344781672
6/24/2018 15:00,9.355999947,9.355999947,-9.429422797264213
6/24/2018 16:00,9.496999741,9.496999741,-9.310329204505663
6/24/2018 17:00,9.215000153,9.215000153,-9.334190687736193
6/24/2018 18:00,9.145000458,9.145000458,-9.555651521654845
6/24/2018 19:00,9.074999809,9.074999809,-9.597194335379047
6/24/2018 20:00,8.86400032,8.86400032,-9.609474732637834
6/24/2018 21:00,8.37100029,8.37100029,-9.728645887112828
6/24/2018 22:00,8.37100029,8.37100029,-9.775346618496974
6/24/2018 23:00,8.512000084,8.512000084,-9.7926213103681
6/25/2018 0:00,8.722999573,8.722999573,-9.845174281170609
6/25/2018 1:00,9.00399971,9.00399971,-9.855818900610345
6/25/2018 2:00,9.567000389,9.567000389,-9.841101011780028
6/25/2018 3:00,9.567000389,9.567000389,-9.923259651630625
6/25/2018 4:00,8.512000084,8.512000084,-9.995205701057538
6/25/2018 5:00,8.652999878,8.652999878,-10.03281149036709
6/25/2018 6:00,8.934000015,8.934000015,-10.172347915359769
6/25/2018 7:00,9.567000389,9.567000389,-10.345036483281389
6/25/2018 8:00,10.97399998,10.97399998,-10.217043372757658
6/25/2018 9:00,11.46700001,11.46700001,-10.230267467519514
6/25/2018 10:00,11.18500042,11.18500042,-10.02985928596915
6/25/2018 11:00,10.69299984,10.69299984,-9.68838612216426
6/25/2018 12:00,10.27099991,10.27099991,-9.818928107810926
6/25/2018 13:00,10.62199974,10.62199974,-9.55058913920616
6/25/2018 14:00,11.25599957,11.25599957,-9.294973177620497
6/25/2018 15:00,11.60700035,11.60700035,-9.59374096175404
6/25/2018 16:00,12.38099957,12.38099957,-9.474688700646489
6/25/2018 17:00,11.46700001,11.46700001,-9.498591515528018
6/25/2018 18:00,11.18500042,11.18500042,-9.72009368109767
6/25/2018 19:00,10.55200005,10.55200005,-9.761677826472871
6/25/2018 20:00,9.98900032,9.98900032,-9.77399955538266
6/25/2018 21:00,9.98900032,9.98900032,-9.893212041508656
6/25/2018 22:00,9.567000389,9.567000389,-9.9399541045438
6/25/2018 23:00,9.425999641,9.425999641,-9.957270128065929
6/26/2018 0:00,9.708000183,9.708000183,-10.009864430519436
6/26/2018 1:00,9.637999535,9.637999535,-10.020550381610173
6/26/2018 2:00,9.777999878,9.777999878,-10.005873824430855
6/26/2018 3:00,9.567000389,9.567000389,-10.088073795932454
6/26/2018 4:00,9.425999641,9.425999641,-10.160061177010366
6/26/2018 5:00,9.286000252,9.286000252,-10.19770829797092
6/26/2018 6:00,9.286000252,9.286000252,-10.337286054614598
6/26/2018 7:00,9.637999535,9.637999535,-10.51001595418722
6/26/2018 8:00,9.425999641,9.425999641,-10.382064175314492
6/26/2018 9:00,9.074999809,9.074999809,-10.395329601727347
6/26/2018 10:00,8.934000015,8.934000015,-10.194962751827983
6/26/2018 11:00,9.215000153,9.215000153,-9.853530919674094
6/26/2018 12:00,9.215000153,9.215000153,-9.984114236971765
6/26/2018 13:00,9.425999641,9.425999641,-9.715816600017996
6/26/2018 14:00,10.19999981,10.19999981,-9.460241970083333
6/26/2018 15:00,10.90400028,10.90400028,-9.759051085867872
6/26/2018 16:00,11.04399967,11.04399967,-9.640040156411326
6/26/2018 17:00,10.27099991,10.27099991,-9.663984302943852
6/26/2018 18:00,9.777999878,9.777999878,-9.885527800164503
6/26/2018 19:00,9.567000389,9.567000389,-9.92715327719071
