date,OT,actual,forecast
2/1/2018 16:00,3.799000025,3.799000025,3.2743316
2/1/2018 17:00,3.588000059,3.588000059,2.8704636
2/1/2018 18:00,3.799000025,3.799000025,2.7987726
2/1/2018 19:00,3.588000059,3.588000059,2.3727448
2/1/2018 20:00,3.305999994,3.305999994,2.766279
2/1/2018 21:00,3.657999992,3.657999992,3.4087222
2/1/2018 22:00,4.290999889,4.290999889,4.181476
2/1/2018 23:00,3.938999891,3.938999891,4.811438
2/2/2018 0:00,3.799000025,3.799000025,4.3755884
2/2/2018 1:00,4.361999989,4.361999989,4.4828215
2/2/2018 2:00,4.643000126,4.643000126,6.1245685
2/2/2018 3:00,4.221000195,4.221000195,4.0600715
2/2/2018 4:00,4.079999924,4.079999924,4.06181
2/2/2018 5:00,3.868999958,3.868999958,3.7567294
2/2/2018 6:00,3.938999891,3.938999891,4.066352
2/2/2018 7:00,3.727999926,3.727999926,3.6777952
2/2/2018 8:00,3.868999958,3.868999958,3.406001
2/2/2018 9:00,4.43200016,4.43200016,3.8741844
2/2/2018 10:00,3.377000093,3.377000093,4.2891555
2/2/2018 11:00,4.079999924,4.079999924,4.123303
2/2/2018 12:00,3.588000059,3.588000059,4.1974034
2/2/2018 13:00,3.447000027,3.447000027,4.4040794
2/2/2018 14:00,3.305999994,3.305999994,4.6998205
2/2/2018 15:00,3.868999958,3.868999958,4.107501
2/2/2018 16:00,3.305999994,3.305999994,4.1126995
2/2/2018 17:00,3.51699996,3.51699996,4.042097
2/2/2018 18:00,2.321000099,2.321000099,4.1163054
2/2/2018 19:00,2.039999962,2.039999962,3.8362145
2/2/2018 20:00,1.899000049,1.899000049,4.200498
2/2/2018 21:00,2.461999893,2.461999893,4.190188
2/2/2018 22:00,2.532000065,2.532000065,3.315597
2/2/2018 23:00,2.039999962,2.039999962,4.0801344
2/3/2018 0:00,2.039999962,2.039999962,3.779975
2/3/2018 1:00,0.843999982,0.843999982,3.326732
2/3/2018 2:00,0.703000009,0.703000009,3.3873105
2/3/2018 3:00,0.703000009,0.703000009,3.7941685
2/3/2018 4:00,1.337000012,1.337000012,3.3146882
2/3/2018 5:00,0.773999989,0.773999989,3.6546092
2/3/2018 6:00,0.0,0.0,2.5877798
2/3/2018 7:00,0.0,0.0,2.0995688
2/3/2018 8:00,0.0,0.0,2.0220947
2/3/2018 9:00,0.773999989,0.773999989,2.736716
2/3/2018 10:00,1.406999946,1.406999946,2.7390954
2/3/2018 11:00,2.039999962,2.039999962,2.0959737
2/3/2018 12:00,1.266000032,1.266000032,1.9469868
2/3/2018 13:00,1.970000029,1.970000029,0.9014279
2/3/2018 14:00,3.447000027,3.447000027,0.3977182
2/3/2018 15:00,3.447000027,3.447000027,0.6446767
2/3/2018 16:00,3.657999992,3.657999992,1.4713414
2/3/2018 17:00,3.236000061,3.236000061,1.0865029
2/3/2018 18:00,2.461999893,2.461999893,0.3524295
2/3/2018 19:00,2.39199996,2.39199996,0.48486403
2/3/2018 20:00,1.687999964,1.687999964,0.70071614
2/3/2018 21:00,1.266000032,1.266000032,1.3639811
2/3/2018 22:00,2.180999994,2.180999994,1.6381531
2/3/2018 23:00,0.773999989,0.773999989,2.124212
2/4/2018 0:00,1.899000049,1.899000049,1.678205
2/4/2018 1:00,1.828999996,1.828999996,2.3066492
2/4/2018 2:00,2.250999928,2.250999928,3.6075401
2/4/2018 3:00,2.039999962,2.039999962,3.6076648
2/4/2018 4:00,2.180999994,2.180999994,3.4733872
2/4/2018 5:00,2.39199996,2.39199996,3.042199
2/4/2018 6:00,1.687999964,1.687999964,2.748446
2/4/2018 7:00,1.547999978,1.547999978,2.7654076
2/4/2018 8:00,1.899000049,1.899000049,2.0022838
2/4/2018 9:00,2.673000097,2.673000097,1.61211
2/4/2018 10:00,2.884000063,2.884000063,2.3322492
2/4/2018 11:00,3.799000025,3.799000025,1.261689
2/4/2018 12:00,2.954999924,2.954999924,2.1441598
2/4/2018 13:00,3.377000093,3.377000093,2.1580083
2/4/2018 14:00,4.43200016,4.43200016,2.4290285
2/4/2018 15:00,3.868999958,3.868999958,2.3126762
2/4/2018 16:00,4.150000095,4.150000095,2.3967016
2/4/2018 17:00,4.150000095,4.150000095,2.8387911
2/4/2018 18:00,3.236000061,3.236000061,2.1678467
2/4/2018 19:00,2.884000063,2.884000063,1.7354903
2/4/2018 20:00,2.461999893,2.461999893,2.2104566
2/4/2018 21:00,3.447000027,3.447000027,3.0926049
2/4/2018 22:00,4.079999924,4.079999924,3.3102133
2/4/2018 23:00,3.588000059,3.588000059,3.9480422
2/5/2018 0:00,4.290999889,4.290999889,3.2045987
2/5/2018 1:00,3.799000025,3.799000025,3.6806614
2/5/2018 2:00,3.165999889,3.165999889,4.2645144
2/5/2018 3:00,4.079999924,4.079999924,4.085414
2/5/2018 4:00,3.095000029,3.095000029,4.1050086
2/5/2018 5:00,3.588000059,3.588000059,3.9810271
2/5/2018 6:00,2.884000063,2.884000063,3.456547
2/5/2018 7:00,3.025000095,3.025000095,3.1504624
2/5/2018 8:00,3.588000059,3.588000059,2.9081075
2/5/2018 9:00,3.447000027,3.447000027,3.5440369
2/5/2018 10:00,2.884000063,2.884000063,4.111978
2/5/2018 11:00,3.868999958,3.868999958,3.7527184
2/5/2018 12:00,2.884000063,2.884000063,4.2585444
2/5/2018 13:00,3.305999994,3.305999994,3.9694285
2/5/2018 14:00,4.501999855,4.501999855,3.4297903
2/5/2018 15:00,4.010000229,4.010000229,3.9996939
2/5/2018 16:00,4.079999924,4.079999924,3.3520396
2/5/2018 17:00,5.205999851,5.205999851,3.609805
2/5/2018 18:00,4.290999889,4.290999889,3.2161582
2/5/2018 19:00,4.290999889,4.290999889,3.3651001
2/5/2018 20:00,3.938999891,3.938999891,3.7466598
2/5/2018 21:00,4.221000195,4.221000195,3.3220432
2/5/2018 22:00,4.290999889,4.290999889,3.3454406
2/5/2018 23:00,3.799000025,3.799000025,4.000137
2/6/2018 0:00,3.938999891,3.938999891,3.2263813
2/6/2018 1:00,4.221000195,4.221000195,3.546976
2/6/2018 2:00,3.799000025,3.799000025,4.6758575
2/6/2018 3:00,3.51699996,3.51699996,4.137453
2/6/2018 4:00,4.290999889,4.290999889,4.2396135
2/6/2018 5:00,4.010000229,4.010000229,5.2624717
2/6/2018 6:00,4.010000229,4.010000229,4.298353
2/6/2018 7:00,1.547999978,1.547999978,4.215635
2/6/2018 8:00,1.19599998,1.19599998,4.1240277
2/6/2018 9:00,1.126000047,1.126000047,4.1872597
2/6/2018 10:00,1.476999998,1.476999998,4.170976
2/6/2018 11:00,1.687999964,1.687999964,3.9595926
2/6/2018 12:00,1.758999944,1.758999944,3.9713995
2/6/2018 13:00,2.461999893,2.461999893,4.2329707
2/6/2018 14:00,4.501999855,4.501999855,3.9647162
2/6/2018 15:00,3.799000025,3.799000025,3.6332304
2/6/2018 16:00,2.673000097,2.673000097,4.2054877
2/6/2018 17:00,2.673000097,2.673000097,3.9640307
2/6/2018 18:00,2.602999926,2.602999926,3.848224
2/6/2018 19:00,2.250999928,2.250999928,1.7008638
2/6/2018 20:00,2.180999994,2.180999994,1.3435988
2/6/2018 21:00,2.532000065,2.532000065,1.3528239
2/6/2018 22:00,2.602999926,2.602999926,1.7206428
2/6/2018 23:00,2.250999928,2.250999928,2.0340915
2/7/2018 0:00,1.828999996,1.828999996,2.0586267
2/7/2018 1:00,2.039999962,2.039999962,3.1352928
2/7/2018 2:00,1.970000029,1.970000029,4.5974884
2/7/2018 3:00,2.461999893,2.461999893,3.8179235
2/7/2018 4:00,2.250999928,2.250999928,2.7933946
2/7/2018 5:00,2.321000099,2.321000099,2.880667
2/7/2018 6:00,2.461999893,2.461999893,2.7565856
2/7/2018 7:00,2.602999926,2.602999926,2.2987015
2/7/2018 8:00,2.884000063,2.884000063,2.2855904
2/7/2018 9:00,3.588000059,3.588000059,2.711964
2/7/2018 10:00,4.150000095,4.150000095,2.7561035
2/7/2018 11:00,4.501999855,4.501999855,2.388183
2/7/2018 12:00,4.010000229,4.010000229,2.093824
2/7/2018 13:00,4.290999889,4.290999889,2.2366498
2/7/2018 14:00,4.572999954,4.572999954,2.1963854
2/7/2018 15:00,4.923999786,4.923999786,2.8155656
2/7/2018 16:00,4.643000126,4.643000126,2.3917494
2/7/2018 17:00,5.065000057,5.065000057,2.7861793
2/7/2018 18:00,4.994999886,4.994999886,2.8511763
2/7/2018 19:00,5.135000229,5.135000229,2.8521492
2/7/2018 20:00,5.135000229,5.135000229,3.3319738
2/7/2018 21:00,4.643000126,4.643000126,3.6640658
2/7/2018 22:00,4.643000126,4.643000126,4.1286755
2/7/2018 23:00,3.588000059,3.588000059,4.7900157
2/8/2018 0:00,1.899000049,1.899000049,4.1224284
2/8/2018 1:00,2.109999895,2.109999895,4.323679
2/8/2018 2:00,4.150000095,4.150000095,4.703433
2/8/2018 3:00,4.221000195,4.221000195,5.017127
2/8/2018 4:00,3.727999926,3.727999926,4.75446
2/8/2018 5:00,3.588000059,3.588000059,5.1656313
2/8/2018 6:00,3.727999926,3.727999926,5.15827
2/8/2018 7:00,3.165999889,3.165999889,5.2993197
2/8/2018 8:00,3.025000095,3.025000095,5.2280235
2/8/2018 9:00,2.180999994,2.180999994,4.7296686
2/8/2018 10:00,2.532000065,2.532000065,4.6769753
2/8/2018 11:00,2.884000063,2.884000063,3.557068
2/8/2018 12:00,3.025000095,3.025000095,2.3577836
2/8/2018 13:00,2.884000063,2.884000063,2.5075393
2/8/2018 14:00,3.938999891,3.938999891,4.087319
2/8/2018 15:00,3.588000059,3.588000059,4.087494
2/8/2018 16:00,3.447000027,3.447000027,3.663121
2/8/2018 17:00,3.868999958,3.868999958,3.6144893
2/8/2018 18:00,3.377000093,3.377000093,3.559632
2/8/2018 19:00,2.813999891,2.813999891,3.235027
2/8/2018 20:00,2.743999958,2.743999958,3.2118392
2/8/2018 21:00,2.884000063,2.884000063,2.439469
2/8/2018 22:00,2.813999891,2.813999891,2.818457
2/8/2018 23:00,2.602999926,2.602999926,3.107849
2/9/2018 0:00,2.813999891,2.813999891,3.14098
2/9/2018 1:00,2.602999926,2.602999926,3.2402718
2/9/2018 2:00,2.954999924,2.954999924,4.064269
2/9/2018 3:00,2.884000063,2.884000063,3.6732607
2/9/2018 4:00,3.377000093,3.377000093,3.609366
2/9/2018 5:00,3.305999994,3.305999994,4.054557
2/9/2018 6:00,3.305999994,3.305999994,3.4868102
2/9/2018 7:00,3.305999994,3.305999994,2.9875145
2/9/2018 8:00,3.377000093,3.377000093,2.989207
2/9/2018 9:00,3.588000059,3.588000059,3.1751184
2/9/2018 10:00,3.727999926,3.727999926,3.1361268
2/9/2018 11:00,4.643000126,4.643000126,2.7905738
2/9/2018 12:00,5.697999954,5.697999954,3.0787597
2/9/2018 13:00,5.486999989,5.486999989,2.7892787
2/9/2018 14:00,5.768000126,5.768000126,3.1831856
2/9/2018 15:00,5.768000126,5.768000126,3.3274717
2/9/2018 16:00,5.768000126,5.768000126,3.5348344
2/9/2018 17:00,5.768000126,5.768000126,3.6063054
2/9/2018 18:00,5.627999783,5.627999783,3.6897063
2/9/2018 19:00,5.346000195,5.346000195,3.5826113
2/9/2018 20:00,5.839000225,5.839000225,3.5790179
2/9/2018 21:00,5.697999954,5.697999954,3.7350488
2/9/2018 22:00,5.416999817,5.416999817,3.8980772
2/9/2018 23:00,5.768000126,5.768000126,4.9190273
2/10/2018 0:00,5.839000225,5.839000225,5.7428865
2/10/2018 1:00,5.90899992,5.90899992,5.725222
2/10/2018 2:00,6.190999985,6.190999985,5.891213
2/10/2018 3:00,5.697999954,5.697999954,5.8695693
2/10/2018 4:00,4.712999821,4.712999821,5.890002
2/10/2018 5:00,4.643000126,4.643000126,5.885356
2/10/2018 6:00,3.095000029,3.095000029,5.689243
2/10/2018 7:00,2.813999891,2.813999891,5.407164
2/10/2018 8:00,3.447000027,3.447000027,5.8321047
2/10/2018 9:00,2.321000099,2.321000099,5.737618
2/10/2018 10:00,1.899000049,1.899000049,5.3204975
2/10/2018 11:00,2.250999928,2.250999928,5.8059325
2/10/2018 12:00,3.025000095,3.025000095,5.8429203
2/10/2018 13:00,3.025000095,3.025000095,5.812038
2/10/2018 14:00,3.938999891,3.938999891,6.1030293
2/10/2018 15:00,3.236000061,3.236000061,5.6810665
2/10/2018 16:00,3.727999926,3.727999926,4.9129944
2/10/2018 17:00,4.150000095,4.150000095,4.6447616
2/10/2018 18:00,4.221000195,4.221000195,3.2005098
2/10/2018 19:00,3.727999926,3.727999926,2.9894896
2/10/2018 20:00,3.799000025,3.799000025,3.4732158
2/10/2018 21:00,3.868999958,3.868999958,2.8072639
2/10/2018 22:00,3.095000029,3.095000029,2.382475
2/10/2018 23:00,1.337000012,1.337000012,2.4128458
2/11/2018 0:00,2.532000065,2.532000065,3.2124224
2/11/2018 1:00,3.095000029,3.095000029,3.2840064
2/11/2018 2:00,4.290999889,4.290999889,3.8428261
2/11/2018 3:00,3.938999891,3.938999891,3.3831587
2/11/2018 4:00,3.868999958,3.868999958,3.9934092
2/11/2018 5:00,3.657999992,3.657999992,3.9947243
2/11/2018 6:00,2.673000097,2.673000097,4.245317
2/11/2018 7:00,3.095000029,3.095000029,3.9333432
2/11/2018 8:00,4.079999924,4.079999924,4.005805
2/11/2018 9:00,3.377000093,3.377000093,3.8922067
2/11/2018 10:00,2.813999891,2.813999891,3.2461898
2/11/2018 11:00,3.377000093,3.377000093,1.7461418
2/11/2018 12:00,2.954999924,2.954999924,2.8371258
2/11/2018 13:00,2.743999958,2.743999958,3.3286927
2/11/2018 14:00,3.447000027,3.447000027,4.258934
2/11/2018 15:00,3.095000029,3.095000029,4.0704465
2/11/2018 16:00,3.095000029,3.095000029,4.070271
2/11/2018 17:00,2.461999893,2.461999893,3.6080215
2/11/2018 18:00,1.970000029,1.970000029,2.87527
2/11/2018 19:00,3.095000029,3.095000029,3.316537
2/11/2018 20:00,1.899000049,1.899000049,4.028236
2/11/2018 21:00,2.743999958,2.743999958,3.280102
2/11/2018 22:00,3.657999992,3.657999992,3.1463413
2/11/2018 23:00,3.165999889,3.165999889,3.2933772
2/12/2018 0:00,3.095000029,3.095000029,3.2152543
2/12/2018 1:00,3.095000029,3.095000029,3.1714787
2/12/2018 2:00,2.743999958,2.743999958,3.277875
2/12/2018 3:00,2.743999958,2.743999958,3.2454078
2/12/2018 4:00,2.884000063,2.884000063,3.2161348
2/12/2018 5:00,2.884000063,2.884000063,2.8527246
2/12/2018 6:00,2.673000097,2.673000097,2.2453775
2/12/2018 7:00,2.532000065,2.532000065,3.2655146
2/12/2018 8:00,1.618000031,1.618000031,2.2957225
2/12/2018 9:00,1.758999944,1.758999944,3.2651973
2/12/2018 10:00,1.054999948,1.054999948,3.4529245
2/12/2018 11:00,1.618000031,1.618000031,3.1738362
2/12/2018 12:00,1.337000012,1.337000012,3.2077003
2/12/2018 13:00,1.899000049,1.899000049,3.1301603
2/12/2018 14:00,3.236000061,3.236000061,3.0853975
2/12/2018 15:00,2.602999926,2.602999926,2.9244425
2/12/2018 16:00,2.532000065,2.532000065,3.1570287
2/12/2018 17:00,2.180999994,2.180999994,3.1255054
2/12/2018 18:00,2.532000065,2.532000065,2.810069
2/12/2018 19:00,3.095000029,3.095000029,2.7410038
2/12/2018 20:00,3.51699996,3.51699996,1.889928
2/12/2018 21:00,3.799000025,3.799000025,1.9224138
2/12/2018 22:00,3.799000025,3.799000025,1.4118967
2/12/2018 23:00,4.150000095,4.150000095,1.9749326
2/13/2018 0:00,4.290999889,4.290999889,1.8048558
2/13/2018 1:00,4.290999889,4.290999889,2.2649016
2/13/2018 2:00,4.079999924,4.079999924,3.2863202
2/13/2018 3:00,3.305999994,3.305999994,2.831903
2/13/2018 4:00,3.799000025,3.799000025,2.832337
2/13/2018 5:00,3.447000027,3.447000027,2.2917886
2/13/2018 6:00,3.588000059,3.588000059,2.8188572
2/13/2018 7:00,3.305999994,3.305999994,3.3797143
2/13/2018 8:00,3.588000059,3.588000059,3.5673652
2/13/2018 9:00,4.079999924,4.079999924,4.0102177
2/13/2018 10:00,4.923999786,4.923999786,4.0439277
2/13/2018 11:00,5.697999954,5.697999954,4.1323514
2/13/2018 12:00,4.994999886,4.994999886,4.3530216
2/13/2018 13:00,4.994999886,4.994999886,4.2838645
2/13/2018 14:00,5.768000126,5.768000126,4.063965
2/13/2018 15:00,6.190999985,6.190999985,3.6215122
2/13/2018 16:00,6.330999851,6.330999851,4.031718
2/13/2018 17:00,6.050000191,6.050000191,3.5718243
2/13/2018 18:00,6.612999916,6.612999916,3.6668417
2/13/2018 19:00,6.050000191,6.050000191,3.6107213
2/13/2018 20:00,5.697999954,5.697999954,3.676032
2/13/2018 21:00,6.119999886,6.119999886,4.1379056
2/13/2018 22:00,6.050000191,6.050000191,5.042481
2/13/2018 23:00,6.472000122,6.472000122,5.761515
2/14/2018 0:00,6.40199995,6.40199995,5.066938
2/14/2018 1:00,6.472000122,6.472000122,5.098506
2/14/2018 2:00,5.55700016,5.55700016,5.904775
2/14/2018 3:00,6.40199995,6.40199995,6.3261366
2/14/2018 4:00,6.261000156,6.261000156,6.3519096
2/14/2018 5:00,5.55700016,5.55700016,6.2891374
2/14/2018 6:00,5.627999783,5.627999783,6.6027055
2/14/2018 7:00,4.923999786,4.923999786,6.222354
2/14/2018 8:00,5.90899992,5.90899992,5.846201
2/14/2018 9:00,6.472000122,6.472000122,6.249868
2/14/2018 10:00,6.752999783,6.752999783,6.31704
2/14/2018 11:00,6.964000225,6.964000225,6.4722834
2/14/2018 12:00,6.752999783,6.752999783,6.513287
2/14/2018 13:00,7.668000221,7.668000221,6.3764586
2/14/2018 14:00,7.386000156,7.386000156,5.648407
2/14/2018 15:00,7.456999779,7.456999779,6.5565233
2/14/2018 16:00,7.456999779,7.456999779,6.3552165
2/14/2018 17:00,7.456999779,7.456999779,5.516703
2/14/2018 18:00,6.40199995,6.40199995,5.8683376
2/14/2018 19:00,7.105000019,7.105000019,5.141711
2/14/2018 20:00,7.315999985,7.315999985,6.040218
2/14/2018 21:00,7.315999985,7.315999985,6.569804
2/14/2018 22:00,7.175000191,7.175000191,6.6387386
2/14/2018 23:00,6.683000088,6.683000088,7.041976
2/15/2018 0:00,7.386000156,7.386000156,6.833067
2/15/2018 1:00,5.90899992,5.90899992,7.715589
2/15/2018 2:00,3.799000025,3.799000025,7.440323
2/15/2018 3:00,3.727999926,3.727999926,7.5111012
2/15/2018 4:00,3.236000061,3.236000061,7.4124646
2/15/2018 5:00,3.588000059,3.588000059,7.3133755
2/15/2018 6:00,3.447000027,3.447000027,6.491182
2/15/2018 7:00,3.236000061,3.236000061,7.117017
2/15/2018 8:00,2.884000063,2.884000063,7.132847
2/15/2018 9:00,2.884000063,2.884000063,7.083909
2/15/2018 10:00,2.884000063,2.884000063,7.1587105
2/15/2018 11:00,2.813999891,2.813999891,6.5938725
2/15/2018 12:00,2.813999891,2.813999891,7.1573987
2/15/2018 13:00,3.095000029,3.095000029,5.7316794
2/15/2018 14:00,3.095000029,3.095000029,3.936679
2/15/2018 15:00,3.165999889,3.165999889,3.7084324
2/15/2018 16:00,3.657999992,3.657999992,3.3673906
2/15/2018 17:00,3.236000061,3.236000061,3.6091912
2/15/2018 18:00,2.602999926,2.602999926,3.4753206
2/15/2018 19:00,2.532000065,2.532000065,3.2628276
2/15/2018 20:00,3.025000095,3.025000095,3.1769586
2/15/2018 21:00,3.236000061,3.236000061,3.162273
2/15/2018 22:00,3.447000027,3.447000027,3.168839
2/15/2018 23:00,3.305999994,3.305999994,3.1426878
2/16/2018 0:00,3.025000095,3.025000095,3.1335723
2/16/2018 1:00,3.447000027,3.447000027,3.2398794
2/16/2018 2:00,3.305999994,3.305999994,3.2383585
2/16/2018 3:00,3.657999992,3.657999992,3.3744388
2/16/2018 4:00,3.447000027,3.447000027,3.5440936
2/16/2018 5:00,3.305999994,3.305999994,3.2603304
2/16/2018 6:00,3.799000025,3.799000025,2.825483
2/16/2018 7:00,4.150000095,4.150000095,2.8208115
2/16/2018 8:00,3.095000029,3.095000029,3.1625917
2/16/2018 9:00,3.51699996,3.51699996,3.3247845
2/16/2018 10:00,3.377000093,3.377000093,3.5598648
2/16/2018 11:00,4.43200016,4.43200016,3.473351
2/16/2018 12:00,5.135000229,5.135000229,3.2537253
2/16/2018 13:00,5.416999817,5.416999817,3.5888155
2/16/2018 14:00,5.697999954,5.697999954,3.6011145
2/16/2018 15:00,5.697999954,5.697999954,3.6925883
2/16/2018 16:00,5.55700016,5.55700016,3.6045773
2/16/2018 17:00,5.205999851,5.205999851,3.5937135
2/16/2018 18:00,5.416999817,5.416999817,4.0945477
2/16/2018 19:00,5.135000229,5.135000229,3.9512484
2/16/2018 20:00,4.923999786,4.923999786,3.3434877
2/16/2018 21:00,4.994999886,4.994999886,3.6940799
2/16/2018 22:00,4.923999786,4.923999786,3.519943
2/16/2018 23:00,5.135000229,5.135000229,4.473879
2/17/2018 0:00,4.572999954,4.572999954,5.242889
2/17/2018 1:00,4.010000229,4.010000229,5.319424
2/17/2018 2:00,4.150000095,4.150000095,5.6532593
2/17/2018 3:00,4.994999886,4.994999886,5.659538
2/17/2018 4:00,4.361999989,4.361999989,5.576872
2/17/2018 5:00,4.221000195,4.221000195,5.22904
2/17/2018 6:00,3.377000093,3.377000093,5.555741
2/17/2018 7:00,2.039999962,2.039999962,5.3034306
2/17/2018 8:00,2.250999928,2.250999928,5.02653
2/17/2018 9:00,1.828999996,1.828999996,5.05215
2/17/2018 10:00,2.180999994,2.180999994,5.0084615
2/17/2018 11:00,2.954999924,2.954999924,5.210655
2/17/2018 12:00,2.884000063,2.884000063,4.710361
2/17/2018 13:00,3.377000093,3.377000093,3.9500804
2/17/2018 14:00,4.290999889,4.290999889,4.0955215
2/17/2018 15:00,4.221000195,4.221000195,4.954779
2/17/2018 16:00,4.150000095,4.150000095,4.3525567
2/17/2018 17:00,3.236000061,3.236000061,3.9386911
2/17/2018 18:00,2.743999958,2.743999958,3.482303
2/17/2018 19:00,2.602999926,2.602999926,2.237863
2/17/2018 20:00,2.602999926,2.602999926,2.4775724
2/17/2018 21:00,2.532000065,2.532000065,2.086818
2/17/2018 22:00,2.461999893,2.461999893,2.3390374
2/17/2018 23:00,2.39199996,2.39199996,3.2006202
2/18/2018 0:00,2.109999895,2.109999895,3.3013358
2/18/2018 1:00,2.180999994,2.180999994,3.6081178
2/18/2018 2:00,2.250999928,2.250999928,4.2843966
2/18/2018 3:00,2.532000065,2.532000065,3.907176
2/18/2018 4:00,3.095000029,3.095000029,3.824104
2/18/2018 5:00,3.799000025,3.799000025,3.3724763
2/18/2018 6:00,2.250999928,2.250999928,3.072109
2/18/2018 7:00,4.150000095,4.150000095,2.903012
2/18/2018 8:00,4.290999889,4.290999889,2.8493876
2/18/2018 9:00,4.854000092,4.854000092,2.7772744
2/18/2018 10:00,5.065000057,5.065000057,2.9012303
2/18/2018 11:00,4.994999886,4.994999886,2.5348706
2/18/2018 12:00,4.643000126,4.643000126,2.3950515
2/18/2018 13:00,4.501999855,4.501999855,2.4274967
2/18/2018 14:00,2.743999958,2.743999958,2.532164
2/18/2018 15:00,2.39199996,2.39199996,2.9090843
2/18/2018 16:00,3.025000095,3.025000095,3.2429922
2/18/2018 17:00,1.547999978,1.547999978,3.8667653
2/18/2018 18:00,2.039999962,2.039999962,2.5804732
2/18/2018 19:00,2.673000097,2.673000097,4.007251
2/18/2018 20:00,2.602999926,2.602999926,4.3651953
2/18/2018 21:00,2.250999928,2.250999928,4.937076
2/18/2018 22:00,2.039999962,2.039999962,5.043704
2/18/2018 23:00,1.337000012,1.337000012,4.988869
2/19/2018 0:00,2.039999962,2.039999962,4.7003245
2/19/2018 1:00,2.321000099,2.321000099,4.5024896
2/19/2018 2:00,2.954999924,2.954999924,2.8392293
2/19/2018 3:00,3.727999926,3.727999926,2.5063136
2/19/2018 4:00,3.236000061,3.236000061,3.1330056
2/19/2018 5:00,2.954999924,2.954999924,1.8555936
2/19/2018 6:00,3.095000029,3.095000029,2.2174737
2/19/2018 7:00,2.39199996,2.39199996,2.830805
2/19/2018 8:00,2.39199996,2.39199996,2.8062599
2/19/2018 9:00,1.547999978,1.547999978,2.7129867
2/19/2018 10:00,0.563000023,0.563000023,2.1917448
2/19/2018 11:00,0.773999989,0.773999989,1.7683548
2/19/2018 12:00,2.39199996,2.39199996,2.2448952
2/19/2018 13:00,2.109999895,2.109999895,2.6103544
2/19/2018 14:00,2.954999924,2.954999924,3.2459466
2/19/2018 15:00,2.954999924,2.954999924,3.7177708
2/19/2018 16:00,2.884000063,2.884000063,3.208174
2/19/2018 17:00,3.025000095,3.025000095,3.1673367
2/19/2018 18:00,3.025000095,3.025000095,3.1990929
2/19/2018 19:00,3.51699996,3.51699996,2.5622137
2/19/2018 20:00,3.305999994,3.305999994,2.4483035
2/19/2018 21:00,3.657999992,3.657999992,1.4455966
2/19/2018 22:00,3.447000027,3.447000027,0.8199111
2/19/2018 23:00,3.727999926,3.727999926,1.4520913
2/20/2018 0:00,3.799000025,3.799000025,2.570202
2/20/2018 1:00,4.079999924,4.079999924,2.3452678
2/20/2018 2:00,3.447000027,3.447000027,3.1822112
2/20/2018 3:00,3.657999992,3.657999992,3.1934233
2/20/2018 4:00,3.236000061,3.236000061,3.1733196
2/20/2018 5:00,3.51699996,3.51699996,3.1797843
2/20/2018 6:00,2.813999891,2.813999891,3.3020346
2/20/2018 7:00,2.461999893,2.461999893,3.807465
2/20/2018 8:00,2.673000097,2.673000097,3.428918
2/20/2018 9:00,2.673000097,2.673000097,3.8004503
2/20/2018 10:00,1.970000029,1.970000029,3.4009674
2/20/2018 11:00,0.703000009,0.703000009,3.8059032
2/20/2018 12:00,0.0,0.0,3.9667659
2/20/2018 13:00,0.0,0.0,3.9181488
2/20/2018 14:00,0.0,0.0,3.3529825
2/20/2018 15:00,0.633000016,0.633000016,3.5308938
2/20/2018 16:00,0.0,0.0,3.2366354
2/20/2018 17:00,0.0,0.0,3.4418633
2/20/2018 18:00,0.0,0.0,2.9813876
2/20/2018 19:00,0.0,0.0,2.7076719
2/20/2018 20:00,0.0,0.0,2.6960928
2/20/2018 21:00,1.899000049,1.899000049,2.5087767
2/20/2018 22:00,2.180999994,2.180999994,1.8013426
2/20/2018 23:00,2.321000099,2.321000099,0.29119658
2/21/2018 0:00,2.532000065,2.532000065,0.27153784
2/21/2018 1:00,2.461999893,2.461999893,0.30998534
2/21/2018 2:00,2.813999891,2.813999891,0.31086186
2/21/2018 3:00,2.461999893,2.461999893,0.36862072
2/21/2018 4:00,2.602999926,2.602999926,0.3275949
2/21/2018 5:00,2.532000065,2.532000065,0.37807545
2/21/2018 6:00,2.461999893,2.461999893,0.33831275
2/21/2018 7:00,2.673000097,2.673000097,0.5456941
2/21/2018 8:00,2.813999891,2.813999891,0.75883305
2/21/2018 9:00,2.743999958,2.743999958,2.1263824
2/21/2018 10:00,2.743999958,2.743999958,2.4295802
2/21/2018 11:00,2.884000063,2.884000063,2.4346375
2/21/2018 12:00,2.602999926,2.602999926,2.818112
2/21/2018 13:00,2.743999958,2.743999958,2.7601821
2/21/2018 14:00,2.532000065,2.532000065,3.1172547
2/21/2018 15:00,2.954999924,2.954999924,2.7886138
2/21/2018 16:00,2.884000063,2.884000063,2.804255
2/21/2018 17:00,3.165999889,3.165999889,2.806996
2/21/2018 18:00,3.236000061,3.236000061,2.8071728
2/21/2018 19:00,3.868999958,3.868999958,2.820238
2/21/2018 20:00,4.221000195,4.221000195,3.07078
2/21/2018 21:00,5.346000195,5.346000195,3.0712764
2/21/2018 22:00,5.346000195,5.346000195,3.0471528
2/21/2018 23:00,5.205999851,5.205999851,3.1305256
2/22/2018 0:00,5.205999851,5.205999851,2.832412
2/22/2018 1:00,5.486999989,5.486999989,3.03872
2/22/2018 2:00,5.205999851,5.205999851,2.8658543
2/22/2018 3:00,4.854000092,4.854000092,3.171812
2/22/2018 4:00,4.923999786,4.923999786,3.12636
2/22/2018 5:00,4.994999886,4.994999886,3.4721482
2/22/2018 6:00,4.78399992,4.78399992,3.5631769
2/22/2018 7:00,4.78399992,4.78399992,3.9876542
2/22/2018 8:00,5.205999851,5.205999851,4.471536
2/22/2018 9:00,5.276000023,5.276000023,5.530136
2/22/2018 10:00,4.643000126,4.643000126,5.5263004
2/22/2018 11:00,5.346000195,5.346000195,5.237575
2/22/2018 12:00,4.923999786,4.923999786,5.2189097
2/22/2018 13:00,4.361999989,4.361999989,5.550808
2/22/2018 14:00,5.55700016,5.55700016,5.1628036
2/22/2018 15:00,4.78399992,4.78399992,4.9851594
2/22/2018 16:00,4.43200016,4.43200016,5.060132
2/22/2018 17:00,4.43200016,4.43200016,5.0443716
2/22/2018 18:00,5.55700016,5.55700016,4.890269
2/22/2018 19:00,4.643000126,4.643000126,4.9491053
2/22/2018 20:00,4.854000092,4.854000092,5.1732707
2/22/2018 21:00,5.416999817,5.416999817,5.149419
2/22/2018 22:00,5.276000023,5.276000023,4.8397408
2/22/2018 23:00,5.697999954,5.697999954,5.49853
2/23/2018 0:00,5.697999954,5.697999954,5.0306053
2/23/2018 1:00,4.994999886,4.994999886,4.439412
2/23/2018 2:00,4.994999886,4.994999886,5.4772925
2/23/2018 3:00,5.276000023,5.276000023,4.9344444
2/23/2018 4:00,4.501999855,4.501999855,4.417393
2/23/2018 5:00,4.501999855,4.501999855,4.420005
2/23/2018 6:00,4.221000195,4.221000195,5.4334745
2/23/2018 7:00,3.938999891,3.938999891,4.841496
2/23/2018 8:00,4.854000092,4.854000092,4.9661813
2/23/2018 9:00,4.643000126,4.643000126,5.4479575
2/23/2018 10:00,5.839000225,5.839000225,5.3813534
2/23/2018 11:00,5.768000126,5.768000126,5.795623
2/23/2018 12:00,5.627999783,5.627999783,5.822359
2/23/2018 13:00,4.854000092,4.854000092,4.9966483
2/23/2018 14:00,8.37100029,8.37100029,4.9920917
2/23/2018 15:00,6.894000053,6.894000053,5.346224
2/23/2018 16:00,7.386000156,7.386000156,4.821944
2/23/2018 17:00,7.105000019,7.105000019,4.7183614
2/23/2018 18:00,7.737999916,7.737999916,4.3474984
2/23/2018 19:00,6.894000053,6.894000053,4.184805
2/23/2018 20:00,6.119999886,6.119999886,5.0130925
2/23/2018 21:00,5.768000126,5.768000126,4.954471
2/23/2018 22:00,5.346000195,5.346000195,5.9251156
2/23/2018 23:00,5.135000229,5.135000229,5.798474
2/24/2018 0:00,5.486999989,5.486999989,5.5451913
2/24/2018 1:00,4.994999886,4.994999886,5.4018564
2/24/2018 2:00,5.065000057,5.065000057,8.19943
2/24/2018 3:00,4.923999786,4.923999786,6.916073
2/24/2018 4:00,4.854000092,4.854000092,7.337489
2/24/2018 5:00,4.854000092,4.854000092,7.206233
2/24/2018 6:00,5.416999817,5.416999817,7.5676126
2/24/2018 7:00,4.361999989,4.361999989,6.8343205
2/24/2018 8:00,5.135000229,5.135000229,6.1963396
2/24/2018 9:00,5.346000195,5.346000195,5.8910503
2/24/2018 10:00,6.330999851,6.330999851,5.3649187
2/24/2018 11:00,5.205999851,5.205999851,5.383811
2/24/2018 12:00,4.572999954,4.572999954,5.368614
2/24/2018 13:00,4.361999989,4.361999989,5.006374
2/24/2018 14:00,4.994999886,4.994999886,5.352757
2/24/2018 15:00,4.994999886,4.994999886,4.9531565
2/24/2018 16:00,4.43200016,4.43200016,4.9817424
2/24/2018 17:00,4.78399992,4.78399992,5.038948
2/24/2018 18:00,5.979000092,5.979000092,5.3913383
2/24/2018 19:00,5.768000126,5.768000126,4.404734
2/24/2018 20:00,5.627999783,5.627999783,5.246862
2/24/2018 21:00,5.486999989,5.486999989,5.68748
2/24/2018 22:00,4.361999989,4.361999989,6.1909823
2/24/2018 23:00,4.643000126,4.643000126,5.1309733
2/25/2018 0:00,3.868999958,3.868999958,4.717652
2/25/2018 1:00,3.868999958,3.868999958,4.372465
2/25/2018 2:00,3.305999994,3.305999994,5.073119
2/25/2018 3:00,3.447000027,3.447000027,5.00262
2/25/2018 4:00,3.305999994,3.305999994,4.336325
2/25/2018 5:00,2.743999958,2.743999958,5.197965
2/25/2018 6:00,3.165999889,3.165999889,5.918457
2/25/2018 7:00,4.079999924,4.079999924,5.9185743
2/25/2018 8:00,3.657999992,3.657999992,5.5792165
2/25/2018 9:00,2.813999891,2.813999891,5.4393835
2/25/2018 10:00,3.305999994,3.305999994,4.2955933
2/25/2018 11:00,4.43200016,4.43200016,4.652325
2/25/2018 12:00,5.205999851,5.205999851,4.0211086
2/25/2018 13:00,4.994999886,4.994999886,3.9232364
2/25/2018 14:00,5.276000023,5.276000023,3.5653412
2/25/2018 15:00,5.205999851,5.205999851,3.4841933
2/25/2018 16:00,4.854000092,4.854000092,3.4167025
2/25/2018 17:00,5.55700016,5.55700016,3.0944786
2/25/2018 18:00,5.979000092,5.979000092,3.5373425
2/25/2018 19:00,4.994999886,4.994999886,3.9709628
2/25/2018 20:00,5.346000195,5.346000195,3.4696512
2/25/2018 21:00,5.205999851,5.205999851,3.1096532
2/25/2018 22:00,5.135000229,5.135000229,3.5707502
2/25/2018 23:00,4.923999786,4.923999786,4.4746275
2/26/2018 0:00,5.135000229,5.135000229,5.191369
2/26/2018 1:00,4.643000126,4.643000126,5.07822
2/26/2018 2:00,4.501999855,4.501999855,5.172823
2/26/2018 3:00,4.572999954,4.572999954,5.1849217
2/26/2018 4:00,4.643000126,4.643000126,5.1609015
2/26/2018 5:00,4.501999855,4.501999855,5.602763
2/26/2018 6:00,4.150000095,4.150000095,5.850453
2/26/2018 7:00,4.572999954,4.572999954,5.1258173
2/26/2018 8:00,4.712999821,4.712999821,5.530751
2/26/2018 9:00,5.346000195,5.346000195,5.1749277
2/26/2018 10:00,6.190999985,6.190999985,5.117844
2/26/2018 11:00,6.330999851,6.330999851,5.0616913
2/26/2018 12:00,5.979000092,5.979000092,5.087374
2/26/2018 13:00,6.752999783,6.752999783,4.831609
2/26/2018 14:00,7.809000015,7.809000015,4.817821
2/26/2018 15:00,8.159999847,8.159999847,4.8521748
2/26/2018 16:00,8.230999947,8.230999947,4.875145
2/26/2018 17:00,8.37100029,8.37100029,4.799127
2/26/2018 18:00,8.159999847,8.159999847,4.159461
2/26/2018 19:00,7.315999985,7.315999985,4.901074
2/26/2018 20:00,6.40199995,6.40199995,4.9868402
2/26/2018 21:00,6.119999886,6.119999886,5.67355
2/26/2018 22:00,5.768000126,5.768000126,6.387697
2/26/2018 23:00,5.839000225,5.839000225,6.3361316
2/27/2018 0:00,5.697999954,5.697999954,6.0978193
2/27/2018 1:00,5.416999817,5.416999817,6.884942
2/27/2018 2:00,5.768000126,5.768000126,7.6849627
2/27/2018 3:00,5.346000195,5.346000195,8.03078
2/27/2018 4:00,5.627999783,5.627999783,8.310904
2/27/2018 5:00,4.994999886,4.994999886,8.275856
2/27/2018 6:00,5.205999851,5.205999851,7.884967
2/27/2018 7:00,5.135000229,5.135000229,7.1620903
2/27/2018 8:00,5.55700016,5.55700016,6.432083
2/27/2018 9:00,5.135000229,5.135000229,6.223344
2/27/2018 10:00,5.346000195,5.346000195,5.9471097
2/27/2018 11:00,5.346000195,5.346000195,5.9203362
2/27/2018 12:00,6.330999851,6.330999851,5.855476
2/27/2018 13:00,7.456999779,7.456999779,5.5543294
2/27/2018 14:00,7.245999813,7.245999813,5.8806157
2/27/2018 15:00,7.315999985,7.315999985,5.5414963
2/27/2018 16:00,7.668000221,7.668000221,5.530736
2/27/2018 17:00,7.315999985,7.315999985,5.210346
2/27/2018 18:00,5.697999954,5.697999954,5.2276025
2/27/2018 19:00,4.854000092,4.854000092,5.2176166
2/27/2018 20:00,3.165999889,3.165999889,5.5786147
2/27/2018 21:00,1.828999996,1.828999996,5.218628
2/27/2018 22:00,1.476999998,1.476999998,5.5446067
2/27/2018 23:00,2.39199996,2.39199996,5.7218785
2/28/2018 0:00,2.39199996,2.39199996,6.4846864
2/28/2018 1:00,2.884000063,2.884000063,7.4554734
2/28/2018 2:00,3.588000059,3.588000059,7.14588
2/28/2018 3:00,3.377000093,3.377000093,7.204968
2/28/2018 4:00,2.743999958,2.743999958,7.5652113
2/28/2018 5:00,3.165999889,3.165999889,6.9378467
2/28/2018 6:00,3.095000029,3.095000029,5.48116
2/28/2018 7:00,3.025000095,3.025000095,4.808755
2/28/2018 8:00,2.109999895,2.109999895,3.4071326
2/28/2018 9:00,1.266000032,1.266000032,2.2060509
2/28/2018 10:00,2.039999962,2.039999962,1.6888875
2/28/2018 11:00,1.970000029,1.970000029,2.7138171
2/28/2018 12:00,2.743999958,2.743999958,2.6706443
2/28/2018 13:00,3.025000095,3.025000095,3.1955845
2/28/2018 14:00,3.025000095,3.025000095,3.4490955
2/28/2018 15:00,3.868999958,3.868999958,3.3934915
2/28/2018 16:00,4.501999855,4.501999855,3.0463636
2/28/2018 17:00,5.205999851,5.205999851,3.345495
2/28/2018 18:00,5.839000225,5.839000225,3.1859777
2/28/2018 19:00,5.768000126,5.768000126,3.1381001
2/28/2018 20:00,5.276000023,5.276000023,2.221922
2/28/2018 21:00,4.994999886,4.994999886,1.7274464
2/28/2018 22:00,5.697999954,5.697999954,2.1637754
2/28/2018 23:00,5.979000092,5.979000092,2.2156918
3/1/2018 0:00,5.486999989,5.486999989,3.0803475
3/1/2018 1:00,5.346000195,5.346000195,3.18288
3/1/2018 2:00,5.627999783,5.627999783,3.293082
3/1/2018 3:00,5.768000126,5.768000126,4.1096373
3/1/2018 4:00,4.923999786,4.923999786,4.841231
3/1/2018 5:00,5.697999954,5.697999954,5.451813
3/1/2018 6:00,5.839000225,5.839000225,5.905028
3/1/2018 7:00,4.150000095,4.150000095,5.900226
3/1/2018 8:00,4.361999989,4.361999989,5.3463697
3/1/2018 9:00,4.572999954,4.572999954,5.005859
3/1/2018 10:00,4.43200016,4.43200016,5.6354284
3/1/2018 11:00,4.572999954,4.572999954,5.881044
3/1/2018 12:00,4.221000195,4.221000195,5.4648046
3/1/2018 13:00,3.51699996,3.51699996,5.472797
3/1/2018 14:00,3.236000061,3.236000061,5.5165596
3/1/2018 15:00,3.095000029,3.095000029,5.8819585
3/1/2018 16:00,2.884000063,2.884000063,5.0243974
3/1/2018 17:00,2.602999926,2.602999926,5.631807
3/1/2018 18:00,2.954999924,2.954999924,5.7282033
3/1/2018 19:00,2.461999893,2.461999893,4.136377
3/1/2018 20:00,2.743999958,2.743999958,4.3823447
3/1/2018 21:00,2.109999895,2.109999895,4.771988
3/1/2018 22:00,2.321000099,2.321000099,4.31937
3/1/2018 23:00,2.673000097,2.673000097,4.6895685
3/2/2018 0:00,2.180999994,2.180999994,3.982184
3/2/2018 1:00,0.0,0.0,3.418904
3/2/2018 2:00,0.843999982,0.843999982,3.324832
3/2/2018 3:00,-0.492000014,-0.492000014,3.1161225
3/2/2018 4:00,0.985000014,0.985000014,3.0838466
3/2/2018 5:00,2.039999962,2.039999962,2.7490737
3/2/2018 6:00,2.039999962,2.039999962,3.0826113
3/2/2018 7:00,1.687999964,1.687999964,2.72861
3/2/2018 8:00,1.758999944,1.758999944,2.7614048
3/2/2018 9:00,1.899000049,1.899000049,2.1423037
3/2/2018 10:00,2.321000099,2.321000099,2.3496041
3/2/2018 11:00,2.321000099,2.321000099,2.6256227
3/2/2018 12:00,2.884000063,2.884000063,2.1024852
3/2/2018 13:00,3.165999889,3.165999889,0.5649373
3/2/2018 14:00,3.165999889,3.165999889,1.0180755
3/2/2018 15:00,3.236000061,3.236000061,0.11792826
3/2/2018 16:00,3.727999926,3.727999926,1.38392
3/2/2018 17:00,3.657999992,3.657999992,2.2710912
3/2/2018 18:00,4.150000095,4.150000095,2.25293
3/2/2018 19:00,4.361999989,4.361999989,1.959742
3/2/2018 20:00,4.150000095,4.150000095,1.9492388
3/2/2018 21:00,4.150000095,4.150000095,2.211663
3/2/2018 22:00,4.501999855,4.501999855,2.4569128
3/2/2018 23:00,4.079999924,4.079999924,2.456287
3/3/2018 0:00,1.19599998,1.19599998,3.1770961
3/3/2018 1:00,1.476999998,1.476999998,3.2292752
3/3/2018 2:00,3.51699996,3.51699996,3.1848004
3/3/2018 3:00,4.923999786,4.923999786,3.4367068
3/3/2018 4:00,5.065000057,5.065000057,3.7350504
3/3/2018 5:00,4.994999886,4.994999886,3.6744761
3/3/2018 6:00,4.221000195,4.221000195,4.0425415
3/3/2018 7:00,4.43200016,4.43200016,4.338849
3/3/2018 8:00,4.643000126,4.643000126,3.9557092
3/3/2018 9:00,5.205999851,5.205999851,4.0909576
3/3/2018 10:00,5.697999954,5.697999954,4.689058
3/3/2018 11:00,6.823999882,6.823999882,3.9368389
3/3/2018 12:00,6.964000225,6.964000225,1.8889453
3/3/2018 13:00,7.597000122,7.597000122,2.0429695
3/3/2018 14:00,8.020000458,8.020000458,3.8871567
3/3/2018 15:00,7.668000221,7.668000221,5.098412
3/3/2018 16:00,7.52699995,7.52699995,5.1182547
3/3/2018 17:00,7.456999779,7.456999779,4.988591
3/3/2018 18:00,6.964000225,6.964000225,4.3918653
3/3/2018 19:00,6.330999851,6.330999851,4.3910565
3/3/2018 20:00,6.330999851,6.330999851,4.8540707
3/3/2018 21:00,6.190999985,6.190999985,5.565346
3/3/2018 22:00,5.768000126,5.768000126,5.760811
3/3/2018 23:00,5.486999989,5.486999989,7.0065804
3/4/2018 0:00,5.90899992,5.90899992,7.043522
3/4/2018 1:00,5.768000126,5.768000126,7.692082
3/4/2018 2:00,5.065000057,5.065000057,7.8871346
3/4/2018 3:00,5.135000229,5.135000229,7.5657706
3/4/2018 4:00,5.135000229,5.135000229,7.5608907
3/4/2018 5:00,5.065000057,5.065000057,7.4219403
3/4/2018 6:00,4.78399992,4.78399992,6.936802
3/4/2018 7:00,5.065000057,5.065000057,6.3572593
3/4/2018 8:00,5.627999783,5.627999783,6.2939105
3/4/2018 9:00,6.472000122,6.472000122,6.1641216
3/4/2018 10:00,8.090000153,8.090000153,5.7188864
3/4/2018 11:00,9.145000458,9.145000458,5.5820484
3/4/2018 12:00,9.708000183,9.708000183,5.903666
3/4/2018 13:00,9.496999741,9.496999741,5.8354354
3/4/2018 14:00,8.722999573,8.722999573,5.282929
3/4/2018 15:00,7.879000187,7.879000187,5.2832174
3/4/2018 16:00,7.456999779,7.456999779,5.287724
3/4/2018 17:00,6.612999916,6.612999916,5.2568297
3/4/2018 18:00,5.205999851,5.205999851,4.9267716
3/4/2018 19:00,4.501999855,4.501999855,5.303611
3/4/2018 20:00,1.547999978,1.547999978,5.9993587
3/4/2018 21:00,0.0,0.0,6.568377
3/4/2018 22:00,3.588000059,3.588000059,7.998148
3/4/2018 23:00,1.337000012,1.337000012,9.136149
3/5/2018 0:00,0.773999989,0.773999989,9.604398
3/5/2018 1:00,0.0,0.0,9.311095
3/5/2018 2:00,1.970000029,1.970000029,8.57483
3/5/2018 3:00,2.250999928,2.250999928,7.6393886
3/5/2018 4:00,1.406999946,1.406999946,7.2919936
3/5/2018 5:00,1.337000012,1.337000012,6.4010305
3/5/2018 6:00,2.321000099,2.321000099,5.122459
3/5/2018 7:00,2.532000065,2.532000065,4.350727
3/5/2018 8:00,1.899000049,1.899000049,1.5633523
3/5/2018 9:00,1.970000029,1.970000029,0.9027388
3/5/2018 10:00,2.884000063,2.884000063,3.4462337
3/5/2018 11:00,3.588000059,3.588000059,1.5383164
3/5/2018 12:00,3.727999926,3.727999926,0.9459301
3/5/2018 13:00,3.938999891,3.938999891,0.84356785
3/5/2018 14:00,5.205999851,5.205999851,2.2701528
3/5/2018 15:00,4.854000092,4.854000092,2.3642561
3/5/2018 16:00,4.501999855,4.501999855,1.8082289
3/5/2018 17:00,4.290999889,4.290999889,1.8753606
3/5/2018 18:00,4.923999786,4.923999786,2.7058558
3/5/2018 19:00,4.712999821,4.712999821,2.833104
3/5/2018 20:00,3.588000059,3.588000059,2.252863
3/5/2018 21:00,3.377000093,3.377000093,2.2493389
3/5/2018 22:00,3.305999994,3.305999994,3.2680159
3/5/2018 23:00,3.025000095,3.025000095,3.5975826
3/6/2018 0:00,3.025000095,3.025000095,3.923571
3/6/2018 1:00,2.673000097,2.673000097,4.1080527
3/6/2018 2:00,2.39199996,2.39199996,5.3341436
3/6/2018 3:00,1.899000049,1.899000049,4.9204345
3/6/2018 4:00,2.109999895,2.109999895,4.771584
3/6/2018 5:00,1.970000029,1.970000029,4.355141
3/6/2018 6:00,2.461999893,2.461999893,4.9050865
3/6/2018 7:00,1.970000029,1.970000029,4.778007
3/6/2018 8:00,1.406999946,1.406999946,3.5202913
3/6/2018 9:00,1.406999946,1.406999946,3.4776835
3/6/2018 10:00,2.180999994,2.180999994,3.4025924
3/6/2018 11:00,1.828999996,1.828999996,3.0736005
3/6/2018 12:00,2.250999928,2.250999928,3.118144
3/6/2018 13:00,2.321000099,2.321000099,2.7422354
3/6/2018 14:00,2.532000065,2.532000065,2.6580756
3/6/2018 15:00,3.025000095,3.025000095,2.1269808
3/6/2018 16:00,2.954999924,2.954999924,2.1879754
3/6/2018 17:00,2.884000063,2.884000063,2.1705625
3/6/2018 18:00,2.813999891,2.813999891,2.7994914
3/6/2018 19:00,2.109999895,2.109999895,2.2140927
3/6/2018 20:00,1.828999996,1.828999996,1.8372706
3/6/2018 21:00,1.476999998,1.476999998,1.8077145
3/6/2018 22:00,1.758999944,1.758999944,2.4004285
3/6/2018 23:00,1.828999996,1.828999996,2.129872
3/7/2018 0:00,1.970000029,1.970000029,2.3983092
3/7/2018 1:00,1.899000049,1.899000049,2.4434218
3/7/2018 2:00,0.773999989,0.773999989,2.7254722
3/7/2018 3:00,-0.843999982,-0.843999982,3.0530682
3/7/2018 4:00,-0.633000016,-0.633000016,3.0720026
3/7/2018 5:00,-0.915000021,-0.915000021,3.0772665
3/7/2018 6:00,0.0,0.0,2.9892397
3/7/2018 7:00,-0.492000014,-0.492000014,2.2305846
3/7/2018 8:00,-0.773999989,-0.773999989,1.976183
3/7/2018 9:00,-0.563000023,-0.563000023,1.801467
3/7/2018 10:00,0.0,0.0,2.1090846
3/7/2018 11:00,1.19599998,1.19599998,2.0736136
3/7/2018 12:00,0.0,0.0,2.192665
3/7/2018 13:00,0.633000016,0.633000016,1.9940499
3/7/2018 14:00,1.828999996,1.828999996,0.71602744
3/7/2018 15:00,1.547999978,1.547999978,-0.31454062
3/7/2018 16:00,1.828999996,1.828999996,-0.3543168
3/7/2018 17:00,1.687999964,1.687999964,-0.35275665
3/7/2018 18:00,2.109999895,2.109999895,0.31143743
3/7/2018 19:00,1.828999996,1.828999996,-0.3192733
3/7/2018 20:00,2.180999994,2.180999994,-0.27502543
3/7/2018 21:00,2.180999994,2.180999994,-0.21016406
3/7/2018 22:00,2.039999962,2.039999962,0.6449444
3/7/2018 23:00,2.743999958,2.743999958,1.2409526
3/8/2018 0:00,2.673000097,2.673000097,0.39348167
3/8/2018 1:00,2.532000065,2.532000065,0.73397297
3/8/2018 2:00,2.743999958,2.743999958,2.0882144
3/8/2018 3:00,4.221000195,4.221000195,1.7975922
3/8/2018 4:00,3.799000025,3.799000025,2.1553268
3/8/2018 5:00,4.150000095,4.150000095,1.7608387
3/8/2018 6:00,2.884000063,2.884000063,2.27719
3/8/2018 7:00,4.010000229,4.010000229,1.9906203
3/8/2018 8:00,3.377000093,3.377000093,2.280204
3/8/2018 9:00,3.377000093,3.377000093,2.2655227
3/8/2018 10:00,3.657999992,3.657999992,2.2130497
3/8/2018 11:00,4.150000095,4.150000095,2.9590359
3/8/2018 12:00,4.501999855,4.501999855,2.8134372
3/8/2018 13:00,4.854000092,4.854000092,2.8145108
3/8/2018 14:00,5.416999817,5.416999817,3.0877366
3/8/2018 15:00,4.572999954,4.572999954,4.2970924
3/8/2018 16:00,4.572999954,4.572999954,3.9735694
3/8/2018 17:00,4.501999855,4.501999855,3.886058
3/8/2018 18:00,4.712999821,4.712999821,3.197339
3/8/2018 19:00,4.712999821,4.712999821,4.0119276
3/8/2018 20:00,4.712999821,4.712999821,3.5472224
3/8/2018 21:00,5.065000057,5.065000057,3.511533
3/8/2018 22:00,4.712999821,4.712999821,3.5779617
3/8/2018 23:00,4.643000126,4.643000126,4.0669036
3/9/2018 0:00,4.501999855,4.501999855,4.7941437
3/9/2018 1:00,5.205999851,5.205999851,4.9866214
3/9/2018 2:00,4.923999786,4.923999786,5.36206
3/9/2018 3:00,5.276000023,5.276000023,4.754976
3/9/2018 4:00,4.150000095,4.150000095,4.7897377
3/9/2018 5:00,4.150000095,4.150000095,4.7835503
3/9/2018 6:00,3.799000025,3.799000025,4.8087335
3/9/2018 7:00,4.010000229,4.010000229,4.8096366
3/9/2018 8:00,4.643000126,4.643000126,4.809265
3/9/2018 9:00,4.079999924,4.079999924,5.1844506
3/9/2018 10:00,5.697999954,5.697999954,4.806404
3/9/2018 11:00,5.697999954,5.697999954,4.6845036
3/9/2018 12:00,5.205999851,5.205999851,4.6985993
3/9/2018 13:00,5.486999989,5.486999989,5.219006
3/9/2018 14:00,6.612999916,6.612999916,5.1791778
3/9/2018 15:00,6.964000225,6.964000225,5.119632
3/9/2018 16:00,6.964000225,6.964000225,4.064398
3/9/2018 17:00,7.034999847,7.034999847,4.088401
3/9/2018 18:00,6.612999916,6.612999916,3.9791486
3/9/2018 19:00,5.697999954,5.697999954,4.127855
3/9/2018 20:00,5.486999989,5.486999989,4.666754
3/9/2018 21:00,5.135000229,5.135000229,4.1683593
3/9/2018 22:00,5.346000195,5.346000195,5.695362
3/9/2018 23:00,4.78399992,4.78399992,5.6635127
3/10/2018 0:00,4.854000092,4.854000092,5.267539
3/10/2018 1:00,5.065000057,5.065000057,5.8173733
3/10/2018 2:00,4.643000126,4.643000126,6.662505
3/10/2018 3:00,4.78399992,4.78399992,6.939604
3/10/2018 4:00,4.643000126,4.643000126,6.898174
3/10/2018 5:00,4.501999855,4.501999855,6.8936033
3/10/2018 6:00,4.43200016,4.43200016,6.5313883
3/10/2018 7:00,4.572999954,4.572999954,5.6096244
3/10/2018 8:00,5.276000023,5.276000023,5.6088657
3/10/2018 9:00,5.55700016,5.55700016,5.266811
3/10/2018 10:00,6.964000225,6.964000225,5.3037367
3/10/2018 11:00,6.472000122,6.472000122,4.8617
3/10/2018 12:00,6.541999817,6.541999817,4.873132
3/10/2018 13:00,7.245999813,7.245999813,5.254456
3/10/2018 14:00,9.355999947,9.355999947,4.6644077
3/10/2018 15:00,8.512000084,8.512000084,4.888761
3/10/2018 16:00,9.355999947,9.355999947,4.86575
3/10/2018 17:00,9.708000183,9.708000183,4.8764305
3/10/2018 18:00,8.86400032,8.86400032,4.638446
3/10/2018 19:00,8.020000458,8.020000458,4.9604034
3/10/2018 20:00,7.034999847,7.034999847,5.417875
3/10/2018 21:00,6.823999882,6.823999882,5.802651
3/10/2018 22:00,6.612999916,6.612999916,6.9621944
3/10/2018 23:00,6.40199995,6.40199995,6.5622096
3/11/2018 0:00,6.683000088,6.683000088,6.687
3/11/2018 1:00,6.823999882,6.823999882,7.462457
3/11/2018 2:00,6.894000053,6.894000053,9.283202
3/11/2018 3:00,6.894000053,6.894000053,8.693189
3/11/2018 4:00,6.330999851,6.330999851,9.373957
3/11/2018 5:00,6.330999851,6.330999851,9.616142
3/11/2018 6:00,6.612999916,6.612999916,8.700581
3/11/2018 7:00,5.627999783,5.627999783,7.785477
3/11/2018 8:00,5.839000225,5.839000225,6.9370356
3/11/2018 9:00,5.697999954,5.697999954,6.902504
3/11/2018 10:00,7.034999847,7.034999847,6.618698
3/11/2018 11:00,6.683000088,6.683000088,6.510867
3/11/2018 12:00,7.737999916,7.737999916,6.751252
3/11/2018 13:00,8.300999641,8.300999641,6.933405
3/11/2018 14:00,10.3409996,10.3409996,6.9083853
3/11/2018 15:00,9.918999672,9.918999672,6.932728
3/11/2018 16:00,9.708000183,9.708000183,6.4299207
3/11/2018 17:00,9.708000183,9.708000183,6.43779
3/11/2018 18:00,8.934000015,8.934000015,6.606197
3/11/2018 19:00,8.512000084,8.512000084,5.7725496
3/11/2018 20:00,8.37100029,8.37100029,6.0022244
3/11/2018 21:00,7.879000187,7.879000187,5.836557
3/11/2018 22:00,7.52699995,7.52699995,7.048586
3/11/2018 23:00,7.668000221,7.668000221,6.808279
3/12/2018 0:00,8.020000458,8.020000458,8.12328
3/12/2018 1:00,7.948999882,7.948999882,8.658111
3/12/2018 2:00,7.597000122,7.597000122,10.211453
3/12/2018 3:00,7.668000221,7.668000221,9.774466
3/12/2018 4:00,7.948999882,7.948999882,9.774046
3/12/2018 5:00,8.159999847,8.159999847,9.735893
3/12/2018 6:00,7.668000221,7.668000221,8.847979
3/12/2018 7:00,7.456999779,7.456999779,8.812246
3/12/2018 8:00,8.020000458,8.020000458,8.30988
3/12/2018 9:00,8.300999641,8.300999641,7.937646
3/12/2018 10:00,8.86400032,8.86400032,7.623421
3/12/2018 11:00,8.722999573,8.722999573,7.6218047
3/12/2018 12:00,9.00399971,9.00399971,7.935426
3/12/2018 13:00,9.355999947,9.355999947,7.938804
3/12/2018 14:00,10.55200005,10.55200005,7.6246405
3/12/2018 15:00,10.13000011,10.13000011,7.6520147
3/12/2018 16:00,10.48200035,10.48200035,7.927801
3/12/2018 17:00,11.18500042,11.18500042,8.134361
3/12/2018 18:00,10.97399998,10.97399998,7.650881
3/12/2018 19:00,9.918999672,9.918999672,7.636526
3/12/2018 20:00,9.848999977,9.848999977,8.029455
3/12/2018 21:00,9.425999641,9.425999641,8.61506
3/12/2018 22:00,9.286000252,9.286000252,8.891909
3/12/2018 23:00,9.215000153,9.215000153,8.882757
3/13/2018 0:00,9.00399971,9.00399971,8.887277
3/13/2018 1:00,8.722999573,8.722999573,9.614217
3/13/2018 2:00,8.86400032,8.86400032,10.489012
3/13/2018 3:00,8.793000221,8.793000221,10.183771
3/13/2018 4:00,8.722999573,8.722999573,10.547492
3/13/2018 5:00,8.722999573,8.722999573,11.067991
3/13/2018 6:00,8.581999779,8.581999779,10.849184
3/13/2018 7:00,8.230999947,8.230999947,9.82668
3/13/2018 8:00,8.159999847,8.159999847,9.820967
3/13/2018 9:00,9.286000252,9.286000252,9.521805
3/13/2018 10:00,10.97399998,10.97399998,9.268409
3/13/2018 11:00,10.83300018,10.83300018,9.32791
3/13/2018 12:00,10.90400028,10.90400028,8.9755125
3/13/2018 13:00,11.60700035,11.60700035,8.940814
3/13/2018 14:00,12.6619997,12.6619997,8.945975
3/13/2018 15:00,11.74800014,11.74800014,8.923231
3/13/2018 16:00,11.32600021,11.32600021,8.911342
3/13/2018 17:00,11.5369997,11.5369997,8.910202
3/13/2018 18:00,12.31099987,12.31099987,8.62391
3/13/2018 19:00,11.88899994,11.88899994,8.214712
3/13/2018 20:00,11.32600021,11.32600021,8.345798
3/13/2018 21:00,11.04399967,11.04399967,9.371837
3/13/2018 22:00,10.90400028,10.90400028,11.002474
3/13/2018 23:00,10.62199974,10.62199974,10.9986
3/14/2018 0:00,10.62199974,10.62199974,10.9914255
3/14/2018 1:00,10.48200035,10.48200035,11.609397
3/14/2018 2:00,10.69299984,10.69299984,12.740515
3/14/2018 3:00,10.76299953,10.76299953,11.844173
3/14/2018 4:00,10.76299953,10.76299953,11.281516
3/14/2018 5:00,9.98900032,9.98900032,11.602752
3/14/2018 6:00,10.62199974,10.62199974,12.200499
3/14/2018 7:00,10.19999981,10.19999981,11.833154
3/14/2018 8:00,10.48200035,10.48200035,11.27519
3/14/2018 9:00,10.83300018,10.83300018,10.999557
3/14/2018 10:00,10.76299953,10.76299953,10.975264
3/14/2018 11:00,10.76299953,10.76299953,10.5403185
3/14/2018 12:00,10.83300018,10.83300018,10.538406
3/14/2018 13:00,9.496999741,9.496999741,10.57129
3/14/2018 14:00,10.62199974,10.62199974,10.820986
3/14/2018 15:00,10.69299984,10.69299984,10.807852
3/14/2018 16:00,10.76299953,10.76299953,10.659328
3/14/2018 17:00,10.19999981,10.19999981,9.978632
3/14/2018 18:00,10.48200035,10.48200035,10.540483
3/14/2018 19:00,9.777999878,9.777999878,10.185756
3/14/2018 20:00,9.637999535,9.637999535,10.536403
3/14/2018 21:00,9.496999741,9.496999741,10.9625025
3/14/2018 22:00,9.567000389,9.567000389,10.684378
3/14/2018 23:00,9.425999641,9.425999641,10.684297
3/15/2018 0:00,9.708000183,9.708000183,10.882708
3/15/2018 1:00,9.708000183,9.708000183,9.683036
3/15/2018 2:00,9.567000389,9.567000389,10.525976
3/15/2018 3:00,9.496999741,9.496999741,10.805235
3/15/2018 4:00,9.637999535,9.637999535,10.76812
3/15/2018 5:00,9.777999878,9.777999878,10.170952
3/15/2018 6:00,9.918999672,9.918999672,10.447598
3/15/2018 7:00,9.637999535,9.637999535,9.900349
3/15/2018 8:00,10.13000011,10.13000011,9.66793
3/15/2018 9:00,10.13000011,10.13000011,9.479248
3/15/2018 10:00,9.918999672,9.918999672,9.688226
3/15/2018 11:00,9.708000183,9.708000183,9.62619
3/15/2018 12:00,10.62199974,10.62199974,9.655622
3/15/2018 13:00,10.83300018,10.83300018,9.631706
3/15/2018 14:00,10.90400028,10.90400028,9.646414
3/15/2018 15:00,10.83300018,10.83300018,9.649748
3/15/2018 16:00,11.67800045,11.67800045,9.659458
3/15/2018 17:00,11.88899994,11.88899994,9.90998
3/15/2018 18:00,11.60700035,11.60700035,9.912237
3/15/2018 19:00,7.668000221,7.668000221,9.738962
3/15/2018 20:00,2.321000099,2.321000099,9.98405
3/15/2018 21:00,0.985000014,0.985000014,10.025571
3/15/2018 22:00,2.884000063,2.884000063,9.813028
3/15/2018 23:00,1.687999964,1.687999964,9.692392
3/16/2018 0:00,2.743999958,2.743999958,10.414699
3/16/2018 1:00,2.250999928,2.250999928,10.807424
3/16/2018 2:00,1.828999996,1.828999996,10.850388
3/16/2018 3:00,2.602999926,2.602999926,10.869628
3/16/2018 4:00,3.377000093,3.377000093,11.34478
3/16/2018 5:00,3.165999889,3.165999889,11.699895
3/16/2018 6:00,3.305999994,3.305999994,11.251618
3/16/2018 7:00,2.743999958,2.743999958,7.0953007
3/16/2018 8:00,1.899000049,1.899000049,2.431105
3/16/2018 9:00,2.109999895,2.109999895,1.1722358
3/16/2018 10:00,2.109999895,2.109999895,3.0880446
3/16/2018 11:00,3.025000095,3.025000095,1.8764876
3/16/2018 12:00,3.657999992,3.657999992,2.9304461
3/16/2018 13:00,4.010000229,4.010000229,2.473686
3/16/2018 14:00,3.799000025,3.799000025,2.2014027
3/16/2018 15:00,3.868999958,3.868999958,2.8485346
3/16/2018 16:00,4.290999889,4.290999889,3.446842
3/16/2018 17:00,4.501999855,4.501999855,3.2969947
3/16/2018 18:00,4.78399992,4.78399992,3.5042987
3/16/2018 19:00,4.994999886,4.994999886,3.0753639
3/16/2018 20:00,5.205999851,5.205999851,2.256639
3/16/2018 21:00,5.346000195,5.346000195,2.2977252
3/16/2018 22:00,4.923999786,4.923999786,2.325554
3/16/2018 23:00,4.150000095,4.150000095,3.2504797
3/17/2018 0:00,3.377000093,3.377000093,3.6676764
3/17/2018 1:00,3.165999889,3.165999889,4.027039
3/17/2018 2:00,2.743999958,2.743999958,4.026741
3/17/2018 3:00,3.025000095,3.025000095,4.0694737
3/17/2018 4:00,2.813999891,2.813999891,4.348487
3/17/2018 5:00,2.743999958,2.743999958,4.728662
3/17/2018 6:00,2.743999958,2.743999958,4.9024205
3/17/2018 7:00,2.321000099,2.321000099,5.195038
3/17/2018 8:00,2.813999891,2.813999891,5.1649594
3/17/2018 9:00,3.095000029,3.095000029,5.4748244
3/17/2018 10:00,3.868999958,3.868999958,5.0586233
3/17/2018 11:00,4.43200016,4.43200016,4.0338326
3/17/2018 12:00,5.135000229,5.135000229,3.4839811
3/17/2018 13:00,5.276000023,5.276000023,3.197531
3/17/2018 14:00,6.119999886,6.119999886,3.0435255
3/17/2018 15:00,6.472000122,6.472000122,3.1382728
3/17/2018 16:00,6.050000191,6.050000191,3.1096897
3/17/2018 17:00,5.839000225,5.839000225,3.065448
3/17/2018 18:00,5.768000126,5.768000126,3.0816245
3/17/2018 19:00,5.627999783,5.627999783,2.4216921
3/17/2018 20:00,5.486999989,5.486999989,3.0711138
3/17/2018 21:00,5.486999989,5.486999989,3.2788126
3/17/2018 22:00,5.276000023,5.276000023,4.066057
3/17/2018 23:00,3.51699996,3.51699996,4.382439
3/18/2018 0:00,4.712999821,4.712999821,5.353665
3/18/2018 1:00,4.854000092,4.854000092,5.441565
3/18/2018 2:00,5.55700016,5.55700016,6.3083835
3/18/2018 3:00,5.90899992,5.90899992,6.3851986
3/18/2018 4:00,4.923999786,4.923999786,6.0219097
3/18/2018 5:00,3.799000025,3.799000025,5.9910784
3/18/2018 6:00,5.839000225,5.839000225,5.9089217
3/18/2018 7:00,7.737999916,7.737999916,5.67597
3/18/2018 8:00,8.090000153,8.090000153,5.4058733
3/18/2018 9:00,7.105000019,7.105000019,5.4435377
3/18/2018 10:00,7.597000122,7.597000122,5.2803636
3/18/2018 11:00,7.948999882,7.948999882,3.7136939
3/18/2018 12:00,6.964000225,6.964000225,4.972329
3/18/2018 13:00,7.809000015,7.809000015,5.049183
3/18/2018 14:00,6.261000156,6.261000156,5.5017138
3/18/2018 15:00,5.697999954,5.697999954,5.928759
3/18/2018 16:00,5.486999989,5.486999989,4.8982906
3/18/2018 17:00,5.416999817,5.416999817,4.1614413
3/18/2018 18:00,5.979000092,5.979000092,6.13112
3/18/2018 19:00,5.486999989,5.486999989,7.8878775
3/18/2018 20:00,4.43200016,4.43200016,7.7889423
3/18/2018 21:00,5.979000092,5.979000092,7.192581
3/18/2018 22:00,5.979000092,5.979000092,7.5610895
3/18/2018 23:00,5.768000126,5.768000126,7.7918925
3/19/2018 0:00,5.90899992,5.90899992,6.9697857
3/19/2018 1:00,6.119999886,6.119999886,7.731416
3/19/2018 2:00,6.752999783,6.752999783,6.2487807
3/19/2018 3:00,4.854000092,4.854000092,5.7253804
3/19/2018 4:00,4.78399992,4.78399992,5.4641547
3/19/2018 5:00,4.361999989,4.361999989,5.487498
3/19/2018 6:00,5.839000225,5.839000225,5.924216
3/19/2018 7:00,4.854000092,4.854000092,5.464759
3/19/2018 8:00,4.854000092,4.854000092,4.767964
3/19/2018 9:00,5.276000023,5.276000023,5.9070473
3/19/2018 10:00,5.55700016,5.55700016,5.9089894
3/19/2018 11:00,5.135000229,5.135000229,5.877336
3/19/2018 12:00,6.261000156,6.261000156,5.936255
3/19/2018 13:00,5.205999851,5.205999851,6.2539215
3/19/2018 14:00,5.346000195,5.346000195,6.5714593
3/19/2018 15:00,5.416999817,5.416999817,4.824278
3/19/2018 16:00,5.065000057,5.065000057,4.843663
3/19/2018 17:00,6.050000191,6.050000191,4.6864495
3/19/2018 18:00,3.165999889,3.165999889,5.913629
3/19/2018 19:00,3.868999958,3.868999958,5.119178
3/19/2018 20:00,4.643000126,4.643000126,5.179467
3/19/2018 21:00,4.572999954,4.572999954,5.1955266
3/19/2018 22:00,4.643000126,4.643000126,5.5020432
3/19/2018 23:00,4.079999924,4.079999924,5.3011594
3/20/2018 0:00,3.095000029,3.095000029,6.1924067
3/20/2018 1:00,3.236000061,3.236000061,5.202199
3/20/2018 2:00,4.010000229,4.010000229,5.5405436
3/20/2018 3:00,3.727999926,3.727999926,5.415538
3/20/2018 4:00,4.290999889,4.290999889,5.08765
3/20/2018 5:00,4.643000126,4.643000126,5.7526603
3/20/2018 6:00,4.43200016,4.43200016,3.4171414
3/20/2018 7:00,3.165999889,3.165999889,4.0899916
3/20/2018 8:00,2.954999924,2.954999924,4.6809516
3/20/2018 9:00,3.727999926,3.727999926,4.6835127
3/20/2018 10:00,4.150000095,4.150000095,4.621444
3/20/2018 11:00,3.588000059,3.588000059,3.9791207
3/20/2018 12:00,3.868999958,3.868999958,3.2695532
3/20/2018 13:00,3.447000027,3.447000027,3.4111724
3/20/2018 14:00,3.51699996,3.51699996,4.047301
3/20/2018 15:00,3.51699996,3.51699996,3.6975307
3/20/2018 16:00,3.095000029,3.095000029,4.348163
3/20/2018 17:00,2.461999893,2.461999893,4.716096
3/20/2018 18:00,2.532000065,2.532000065,4.1819882
3/20/2018 19:00,2.884000063,2.884000063,3.2160614
3/20/2018 20:00,2.532000065,2.532000065,3.2518346
3/20/2018 21:00,2.602999926,2.602999926,3.6764557
3/20/2018 22:00,3.377000093,3.377000093,4.062164
3/20/2018 23:00,3.377000093,3.377000093,3.6326597
3/21/2018 0:00,3.447000027,3.447000027,4.04042
3/21/2018 1:00,2.743999958,2.743999958,3.5280068
3/21/2018 2:00,3.447000027,3.447000027,3.6669056
3/21/2018 3:00,3.799000025,3.799000025,3.4717348
3/21/2018 4:00,3.868999958,3.868999958,3.1575794
3/21/2018 5:00,4.079999924,4.079999924,2.7326565
3/21/2018 6:00,3.938999891,3.938999891,2.787062
3/21/2018 7:00,4.010000229,4.010000229,3.0945942
3/21/2018 8:00,4.290999889,4.290999889,2.799162
3/21/2018 9:00,3.165999889,3.165999889,2.9115822
3/21/2018 10:00,5.416999817,5.416999817,3.4885814
3/21/2018 11:00,5.205999851,5.205999851,3.5369847
3/21/2018 12:00,5.065000057,5.065000057,3.4508388
3/21/2018 13:00,6.190999985,6.190999985,3.0708306
3/21/2018 14:00,5.90899992,5.90899992,3.5707247
3/21/2018 15:00,6.683000088,6.683000088,4.02379
3/21/2018 16:00,6.683000088,6.683000088,4.0478354
3/21/2018 17:00,6.40199995,6.40199995,4.0428233
3/21/2018 18:00,6.894000053,6.894000053,4.0664988
3/21/2018 19:00,7.034999847,7.034999847,4.126298
3/21/2018 20:00,6.752999783,6.752999783,4.2394376
3/21/2018 21:00,6.752999783,6.752999783,3.4144769
3/21/2018 22:00,6.683000088,6.683000088,5.5680447
3/21/2018 23:00,6.683000088,6.683000088,5.376305
3/22/2018 0:00,6.612999916,6.612999916,5.438375
3/22/2018 1:00,6.330999851,6.330999851,6.2372346
3/22/2018 2:00,6.752999783,6.752999783,6.0028467
3/22/2018 3:00,6.261000156,6.261000156,6.780349
3/22/2018 4:00,6.261000156,6.261000156,6.7860603
3/22/2018 5:00,6.472000122,6.472000122,6.525503
3/22/2018 6:00,6.472000122,6.472000122,6.9463406
3/22/2018 7:00,6.119999886,6.119999886,6.9365773
3/22/2018 8:00,6.964000225,6.964000225,6.722828
3/22/2018 9:00,7.948999882,7.948999882,6.748947
3/22/2018 10:00,8.512000084,8.512000084,6.7627335
3/22/2018 11:00,7.456999779,7.456999779,6.7854586
3/22/2018 12:00,8.159999847,8.159999847,6.6116576
3/22/2018 13:00,9.425999641,9.425999641,6.452064
3/22/2018 14:00,9.00399971,9.00399971,6.7749076
3/22/2018 15:00,8.512000084,8.512000084,6.4519534
3/22/2018 16:00,8.793000221,8.793000221,6.4534683
3/22/2018 17:00,8.581999779,8.581999779,6.5030904
3/22/2018 18:00,9.708000183,9.708000183,6.595887
3/22/2018 19:00,9.215000153,9.215000153,6.326146
3/22/2018 20:00,8.512000084,8.512000084,7.041656
3/22/2018 21:00,8.37100029,8.37100029,8.225261
3/22/2018 22:00,8.512000084,8.512000084,8.677032
3/22/2018 23:00,8.37100029,8.37100029,7.5396953
3/23/2018 0:00,8.442000389,8.442000389,8.198107
3/23/2018 1:00,8.159999847,8.159999847,9.475004
3/23/2018 2:00,8.300999641,8.300999641,8.974952
3/23/2018 3:00,8.722999573,8.722999573,8.806533
3/23/2018 4:00,8.300999641,8.300999641,8.910578
3/23/2018 5:00,8.020000458,8.020000458,8.835217
3/23/2018 6:00,8.159999847,8.159999847,9.637048
3/23/2018 7:00,8.230999947,8.230999947,9.2934065
3/23/2018 8:00,8.581999779,8.581999779,8.685088
3/23/2018 9:00,8.230999947,8.230999947,8.609097
3/23/2018 10:00,9.918999672,9.918999672,8.696248
3/23/2018 11:00,9.98900032,9.98900032,8.609528
3/23/2018 12:00,9.708000183,9.708000183,8.476479
3/23/2018 13:00,10.27099991,10.27099991,8.196872
3/23/2018 14:00,11.60700035,11.60700035,8.575068
3/23/2018 15:00,12.52200031,12.52200031,9.0057
3/23/2018 16:00,12.38099957,12.38099957,8.500567
3/23/2018 17:00,12.7329998,12.7329998,8.137355
3/23/2018 18:00,12.02900028,12.02900028,8.1373005
3/23/2018 19:00,10.83300018,10.83300018,8.284698
3/23/2018 20:00,10.62199974,10.62199974,8.574029
3/23/2018 21:00,9.425999641,9.425999641,8.246824
3/23/2018 22:00,9.00399971,9.00399971,9.870535
3/23/2018 23:00,9.286000252,9.286000252,9.870232
3/24/2018 0:00,9.145000458,9.145000458,9.726773
3/24/2018 1:00,9.496999741,9.496999741,10.213446
3/24/2018 2:00,9.848999977,9.848999977,11.542121
3/24/2018 3:00,9.286000252,9.286000252,12.451878
3/24/2018 4:00,9.355999947,9.355999947,12.314633
3/24/2018 5:00,9.074999809,9.074999809,12.76649
3/24/2018 6:00,9.00399971,9.00399971,12.187531
3/24/2018 7:00,10.62199974,10.62199974,10.966484
3/24/2018 8:00,9.496999741,9.496999741,10.440696
3/24/2018 9:00,9.848999977,9.848999977,9.524612
3/24/2018 10:00,9.918999672,9.918999672,9.235084
3/24/2018 11:00,10.27099991,10.27099991,9.253866
3/24/2018 12:00,10.69299984,10.69299984,9.217107
3/24/2018 13:00,10.69299984,10.69299984,9.499592
3/24/2018 14:00,11.67800045,11.67800045,9.8721
3/24/2018 15:00,12.7329998,12.7329998,9.448648
3/24/2018 16:00,12.94400024,12.94400024,9.45509
3/24/2018 17:00,13.29599953,13.29599953,9.289986
3/24/2018 18:00,12.6619997,12.6619997,9.072962
3/24/2018 19:00,12.02900028,12.02900028,10.451274
3/24/2018 20:00,11.46700001,11.46700001,9.547185
3/24/2018 21:00,11.11499977,11.11499977,9.911758
3/24/2018 22:00,10.97399998,10.97399998,9.9576
3/24/2018 23:00,10.62199974,10.62199974,10.214154
3/25/2018 0:00,10.69299984,10.69299984,10.788467
3/25/2018 1:00,9.777999878,9.777999878,10.830803
3/25/2018 2:00,9.286000252,9.286000252,11.700071
3/25/2018 3:00,10.55200005,10.55200005,12.742383
3/25/2018 4:00,10.3409996,10.3409996,12.714275
3/25/2018 5:00,10.69299984,10.69299984,13.234642
3/25/2018 6:00,10.41100025,10.41100025,12.669569
3/25/2018 7:00,9.98900032,9.98900032,12.176327
3/25/2018 8:00,10.62199974,10.62199974,11.525336
3/25/2018 9:00,10.97399998,10.97399998,10.935827
3/25/2018 10:00,10.27099991,10.27099991,10.967083
3/25/2018 11:00,9.98900032,9.98900032,10.541225
3/25/2018 12:00,10.62199974,10.62199974,10.598244
3/25/2018 13:00,10.3409996,10.3409996,9.903397
3/25/2018 14:00,10.76299953,10.76299953,9.486931
3/25/2018 15:00,10.90400028,10.90400028,10.48656
3/25/2018 16:00,10.83300018,10.83300018,10.340721
3/25/2018 17:00,10.97399998,10.97399998,10.706142
3/25/2018 18:00,11.46700001,11.46700001,10.287053
3/25/2018 19:00,10.3409996,10.3409996,10.019772
3/25/2018 20:00,10.62199974,10.62199974,10.501219
3/25/2018 21:00,10.55200005,10.55200005,10.977802
3/25/2018 22:00,10.48200035,10.48200035,10.154845
3/25/2018 23:00,10.48200035,10.48200035,10.121336
3/26/2018 0:00,10.13000011,10.13000011,10.5009575
3/26/2018 1:00,9.918999672,9.918999672,10.272986
3/26/2018 2:00,10.83300018,10.83300018,10.756386
3/26/2018 3:00,10.3409996,10.3409996,10.99516
3/26/2018 4:00,10.06000042,10.06000042,10.977294
3/26/2018 5:00,10.76299953,10.76299953,10.964093
3/26/2018 6:00,10.76299953,10.76299953,11.44097
3/26/2018 7:00,10.76299953,10.76299953,10.313977
3/26/2018 8:00,11.04399967,11.04399967,10.514506
3/26/2018 9:00,10.62199974,10.62199974,10.521187
3/26/2018 10:00,11.60700035,11.60700035,10.52107
3/26/2018 11:00,10.19999981,10.19999981,10.54987
3/26/2018 12:00,11.11499977,11.11499977,10.124031
3/26/2018 13:00,12.23999977,12.23999977,9.84731
3/26/2018 14:00,13.50699997,13.50699997,10.991688
3/26/2018 15:00,13.36600018,13.36600018,10.296244
3/26/2018 16:00,13.78800011,13.78800011,10.23253
3/26/2018 17:00,13.71800041,13.71800041,10.940493
3/26/2018 18:00,13.64700031,13.64700031,10.970509
3/26/2018 19:00,12.45100021,12.45100021,10.961828
3/26/2018 20:00,11.74800014,11.74800014,10.951256
3/26/2018 21:00,11.60700035,11.60700035,10.531775
3/26/2018 22:00,11.04399967,11.04399967,11.546808
3/26/2018 23:00,10.83300018,10.83300018,10.325366
3/27/2018 0:00,10.62199974,10.62199974,10.960461
3/27/2018 1:00,10.69299984,10.69299984,12.347872
3/27/2018 2:00,10.3409996,10.3409996,13.41112
3/27/2018 3:00,10.62199974,10.62199974,13.410908
3/27/2018 4:00,10.48200035,10.48200035,13.840829
3/27/2018 5:00,10.27099991,10.27099991,13.811851
3/27/2018 6:00,10.48200035,10.48200035,13.769029
3/27/2018 7:00,10.3409996,10.3409996,12.403859
3/27/2018 8:00,11.32600021,11.32600021,11.842781
3/27/2018 9:00,11.04399967,11.04399967,11.555055
3/27/2018 10:00,11.88899994,11.88899994,10.916243
3/27/2018 11:00,12.02900028,12.02900028,10.917508
3/27/2018 12:00,11.5369997,11.5369997,10.484377
3/27/2018 13:00,11.5369997,11.5369997,10.818321
3/27/2018 14:00,13.01399994,13.01399994,10.352765
3/27/2018 15:00,13.08500004,13.08500004,10.593543
3/27/2018 16:00,13.57699966,13.57699966,10.555703
3/27/2018 17:00,13.64700031,13.64700031,10.359896
3/27/2018 18:00,12.8739996,12.8739996,10.5622225
3/27/2018 19:00,11.5369997,11.5369997,10.370495
3/27/2018 20:00,10.83300018,10.83300018,11.244461
3/27/2018 21:00,10.48200035,10.48200035,10.931741
3/27/2018 22:00,10.19999981,10.19999981,11.824682
3/27/2018 23:00,9.708000183,9.708000183,12.203784
3/28/2018 0:00,9.496999741,9.496999741,11.577936
3/28/2018 1:00,8.86400032,8.86400032,11.578012
3/28/2018 2:00,8.86400032,8.86400032,13.075337
3/28/2018 3:00,8.934000015,8.934000015,13.115642
3/28/2018 4:00,8.442000389,8.442000389,13.368118
3/28/2018 5:00,8.581999779,8.581999779,13.703748
3/28/2018 6:00,8.159999847,8.159999847,12.670711
3/28/2018 7:00,8.934000015,8.934000015,11.560973
3/28/2018 8:00,9.848999977,9.848999977,10.945067
3/28/2018 9:00,9.98900032,9.98900032,10.477132
3/28/2018 10:00,11.11499977,11.11499977,10.097255
3/28/2018 11:00,10.3409996,10.3409996,9.700042
3/28/2018 12:00,9.918999672,9.918999672,9.712815
3/28/2018 13:00,10.83300018,10.83300018,8.968895
3/28/2018 14:00,12.10000038,12.10000038,9.018914
3/28/2018 15:00,12.59200001,12.59200001,9.004178
3/28/2018 16:00,13.08500004,13.08500004,8.641462
3/28/2018 17:00,13.08500004,13.08500004,8.705036
3/28/2018 18:00,12.23999977,12.23999977,8.303614
3/28/2018 19:00,11.32600021,11.32600021,9.009474
3/28/2018 20:00,10.90400028,10.90400028,9.831175
3/28/2018 21:00,9.848999977,9.848999977,10.174202
3/28/2018 22:00,9.496999741,9.496999741,10.937574
3/28/2018 23:00,9.567000389,9.567000389,10.355139
3/29/2018 0:00,9.496999741,9.496999741,9.881196
3/29/2018 1:00,9.074999809,9.074999809,10.976203
3/29/2018 2:00,9.286000252,9.286000252,12.227454
3/29/2018 3:00,9.567000389,9.567000389,12.60913
3/29/2018 4:00,9.074999809,9.074999809,13.0798645
3/29/2018 5:00,8.581999779,8.581999779,13.065123
3/29/2018 6:00,8.159999847,8.159999847,12.201477
3/29/2018 7:00,8.020000458,8.020000458,11.13062
3/29/2018 8:00,8.652999878,8.652999878,10.873573
3/29/2018 9:00,8.512000084,8.512000084,9.85272
3/29/2018 10:00,9.145000458,9.145000458,9.598503
3/29/2018 11:00,8.86400032,8.86400032,9.602575
3/29/2018 12:00,9.145000458,9.145000458,9.591137
3/29/2018 13:00,9.637999535,9.637999535,9.25012
3/29/2018 14:00,10.13000011,10.13000011,9.306317
3/29/2018 15:00,10.69299984,10.69299984,9.596706
3/29/2018 16:00,10.48200035,10.48200035,9.28279
3/29/2018 17:00,10.3409996,10.3409996,8.70992
3/29/2018 18:00,9.637999535,9.637999535,8.144527
3/29/2018 19:00,9.355999947,9.355999947,8.279695
3/29/2018 20:00,9.425999641,9.425999641,8.772089
3/29/2018 21:00,8.230999947,8.230999947,8.75892
3/29/2018 22:00,7.809000015,7.809000015,9.280023
3/29/2018 23:00,7.315999985,7.315999985,8.957243
3/30/2018 0:00,6.612999916,6.612999916,9.232781
3/30/2018 1:00,6.823999882,6.823999882,9.702728
3/30/2018 2:00,6.472000122,6.472000122,10.084687
3/30/2018 3:00,6.119999886,6.119999886,10.749608
3/30/2018 4:00,6.119999886,6.119999886,10.456708
3/30/2018 5:00,5.839000225,5.839000225,10.158236
3/30/2018 6:00,5.276000023,5.276000023,9.625841
3/30/2018 7:00,5.205999851,5.205999851,9.306904
3/30/2018 8:00,5.55700016,5.55700016,9.183598
3/30/2018 9:00,5.768000126,5.768000126,8.039498
3/30/2018 10:00,6.261000156,6.261000156,7.609301
3/30/2018 11:00,6.261000156,6.261000156,7.2148376
3/30/2018 12:00,6.330999851,6.330999851,6.608843
3/30/2018 13:00,7.034999847,7.034999847,6.9552307
3/30/2018 14:00,7.034999847,7.034999847,6.418038
3/30/2018 15:00,7.386000156,7.386000156,6.226076
3/30/2018 16:00,7.315999985,7.315999985,6.23739
3/30/2018 17:00,7.809000015,7.809000015,5.9223833
3/30/2018 18:00,6.683000088,6.683000088,5.4365005
3/30/2018 19:00,5.768000126,5.768000126,5.4032397
3/30/2018 20:00,6.330999851,6.330999851,5.533465
3/30/2018 21:00,6.40199995,6.40199995,5.9925942
3/30/2018 22:00,6.261000156,6.261000156,6.3851013
3/30/2018 23:00,5.979000092,5.979000092,6.4224014
3/31/2018 0:00,5.768000126,5.768000126,6.4135823
3/31/2018 1:00,5.768000126,5.768000126,7.0072713
3/31/2018 2:00,5.768000126,5.768000126,7.0384693
3/31/2018 3:00,5.768000126,5.768000126,7.3872476
3/31/2018 4:00,5.768000126,5.768000126,7.437762
3/31/2018 5:00,5.768000126,5.768000126,7.770741
3/31/2018 6:00,5.768000126,5.768000126,6.7192845
3/31/2018 7:00,5.768000126,5.768000126,6.099574
3/31/2018 8:00,5.768000126,5.768000126,6.531556
3/31/2018 9:00,5.768000126,5.768000126,6.627942
3/31/2018 10:00,5.768000126,5.768000126,6.5045576
3/31/2018 11:00,5.768000126,5.768000126,6.389514
3/31/2018 12:00,5.768000126,5.768000126,14.616132
3/31/2018 13:00,5.768000126,5.768000126,14.616132
3/31/2018 14:00,5.768000126,5.768000126,14.616132
3/31/2018 15:00,5.768000126,5.768000126,14.616132
3/31/2018 16:00,5.768000126,5.768000126,14.616132
3/31/2018 17:00,5.768000126,5.768000126,14.616132
3/31/2018 18:00,5.768000126,5.768000126,14.616132
3/31/2018 19:00,5.768000126,5.768000126,14.616132
3/31/2018 20:00,5.768000126,5.768000126,14.616132
3/31/2018 21:00,5.768000126,5.768000126,14.616132
3/31/2018 22:00,5.768000126,5.768000126,14.616132
3/31/2018 23:00,5.768000126,5.768000126,14.616132
4/1/2018 0:00,9.00399971,9.00399971,14.616132
4/1/2018 1:00,9.215000153,9.215000153,14.078495
4/1/2018 2:00,9.00399971,9.00399971,14.131158
4/1/2018 3:00,8.652999878,8.652999878,14.186911
4/1/2018 4:00,9.215000153,9.215000153,14.2501135
4/1/2018 5:00,9.215000153,9.215000153,14.011617
4/1/2018 6:00,9.425999641,9.425999641,14.011648
4/1/2018 7:00,9.567000389,9.567000389,14.093447
4/1/2018 8:00,10.19999981,10.19999981,13.863908
4/1/2018 9:00,10.69299984,10.69299984,13.918453
4/1/2018 10:00,11.11499977,11.11499977,14.148188
4/1/2018 11:00,10.97399998,10.97399998,14.016548
4/1/2018 12:00,10.76299953,10.76299953,8.897941
4/1/2018 13:00,11.60700035,11.60700035,9.252482
4/1/2018 14:00,11.25599957,11.25599957,8.88564
4/1/2018 15:00,12.94400024,12.94400024,8.8797245
4/1/2018 16:00,12.7329998,12.7329998,9.288142
4/1/2018 17:00,11.81799984,11.81799984,9.2479105
4/1/2018 18:00,11.74800014,11.74800014,9.527498
4/1/2018 19:00,10.76299953,10.76299953,9.661652
4/1/2018 20:00,10.69299984,10.69299984,10.253626
4/1/2018 21:00,10.55200005,10.55200005,10.589124
4/1/2018 22:00,10.48200035,10.48200035,10.971938
4/1/2018 23:00,10.13000011,10.13000011,10.910183
4/2/2018 0:00,9.708000183,9.708000183,10.775994
4/2/2018 1:00,10.19999981,10.19999981,11.516757
4/2/2018 2:00,10.48200035,10.48200035,11.212691
4/2/2018 3:00,10.83300018,10.83300018,12.722944
4/2/2018 4:00,10.3409996,10.3409996,12.677662
4/2/2018 5:00,10.3409996,10.3409996,11.742151
4/2/2018 6:00,10.06000042,10.06000042,11.7743845
4/2/2018 7:00,10.48200035,10.48200035,10.798584
4/2/2018 8:00,9.637999535,9.637999535,10.789625
4/2/2018 9:00,10.55200005,10.55200005,10.4985485
4/2/2018 10:00,10.48200035,10.48200035,10.490415
4/2/2018 11:00,10.13000011,10.13000011,10.10022
4/2/2018 12:00,10.19999981,10.19999981,9.745088
4/2/2018 13:00,11.67800045,11.67800045,10.211667
4/2/2018 14:00,12.02900028,12.02900028,10.561838
4/2/2018 15:00,12.10000038,12.10000038,11.012838
4/2/2018 16:00,12.17000008,12.17000008,10.306815
4/2/2018 17:00,12.02900028,12.02900028,10.217097
4/2/2018 18:00,11.25599957,11.25599957,10.01584
4/2/2018 19:00,10.97399998,10.97399998,10.4617605
4/2/2018 20:00,10.55200005,10.55200005,9.749122
4/2/2018 21:00,10.19999981,10.19999981,10.457897
4/2/2018 22:00,10.3409996,10.3409996,10.447581
4/2/2018 23:00,9.848999977,9.848999977,10.160462
4/3/2018 0:00,9.425999641,9.425999641,10.195933
4/3/2018 1:00,9.355999947,9.355999947,11.673815
4/3/2018 2:00,9.215000153,9.215000153,12.16333
4/3/2018 3:00,9.145000458,9.145000458,12.1750965
4/3/2018 4:00,9.145000458,9.145000458,12.175641
4/3/2018 5:00,9.425999641,9.425999641,12.16646
4/3/2018 6:00,9.286000252,9.286000252,11.170141
4/3/2018 7:00,9.496999741,9.496999741,10.955117
4/3/2018 8:00,9.848999977,9.848999977,10.480647
4/3/2018 9:00,10.69299984,10.69299984,10.212674
4/3/2018 10:00,11.39599991,11.39599991,10.183156
4/3/2018 11:00,11.32600021,11.32600021,9.917341
4/3/2018 12:00,11.39599991,11.39599991,9.420851
4/3/2018 13:00,11.32600021,11.32600021,9.477729
4/3/2018 14:00,12.7329998,12.7329998,9.273338
4/3/2018 15:00,12.94400024,12.94400024,9.295968
4/3/2018 16:00,13.43599987,13.43599987,9.334585
4/3/2018 17:00,13.71800041,13.71800041,9.540546
4/3/2018 18:00,12.23999977,12.23999977,9.34131
4/3/2018 19:00,12.17000008,12.17000008,9.7344475
4/3/2018 20:00,11.60700035,11.60700035,10.001978
4/3/2018 21:00,11.32600021,11.32600021,10.801436
4/3/2018 22:00,10.97399998,10.97399998,11.463199
4/3/2018 23:00,10.90400028,10.90400028,11.159315
4/4/2018 0:00,9.918999672,9.918999672,11.466937
4/4/2018 1:00,8.86400032,8.86400032,11.175147
4/4/2018 2:00,8.934000015,8.934000015,12.705045
4/4/2018 3:00,7.809000015,7.809000015,12.769182
4/4/2018 4:00,6.823999882,6.823999882,13.461718
4/4/2018 5:00,7.105000019,7.105000019,13.654173
4/4/2018 6:00,6.612999916,6.612999916,12.238721
4/4/2018 7:00,5.135000229,5.135000229,12.163155
4/4/2018 8:00,5.346000195,5.346000195,11.4682665
4/4/2018 9:00,5.065000057,5.065000057,11.11979
4/4/2018 10:00,5.276000023,5.276000023,10.877258
4/4/2018 11:00,5.276000023,5.276000023,10.797657
4/4/2018 12:00,5.065000057,5.065000057,9.784997
4/4/2018 13:00,4.572999954,4.572999954,8.818158
4/4/2018 14:00,4.290999889,4.290999889,8.639974
4/4/2018 15:00,4.43200016,4.43200016,7.774903
4/4/2018 16:00,4.221000195,4.221000195,6.92766
4/4/2018 17:00,4.079999924,4.079999924,6.946395
4/4/2018 18:00,3.799000025,3.799000025,6.35053
4/4/2018 19:00,3.657999992,3.657999992,5.3581586
4/4/2018 20:00,3.799000025,3.799000025,5.3883677
4/4/2018 21:00,3.799000025,3.799000025,5.3541207
4/4/2018 22:00,3.868999958,3.868999958,5.3563757
4/4/2018 23:00,3.938999891,3.938999891,5.305966
4/5/2018 0:00,3.657999992,3.657999992,5.3205714
4/5/2018 1:00,3.799000025,3.799000025,4.678732
4/5/2018 2:00,3.868999958,3.868999958,4.2338595
4/5/2018 3:00,3.799000025,3.799000025,4.5464716
4/5/2018 4:00,4.361999989,4.361999989,4.1868615
4/5/2018 5:00,3.657999992,3.657999992,4.0188794
4/5/2018 6:00,4.221000195,4.221000195,4.016815
4/5/2018 7:00,3.51699996,3.51699996,3.761377
4/5/2018 8:00,3.095000029,3.095000029,4.00699
4/5/2018 9:00,0.421999991,0.421999991,4.0178604
4/5/2018 10:00,0.0,0.0,4.0087075
4/5/2018 11:00,-0.633000016,-0.633000016,3.9718974
4/5/2018 12:00,-0.703000009,-0.703000009,3.653997
4/5/2018 13:00,0.0,0.0,4.003528
4/5/2018 14:00,-0.633000016,-0.633000016,3.992139
4/5/2018 15:00,-0.915000021,-0.915000021,4.0783515
4/5/2018 16:00,0.0,0.0,4.540084
4/5/2018 17:00,0.563000023,0.563000023,3.576948
4/5/2018 18:00,1.758999944,1.758999944,3.9648328
4/5/2018 19:00,0.563000023,0.563000023,3.4281507
4/5/2018 20:00,0.0,0.0,2.8227303
4/5/2018 21:00,2.039999962,2.039999962,0.31234622
4/5/2018 22:00,0.492000014,0.492000014,0.2587419
4/5/2018 23:00,1.126000047,1.126000047,-0.34228125
4/6/2018 0:00,0.985000014,0.985000014,-0.30106634
4/6/2018 1:00,0.0,0.0,0.2555268
4/6/2018 2:00,0.563000023,0.563000023,-0.37435582
4/6/2018 3:00,1.970000029,1.970000029,-0.31845298
4/6/2018 4:00,2.39199996,2.39199996,0.49481195
4/6/2018 5:00,1.476999998,1.476999998,0.6027876
4/6/2018 6:00,1.337000012,1.337000012,1.5543988
4/6/2018 7:00,1.054999948,1.054999948,0.516459
4/6/2018 8:00,1.054999948,1.054999948,0.6398555
4/6/2018 9:00,1.337000012,1.337000012,1.9684265
4/6/2018 10:00,1.828999996,1.828999996,0.77003545
4/6/2018 11:00,3.095000029,3.095000029,1.4947549
4/6/2018 12:00,4.010000229,4.010000229,0.69605404
4/6/2018 13:00,4.643000126,4.643000126,0.4980689
4/6/2018 14:00,4.994999886,4.994999886,0.8072898
4/6/2018 15:00,4.994999886,4.994999886,2.2460546
4/6/2018 16:00,5.346000195,5.346000195,2.7744224
4/6/2018 17:00,5.486999989,5.486999989,1.8363887
4/6/2018 18:00,5.346000195,5.346000195,1.6479559
4/6/2018 19:00,5.346000195,5.346000195,1.7019241
4/6/2018 20:00,5.346000195,5.346000195,1.7372253
4/6/2018 21:00,4.221000195,4.221000195,1.7106248
4/6/2018 22:00,5.276000023,5.276000023,2.145569
4/6/2018 23:00,4.854000092,4.854000092,3.334708
4/7/2018 0:00,4.501999855,4.501999855,4.08554
4/7/2018 1:00,4.221000195,4.221000195,4.7661495
4/7/2018 2:00,4.150000095,4.150000095,4.942544
4/7/2018 3:00,4.221000195,4.221000195,5.0069404
4/7/2018 4:00,4.221000195,4.221000195,5.4345326
4/7/2018 5:00,4.150000095,4.150000095,5.425322
4/7/2018 6:00,3.727999926,3.727999926,5.419167
4/7/2018 7:00,4.994999886,4.994999886,5.42464
4/7/2018 8:00,4.221000195,4.221000195,5.3295217
4/7/2018 9:00,3.727999926,3.727999926,4.391839
4/7/2018 10:00,5.346000195,5.346000195,5.277102
4/7/2018 11:00,3.305999994,3.305999994,4.949961
4/7/2018 12:00,3.236000061,3.236000061,4.6731114
4/7/2018 13:00,3.51699996,3.51699996,4.285659
4/7/2018 14:00,4.501999855,4.501999855,4.0196624
4/7/2018 15:00,4.994999886,4.994999886,4.229656
4/7/2018 16:00,5.276000023,5.276000023,4.2347536
4/7/2018 17:00,5.768000126,5.768000126,4.054558
4/7/2018 18:00,6.050000191,6.050000191,3.7774231
4/7/2018 19:00,5.697999954,5.697999954,4.8985124
4/7/2018 20:00,5.346000195,5.346000195,4.2399745
4/7/2018 21:00,4.923999786,4.923999786,3.8333828
4/7/2018 22:00,4.854000092,4.854000092,5.2657046
4/7/2018 23:00,5.065000057,5.065000057,3.339452
4/8/2018 0:00,4.572999954,4.572999954,3.421538
4/8/2018 1:00,4.712999821,4.712999821,3.8122923
4/8/2018 2:00,4.501999855,4.501999855,4.669139
4/8/2018 3:00,4.501999855,4.501999855,5.13155
4/8/2018 4:00,4.501999855,4.501999855,5.324361
4/8/2018 5:00,4.643000126,4.643000126,5.9560404
4/8/2018 6:00,4.572999954,4.572999954,6.0420237
4/8/2018 7:00,5.697999954,5.697999954,5.703317
4/8/2018 8:00,5.768000126,5.768000126,5.365295
4/8/2018 9:00,5.627999783,5.627999783,5.0442734
4/8/2018 10:00,5.416999817,5.416999817,5.044961
4/8/2018 11:00,5.697999954,5.697999954,5.0769663
4/8/2018 12:00,5.627999783,5.627999783,4.672193
4/8/2018 13:00,6.261000156,6.261000156,5.0285583
4/8/2018 14:00,7.105000019,7.105000019,4.687237
4/8/2018 15:00,7.668000221,7.668000221,4.6808043
4/8/2018 16:00,7.809000015,7.809000015,4.7344117
4/8/2018 17:00,7.879000187,7.879000187,4.7356744
4/8/2018 18:00,7.597000122,7.597000122,4.81434
4/8/2018 19:00,8.230999947,8.230999947,5.818443
4/8/2018 20:00,8.300999641,8.300999641,5.924342
4/8/2018 21:00,7.879000187,7.879000187,5.859384
4/8/2018 22:00,7.737999916,7.737999916,5.574252
4/8/2018 23:00,7.245999813,7.245999813,5.8514566
4/9/2018 0:00,7.386000156,7.386000156,5.9600744
4/9/2018 1:00,7.668000221,7.668000221,6.454321
4/9/2018 2:00,7.737999916,7.737999916,7.319688
4/9/2018 3:00,7.456999779,7.456999779,7.725616
4/9/2018 4:00,7.456999779,7.456999779,7.702485
4/9/2018 5:00,7.245999813,7.245999813,8.029007
4/9/2018 6:00,6.894000053,6.894000053,7.8130083
4/9/2018 7:00,8.020000458,8.020000458,8.510018
4/9/2018 8:00,8.652999878,8.652999878,8.417351
4/9/2018 9:00,9.425999641,9.425999641,8.0225115
4/9/2018 10:00,10.55200005,10.55200005,7.6466036
4/9/2018 11:00,9.777999878,9.777999878,7.4181905
4/9/2018 12:00,9.286000252,9.286000252,7.444495
4/9/2018 13:00,9.98900032,9.98900032,7.7130876
4/9/2018 14:00,11.32600021,11.32600021,7.7060833
4/9/2018 15:00,10.90400028,10.90400028,7.564892
4/9/2018 16:00,12.10000038,12.10000038,7.4736547
4/9/2018 17:00,12.45100021,12.45100021,7.484753
4/9/2018 18:00,12.02900028,12.02900028,7.1340866
4/9/2018 19:00,10.48200035,10.48200035,8.159109
4/9/2018 20:00,9.918999672,9.918999672,8.655587
4/9/2018 21:00,9.708000183,9.708000183,9.510622
4/9/2018 22:00,9.496999741,9.496999741,10.4075365
4/9/2018 23:00,9.215000153,9.215000153,9.867331
4/10/2018 0:00,8.86400032,8.86400032,9.439932
4/10/2018 1:00,8.722999573,8.722999573,10.097588
4/10/2018 2:00,8.652999878,8.652999878,11.134633
4/10/2018 3:00,8.722999573,8.722999573,10.944888
4/10/2018 4:00,8.442000389,8.442000389,12.183772
4/10/2018 5:00,8.581999779,8.581999779,12.402215
4/10/2018 6:00,8.652999878,8.652999878,12.1430025
4/10/2018 7:00,9.215000153,9.215000153,10.425873
4/10/2018 8:00,9.918999672,9.918999672,9.869185
4/10/2018 9:00,10.48200035,10.48200035,9.72011
4/10/2018 10:00,9.215000153,9.215000153,9.485982
4/10/2018 11:00,9.567000389,9.567000389,9.236507
4/10/2018 12:00,8.934000015,8.934000015,8.897645
4/10/2018 13:00,9.425999641,9.425999641,8.88968
4/10/2018 14:00,10.55200005,10.55200005,8.740871
4/10/2018 15:00,10.62199974,10.62199974,8.879874
4/10/2018 16:00,11.18500042,11.18500042,8.570276
4/10/2018 17:00,10.90400028,10.90400028,8.771471
4/10/2018 18:00,12.02900028,12.02900028,8.771513
4/10/2018 19:00,11.60700035,11.60700035,9.2390785
4/10/2018 20:00,11.18500042,11.18500042,9.913024
4/10/2018 21:00,11.04399967,11.04399967,10.472012
4/10/2018 22:00,10.55200005,10.55200005,9.266582
4/10/2018 23:00,11.04399967,11.04399967,9.656259
4/11/2018 0:00,10.3409996,10.3409996,8.929066
4/11/2018 1:00,10.48200035,10.48200035,9.539392
4/11/2018 2:00,10.55200005,10.55200005,10.508101
4/11/2018 3:00,10.41100025,10.41100025,10.502821
4/11/2018 4:00,10.55200005,10.55200005,11.121294
4/11/2018 5:00,10.55200005,10.55200005,10.951864
4/11/2018 6:00,9.777999878,9.777999878,12.24807
4/11/2018 7:00,9.918999672,9.918999672,11.543917
4/11/2018 8:00,9.918999672,9.918999672,11.136245
4/11/2018 9:00,9.708000183,9.708000183,10.941103
4/11/2018 10:00,10.3409996,10.3409996,10.4867935
4/11/2018 11:00,10.13000011,10.13000011,10.956676
4/11/2018 12:00,10.27099991,10.27099991,10.316388
4/11/2018 13:00,10.3409996,10.3409996,10.496283
4/11/2018 14:00,10.97399998,10.97399998,10.477371
4/11/2018 15:00,10.97399998,10.97399998,10.332061
4/11/2018 16:00,10.76299953,10.76299953,10.487818
4/11/2018 17:00,9.777999878,9.777999878,10.418735
4/11/2018 18:00,9.425999641,9.425999641,9.865767
4/11/2018 19:00,8.722999573,8.722999573,9.881022
4/11/2018 20:00,7.879000187,7.879000187,9.88066
4/11/2018 21:00,7.668000221,7.668000221,9.688328
4/11/2018 22:00,7.386000156,7.386000156,10.292482
4/11/2018 23:00,6.964000225,6.964000225,10.089141
4/12/2018 0:00,6.964000225,6.964000225,10.197636
4/12/2018 1:00,6.612999916,6.612999916,10.317152
4/12/2018 2:00,6.612999916,6.612999916,10.928034
4/12/2018 3:00,6.050000191,6.050000191,10.890951
4/12/2018 4:00,6.40199995,6.40199995,10.821018
4/12/2018 5:00,5.90899992,5.90899992,9.831565
4/12/2018 6:00,5.768000126,5.768000126,9.412497
4/12/2018 7:00,5.627999783,5.627999783,8.709066
4/12/2018 8:00,5.90899992,5.90899992,7.989127
4/12/2018 9:00,5.90899992,5.90899992,7.560922
4/12/2018 10:00,5.979000092,5.979000092,7.3222027
4/12/2018 11:00,6.330999851,6.330999851,6.896067
4/12/2018 12:00,6.472000122,6.472000122,6.900212
4/12/2018 13:00,6.050000191,6.050000191,6.5477433
4/12/2018 14:00,6.541999817,6.541999817,6.4689317
4/12/2018 15:00,6.472000122,6.472000122,6.292749
4/12/2018 16:00,6.330999851,6.330999851,6.375626
4/12/2018 17:00,5.768000126,5.768000126,5.9765997
4/12/2018 18:00,5.627999783,5.627999783,5.9467726
4/12/2018 19:00,5.346000195,5.346000195,5.741614
4/12/2018 20:00,4.854000092,4.854000092,5.9804397
4/12/2018 21:00,5.135000229,5.135000229,5.993116
4/12/2018 22:00,4.994999886,4.994999886,6.047783
4/12/2018 23:00,4.643000126,4.643000126,6.360786
4/13/2018 0:00,4.994999886,4.994999886,6.402607
4/13/2018 1:00,4.923999786,4.923999786,6.165015
4/13/2018 2:00,4.78399992,4.78399992,6.597954
4/13/2018 3:00,4.854000092,4.854000092,6.427768
4/13/2018 4:00,4.854000092,4.854000092,6.28867
4/13/2018 5:00,4.78399992,4.78399992,5.9278445
4/13/2018 6:00,4.712999821,4.712999821,5.635179
4/13/2018 7:00,4.572999954,4.572999954,5.2835865
4/13/2018 8:00,4.290999889,4.290999889,4.9976172
4/13/2018 9:00,4.290999889,4.290999889,5.22328
4/13/2018 10:00,4.361999989,4.361999989,5.0318727
4/13/2018 11:00,4.572999954,4.572999954,4.6597614
4/13/2018 12:00,5.065000057,5.065000057,5.0644307
4/13/2018 13:00,4.643000126,4.643000126,5.0236793
4/13/2018 14:00,4.854000092,4.854000092,5.0084386
4/13/2018 15:00,5.276000023,5.276000023,5.011729
4/13/2018 16:00,4.854000092,4.854000092,5.0119
4/13/2018 17:00,5.839000225,5.839000225,4.9965763
4/13/2018 18:00,4.572999954,4.572999954,4.999684
4/13/2018 19:00,3.095000029,3.095000029,4.652612
4/13/2018 20:00,3.799000025,3.799000025,4.2567925
4/13/2018 21:00,4.854000092,4.854000092,4.239211
4/13/2018 22:00,3.095000029,3.095000029,4.633787
4/13/2018 23:00,3.588000059,3.588000059,4.6240845
4/14/2018 0:00,4.290999889,4.290999889,5.1502995
4/14/2018 1:00,4.361999989,4.361999989,4.6110597
4/14/2018 2:00,4.150000095,4.150000095,5.031115
4/14/2018 3:00,4.643000126,4.643000126,5.1477213
4/14/2018 4:00,5.205999851,5.205999851,5.1369667
4/14/2018 5:00,4.854000092,4.854000092,5.838963
4/14/2018 6:00,5.205999851,5.205999851,4.532336
4/14/2018 7:00,4.854000092,4.854000092,3.3649926
4/14/2018 8:00,4.923999786,4.923999786,4.081635
4/14/2018 9:00,3.447000027,3.447000027,4.9072356
4/14/2018 10:00,4.361999989,4.361999989,3.3213644
4/14/2018 11:00,3.799000025,3.799000025,3.7892845
4/14/2018 12:00,3.799000025,3.799000025,4.471204
4/14/2018 13:00,3.938999891,3.938999891,4.4006357
4/14/2018 14:00,4.010000229,4.010000229,4.092769
4/14/2018 15:00,4.43200016,4.43200016,4.6799297
4/14/2018 16:00,5.346000195,5.346000195,5.116722
4/14/2018 17:00,5.205999851,5.205999851,5.02372
4/14/2018 18:00,5.416999817,5.416999817,5.1369467
4/14/2018 19:00,5.065000057,5.065000057,4.988218
4/14/2018 20:00,4.923999786,4.923999786,4.8962717
4/14/2018 21:00,3.868999958,3.868999958,3.5624287
4/14/2018 22:00,4.361999989,4.361999989,4.398871
4/14/2018 23:00,4.501999855,4.501999855,4.007717
4/15/2018 0:00,4.854000092,4.854000092,4.0190463
4/15/2018 1:00,5.346000195,5.346000195,3.995415
4/15/2018 2:00,4.643000126,4.643000126,4.111977
4/15/2018 3:00,4.854000092,4.854000092,4.5352936
4/15/2018 4:00,5.135000229,5.135000229,5.529112
4/15/2018 5:00,5.276000023,5.276000023,5.207616
4/15/2018 6:00,5.135000229,5.135000229,5.46779
4/15/2018 7:00,5.768000126,5.768000126,5.1431103
4/15/2018 8:00,4.854000092,4.854000092,4.9213905
4/15/2018 9:00,5.979000092,5.979000092,4.0894227
4/15/2018 10:00,6.261000156,6.261000156,4.4895997
4/15/2018 11:00,6.190999985,6.190999985,4.708946
4/15/2018 12:00,6.612999916,6.612999916,5.1123185
4/15/2018 13:00,6.823999882,6.823999882,5.281503
4/15/2018 14:00,8.300999641,8.300999641,4.6907945
4/15/2018 15:00,8.722999573,8.722999573,5.086709
4/15/2018 16:00,9.425999641,9.425999641,5.358542
4/15/2018 17:00,9.355999947,9.355999947,5.3268566
4/15/2018 18:00,8.722999573,8.722999573,5.3587494
4/15/2018 19:00,7.809000015,7.809000015,5.908195
4/15/2018 20:00,6.964000225,6.964000225,5.2163134
4/15/2018 21:00,6.261000156,6.261000156,6.08072
4/15/2018 22:00,6.050000191,6.050000191,6.3565254
4/15/2018 23:00,6.050000191,6.050000191,6.241201
4/16/2018 0:00,6.823999882,6.823999882,6.5365267
4/16/2018 1:00,6.472000122,6.472000122,7.1241436
4/16/2018 2:00,6.612999916,6.612999916,8.541633
4/16/2018 3:00,6.541999817,6.541999817,8.925715
4/16/2018 4:00,6.40199995,6.40199995,9.40851
4/16/2018 5:00,5.90899992,5.90899992,9.410983
4/16/2018 6:00,6.190999985,6.190999985,8.789871
4/16/2018 7:00,6.330999851,6.330999851,7.5684986
4/16/2018 8:00,6.541999817,6.541999817,6.947879
4/16/2018 9:00,6.683000088,6.683000088,6.263626
4/16/2018 10:00,6.964000225,6.964000225,6.136346
4/16/2018 11:00,7.315999985,7.315999985,6.201222
4/16/2018 12:00,6.964000225,6.964000225,7.0180883
4/16/2018 13:00,7.245999813,7.245999813,6.539907
4/16/2018 14:00,8.020000458,8.020000458,6.546568
4/16/2018 15:00,8.652999878,8.652999878,6.5596757
4/16/2018 16:00,9.00399971,9.00399971,6.522162
4/16/2018 17:00,8.512000084,8.512000084,6.0129743
4/16/2018 18:00,7.737999916,7.737999916,6.28585
4/16/2018 19:00,7.668000221,7.668000221,6.4046874
4/16/2018 20:00,6.894000053,6.894000053,6.6196513
4/16/2018 21:00,6.823999882,6.823999882,6.7457056
4/16/2018 22:00,6.894000053,6.894000053,7.033734
4/16/2018 23:00,6.190999985,6.190999985,7.339589
4/17/2018 0:00,5.90899992,5.90899992,6.9940844
4/17/2018 1:00,6.261000156,6.261000156,7.3716145
4/17/2018 2:00,6.261000156,6.261000156,8.102281
4/17/2018 3:00,5.90899992,5.90899992,8.767676
4/17/2018 4:00,6.261000156,6.261000156,8.757866
4/17/2018 5:00,5.768000126,5.768000126,8.580944
4/17/2018 6:00,5.768000126,5.768000126,7.6361704
4/17/2018 7:00,6.683000088,6.683000088,7.5324845
4/17/2018 8:00,7.245999813,7.245999813,6.9600534
4/17/2018 9:00,8.159999847,8.159999847,6.9496994
4/17/2018 10:00,8.86400032,8.86400032,6.965901
4/17/2018 11:00,7.879000187,7.879000187,6.2759895
4/17/2018 12:00,8.090000153,8.090000153,6.090933
4/17/2018 13:00,8.934000015,8.934000015,6.4379945
4/17/2018 14:00,9.567000389,9.567000389,6.371894
4/17/2018 15:00,10.27099991,10.27099991,6.1036
4/17/2018 16:00,10.90400028,10.90400028,6.306739
4/17/2018 17:00,10.90400028,10.90400028,5.903392
4/17/2018 18:00,10.62199974,10.62199974,5.9669547
4/17/2018 19:00,8.934000015,8.934000015,6.8251376
4/17/2018 20:00,8.090000153,8.090000153,7.3789186
4/17/2018 21:00,8.159999847,8.159999847,8.192
4/17/2018 22:00,7.948999882,7.948999882,8.71155
4/17/2018 23:00,7.668000221,7.668000221,7.9359856
4/18/2018 0:00,7.456999779,7.456999779,8.0467005
4/18/2018 1:00,7.245999813,7.245999813,8.815123
4/18/2018 2:00,7.386000156,7.386000156,9.76902
4/18/2018 3:00,7.245999813,7.245999813,10.236509
4/18/2018 4:00,7.245999813,7.245999813,10.949481
4/18/2018 5:00,7.245999813,7.245999813,10.937871
4/18/2018 6:00,6.964000225,6.964000225,10.3804865
4/18/2018 7:00,7.737999916,7.737999916,8.704021
4/18/2018 8:00,9.145000458,9.145000458,8.047028
4/18/2018 9:00,8.722999573,8.722999573,8.079275
4/18/2018 10:00,9.637999535,9.637999535,8.069987
4/18/2018 11:00,9.215000153,9.215000153,7.5916114
4/18/2018 12:00,9.286000252,9.286000252,7.517635
4/18/2018 13:00,9.98900032,9.98900032,7.3410172
4/18/2018 14:00,11.18500042,11.18500042,7.330093
4/18/2018 15:00,11.5369997,11.5369997,7.350291
4/18/2018 16:00,12.31099987,12.31099987,7.3743014
4/18/2018 17:00,12.6619997,12.6619997,7.3741684
4/18/2018 18:00,11.81799984,11.81799984,7.1230016
4/18/2018 19:00,10.13000011,10.13000011,8.058349
4/18/2018 20:00,9.98900032,9.98900032,9.18524
4/18/2018 21:00,9.355999947,9.355999947,8.835818
4/18/2018 22:00,9.00399971,9.00399971,9.744493
4/18/2018 23:00,8.934000015,8.934000015,9.185176
4/19/2018 0:00,8.512000084,8.512000084,9.454335
4/19/2018 1:00,8.442000389,8.442000389,10.125542
4/19/2018 2:00,8.37100029,8.37100029,11.177022
4/19/2018 3:00,8.230999947,8.230999947,11.47991
4/19/2018 4:00,8.020000458,8.020000458,12.23216
4/19/2018 5:00,8.020000458,8.020000458,12.632337
4/19/2018 6:00,7.52699995,7.52699995,11.632322
4/19/2018 7:00,8.090000153,8.090000153,10.058228
4/19/2018 8:00,9.074999809,9.074999809,9.8575535
4/19/2018 9:00,9.286000252,9.286000252,9.445511
4/19/2018 10:00,9.918999672,9.918999672,8.966613
4/19/2018 11:00,9.777999878,9.777999878,8.8336735
4/19/2018 12:00,10.27099991,10.27099991,8.737997
4/19/2018 13:00,11.04399967,11.04399967,8.5297
4/19/2018 14:00,11.88899994,11.88899994,8.513194
4/19/2018 15:00,12.59200001,12.59200001,8.433015
4/19/2018 16:00,12.52200031,12.52200031,8.079411
4/19/2018 17:00,12.17000008,12.17000008,8.048906
4/19/2018 18:00,11.60700035,11.60700035,7.624888
4/19/2018 19:00,10.41100025,10.41100025,8.164062
4/19/2018 20:00,9.848999977,9.848999977,9.185065
4/19/2018 21:00,9.355999947,9.355999947,9.440357
4/19/2018 22:00,8.934000015,8.934000015,9.901543
4/19/2018 23:00,8.512000084,8.512000084,9.960365
4/20/2018 0:00,8.512000084,8.512000084,10.219039
4/20/2018 1:00,8.652999878,8.652999878,10.939175
4/20/2018 2:00,8.793000221,8.793000221,12.003335
4/20/2018 3:00,8.37100029,8.37100029,12.574056
4/20/2018 4:00,8.300999641,8.300999641,12.386701
4/20/2018 5:00,8.090000153,8.090000153,12.1169
4/20/2018 6:00,8.37100029,8.37100029,11.489582
4/20/2018 7:00,9.145000458,9.145000458,10.392273
4/20/2018 8:00,9.00399971,9.00399971,9.784019
4/20/2018 9:00,8.86400032,8.86400032,9.424074
4/20/2018 10:00,9.496999741,9.496999741,8.889876
4/20/2018 11:00,9.98900032,9.98900032,8.552201
4/20/2018 12:00,10.3409996,10.3409996,8.549139
4/20/2018 13:00,11.74800014,11.74800014,8.931231
4/20/2018 14:00,12.38099957,12.38099957,8.926342
4/20/2018 15:00,12.94400024,12.94400024,8.536542
4/20/2018 16:00,13.43599987,13.43599987,8.439586
4/20/2018 17:00,12.8739996,12.8739996,8.196473
4/20/2018 18:00,12.23999977,12.23999977,8.597912
4/20/2018 19:00,11.74800014,11.74800014,8.983934
4/20/2018 20:00,11.25599957,11.25599957,9.041761
4/20/2018 21:00,11.88899994,11.88899994,9.020456
4/20/2018 22:00,11.04399967,11.04399967,9.716207
4/20/2018 23:00,10.90400028,10.90400028,10.120381
4/21/2018 0:00,10.97399998,10.97399998,10.255128
4/21/2018 1:00,10.90400028,10.90400028,11.723756
4/21/2018 2:00,11.32600021,11.32600021,12.410315
4/21/2018 3:00,10.3409996,10.3409996,12.826569
4/21/2018 4:00,9.567000389,9.567000389,13.371047
4/21/2018 5:00,10.27099991,10.27099991,12.801455
4/21/2018 6:00,10.3409996,10.3409996,12.204541
4/21/2018 7:00,10.3409996,10.3409996,11.691838
4/21/2018 8:00,10.06000042,10.06000042,11.150797
4/21/2018 9:00,10.62199974,10.62199974,12.01425
4/21/2018 10:00,10.76299953,10.76299953,10.956728
4/21/2018 11:00,10.48200035,10.48200035,10.956468
4/21/2018 12:00,11.25599957,11.25599957,10.950931
4/21/2018 13:00,11.25599957,11.25599957,10.958102
4/21/2018 14:00,9.777999878,9.777999878,11.222897
4/21/2018 15:00,10.27099991,10.27099991,10.242098
4/21/2018 16:00,9.848999977,9.848999977,9.735178
4/21/2018 17:00,9.567000389,9.567000389,10.250818
4/21/2018 18:00,9.425999641,9.425999641,10.26469
4/21/2018 19:00,9.355999947,9.355999947,10.219006
4/21/2018 20:00,9.496999741,9.496999741,10.014912
4/21/2018 21:00,9.00399971,9.00399971,10.459044
4/21/2018 22:00,9.215000153,9.215000153,10.72245
4/21/2018 23:00,9.145000458,9.145000458,10.456995
4/22/2018 0:00,9.567000389,9.567000389,11.229417
4/22/2018 1:00,9.708000183,9.708000183,11.130022
4/22/2018 2:00,9.637999535,9.637999535,9.888238
4/22/2018 3:00,9.708000183,9.708000183,10.145516
4/22/2018 4:00,7.034999847,7.034999847,9.8491
4/22/2018 5:00,8.652999878,8.652999878,9.641029
4/22/2018 6:00,9.355999947,9.355999947,9.478544
4/22/2018 7:00,8.512000084,8.512000084,9.454296
4/22/2018 8:00,9.98900032,9.98900032,9.622402
4/22/2018 9:00,10.3409996,10.3409996,9.025319
4/22/2018 10:00,9.918999672,9.918999672,9.243873
4/22/2018 11:00,9.425999641,9.425999641,9.230213
4/22/2018 12:00,9.637999535,9.637999535,9.667746
4/22/2018 13:00,9.496999741,9.496999741,9.678989
4/22/2018 14:00,9.355999947,9.355999947,9.673314
4/22/2018 15:00,9.918999672,9.918999672,9.493047
4/22/2018 16:00,10.06000042,10.06000042,7.2148433
4/22/2018 17:00,10.27099991,10.27099991,8.646092
4/22/2018 18:00,10.06000042,10.06000042,9.451813
4/22/2018 19:00,9.98900032,9.98900032,8.64702
4/22/2018 20:00,8.37100029,8.37100029,10.159703
4/22/2018 21:00,8.442000389,8.442000389,10.223025
4/22/2018 22:00,7.737999916,7.737999916,9.790312
4/22/2018 23:00,7.105000019,7.105000019,9.452019
4/23/2018 0:00,6.752999783,6.752999783,9.637003
4/23/2018 1:00,6.40199995,6.40199995,9.632605
4/23/2018 2:00,5.839000225,5.839000225,9.428318
4/23/2018 3:00,5.90899992,5.90899992,9.76731
4/23/2018 4:00,5.416999817,5.416999817,10.0075865
4/23/2018 5:00,4.994999886,4.994999886,10.094108
4/23/2018 6:00,5.135000229,5.135000229,9.950929
4/23/2018 7:00,4.643000126,4.643000126,9.945813
4/23/2018 8:00,4.361999989,4.361999989,8.450708
4/23/2018 9:00,4.290999889,4.290999889,8.362244
4/23/2018 10:00,3.657999992,3.657999992,7.7641215
4/23/2018 11:00,3.165999889,3.165999889,6.9876513
4/23/2018 12:00,3.51699996,3.51699996,6.713999
4/23/2018 13:00,3.236000061,3.236000061,6.3454757
4/23/2018 14:00,3.236000061,3.236000061,5.96799
4/23/2018 15:00,3.727999926,3.727999926,5.894489
4/23/2018 16:00,5.205999851,5.205999851,5.3156266
4/23/2018 17:00,5.697999954,5.697999954,5.011598
4/23/2018 18:00,5.205999851,5.205999851,5.259512
4/23/2018 19:00,5.55700016,5.55700016,4.6654105
4/23/2018 20:00,4.643000126,4.643000126,4.679173
4/23/2018 21:00,5.486999989,5.486999989,4.2254663
4/23/2018 22:00,6.050000191,6.050000191,3.7084234
4/23/2018 23:00,5.135000229,5.135000229,3.4375026
4/24/2018 0:00,6.261000156,6.261000156,3.6984303
4/24/2018 1:00,6.40199995,6.40199995,3.401825
4/24/2018 2:00,6.612999916,6.612999916,3.456652
4/24/2018 3:00,6.261000156,6.261000156,3.9312077
4/24/2018 4:00,6.683000088,6.683000088,5.37603
4/24/2018 5:00,6.330999851,6.330999851,5.7234716
4/24/2018 6:00,6.752999783,6.752999783,5.3902626
4/24/2018 7:00,6.541999817,6.541999817,5.3729663
4/24/2018 8:00,6.261000156,6.261000156,4.8989167
4/24/2018 9:00,6.964000225,6.964000225,5.463665
4/24/2018 10:00,6.472000122,6.472000122,5.9907246
4/24/2018 11:00,7.105000019,7.105000019,5.524436
4/24/2018 12:00,7.175000191,7.175000191,6.411678
4/24/2018 13:00,8.020000458,8.020000458,6.5345054
4/24/2018 14:00,8.159999847,8.159999847,6.6280727
4/24/2018 15:00,8.652999878,8.652999878,6.427746
4/24/2018 16:00,8.230999947,8.230999947,6.7667
4/24/2018 17:00,7.668000221,7.668000221,6.4178934
4/24/2018 18:00,8.442000389,8.442000389,6.764122
4/24/2018 19:00,7.948999882,7.948999882,6.6291547
4/24/2018 20:00,7.809000015,7.809000015,6.406003
4/24/2018 21:00,7.737999916,7.737999916,7.0052114
4/24/2018 22:00,7.386000156,7.386000156,6.5768204
4/24/2018 23:00,7.668000221,7.668000221,7.2589984
4/25/2018 0:00,7.456999779,7.456999779,7.3358555
4/25/2018 1:00,7.315999985,7.315999985,8.064735
4/25/2018 2:00,7.809000015,7.809000015,8.217038
4/25/2018 3:00,7.52699995,7.52699995,8.723276
4/25/2018 4:00,6.541999817,6.541999817,8.100921
4/25/2018 5:00,7.034999847,7.034999847,7.6489325
4/25/2018 6:00,7.879000187,7.879000187,8.467229
4/25/2018 7:00,9.074999809,9.074999809,8.0353155
4/25/2018 8:00,8.020000458,8.020000458,7.91258
4/25/2018 9:00,8.512000084,8.512000084,7.8377733
4/25/2018 10:00,9.496999741,9.496999741,7.4039364
4/25/2018 11:00,9.145000458,9.145000458,7.581545
4/25/2018 12:00,9.567000389,9.567000389,7.5133915
4/25/2018 13:00,8.86400032,8.86400032,7.403808
4/25/2018 14:00,9.848999977,9.848999977,7.877085
4/25/2018 15:00,10.19999981,10.19999981,7.515917
4/25/2018 16:00,9.98900032,9.98900032,6.7146177
4/25/2018 17:00,10.55200005,10.55200005,7.1131344
4/25/2018 18:00,10.27099991,10.27099991,8.013457
4/25/2018 19:00,9.425999641,9.425999641,9.11514
4/25/2018 20:00,8.512000084,8.512000084,8.220612
4/25/2018 21:00,9.074999809,9.074999809,8.807519
4/25/2018 22:00,8.934000015,8.934000015,9.464534
4/25/2018 23:00,8.512000084,8.512000084,9.222268
4/26/2018 0:00,8.722999573,8.722999573,9.682368
4/26/2018 1:00,8.512000084,8.512000084,8.874268
4/26/2018 2:00,9.215000153,9.215000153,9.877343
4/26/2018 3:00,9.425999641,9.425999641,10.173458
4/26/2018 4:00,9.355999947,9.355999947,10.087857
4/26/2018 5:00,9.567000389,9.567000389,10.456974
4/26/2018 6:00,9.074999809,9.074999809,10.15935
4/26/2018 7:00,9.848999977,9.848999977,9.426433
4/26/2018 8:00,10.27099991,10.27099991,8.867088
4/26/2018 9:00,9.848999977,9.848999977,9.237954
4/26/2018 10:00,9.98900032,9.98900032,8.8671875
4/26/2018 11:00,10.69299984,10.69299984,8.867285
4/26/2018 12:00,10.83300018,10.83300018,8.877228
4/26/2018 13:00,10.62199974,10.62199974,8.887937
4/26/2018 14:00,11.11499977,11.11499977,9.244153
4/26/2018 15:00,10.48200035,10.48200035,9.452839
4/26/2018 16:00,11.60700035,11.60700035,9.448826
4/26/2018 17:00,11.32600021,11.32600021,9.704762
4/26/2018 18:00,10.06000042,10.06000042,9.280453
4/26/2018 19:00,10.3409996,10.3409996,9.895064
4/26/2018 20:00,9.777999878,9.777999878,10.190167
4/26/2018 21:00,10.13000011,10.13000011,9.862146
4/26/2018 22:00,10.48200035,10.48200035,10.099525
4/26/2018 23:00,9.848999977,9.848999977,10.819078
4/27/2018 0:00,9.777999878,9.777999878,10.913809
4/27/2018 1:00,9.918999672,9.918999672,10.509135
4/27/2018 2:00,9.918999672,9.918999672,10.93617
4/27/2018 3:00,9.425999641,9.425999641,10.525121
4/27/2018 4:00,9.496999741,9.496999741,11.518559
4/27/2018 5:00,9.637999535,9.637999535,11.122492
4/27/2018 6:00,9.777999878,9.777999878,10.093131
4/27/2018 7:00,10.3409996,10.3409996,10.237168
4/27/2018 8:00,11.18500042,11.18500042,9.892454
4/27/2018 9:00,11.25599957,11.25599957,10.142999
4/27/2018 10:00,11.67800045,11.67800045,10.463049
4/27/2018 11:00,11.32600021,11.32600021,9.85224
4/27/2018 12:00,11.60700035,11.60700035,9.854145
4/27/2018 13:00,12.7329998,12.7329998,9.841792
4/27/2018 14:00,13.08500004,13.08500004,9.888538
4/27/2018 15:00,13.9989996,13.9989996,9.530643
4/27/2018 16:00,14.21000004,14.21000004,9.553666
4/27/2018 17:00,13.9989996,13.9989996,9.814436
4/27/2018 18:00,13.71800041,13.71800041,9.930875
4/27/2018 19:00,12.45100021,12.45100021,10.413598
4/27/2018 20:00,11.67800045,11.67800045,11.219947
4/27/2018 21:00,11.32600021,11.32600021,11.266508
4/27/2018 22:00,11.04399967,11.04399967,11.698528
4/27/2018 23:00,10.97399998,10.97399998,11.233082
4/28/2018 0:00,10.83300018,10.83300018,11.5866165
4/28/2018 1:00,10.69299984,10.69299984,12.852276
4/28/2018 2:00,10.97399998,10.97399998,13.070744
4/28/2018 3:00,9.567000389,9.567000389,13.87417
4/28/2018 4:00,9.567000389,9.567000389,14.070449
4/28/2018 5:00,9.496999741,9.496999741,13.785995
4/28/2018 6:00,9.496999741,9.496999741,13.579441
4/28/2018 7:00,9.637999535,9.637999535,12.314713
4/28/2018 8:00,10.19999981,10.19999981,11.657805
4/28/2018 9:00,10.06000042,10.06000042,11.218605
4/28/2018 10:00,10.83300018,10.83300018,10.954462
4/28/2018 11:00,10.83300018,10.83300018,10.97115
4/28/2018 12:00,11.32600021,11.32600021,10.960537
4/28/2018 13:00,11.81799984,11.81799984,10.766889
4/28/2018 14:00,12.80300045,12.80300045,10.919635
4/28/2018 15:00,13.22500038,13.22500038,9.686479
4/28/2018 16:00,13.9289999,13.9289999,9.740838
4/28/2018 17:00,13.08500004,13.08500004,9.740243
4/28/2018 18:00,12.59200001,12.59200001,9.719226
4/28/2018 19:00,11.81799984,11.81799984,9.72996
4/28/2018 20:00,11.5369997,11.5369997,10.233758
4/28/2018 21:00,11.11499977,11.11499977,10.186799
4/28/2018 22:00,10.83300018,10.83300018,10.971381
4/28/2018 23:00,10.69299984,10.69299984,10.973533
4/29/2018 0:00,10.90400028,10.90400028,11.253189
4/29/2018 1:00,11.60700035,11.60700035,11.682017
4/29/2018 2:00,11.60700035,11.60700035,12.880322
4/29/2018 3:00,11.18500042,11.18500042,13.216904
4/29/2018 4:00,11.74800014,11.74800014,13.932484
4/29/2018 5:00,11.60700035,11.60700035,13.021841
4/29/2018 6:00,11.32600021,11.32600021,12.696005
4/29/2018 7:00,11.95899963,11.95899963,11.64465
4/29/2018 8:00,12.59200001,12.59200001,11.570916
4/29/2018 9:00,12.6619997,12.6619997,10.960405
4/29/2018 10:00,12.59200001,12.59200001,10.939247
4/29/2018 11:00,12.02900028,12.02900028,10.804719
4/29/2018 12:00,12.52200031,12.52200031,10.986384
4/29/2018 13:00,11.95899963,11.95899963,11.579679
4/29/2018 14:00,12.80300045,12.80300045,11.573915
4/29/2018 15:00,12.6619997,12.6619997,11.139402
4/29/2018 16:00,12.45100021,12.45100021,11.6931095
4/29/2018 17:00,13.29599953,13.29599953,11.584519
4/29/2018 18:00,12.94400024,12.94400024,11.308357
4/29/2018 19:00,12.7329998,12.7329998,12.07245
4/29/2018 20:00,12.6619997,12.6619997,12.710558
4/29/2018 21:00,12.45100021,12.45100021,12.728743
4/29/2018 22:00,12.52200031,12.52200031,12.700499
4/29/2018 23:00,12.38099957,12.38099957,12.171556
4/30/2018 0:00,12.7329998,12.7329998,12.332412
4/30/2018 1:00,12.52200031,12.52200031,12.058197
4/30/2018 2:00,12.10000038,12.10000038,12.79004
4/30/2018 3:00,11.67800045,11.67800045,12.713926
4/30/2018 4:00,11.88899994,11.88899994,12.392756
4/30/2018 5:00,12.59200001,12.59200001,13.387063
4/30/2018 6:00,12.7329998,12.7329998,12.731136
4/30/2018 7:00,12.94400024,12.94400024,12.731278
4/30/2018 8:00,12.8739996,12.8739996,12.631162
4/30/2018 9:00,12.52200031,12.52200031,12.379689
4/30/2018 10:00,13.71800041,13.71800041,12.417682
4/30/2018 11:00,13.64700031,13.64700031,12.451682
4/30/2018 12:00,14.56200027,14.56200027,12.780508
4/30/2018 13:00,14.84300041,14.84300041,12.516288
4/30/2018 14:00,15.0539999,15.0539999,12.292751
4/30/2018 15:00,15.89799976,15.89799976,11.890726
4/30/2018 16:00,16.81299973,16.81299973,11.92333
4/30/2018 17:00,15.82800007,15.82800007,12.759489
4/30/2018 18:00,14.77299976,14.77299976,12.852629
4/30/2018 19:00,14.49100018,14.49100018,12.868024
4/30/2018 20:00,13.57699966,13.57699966,12.847898
4/30/2018 21:00,13.22500038,13.22500038,12.522907
4/30/2018 22:00,13.50699997,13.50699997,13.751996
4/30/2018 23:00,13.36600018,13.36600018,13.76807
5/1/2018 0:00,13.43599987,13.43599987,14.4786
5/1/2018 1:00,13.43599987,13.43599987,14.798071
5/1/2018 2:00,13.57699966,13.57699966,15.078202
5/1/2018 3:00,13.43599987,13.43599987,16.004917
5/1/2018 4:00,13.08500004,13.08500004,16.70511
5/1/2018 5:00,13.64700031,13.64700031,15.573292
5/1/2018 6:00,13.78800011,13.78800011,14.588882
5/1/2018 7:00,13.9989996,13.9989996,14.480366
5/1/2018 8:00,14.06900024,14.06900024,13.456575
5/1/2018 9:00,13.43599987,13.43599987,13.412686
5/1/2018 10:00,13.57699966,13.57699966,13.47415
5/1/2018 11:00,12.8739996,12.8739996,13.482622
5/1/2018 12:00,12.8739996,12.8739996,13.432752
5/1/2018 13:00,12.38099957,12.38099957,13.433508
5/1/2018 14:00,12.7329998,12.7329998,13.416788
5/1/2018 15:00,13.50699997,13.50699997,13.394084
5/1/2018 16:00,13.43599987,13.43599987,13.190561
5/1/2018 17:00,13.64700031,13.64700031,13.760003
5/1/2018 18:00,7.52699995,7.52699995,13.752722
5/1/2018 19:00,5.768000126,5.768000126,13.856292
5/1/2018 20:00,8.020000458,8.020000458,13.965818
5/1/2018 21:00,9.777999878,9.777999878,13.461802
5/1/2018 22:00,10.83300018,10.83300018,13.451498
5/1/2018 23:00,10.48200035,10.48200035,12.785514
5/2/2018 0:00,10.48200035,10.48200035,12.737617
5/2/2018 1:00,10.3409996,10.3409996,12.418954
5/2/2018 2:00,10.19999981,10.19999981,12.719552
5/2/2018 3:00,10.06000042,10.06000042,13.415395
5/2/2018 4:00,9.567000389,9.567000389,13.460231
5/2/2018 5:00,9.637999535,9.637999535,13.508979
5/2/2018 6:00,10.13000011,10.13000011,7.5676713
5/2/2018 7:00,9.215000153,9.215000153,6.198899
5/2/2018 8:00,9.215000153,9.215000153,8.217922
5/2/2018 9:00,9.708000183,9.708000183,9.896999
5/2/2018 10:00,9.286000252,9.286000252,10.930929
5/2/2018 11:00,9.425999641,9.425999641,10.454525
5/2/2018 12:00,9.918999672,9.918999672,10.454471
5/2/2018 13:00,9.918999672,9.918999672,10.311951
5/2/2018 14:00,9.918999672,9.918999672,10.172063
5/2/2018 15:00,10.27099991,10.27099991,10.074246
5/2/2018 16:00,10.48200035,10.48200035,9.672344
5/2/2018 17:00,10.62199974,10.62199974,9.7273445
5/2/2018 18:00,10.83300018,10.83300018,10.056341
5/2/2018 19:00,10.06000042,10.06000042,9.23131
5/2/2018 20:00,10.13000011,10.13000011,9.216028
5/2/2018 21:00,9.074999809,9.074999809,9.678907
5/2/2018 22:00,8.020000458,8.020000458,9.405215
5/2/2018 23:00,7.737999916,7.737999916,9.40652
5/3/2018 0:00,8.230999947,8.230999947,9.825041
5/3/2018 1:00,7.809000015,7.809000015,9.825075
5/3/2018 2:00,8.230999947,8.230999947,9.863587
5/3/2018 3:00,8.722999573,8.722999573,10.204716
5/3/2018 4:00,8.581999779,8.581999779,10.505062
5/3/2018 5:00,8.37100029,8.37100029,10.53552
5/3/2018 6:00,8.652999878,8.652999878,10.900055
5/3/2018 7:00,9.637999535,9.637999535,10.09725
5/3/2018 8:00,9.918999672,9.918999672,10.048646
5/3/2018 9:00,9.708000183,9.708000183,9.13269
5/3/2018 10:00,9.496999741,9.496999741,8.091735
5/3/2018 11:00,9.215000153,9.215000153,7.8097734
5/3/2018 12:00,9.777999878,9.777999878,8.113102
5/3/2018 13:00,10.62199974,10.62199974,7.7653513
5/3/2018 14:00,12.02900028,12.02900028,8.256615
5/3/2018 15:00,12.94400024,12.94400024,8.967601
5/3/2018 16:00,13.8579998,13.8579998,8.656153
5/3/2018 17:00,12.94400024,12.94400024,8.696394
5/3/2018 18:00,13.29599953,13.29599953,8.988203
5/3/2018 19:00,11.5369997,11.5369997,9.7311735
5/3/2018 20:00,11.39599991,11.39599991,9.880823
5/3/2018 21:00,11.32600021,11.32600021,9.671589
5/3/2018 22:00,10.97399998,10.97399998,9.669619
5/3/2018 23:00,10.90400028,10.90400028,9.267585
5/4/2018 0:00,10.41100025,10.41100025,9.901953
5/4/2018 1:00,10.3409996,10.3409996,10.491784
5/4/2018 2:00,10.13000011,10.13000011,12.182915
5/4/2018 3:00,10.06000042,10.06000042,12.786216
5/4/2018 4:00,10.19999981,10.19999981,13.747184
5/4/2018 5:00,10.27099991,10.27099991,12.714596
5/4/2018 6:00,10.19999981,10.19999981,13.311055
5/4/2018 7:00,11.04399967,11.04399967,11.560715
5/4/2018 8:00,11.5369997,11.5369997,11.231763
5/4/2018 9:00,10.97399998,10.97399998,11.269266
5/4/2018 10:00,11.32600021,11.32600021,10.966981
5/4/2018 11:00,12.02900028,12.02900028,10.947653
5/4/2018 12:00,12.31099987,12.31099987,10.435474
5/4/2018 13:00,13.15499973,13.15499973,10.280409
5/4/2018 14:00,14.21000004,14.21000004,10.135794
5/4/2018 15:00,14.49100018,14.49100018,10.200204
5/4/2018 16:00,15.54699993,15.54699993,10.34017
5/4/2018 17:00,13.78800011,13.78800011,10.270233
5/4/2018 18:00,13.50699997,13.50699997,10.32615
5/4/2018 19:00,12.6619997,12.6619997,11.015038
5/4/2018 20:00,12.6619997,12.6619997,11.566602
5/4/2018 21:00,12.6619997,12.6619997,10.987098
5/4/2018 22:00,12.45100021,12.45100021,11.250297
5/4/2018 23:00,12.52200031,12.52200031,12.228389
5/5/2018 0:00,11.95899963,11.95899963,12.3699665
5/5/2018 1:00,12.23999977,12.23999977,13.22206
5/5/2018 2:00,12.10000038,12.10000038,14.1519
5/5/2018 3:00,11.88899994,11.88899994,14.417364
5/5/2018 4:00,11.46700001,11.46700001,15.482165
5/5/2018 5:00,8.722999573,8.722999573,13.842721
5/5/2018 6:00,10.83300018,10.83300018,13.451826
5/5/2018 7:00,7.315999985,7.315999985,12.586859
5/5/2018 8:00,9.708000183,9.708000183,12.68093
5/5/2018 9:00,6.683000088,6.683000088,12.705581
5/5/2018 10:00,8.86400032,8.86400032,12.293654
5/5/2018 11:00,10.13000011,10.13000011,12.559644
5/5/2018 12:00,11.04399967,11.04399967,11.8095455
5/5/2018 13:00,11.18500042,11.18500042,12.228671
5/5/2018 14:00,11.04399967,11.04399967,12.220742
5/5/2018 15:00,11.32600021,11.32600021,11.8672695
5/5/2018 16:00,11.60700035,11.60700035,11.476446
5/5/2018 17:00,11.60700035,11.60700035,9.006224
5/5/2018 18:00,11.5369997,11.5369997,10.642223
5/5/2018 19:00,11.5369997,11.5369997,7.5724506
5/5/2018 20:00,11.81799984,11.81799984,9.449467
5/5/2018 21:00,11.5369997,11.5369997,6.930545
5/5/2018 22:00,11.67800045,11.67800045,8.94401
5/5/2018 23:00,11.74800014,11.74800014,10.1577635
5/6/2018 0:00,11.74800014,11.74800014,10.943214
5/6/2018 1:00,12.02900028,12.02900028,11.157085
5/6/2018 2:00,12.23999977,12.23999977,10.9865465
5/6/2018 3:00,12.23999977,12.23999977,11.23139
5/6/2018 4:00,11.81799984,11.81799984,11.539975
5/6/2018 5:00,12.45100021,12.45100021,11.557701
5/6/2018 6:00,12.23999977,12.23999977,11.554456
5/6/2018 7:00,12.38099957,12.38099957,11.545925
5/6/2018 8:00,12.02900028,12.02900028,11.716902
5/6/2018 9:00,10.69299984,10.69299984,11.541451
5/6/2018 10:00,11.88899994,11.88899994,11.713423
5/6/2018 11:00,10.90400028,10.90400028,11.701074
5/6/2018 12:00,7.105000019,7.105000019,11.681413
5/6/2018 13:00,8.934000015,8.934000015,12.176398
5/6/2018 14:00,9.286000252,9.286000252,12.23134
5/6/2018 15:00,9.074999809,9.074999809,12.225801
5/6/2018 16:00,9.567000389,9.567000389,11.672904
5/6/2018 17:00,7.668000221,7.668000221,12.39306
5/6/2018 18:00,9.567000389,9.567000389,12.269634
5/6/2018 19:00,8.934000015,8.934000015,12.387759
5/6/2018 20:00,5.697999954,5.697999954,12.152431
5/6/2018 21:00,8.020000458,8.020000458,10.761042
5/6/2018 22:00,7.456999779,7.456999779,11.7638855
5/6/2018 23:00,7.597000122,7.597000122,10.579023
5/7/2018 0:00,7.948999882,7.948999882,7.454863
5/7/2018 1:00,7.456999779,7.456999779,9.069361
5/7/2018 2:00,7.456999779,7.456999779,9.39029
5/7/2018 3:00,7.668000221,7.668000221,9.127365
5/7/2018 4:00,8.090000153,8.090000153,9.541208
5/7/2018 5:00,8.442000389,8.442000389,7.9609175
5/7/2018 6:00,8.652999878,8.652999878,9.563195
5/7/2018 7:00,8.512000084,8.512000084,8.699312
5/7/2018 8:00,8.300999641,8.300999641,5.954918
5/7/2018 9:00,7.948999882,7.948999882,8.09806
5/7/2018 10:00,8.159999847,8.159999847,7.4824157
5/7/2018 11:00,8.230999947,8.230999947,7.8020525
5/7/2018 12:00,8.722999573,8.722999573,7.933417
5/7/2018 13:00,8.230999947,8.230999947,7.4822583
5/7/2018 14:00,8.159999847,8.159999847,7.482174
5/7/2018 15:00,7.737999916,7.737999916,7.84679
5/7/2018 16:00,7.386000156,7.386000156,8.152305
5/7/2018 17:00,7.315999985,7.315999985,8.5912075
5/7/2018 18:00,7.737999916,7.737999916,8.603914
5/7/2018 19:00,8.722999573,8.722999573,8.622412
5/7/2018 20:00,8.86400032,8.86400032,8.508853
5/7/2018 21:00,9.074999809,9.074999809,7.9207344
5/7/2018 22:00,8.442000389,8.442000389,8.127371
5/7/2018 23:00,8.300999641,8.300999641,8.217053
5/8/2018 0:00,8.512000084,8.512000084,8.876767
5/8/2018 1:00,8.020000458,8.020000458,8.126285
5/8/2018 2:00,7.737999916,7.737999916,8.123504
5/8/2018 3:00,7.245999813,7.245999813,7.71363
5/8/2018 4:00,7.105000019,7.105000019,7.386208
5/8/2018 5:00,7.597000122,7.597000122,7.446605
5/8/2018 6:00,8.300999641,8.300999641,7.9192576
5/8/2018 7:00,6.964000225,6.964000225,8.985029
5/8/2018 8:00,7.456999779,7.456999779,8.945986
5/8/2018 9:00,7.809000015,7.809000015,9.099688
5/8/2018 10:00,8.300999641,8.300999641,8.607661
5/8/2018 11:00,8.581999779,8.581999779,8.601654
5/8/2018 12:00,8.934000015,8.934000015,8.516725
5/8/2018 13:00,10.13000011,10.13000011,8.072612
5/8/2018 14:00,10.41100025,10.41100025,7.7543974
5/8/2018 15:00,11.88899994,11.88899994,7.330142
5/8/2018 16:00,12.59200001,12.59200001,7.385612
5/8/2018 17:00,12.31099987,12.31099987,7.95083
5/8/2018 18:00,11.74800014,11.74800014,8.467669
5/8/2018 19:00,10.62199974,10.62199974,7.1160355
5/8/2018 20:00,10.19999981,10.19999981,7.4597573
5/8/2018 21:00,9.496999741,9.496999741,7.8365393
5/8/2018 22:00,9.708000183,9.708000183,8.599262
5/8/2018 23:00,9.074999809,9.074999809,8.757775
5/9/2018 0:00,8.581999779,8.581999779,8.915356
5/9/2018 1:00,8.230999947,8.230999947,10.090384
5/9/2018 2:00,8.159999847,8.159999847,10.491674
5/9/2018 3:00,7.809000015,7.809000015,11.82784
5/9/2018 4:00,7.175000191,7.175000191,12.599651
5/9/2018 5:00,7.034999847,7.034999847,12.33864
5/9/2018 6:00,7.034999847,7.034999847,11.783045
5/9/2018 7:00,7.879000187,7.879000187,10.477859
5/9/2018 8:00,8.230999947,8.230999947,10.173339
5/9/2018 9:00,8.230999947,8.230999947,9.635238
5/9/2018 10:00,8.581999779,8.581999779,9.615714
5/9/2018 11:00,9.074999809,9.074999809,9.171301
5/9/2018 12:00,9.567000389,9.567000389,8.62936
5/9/2018 13:00,10.3409996,10.3409996,8.080915
5/9/2018 14:00,11.60700035,11.60700035,8.108945
5/9/2018 15:00,12.38099957,12.38099957,7.696473
5/9/2018 16:00,12.6619997,12.6619997,7.435166
5/9/2018 17:00,12.8739996,12.8739996,7.044316
5/9/2018 18:00,12.23999977,12.23999977,7.118101
5/9/2018 19:00,11.60700035,11.60700035,7.914433
5/9/2018 20:00,10.76299953,10.76299953,8.179224
5/9/2018 21:00,9.708000183,9.708000183,8.1792145
5/9/2018 22:00,9.425999641,9.425999641,8.80519
5/9/2018 23:00,8.722999573,8.722999573,9.236432
5/10/2018 0:00,7.948999882,7.948999882,9.647113
5/10/2018 1:00,7.668000221,7.668000221,10.374467
5/10/2018 2:00,7.315999985,7.315999985,11.4854355
5/10/2018 3:00,6.752999783,6.752999783,12.367161
5/10/2018 4:00,6.330999851,6.330999851,12.571964
5/10/2018 5:00,6.119999886,6.119999886,12.700632
5/10/2018 6:00,6.050000191,6.050000191,12.112246
5/10/2018 7:00,6.40199995,6.40199995,11.422333
5/10/2018 8:00,6.612999916,6.612999916,10.728662
5/10/2018 9:00,6.683000088,6.683000088,9.583034
5/10/2018 10:00,7.456999779,7.456999779,9.453121
5/10/2018 11:00,7.105000019,7.105000019,8.740615
5/10/2018 12:00,8.159999847,8.159999847,7.8357687
5/10/2018 13:00,8.512000084,8.512000084,7.684031
5/10/2018 14:00,9.637999535,9.637999535,7.3775783
5/10/2018 15:00,10.13000011,10.13000011,6.756414
5/10/2018 16:00,10.06000042,10.06000042,6.340206
5/10/2018 17:00,9.918999672,9.918999672,6.1708817
5/10/2018 18:00,9.567000389,9.567000389,6.2604814
5/10/2018 19:00,9.286000252,9.286000252,6.587382
5/10/2018 20:00,8.581999779,8.581999779,6.6939383
5/10/2018 21:00,8.230999947,8.230999947,6.934926
5/10/2018 22:00,8.37100029,8.37100029,7.3881583
5/10/2018 23:00,7.948999882,7.948999882,7.1624846
5/11/2018 0:00,7.809000015,7.809000015,8.193959
5/11/2018 1:00,7.597000122,7.597000122,8.825276
5/11/2018 2:00,7.809000015,7.809000015,9.630815
5/11/2018 3:00,7.737999916,7.737999916,10.084411
5/11/2018 4:00,7.809000015,7.809000015,10.084337
5/11/2018 5:00,8.300999641,8.300999641,9.833896
5/11/2018 6:00,8.652999878,8.652999878,9.610359
5/11/2018 7:00,8.793000221,8.793000221,9.16085
5/11/2018 8:00,8.722999573,8.722999573,8.59829
5/11/2018 9:00,9.496999741,9.496999741,8.17171
5/11/2018 10:00,10.48200035,10.48200035,8.461902
5/11/2018 11:00,11.04399967,11.04399967,7.9974194
5/11/2018 12:00,11.60700035,11.60700035,7.8010225
5/11/2018 13:00,12.10000038,12.10000038,7.8005805
5/11/2018 14:00,11.25599957,11.25599957,7.7906647
5/11/2018 15:00,10.97399998,10.97399998,7.786538
5/11/2018 16:00,11.39599991,11.39599991,7.87179
5/11/2018 17:00,11.11499977,11.11499977,8.621219
5/11/2018 18:00,10.69299984,10.69299984,8.834713
5/11/2018 19:00,10.76299953,10.76299953,8.860651
5/11/2018 20:00,11.46700001,11.46700001,8.886141
5/11/2018 21:00,11.39599991,11.39599991,9.700033
5/11/2018 22:00,11.88899994,11.88899994,10.502818
5/11/2018 23:00,11.88899994,11.88899994,10.95503
5/12/2018 0:00,11.81799984,11.81799984,11.527018
5/12/2018 1:00,11.46700001,11.46700001,12.207551
5/12/2018 2:00,11.60700035,11.60700035,11.23405
5/12/2018 3:00,9.848999977,9.848999977,10.939476
5/12/2018 4:00,8.37100029,8.37100029,11.403829
5/12/2018 5:00,10.13000011,10.13000011,10.912722
5/12/2018 6:00,10.76299953,10.76299953,10.754141
5/12/2018 7:00,8.442000389,8.442000389,10.7704735
5/12/2018 8:00,8.300999641,8.300999641,11.459007
5/12/2018 9:00,9.777999878,9.777999878,11.372111
5/12/2018 10:00,10.55200005,10.55200005,12.060415
5/12/2018 11:00,10.90400028,10.90400028,11.806051
5/12/2018 12:00,11.04399967,11.04399967,11.775415
5/12/2018 13:00,10.62199974,10.62199974,11.405963
5/12/2018 14:00,10.83300018,10.83300018,11.487102
5/12/2018 15:00,10.69299984,10.69299984,9.807544
5/12/2018 16:00,10.90400028,10.90400028,8.660924
5/12/2018 17:00,10.55200005,10.55200005,10.094971
5/12/2018 18:00,11.11499977,11.11499977,10.68844
5/12/2018 19:00,11.04399967,11.04399967,8.573672
5/12/2018 20:00,10.69299984,10.69299984,8.622875
5/12/2018 21:00,10.27099991,10.27099991,9.904197
5/12/2018 22:00,10.13000011,10.13000011,10.513743
5/12/2018 23:00,10.3409996,10.3409996,10.935713
5/13/2018 0:00,10.48200035,10.48200035,10.916607
5/13/2018 1:00,10.3409996,10.3409996,10.507005
5/13/2018 2:00,9.918999672,9.918999672,10.923283
5/13/2018 3:00,9.98900032,9.98900032,10.775418
5/13/2018 4:00,10.19999981,10.19999981,10.898701
5/13/2018 5:00,9.98900032,9.98900032,10.493456
5/13/2018 6:00,10.27099991,10.27099991,10.943782
5/13/2018 7:00,10.83300018,10.83300018,10.950836
5/13/2018 8:00,10.55200005,10.55200005,10.776511
5/13/2018 9:00,11.32600021,11.32600021,10.222937
5/13/2018 10:00,11.5369997,11.5369997,10.145827
5/13/2018 11:00,12.38099957,12.38099957,10.358532
5/13/2018 12:00,12.45100021,12.45100021,10.488128
5/13/2018 13:00,13.08500004,13.08500004,10.321152
5/13/2018 14:00,13.36600018,13.36600018,9.918786
5/13/2018 15:00,14.49100018,14.49100018,10.15441
5/13/2018 16:00,15.26500034,15.26500034,10.2939625
5/13/2018 17:00,15.54699993,15.54699993,10.185308
5/13/2018 18:00,14.42099953,14.42099953,10.369063
5/13/2018 19:00,13.43599987,13.43599987,11.097185
5/13/2018 20:00,13.29599953,13.29599953,10.578991
5/13/2018 21:00,12.94400024,12.94400024,11.326416
5/13/2018 22:00,12.6619997,12.6619997,11.58574
5/13/2018 23:00,12.52200031,12.52200031,12.453609
5/14/2018 0:00,12.45100021,12.45100021,12.4488945
5/14/2018 1:00,12.52200031,12.52200031,13.021668
5/14/2018 2:00,12.7329998,12.7329998,13.4600935
5/14/2018 3:00,12.7329998,12.7329998,14.447936
5/14/2018 4:00,12.59200001,12.59200001,14.958535
5/14/2018 5:00,12.45100021,12.45100021,15.447676
5/14/2018 6:00,12.7329998,12.7329998,14.377265
5/14/2018 7:00,12.45100021,12.45100021,13.374404
5/14/2018 8:00,13.22500038,13.22500038,13.274637
5/14/2018 9:00,13.36600018,13.36600018,12.849846
5/14/2018 10:00,13.71800041,13.71800041,12.840933
5/14/2018 11:00,14.70300007,14.70300007,12.48884
5/14/2018 12:00,13.9989996,13.9989996,12.518904
5/14/2018 13:00,14.70300007,14.70300007,12.505659
5/14/2018 14:00,15.0539999,15.0539999,12.880373
5/14/2018 15:00,16.81299973,16.81299973,12.883468
5/14/2018 16:00,16.32099915,16.32099915,12.551215
5/14/2018 17:00,16.60199928,16.60199928,12.549565
5/14/2018 18:00,16.18000031,16.18000031,12.939134
5/14/2018 19:00,15.75800037,15.75800037,12.587759
5/14/2018 20:00,15.33600044,15.33600044,13.430079
5/14/2018 21:00,15.33600044,15.33600044,13.540319
5/14/2018 22:00,14.98400021,14.98400021,13.797713
5/14/2018 23:00,14.70300007,14.70300007,14.538607
5/15/2018 0:00,14.56200027,14.56200027,14.077776
5/15/2018 1:00,14.14000034,14.14000034,14.5385685
5/15/2018 2:00,14.49100018,14.49100018,15.061546
5/15/2018 3:00,14.56200027,14.56200027,16.619406
5/15/2018 4:00,14.27999973,14.27999973,16.112583
5/15/2018 5:00,14.14000034,14.14000034,16.617304
5/15/2018 6:00,14.35099983,14.35099983,16.105534
5/15/2018 7:00,14.56200027,14.56200027,15.56521
5/15/2018 8:00,16.03899956,16.03899956,15.33698
5/15/2018 9:00,16.46100044,16.46100044,15.334946
5/15/2018 10:00,15.19499969,15.19499969,14.831464
5/15/2018 11:00,14.14000034,14.14000034,14.634163
5/15/2018 12:00,15.40600014,15.40600014,14.515092
5/15/2018 13:00,14.42099953,14.42099953,14.191152
5/15/2018 14:00,15.75800037,15.75800037,14.502509
5/15/2018 15:00,16.18000031,16.18000031,14.494835
5/15/2018 16:00,16.88299942,16.88299942,14.271104
5/15/2018 17:00,16.25,16.25,14.271912
5/15/2018 18:00,17.16500092,17.16500092,14.573236
5/15/2018 19:00,16.88299942,16.88299942,14.606523
5/15/2018 20:00,16.32099915,16.32099915,16.01731
5/15/2018 21:00,15.96899986,15.96899986,16.373909
5/15/2018 22:00,15.89799976,15.89799976,15.144801
5/15/2018 23:00,15.68700027,15.68700027,14.261046
5/16/2018 0:00,15.96899986,15.96899986,15.228287
5/16/2018 1:00,16.25,16.25,14.613291
5/16/2018 2:00,16.10899925,16.10899925,15.615185
5/16/2018 3:00,16.10899925,16.10899925,16.239862
5/16/2018 4:00,16.25,16.25,16.786283
5/16/2018 5:00,16.46100044,16.46100044,16.238895
5/16/2018 6:00,16.88299942,16.88299942,17.113386
5/16/2018 7:00,16.67200089,16.67200089,16.797827
5/16/2018 8:00,15.68700027,15.68700027,16.252516
5/16/2018 9:00,14.84300041,14.84300041,16.014334
5/16/2018 10:00,15.33600044,15.33600044,16.006199
5/16/2018 11:00,14.98400021,14.98400021,15.592344
5/16/2018 12:00,14.70300007,14.70300007,15.990653
5/16/2018 13:00,14.98400021,14.98400021,16.215324
5/16/2018 14:00,15.68700027,15.68700027,15.983007
5/16/2018 15:00,16.74300003,16.74300003,15.98989
5/16/2018 16:00,16.10899925,16.10899925,16.24116
5/16/2018 17:00,16.32099915,16.32099915,16.371803
5/16/2018 18:00,15.82800007,15.82800007,16.787367
5/16/2018 19:00,15.54699993,15.54699993,16.715067
5/16/2018 20:00,16.32099915,16.32099915,15.626935
5/16/2018 21:00,16.03899956,16.03899956,14.768948
5/16/2018 22:00,16.67200089,16.67200089,15.173669
5/16/2018 23:00,15.0539999,15.0539999,14.927995
5/17/2018 0:00,16.10899925,16.10899925,14.640915
5/17/2018 1:00,16.60199928,16.60199928,15.03867
5/17/2018 2:00,14.63199997,14.63199997,15.676245
5/17/2018 3:00,12.23999977,12.23999977,16.734018
5/17/2018 4:00,9.708000183,9.708000183,15.9550085
5/17/2018 5:00,8.652999878,8.652999878,16.055685
5/17/2018 6:00,9.98900032,9.98900032,15.502614
5/17/2018 7:00,10.97399998,10.97399998,15.449843
5/17/2018 8:00,8.090000153,8.090000153,16.108774
5/17/2018 9:00,11.32600021,11.32600021,15.832524
5/17/2018 10:00,12.38099957,12.38099957,16.583527
5/17/2018 11:00,13.15499973,13.15499973,14.877485
5/17/2018 12:00,12.52200031,12.52200031,15.878465
5/17/2018 13:00,13.01399994,13.01399994,16.528631
5/17/2018 14:00,13.50699997,13.50699997,14.384619
5/17/2018 15:00,13.50699997,13.50699997,12.194604
5/17/2018 16:00,13.9989996,13.9989996,9.681952
5/17/2018 17:00,13.78800011,13.78800011,8.957003
5/17/2018 18:00,14.14000034,14.14000034,10.205626
5/17/2018 19:00,13.78800011,13.78800011,10.891325
5/17/2018 20:00,13.50699997,13.50699997,8.395759
5/17/2018 21:00,13.15499973,13.15499973,11.267092
5/17/2018 22:00,13.43599987,13.43599987,12.49383
5/17/2018 23:00,13.36600018,13.36600018,13.166503
5/18/2018 0:00,12.94400024,12.94400024,12.518031
5/18/2018 1:00,12.94400024,12.94400024,13.123762
5/18/2018 2:00,13.36600018,13.36600018,13.444393
5/18/2018 3:00,13.08500004,13.08500004,13.504056
5/18/2018 4:00,13.08500004,13.08500004,13.942151
5/18/2018 5:00,12.80300045,12.80300045,13.951764
5/18/2018 6:00,13.01399994,13.01399994,14.141626
5/18/2018 7:00,12.94400024,12.94400024,13.893962
5/18/2018 8:00,12.8739996,12.8739996,13.440222
5/18/2018 9:00,12.52200031,12.52200031,13.097255
5/18/2018 10:00,12.52200031,12.52200031,13.50766
5/18/2018 11:00,12.7329998,12.7329998,13.45366
5/18/2018 12:00,12.80300045,12.80300045,12.75713
5/18/2018 13:00,12.59200001,12.59200001,12.749735
5/18/2018 14:00,12.8739996,12.8739996,13.466797
5/18/2018 15:00,12.7329998,12.7329998,13.109337
5/18/2018 16:00,9.425999641,9.425999641,13.133664
5/18/2018 17:00,8.090000153,8.090000153,12.735175
5/18/2018 18:00,6.330999851,6.330999851,13.089954
5/18/2018 19:00,5.346000195,5.346000195,12.69483
5/18/2018 20:00,6.40199995,6.40199995,12.656601
5/18/2018 21:00,8.300999641,8.300999641,12.369827
5/18/2018 22:00,8.652999878,8.652999878,12.498781
5/18/2018 23:00,8.512000084,8.512000084,12.738668
5/19/2018 0:00,8.512000084,8.512000084,12.75115
5/19/2018 1:00,8.512000084,8.512000084,12.547486
5/19/2018 2:00,8.230999947,8.230999947,12.754407
5/19/2018 3:00,8.512000084,8.512000084,12.571079
5/19/2018 4:00,7.809000015,7.809000015,9.29087
5/19/2018 5:00,7.737999916,7.737999916,7.946657
5/19/2018 6:00,7.737999916,7.737999916,6.3512254
5/19/2018 7:00,7.948999882,7.948999882,5.6055646
5/19/2018 8:00,7.879000187,7.879000187,6.743022
5/19/2018 9:00,7.105000019,7.105000019,8.623447
5/19/2018 10:00,7.597000122,7.597000122,8.857334
5/19/2018 11:00,7.456999779,7.456999779,8.778062
5/19/2018 12:00,7.809000015,7.809000015,8.78853
5/19/2018 13:00,7.879000187,7.879000187,8.527319
5/19/2018 14:00,8.020000458,8.020000458,8.266781
5/19/2018 15:00,7.668000221,7.668000221,8.506801
5/19/2018 16:00,7.456999779,7.456999779,7.7882094
5/19/2018 17:00,7.034999847,7.034999847,7.7667866
5/19/2018 18:00,7.175000191,7.175000191,7.7886434
5/19/2018 19:00,7.034999847,7.034999847,8.08506
5/19/2018 20:00,6.894000053,6.894000053,7.8185043
5/19/2018 21:00,7.386000156,7.386000156,7.219693
5/19/2018 22:00,7.315999985,7.315999985,7.5691075
5/19/2018 23:00,7.105000019,7.105000019,7.5021367
5/20/2018 0:00,7.105000019,7.105000019,7.9017067
5/20/2018 1:00,7.105000019,7.105000019,7.901658
5/20/2018 2:00,6.964000225,6.964000225,8.027485
5/20/2018 3:00,6.752999783,6.752999783,7.5566225
5/20/2018 4:00,6.823999882,6.823999882,7.4756947
5/20/2018 5:00,6.823999882,6.823999882,6.969208
5/20/2018 6:00,6.752999783,6.752999783,7.169199
5/20/2018 7:00,6.823999882,6.823999882,6.939862
5/20/2018 8:00,7.105000019,7.105000019,6.939942
5/20/2018 9:00,7.245999813,7.245999813,7.4610505
5/20/2018 10:00,7.386000156,7.386000156,7.461097
5/20/2018 11:00,7.175000191,7.175000191,7.211997
5/20/2018 12:00,6.964000225,6.964000225,7.2119274
5/20/2018 13:00,6.823999882,6.823999882,7.1391273
5/20/2018 14:00,6.683000088,6.683000088,6.98734
5/20/2018 15:00,6.330999851,6.330999851,6.780545
5/20/2018 16:00,6.541999817,6.541999817,6.9454474
5/20/2018 17:00,4.361999989,4.361999989,6.970054
5/20/2018 18:00,5.55700016,5.55700016,6.712336
5/20/2018 19:00,5.627999783,5.627999783,6.9407687
5/20/2018 20:00,5.979000092,5.979000092,7.0783467
5/20/2018 21:00,5.697999954,5.697999954,7.3513803
5/20/2018 22:00,5.90899992,5.90899992,7.338634
5/20/2018 23:00,5.768000126,5.768000126,7.0779886
5/21/2018 0:00,5.697999954,5.697999954,6.932287
5/21/2018 1:00,5.416999817,5.416999817,6.9295278
5/21/2018 2:00,5.768000126,5.768000126,6.6683555
5/21/2018 3:00,5.627999783,5.627999783,6.304258
5/21/2018 4:00,5.697999954,5.697999954,6.39181
5/21/2018 5:00,6.050000191,6.050000191,4.771252
5/21/2018 6:00,5.90899992,5.90899992,5.5813375
5/21/2018 7:00,5.979000092,5.979000092,5.636997
5/21/2018 8:00,6.050000191,6.050000191,5.89092
5/21/2018 9:00,6.472000122,6.472000122,5.8567886
5/21/2018 10:00,6.40199995,6.40199995,5.9600053
5/21/2018 11:00,6.40199995,6.40199995,5.940579
5/21/2018 12:00,6.752999783,6.752999783,5.8694997
5/21/2018 13:00,7.105000019,7.105000019,5.4576244
5/21/2018 14:00,7.175000191,7.175000191,5.98917
5/21/2018 15:00,7.315999985,7.315999985,5.565577
5/21/2018 16:00,5.627999783,5.627999783,5.8753376
5/21/2018 17:00,4.43200016,4.43200016,6.2022314
5/21/2018 18:00,6.472000122,6.472000122,5.9506025
5/21/2018 19:00,6.472000122,6.472000122,5.944437
5/21/2018 20:00,6.894000053,6.894000053,6.302252
5/21/2018 21:00,6.612999916,6.612999916,6.5878286
5/21/2018 22:00,6.894000053,6.894000053,6.5552874
5/21/2018 23:00,6.683000088,6.683000088,6.6205583
5/22/2018 0:00,6.964000225,6.964000225,6.7488847
5/22/2018 1:00,7.315999985,7.315999985,7.0660176
5/22/2018 2:00,7.456999779,7.456999779,7.0215964
5/22/2018 3:00,7.879000187,7.879000187,7.200255
5/22/2018 4:00,8.300999641,8.300999641,5.779783
5/22/2018 5:00,9.00399971,9.00399971,4.956743
5/22/2018 6:00,9.145000458,9.145000458,6.604455
5/22/2018 7:00,7.456999779,7.456999779,6.547206
5/22/2018 8:00,6.823999882,6.823999882,7.0056953
5/22/2018 9:00,6.683000088,6.683000088,6.6492662
5/22/2018 10:00,6.40199995,6.40199995,7.0103273
5/22/2018 11:00,3.727999926,3.727999926,6.7580857
5/22/2018 12:00,4.150000095,4.150000095,6.962571
5/22/2018 13:00,6.541999817,6.541999817,7.3677664
5/22/2018 14:00,6.964000225,6.964000225,7.408652
5/22/2018 15:00,6.261000156,6.261000156,7.9831157
5/22/2018 16:00,6.119999886,6.119999886,8.622819
5/22/2018 17:00,6.894000053,6.894000053,8.863404
5/22/2018 18:00,6.261000156,6.261000156,9.068583
5/22/2018 19:00,7.034999847,7.034999847,7.4323044
5/22/2018 20:00,7.52699995,7.52699995,6.9651766
5/22/2018 21:00,7.737999916,7.737999916,6.718489
5/22/2018 22:00,7.809000015,7.809000015,6.24344
5/22/2018 23:00,6.752999783,6.752999783,4.0990043
5/23/2018 0:00,7.105000019,7.105000019,4.2956576
5/23/2018 1:00,6.612999916,6.612999916,6.615911
5/23/2018 2:00,6.823999882,6.823999882,7.0128236
5/23/2018 3:00,6.472000122,6.472000122,6.3352146
5/23/2018 4:00,7.597000122,7.597000122,6.33683
5/23/2018 5:00,6.894000053,6.894000053,7.019477
5/23/2018 6:00,7.668000221,7.668000221,6.4860086
5/23/2018 7:00,9.215000153,9.215000153,7.126615
5/23/2018 8:00,9.848999977,9.848999977,7.5864105
5/23/2018 9:00,9.00399971,9.00399971,7.750277
5/23/2018 10:00,9.286000252,9.286000252,7.686742
5/23/2018 11:00,9.567000389,9.567000389,6.8062973
5/23/2018 12:00,9.215000153,9.215000153,7.2355556
5/23/2018 13:00,9.215000153,9.215000153,6.651082
5/23/2018 14:00,10.48200035,10.48200035,7.043828
5/23/2018 15:00,11.95899963,11.95899963,6.6340528
5/23/2018 16:00,11.67800045,11.67800045,7.7098584
5/23/2018 17:00,11.67800045,11.67800045,7.122811
5/23/2018 18:00,11.46700001,11.46700001,7.915778
5/23/2018 19:00,9.918999672,9.918999672,9.27221
5/23/2018 20:00,9.496999741,9.496999741,9.802552
5/23/2018 21:00,9.425999641,9.425999641,8.940198
5/23/2018 22:00,9.286000252,9.286000252,9.4191065
5/23/2018 23:00,8.793000221,8.793000221,9.700457
5/24/2018 0:00,8.442000389,8.442000389,9.274885
5/24/2018 1:00,8.722999573,8.722999573,9.303035
5/24/2018 2:00,8.37100029,8.37100029,10.524405
5/24/2018 3:00,8.300999641,8.300999641,11.811829
5/24/2018 4:00,8.230999947,8.230999947,11.579889
5/24/2018 5:00,8.159999847,8.159999847,11.585978
5/24/2018 6:00,8.512000084,8.512000084,11.4819765
5/24/2018 7:00,9.145000458,9.145000458,9.923924
5/24/2018 8:00,9.286000252,9.286000252,9.405184
5/24/2018 9:00,9.637999535,9.637999535,9.386698
5/24/2018 10:00,8.86400032,8.86400032,9.370036
5/24/2018 11:00,9.567000389,9.567000389,8.849493
5/24/2018 12:00,9.496999741,9.496999741,8.642177
5/24/2018 13:00,9.074999809,9.074999809,8.835158
5/24/2018 14:00,9.777999878,9.777999878,8.622388
5/24/2018 15:00,11.18500042,11.18500042,8.509319
5/24/2018 16:00,10.76299953,10.76299953,8.134093
5/24/2018 17:00,9.918999672,9.918999672,8.2330885
5/24/2018 18:00,10.3409996,10.3409996,8.708808
5/24/2018 19:00,9.918999672,9.918999672,9.268019
5/24/2018 20:00,9.918999672,9.918999672,9.478118
5/24/2018 21:00,9.425999641,9.425999641,9.602981
5/24/2018 22:00,9.355999947,9.355999947,8.887329
5/24/2018 23:00,9.215000153,9.215000153,9.6566925
5/25/2018 0:00,8.722999573,8.722999573,9.643758
5/25/2018 1:00,8.512000084,8.512000084,9.230729
5/25/2018 2:00,8.652999878,8.652999878,9.906967
5/25/2018 3:00,7.737999916,7.737999916,11.057775
5/25/2018 4:00,8.512000084,8.512000084,10.738803
5/25/2018 5:00,9.00399971,9.00399971,9.889394
5/25/2018 6:00,9.145000458,9.145000458,10.246398
5/25/2018 7:00,9.425999641,9.425999641,9.858197
5/25/2018 8:00,9.145000458,9.145000458,9.827746
5/25/2018 9:00,9.777999878,9.777999878,9.409498
5/25/2018 10:00,9.918999672,9.918999672,9.419665
5/25/2018 11:00,9.425999641,9.425999641,9.210466
5/25/2018 12:00,9.215000153,9.215000153,8.840439
5/25/2018 13:00,9.215000153,9.215000153,8.813249
5/25/2018 14:00,8.86400032,8.86400032,8.734792
5/25/2018 15:00,8.652999878,8.652999878,8.024618
5/25/2018 16:00,8.512000084,8.512000084,8.82938
5/25/2018 17:00,8.86400032,8.86400032,8.8862
5/25/2018 18:00,5.979000092,5.979000092,9.221258
5/25/2018 19:00,6.823999882,6.823999882,9.3433
5/25/2018 20:00,5.768000126,5.768000126,9.224888
5/25/2018 21:00,6.261000156,6.261000156,9.781083
5/25/2018 22:00,5.697999954,5.697999954,9.77529
5/25/2018 23:00,6.261000156,6.261000156,9.316225
5/26/2018 0:00,7.52699995,7.52699995,9.198751
5/26/2018 1:00,8.090000153,8.090000153,9.187088
5/26/2018 2:00,7.456999779,7.456999779,8.863413
5/26/2018 3:00,7.52699995,7.52699995,8.831228
5/26/2018 4:00,8.230999947,8.230999947,8.830989
5/26/2018 5:00,8.512000084,8.512000084,8.580197
5/26/2018 6:00,8.512000084,8.512000084,6.0927134
5/26/2018 7:00,8.37100029,8.37100029,6.9016514
5/26/2018 8:00,7.597000122,7.597000122,6.091075
5/26/2018 9:00,8.442000389,8.442000389,6.3491793
5/26/2018 10:00,8.159999847,8.159999847,5.925978
5/26/2018 11:00,8.300999641,8.300999641,6.5501986
5/26/2018 12:00,8.722999573,8.722999573,7.6288614
5/26/2018 13:00,9.425999641,9.425999641,8.020766
5/26/2018 14:00,9.215000153,9.215000153,7.4504824
5/26/2018 15:00,9.355999947,9.355999947,7.6049743
5/26/2018 16:00,9.425999641,9.425999641,8.220442
5/26/2018 17:00,9.074999809,9.074999809,8.789283
5/26/2018 18:00,8.86400032,8.86400032,8.789209
5/26/2018 19:00,8.934000015,8.934000015,8.485628
5/26/2018 20:00,8.37100029,8.37100029,7.713746
5/26/2018 21:00,9.425999641,9.425999641,8.457908
5/26/2018 22:00,8.86400032,8.86400032,8.210273
5/26/2018 23:00,9.00399971,9.00399971,8.576864
5/27/2018 0:00,8.37100029,8.37100029,8.891442
5/27/2018 1:00,8.86400032,8.86400032,9.396155
5/27/2018 2:00,9.425999641,9.425999641,9.235115
5/27/2018 3:00,9.215000153,9.215000153,9.390844
5/27/2018 4:00,9.425999641,9.425999641,9.360365
5/27/2018 5:00,9.355999947,9.355999947,9.215984
5/27/2018 6:00,9.918999672,9.918999672,8.865038
5/27/2018 7:00,9.777999878,9.777999878,8.806932
5/27/2018 8:00,9.286000252,9.286000252,8.568519
5/27/2018 9:00,9.567000389,9.567000389,9.356302
5/27/2018 10:00,9.567000389,9.567000389,8.858249
5/27/2018 11:00,9.215000153,9.215000153,8.802476
5/27/2018 12:00,10.13000011,10.13000011,8.617912
5/27/2018 13:00,10.76299953,10.76299953,8.920513
5/27/2018 14:00,10.62199974,10.62199974,9.43031
5/27/2018 15:00,11.5369997,11.5369997,9.230777
5/27/2018 16:00,11.60700035,11.60700035,9.449188
5/27/2018 17:00,11.32600021,11.32600021,9.433584
5/27/2018 18:00,11.46700001,11.46700001,9.881819
5/27/2018 19:00,10.48200035,10.48200035,9.900305
5/27/2018 20:00,10.13000011,10.13000011,9.463231
5/27/2018 21:00,9.918999672,9.918999672,9.661854
5/27/2018 22:00,9.848999977,9.848999977,9.633775
5/27/2018 23:00,10.19999981,10.19999981,9.289901
5/28/2018 0:00,10.06000042,10.06000042,10.136571
5/28/2018 1:00,10.13000011,10.13000011,10.7620125
5/28/2018 2:00,10.13000011,10.13000011,10.486532
5/28/2018 3:00,9.918999672,9.918999672,11.506148
5/28/2018 4:00,9.708000183,9.708000183,11.573405
5/28/2018 5:00,9.918999672,9.918999672,11.227147
5/28/2018 6:00,10.19999981,10.19999981,11.439371
5/28/2018 7:00,10.97399998,10.97399998,10.520467
5/28/2018 8:00,10.48200035,10.48200035,10.079011
5/28/2018 9:00,10.41100025,10.41100025,9.858885
5/28/2018 10:00,10.27099991,10.27099991,9.915213
5/28/2018 11:00,10.69299984,10.69299984,10.15906
5/28/2018 12:00,10.55200005,10.55200005,10.119343
5/28/2018 13:00,10.69299984,10.69299984,10.080369
5/28/2018 14:00,11.32600021,11.32600021,10.104948
5/28/2018 15:00,11.95899963,11.95899963,9.856663
5/28/2018 16:00,11.5369997,11.5369997,9.643236
5/28/2018 17:00,11.46700001,11.46700001,9.947435
5/28/2018 18:00,11.25599957,11.25599957,10.305337
5/28/2018 19:00,11.11499977,11.11499977,10.959346
5/28/2018 20:00,10.76299953,10.76299953,10.551356
5/28/2018 21:00,10.69299984,10.69299984,10.35216
5/28/2018 22:00,10.76299953,10.76299953,10.258001
5/28/2018 23:00,10.55200005,10.55200005,10.831964
5/29/2018 0:00,10.62199974,10.62199974,10.508245
5/29/2018 1:00,10.48200035,10.48200035,10.816025
5/29/2018 2:00,10.48200035,10.48200035,11.301421
5/29/2018 3:00,10.69299984,10.69299984,11.802662
5/29/2018 4:00,10.83300018,10.83300018,11.526698
5/29/2018 5:00,10.69299984,10.69299984,11.5269165
5/29/2018 6:00,10.76299953,10.76299953,11.292886
5/29/2018 7:00,10.69299984,10.69299984,10.951452
5/29/2018 8:00,11.67800045,11.67800045,10.790802
5/29/2018 9:00,11.74800014,11.74800014,10.753819
5/29/2018 10:00,11.81799984,11.81799984,10.790807
5/29/2018 11:00,11.88899994,11.88899994,10.550473
5/29/2018 12:00,12.02900028,12.02900028,10.557566
5/29/2018 13:00,11.81799984,11.81799984,10.533927
5/29/2018 14:00,12.38099957,12.38099957,10.533914
5/29/2018 15:00,11.60700035,11.60700035,10.811552
5/29/2018 16:00,11.32600021,11.32600021,10.872473
5/29/2018 17:00,11.60700035,11.60700035,10.807005
5/29/2018 18:00,10.90400028,10.90400028,10.807284
5/29/2018 19:00,10.76299953,10.76299953,10.826984
5/29/2018 20:00,10.3409996,10.3409996,11.687135
5/29/2018 21:00,9.637999535,9.637999535,11.804029
5/29/2018 22:00,10.41100025,10.41100025,11.80073
5/29/2018 23:00,10.13000011,10.13000011,11.833986
5/30/2018 0:00,9.918999672,9.918999672,12.198043
5/30/2018 1:00,10.13000011,10.13000011,11.810971
5/30/2018 2:00,9.777999878,9.777999878,12.336232
5/30/2018 3:00,10.19999981,10.19999981,11.526204
5/30/2018 4:00,9.777999878,9.777999878,11.345202
5/30/2018 5:00,9.145000458,9.145000458,11.508158
5/30/2018 6:00,9.98900032,9.98900032,10.943383
5/30/2018 7:00,10.55200005,10.55200005,10.79507
5/30/2018 8:00,10.90400028,10.90400028,10.306834
5/30/2018 9:00,11.46700001,11.46700001,9.7078905
5/30/2018 10:00,11.5369997,11.5369997,10.311913
5/30/2018 11:00,11.60700035,11.60700035,10.0620165
5/30/2018 12:00,11.67800045,11.67800045,9.889744
5/30/2018 13:00,11.5369997,11.5369997,10.076
5/30/2018 14:00,11.67800045,11.67800045,9.8993845
5/30/2018 15:00,12.02900028,12.02900028,10.247981
5/30/2018 16:00,11.32600021,11.32600021,9.834392
5/30/2018 17:00,11.25599957,11.25599957,9.206015
5/30/2018 18:00,10.55200005,10.55200005,10.11072
5/30/2018 19:00,10.62199974,10.62199974,10.524606
5/30/2018 20:00,10.97399998,10.97399998,10.9607935
5/30/2018 21:00,10.3409996,10.3409996,11.395542
5/30/2018 22:00,10.13000011,10.13000011,11.507355
5/30/2018 23:00,9.918999672,9.918999672,11.508693
5/31/2018 0:00,10.41100025,10.41100025,11.678269
5/31/2018 1:00,10.41100025,10.41100025,11.611146
5/31/2018 2:00,10.41100025,10.41100025,11.793863
5/31/2018 3:00,10.41100025,10.41100025,12.258104
5/31/2018 4:00,10.41100025,10.41100025,11.404907
5/31/2018 5:00,10.41100025,10.41100025,11.391883
5/31/2018 6:00,10.41100025,10.41100025,10.57566
5/31/2018 7:00,10.41100025,10.41100025,10.588684
5/31/2018 8:00,10.41100025,10.41100025,11.035127
5/31/2018 9:00,10.41100025,10.41100025,10.410901
5/31/2018 10:00,10.41100025,10.41100025,10.131442
5/31/2018 11:00,10.41100025,10.41100025,9.958519
5/31/2018 12:00,10.41100025,10.41100025,14.187815
5/31/2018 13:00,10.41100025,10.41100025,14.187815
5/31/2018 14:00,10.41100025,10.41100025,14.187815
5/31/2018 15:00,10.41100025,10.41100025,14.187815
5/31/2018 16:00,10.41100025,10.41100025,14.187815
5/31/2018 17:00,10.41100025,10.41100025,14.187815
5/31/2018 18:00,10.41100025,10.41100025,14.187815
5/31/2018 19:00,10.41100025,10.41100025,14.187815
5/31/2018 20:00,10.41100025,10.41100025,14.187815
5/31/2018 21:00,10.41100025,10.41100025,14.187815
5/31/2018 22:00,10.41100025,10.41100025,14.187815
5/31/2018 23:00,10.41100025,10.41100025,14.187815
6/1/2018 0:00,8.512000084,8.512000084,14.187815
6/1/2018 1:00,8.512000084,8.512000084,13.619643
6/1/2018 2:00,8.230999947,8.230999947,13.69287
6/1/2018 3:00,8.300999641,8.300999641,13.913478
6/1/2018 4:00,8.37100029,8.37100029,13.913512
6/1/2018 5:00,8.230999947,8.230999947,13.713758
6/1/2018 6:00,8.581999779,8.581999779,13.730798
6/1/2018 7:00,9.425999641,9.425999641,13.728617
6/1/2018 8:00,10.83300018,10.83300018,13.726981
6/1/2018 9:00,10.48200035,10.48200035,13.774198
6/1/2018 10:00,9.777999878,9.777999878,13.765243
6/1/2018 11:00,9.848999977,9.848999977,13.679165
6/1/2018 12:00,9.918999672,9.918999672,8.802453
6/1/2018 13:00,10.41100025,10.41100025,8.706418
6/1/2018 14:00,10.90400028,10.90400028,8.204829
6/1/2018 15:00,11.67800045,11.67800045,8.583245
6/1/2018 16:00,12.02900028,12.02900028,8.480587
6/1/2018 17:00,11.88899994,11.88899994,8.221352
6/1/2018 18:00,11.32600021,11.32600021,8.868381
6/1/2018 19:00,10.90400028,10.90400028,9.4540415
6/1/2018 20:00,10.83300018,10.83300018,10.855638
6/1/2018 21:00,10.48200035,10.48200035,10.516742
6/1/2018 22:00,10.41100025,10.41100025,9.882453
6/1/2018 23:00,10.27099991,10.27099991,9.882709
6/2/2018 0:00,9.98900032,9.98900032,9.916184
6/2/2018 1:00,9.567000389,9.567000389,10.301293
6/2/2018 2:00,9.215000153,9.215000153,10.90026
6/2/2018 3:00,9.215000153,9.215000153,11.745633
6/2/2018 4:00,8.512000084,8.512000084,12.150735
6/2/2018 5:00,8.934000015,8.934000015,11.779605
6/2/2018 6:00,8.934000015,8.934000015,11.288832
6/2/2018 7:00,8.652999878,8.652999878,10.931488
6/2/2018 8:00,8.722999573,8.722999573,10.844546
6/2/2018 9:00,8.722999573,8.722999573,10.511302
6/2/2018 10:00,9.215000153,9.215000153,10.330456
6/2/2018 11:00,9.637999535,9.637999535,10.173426
6/2/2018 12:00,10.48200035,10.48200035,10.077437
6/2/2018 13:00,10.19999981,10.19999981,9.654884
6/2/2018 14:00,10.3409996,10.3409996,9.257934
6/2/2018 15:00,10.19999981,10.19999981,9.208294
6/2/2018 16:00,11.11499977,11.11499977,8.820783
6/2/2018 17:00,10.48200035,10.48200035,8.8426285
6/2/2018 18:00,10.06000042,10.06000042,8.842642
6/2/2018 19:00,9.567000389,9.567000389,8.824617
6/2/2018 20:00,9.425999641,9.425999641,8.817562
6/2/2018 21:00,9.567000389,9.567000389,8.853715
6/2/2018 22:00,9.848999977,9.848999977,9.269002
6/2/2018 23:00,9.637999535,9.637999535,9.682002
6/3/2018 0:00,9.286000252,9.286000252,10.483737
6/3/2018 1:00,9.496999741,9.496999741,10.231405
6/3/2018 2:00,9.496999741,9.496999741,10.353929
6/3/2018 3:00,9.637999535,9.637999535,10.241921
6/3/2018 4:00,9.567000389,9.567000389,10.938826
6/3/2018 5:00,9.848999977,9.848999977,10.444496
6/3/2018 6:00,9.567000389,9.567000389,10.102688
6/3/2018 7:00,9.355999947,9.355999947,9.634513
6/3/2018 8:00,9.425999641,9.425999641,9.409386
6/3/2018 9:00,9.637999535,9.637999535,9.644385
6/3/2018 10:00,9.918999672,9.918999672,9.868652
6/3/2018 11:00,10.62199974,10.62199974,9.641684
6/3/2018 12:00,10.69299984,10.69299984,9.428987
6/3/2018 13:00,10.97399998,10.97399998,9.664011
6/3/2018 14:00,12.23999977,12.23999977,9.688816
6/3/2018 15:00,12.6619997,12.6619997,9.680762
6/3/2018 16:00,13.43599987,13.43599987,9.680852
6/3/2018 17:00,13.08500004,13.08500004,9.909312
6/3/2018 18:00,11.67800045,11.67800045,9.715722
6/3/2018 19:00,11.04399967,11.04399967,9.491563
6/3/2018 20:00,10.55200005,10.55200005,9.494256
6/3/2018 21:00,9.567000389,9.567000389,9.664687
6/3/2018 22:00,9.425999641,9.425999641,9.915997
6/3/2018 23:00,8.722999573,8.722999573,10.479947
6/4/2018 0:00,8.442000389,8.442000389,10.750853
6/4/2018 1:00,9.215000153,9.215000153,10.97441
6/4/2018 2:00,9.425999641,9.425999641,12.232026
6/4/2018 3:00,9.637999535,9.637999535,12.631931
6/4/2018 4:00,9.708000183,9.708000183,13.399221
6/4/2018 5:00,9.425999641,9.425999641,12.979442
6/4/2018 6:00,9.567000389,9.567000389,11.709017
6/4/2018 7:00,9.777999878,9.777999878,10.902779
6/4/2018 8:00,10.76299953,10.76299953,10.433589
6/4/2018 9:00,11.18500042,11.18500042,9.655019
6/4/2018 10:00,11.18500042,11.18500042,9.416333
6/4/2018 11:00,11.18500042,11.18500042,8.846937
6/4/2018 12:00,11.81799984,11.81799984,8.657552
6/4/2018 13:00,11.67800045,11.67800045,9.275288
6/4/2018 14:00,12.23999977,12.23999977,9.498713
6/4/2018 15:00,12.38099957,12.38099957,9.638707
6/4/2018 16:00,11.60700035,11.60700035,9.663163
6/4/2018 17:00,10.76299953,10.76299953,9.49699
6/4/2018 18:00,10.06000042,10.06000042,9.659369
6/4/2018 19:00,9.637999535,9.637999535,9.889037
6/4/2018 20:00,9.708000183,9.708000183,10.769681
6/4/2018 21:00,9.848999977,9.848999977,10.952251
6/4/2018 22:00,10.27099991,10.27099991,10.936299
6/4/2018 23:00,10.13000011,10.13000011,10.969878
6/5/2018 0:00,9.918999672,9.918999672,11.748648
6/5/2018 1:00,9.637999535,9.637999535,11.698815
6/5/2018 2:00,9.425999641,9.425999641,12.189195
6/5/2018 3:00,9.708000183,9.708000183,12.366841
6/5/2018 4:00,9.918999672,9.918999672,11.489408
6/5/2018 5:00,9.848999977,9.848999977,10.760483
6/5/2018 6:00,9.848999977,9.848999977,10.071041
6/5/2018 7:00,10.06000042,10.06000042,9.618554
6/5/2018 8:00,9.918999672,9.918999672,9.6186285
6/5/2018 9:00,10.13000011,10.13000011,9.889486
6/5/2018 10:00,9.848999977,9.848999977,10.218386
6/5/2018 11:00,9.918999672,9.918999672,10.088546
6/5/2018 12:00,9.777999878,9.777999878,9.885519
6/5/2018 13:00,10.13000011,10.13000011,9.648119
6/5/2018 14:00,10.76299953,10.76299953,9.383929
6/5/2018 15:00,10.90400028,10.90400028,9.671571
6/5/2018 16:00,10.97399998,10.97399998,9.909532
6/5/2018 17:00,10.83300018,10.83300018,9.907694
6/5/2018 18:00,10.27099991,10.27099991,9.907723
6/5/2018 19:00,9.567000389,9.567000389,10.105965
6/5/2018 20:00,9.286000252,9.286000252,9.916364
6/5/2018 21:00,9.215000153,9.215000153,10.085735
6/5/2018 22:00,8.934000015,8.934000015,9.890534
6/5/2018 23:00,8.934000015,8.934000015,9.890276
6/6/2018 0:00,8.581999779,8.581999779,9.914265
6/6/2018 1:00,8.581999779,8.581999779,10.088393
6/6/2018 2:00,8.581999779,8.581999779,10.7699795
6/6/2018 3:00,8.512000084,8.512000084,10.894329
6/6/2018 4:00,8.37100029,8.37100029,10.8942585
6/6/2018 5:00,8.159999847,8.159999847,10.850092
6/6/2018 6:00,8.512000084,8.512000084,10.169831
6/6/2018 7:00,9.496999741,9.496999741,9.612132
6/6/2018 8:00,10.19999981,10.19999981,9.499673
6/6/2018 9:00,10.27099991,10.27099991,9.2342615
6/6/2018 10:00,9.98900032,9.98900032,8.893328
6/6/2018 11:00,10.13000011,10.13000011,8.891372
6/6/2018 12:00,10.06000042,10.06000042,8.701355
6/6/2018 13:00,10.55200005,10.55200005,8.686653
6/6/2018 14:00,12.02900028,12.02900028,8.704222
6/6/2018 15:00,13.15499973,13.15499973,8.708817
6/6/2018 16:00,13.29599953,13.29599953,8.600969
6/6/2018 17:00,12.94400024,12.94400024,8.2797575
6/6/2018 18:00,13.22500038,13.22500038,8.839904
6/6/2018 19:00,11.39599991,11.39599991,9.745548
6/6/2018 20:00,10.90400028,10.90400028,10.206892
6/6/2018 21:00,11.04399967,11.04399967,10.169542
6/6/2018 22:00,10.55200005,10.55200005,10.09923
6/6/2018 23:00,10.27099991,10.27099991,10.087223
6/7/2018 0:00,9.777999878,9.777999878,10.116525
6/7/2018 1:00,10.13000011,10.13000011,10.503018
6/7/2018 2:00,10.13000011,10.13000011,12.151983
6/7/2018 3:00,9.848999977,9.848999977,13.084546
6/7/2018 4:00,9.98900032,9.98900032,13.13196
6/7/2018 5:00,9.918999672,9.918999672,12.736669
6/7/2018 6:00,10.13000011,10.13000011,13.075923
6/7/2018 7:00,10.48200035,10.48200035,11.366828
6/7/2018 8:00,10.69299984,10.69299984,10.877103
6/7/2018 9:00,10.83300018,10.83300018,10.877167
6/7/2018 10:00,11.11499977,11.11499977,10.528666
6/7/2018 11:00,11.5369997,11.5369997,10.176961
6/7/2018 12:00,11.95899963,11.95899963,9.931552
6/7/2018 13:00,12.02900028,12.02900028,10.110113
6/7/2018 14:00,12.80300045,12.80300045,10.091119
6/7/2018 15:00,12.7329998,12.7329998,9.922966
6/7/2018 16:00,12.6619997,12.6619997,10.094556
6/7/2018 17:00,12.6619997,12.6619997,9.926319
6/7/2018 18:00,12.02900028,12.02900028,10.112606
6/7/2018 19:00,11.67800045,11.67800045,10.521295
6/7/2018 20:00,11.39599991,11.39599991,10.793162
6/7/2018 21:00,10.83300018,10.83300018,10.860016
6/7/2018 22:00,10.83300018,10.83300018,10.934595
6/7/2018 23:00,10.3409996,10.3409996,11.541621
6/8/2018 0:00,10.48200035,10.48200035,11.795528
6/8/2018 1:00,10.41100025,10.41100025,12.183317
6/8/2018 2:00,10.13000011,10.13000011,12.616988
6/8/2018 3:00,10.06000042,10.06000042,12.589443
6/8/2018 4:00,9.98900032,9.98900032,12.615381
6/8/2018 5:00,9.708000183,9.708000183,12.615083
6/8/2018 6:00,9.425999641,9.425999641,12.179234
6/8/2018 7:00,9.777999878,9.777999878,11.700193
6/8/2018 8:00,10.13000011,10.13000011,11.388238
6/8/2018 9:00,10.19999981,10.19999981,10.839885
6/8/2018 10:00,10.06000042,10.06000042,10.8628025
6/8/2018 11:00,10.3409996,10.3409996,10.263658
6/8/2018 12:00,10.13000011,10.13000011,10.528336
6/8/2018 13:00,9.918999672,9.918999672,10.509834
6/8/2018 14:00,10.19999981,10.19999981,10.093477
6/8/2018 15:00,10.3409996,10.3409996,10.11282
6/8/2018 16:00,10.13000011,10.13000011,10.112233
6/8/2018 17:00,9.918999672,9.918999672,9.600322
6/8/2018 18:00,8.934000015,8.934000015,9.505837
6/8/2018 19:00,9.00399971,9.00399971,9.8837385
6/8/2018 20:00,9.355999947,9.355999947,10.092356
6/8/2018 21:00,8.86400032,8.86400032,10.1532955
6/8/2018 22:00,9.074999809,9.074999809,10.1289425
6/8/2018 23:00,8.722999573,8.722999573,10.251951
6/9/2018 0:00,8.86400032,8.86400032,10.091209
6/9/2018 1:00,8.86400032,8.86400032,9.900482
6/9/2018 2:00,8.300999641,8.300999641,10.192787
6/9/2018 3:00,8.020000458,8.020000458,10.30153
6/9/2018 4:00,8.020000458,8.020000458,10.069751
6/9/2018 5:00,8.159999847,8.159999847,9.839197
6/9/2018 6:00,8.159999847,8.159999847,8.901053
6/9/2018 7:00,8.159999847,8.159999847,8.915868
6/9/2018 8:00,8.512000084,8.512000084,9.385792
6/9/2018 9:00,8.442000389,8.442000389,8.8946085
6/9/2018 10:00,6.823999882,6.823999882,9.228581
6/9/2018 11:00,3.025000095,3.025000095,8.864062
6/9/2018 12:00,4.150000095,4.150000095,8.840798
6/9/2018 13:00,3.938999891,3.938999891,8.790043
6/9/2018 14:00,4.78399992,4.78399992,8.379467
6/9/2018 15:00,5.768000126,5.768000126,8.000427
6/9/2018 16:00,6.683000088,6.683000088,8.006181
6/9/2018 17:00,6.894000053,6.894000053,8.053015
6/9/2018 18:00,7.034999847,7.034999847,8.048763
6/9/2018 19:00,6.40199995,6.40199995,8.196466
6/9/2018 20:00,6.330999851,6.330999851,8.74938
6/9/2018 21:00,6.050000191,6.050000191,8.301542
6/9/2018 22:00,6.894000053,6.894000053,6.47107
6/9/2018 23:00,7.245999813,7.245999813,3.2665489
6/10/2018 0:00,6.261000156,6.261000156,4.1340795
6/10/2018 1:00,6.823999882,6.823999882,4.233161
6/10/2018 2:00,7.315999985,7.315999985,5.102327
6/10/2018 3:00,7.668000221,7.668000221,6.064099
6/10/2018 4:00,7.737999916,7.737999916,6.773963
6/10/2018 5:00,7.456999779,7.456999779,7.113497
6/10/2018 6:00,7.668000221,7.668000221,7.016666
6/10/2018 7:00,8.020000458,8.020000458,6.585971
6/10/2018 8:00,8.300999641,8.300999641,6.3825364
6/10/2018 9:00,8.159999847,8.159999847,6.3250604
6/10/2018 10:00,8.090000153,8.090000153,7.0434856
6/10/2018 11:00,8.090000153,8.090000153,7.369361
6/10/2018 12:00,8.37100029,8.37100029,6.4512844
6/10/2018 13:00,8.934000015,8.934000015,7.002244
6/10/2018 14:00,9.425999641,9.425999641,7.4477825
6/10/2018 15:00,9.567000389,9.567000389,7.7625203
6/10/2018 16:00,9.98900032,9.98900032,7.773485
6/10/2018 17:00,9.286000252,9.286000252,7.4378123
6/10/2018 18:00,9.286000252,9.286000252,7.7301116
6/10/2018 19:00,9.145000458,9.145000458,8.128961
6/10/2018 20:00,8.442000389,8.442000389,8.508075
6/10/2018 21:00,8.722999573,8.722999573,8.108783
6/10/2018 22:00,8.442000389,8.442000389,8.064082
6/10/2018 23:00,8.230999947,8.230999947,8.153704
6/11/2018 0:00,8.300999641,8.300999641,8.574269
6/11/2018 1:00,7.879000187,7.879000187,8.942877
6/11/2018 2:00,7.809000015,7.809000015,9.417888
6/11/2018 3:00,7.809000015,7.809000015,9.668746
6/11/2018 4:00,7.948999882,7.948999882,10.056919
6/11/2018 5:00,7.948999882,7.948999882,9.378602
6/11/2018 6:00,8.159999847,8.159999847,9.389915
6/11/2018 7:00,8.512000084,8.512000084,9.191802
6/11/2018 8:00,9.074999809,9.074999809,8.620536
6/11/2018 9:00,9.074999809,9.074999809,8.893641
6/11/2018 10:00,9.00399971,9.00399971,8.519706
6/11/2018 11:00,9.074999809,9.074999809,8.211561
6/11/2018 12:00,9.567000389,9.567000389,8.489425
6/11/2018 13:00,10.19999981,10.19999981,7.7763505
6/11/2018 14:00,11.04399967,11.04399967,7.79177
6/11/2018 15:00,12.02900028,12.02900028,7.7827125
6/11/2018 16:00,12.17000008,12.17000008,8.127295
6/11/2018 17:00,12.31099987,12.31099987,8.13611
6/11/2018 18:00,10.55200005,10.55200005,8.232884
6/11/2018 19:00,10.90400028,10.90400028,8.687723
6/11/2018 20:00,10.27099991,10.27099991,9.242565
6/11/2018 21:00,10.27099991,10.27099991,9.23676
6/11/2018 22:00,9.777999878,9.777999878,8.930136
6/11/2018 23:00,9.848999977,9.848999977,9.244628
6/12/2018 0:00,10.06000042,10.06000042,9.6890335
6/12/2018 1:00,9.777999878,9.777999878,10.201306
6/12/2018 2:00,9.496999741,9.496999741,10.951185
6/12/2018 3:00,9.848999977,9.848999977,12.194154
6/12/2018 4:00,9.708000183,9.708000183,12.181934
6/12/2018 5:00,9.496999741,9.496999741,12.181951
6/12/2018 6:00,9.567000389,9.567000389,10.516605
6/12/2018 7:00,10.3409996,10.3409996,10.939231
6/12/2018 8:00,10.41100025,10.41100025,10.241853
6/12/2018 9:00,10.62199974,10.62199974,10.207206
6/12/2018 10:00,10.27099991,10.27099991,9.893549
6/12/2018 11:00,10.3409996,10.3409996,9.891212
6/12/2018 12:00,10.83300018,10.83300018,10.099294
6/12/2018 13:00,11.5369997,11.5369997,9.905471
6/12/2018 14:00,12.10000038,12.10000038,9.619106
6/12/2018 15:00,13.57699966,13.57699966,9.885354
6/12/2018 16:00,14.27999973,14.27999973,9.710521
6/12/2018 17:00,13.50699997,13.50699997,9.70955
6/12/2018 18:00,13.9289999,13.9289999,9.762251
6/12/2018 19:00,12.02900028,12.02900028,10.374118
6/12/2018 20:00,11.67800045,11.67800045,10.355647
6/12/2018 21:00,11.04399967,11.04399967,10.522548
6/12/2018 22:00,10.90400028,10.90400028,10.215172
6/12/2018 23:00,11.18500042,11.18500042,10.332097
6/13/2018 0:00,11.18500042,11.18500042,10.914014
6/13/2018 1:00,10.76299953,10.76299953,11.548283
6/13/2018 2:00,10.90400028,10.90400028,12.221434
6/13/2018 3:00,10.83300018,10.83300018,13.388737
6/13/2018 4:00,10.83300018,10.83300018,14.10435
6/13/2018 5:00,10.62199974,10.62199974,13.459881
6/13/2018 6:00,10.97399998,10.97399998,13.804221
6/13/2018 7:00,11.46700001,11.46700001,12.197945
6/13/2018 8:00,11.81799984,11.81799984,11.642454
6/13/2018 9:00,11.18500042,11.18500042,10.940792
6/13/2018 10:00,11.18500042,11.18500042,10.923855
6/13/2018 11:00,11.5369997,11.5369997,11.245132
6/13/2018 12:00,11.32600021,11.32600021,11.245251
6/13/2018 13:00,12.31099987,12.31099987,10.793349
6/13/2018 14:00,13.29599953,13.29599953,10.944054
6/13/2018 15:00,14.14000034,14.14000034,10.89623
6/13/2018 16:00,14.35099983,14.35099983,10.941286
6/13/2018 17:00,13.64700031,13.64700031,10.63941
6/13/2018 18:00,12.59200001,12.59200001,10.964118
6/13/2018 19:00,11.67800045,11.67800045,11.448203
6/13/2018 20:00,10.90400028,10.90400028,11.795995
6/13/2018 21:00,10.69299984,10.69299984,11.22068
6/13/2018 22:00,10.55200005,10.55200005,11.221182
6/13/2018 23:00,10.55200005,10.55200005,11.554359
6/14/2018 0:00,10.90400028,10.90400028,11.282431
6/14/2018 1:00,10.90400028,10.90400028,12.24607
6/14/2018 2:00,10.69299984,10.69299984,13.222174
6/14/2018 3:00,10.97399998,10.97399998,14.117448
6/14/2018 4:00,11.11499977,11.11499977,14.365963
6/14/2018 5:00,10.83300018,10.83300018,13.464829
6/14/2018 6:00,10.97399998,10.97399998,12.623928
6/14/2018 7:00,10.90400028,10.90400028,11.659771
6/14/2018 8:00,11.11499977,11.11499977,10.934614
6/14/2018 9:00,11.11499977,11.11499977,10.8084345
6/14/2018 10:00,11.18500042,11.18500042,10.549799
6/14/2018 11:00,11.25599957,11.25599957,10.549927
6/14/2018 12:00,11.18500042,11.18500042,10.931192
6/14/2018 13:00,11.81799984,11.81799984,10.9298725
6/14/2018 14:00,13.29599953,13.29599953,10.804775
6/14/2018 15:00,13.57699966,13.57699966,10.977313
6/14/2018 16:00,13.22500038,13.22500038,10.97492
6/14/2018 17:00,13.08500004,13.08500004,10.922963
6/14/2018 18:00,11.46700001,11.46700001,10.970992
6/14/2018 19:00,11.32600021,11.32600021,10.931444
6/14/2018 20:00,11.32600021,11.32600021,10.931418
6/14/2018 21:00,11.18500042,11.18500042,10.931469
6/14/2018 22:00,11.32600021,11.32600021,11.23534
6/14/2018 23:00,10.62199974,10.62199974,11.234962
6/15/2018 0:00,10.19999981,10.19999981,11.226208
6/15/2018 1:00,10.19999981,10.19999981,11.79018
6/15/2018 2:00,9.848999977,9.848999977,13.135164
6/15/2018 3:00,10.13000011,10.13000011,13.446635
6/15/2018 4:00,10.97399998,10.97399998,13.071208
6/15/2018 5:00,10.19999981,10.19999981,13.0781355
6/15/2018 6:00,10.83300018,10.83300018,11.371054
6/15/2018 7:00,11.11499977,11.11499977,11.238475
6/15/2018 8:00,11.5369997,11.5369997,11.252759
6/15/2018 9:00,10.55200005,10.55200005,11.247832
6/15/2018 10:00,10.48200035,10.48200035,11.229332
6/15/2018 11:00,10.3409996,10.3409996,10.5303135
6/15/2018 12:00,10.90400028,10.90400028,10.233829
6/15/2018 13:00,11.11499977,11.11499977,10.215204
6/15/2018 14:00,11.25599957,11.25599957,9.919308
6/15/2018 15:00,11.81799984,11.81799984,10.111562
6/15/2018 16:00,12.38099957,12.38099957,10.937412
6/15/2018 17:00,11.95899963,11.95899963,10.226552
6/15/2018 18:00,11.74800014,11.74800014,10.855299
6/15/2018 19:00,10.48200035,10.48200035,10.956303
6/15/2018 20:00,9.848999977,9.848999977,11.514674
6/15/2018 21:00,9.425999641,9.425999641,10.538967
6/15/2018 22:00,9.496999741,9.496999741,10.500338
6/15/2018 23:00,9.425999641,9.425999641,10.328274
6/16/2018 0:00,9.215000153,9.215000153,10.917715
6/16/2018 1:00,9.286000252,9.286000252,10.928927
6/16/2018 2:00,9.00399971,9.00399971,11.331821
6/16/2018 3:00,8.86400032,8.86400032,11.794613
6/16/2018 4:00,8.512000084,8.512000084,12.414824
6/16/2018 5:00,8.512000084,8.512000084,11.799955
6/16/2018 6:00,8.581999779,8.581999779,11.81849
6/16/2018 7:00,8.793000221,8.793000221,10.4972
6/16/2018 8:00,9.425999641,9.425999641,9.874113
6/16/2018 9:00,8.722999573,8.722999573,9.401392
6/16/2018 10:00,9.145000458,9.145000458,9.653047
6/16/2018 11:00,9.00399971,9.00399971,9.391409
6/16/2018 12:00,9.215000153,9.215000153,9.26668
6/16/2018 13:00,9.425999641,9.425999641,9.382258
6/16/2018 14:00,10.13000011,10.13000011,8.89049
6/16/2018 15:00,10.76299953,10.76299953,8.865049
6/16/2018 16:00,10.55200005,10.55200005,8.731747
6/16/2018 17:00,9.918999672,9.918999672,8.736939
6/16/2018 18:00,9.355999947,9.355999947,8.729381
6/16/2018 19:00,9.215000153,9.215000153,8.954789
6/16/2018 20:00,9.215000153,9.215000153,9.367091
6/16/2018 21:00,8.442000389,8.442000389,8.940306
6/16/2018 22:00,8.512000084,8.512000084,9.251411
6/16/2018 23:00,8.300999641,8.300999641,8.918692
6/17/2018 0:00,8.159999847,8.159999847,9.216398
6/17/2018 1:00,8.512000084,8.512000084,9.408786
6/17/2018 2:00,8.020000458,8.020000458,10.094541
6/17/2018 3:00,8.020000458,8.020000458,10.770366
6/17/2018 4:00,8.020000458,8.020000458,10.499209
6/17/2018 5:00,7.948999882,7.948999882,9.874487
6/17/2018 6:00,7.668000221,7.668000221,9.402658
6/17/2018 7:00,7.948999882,7.948999882,9.225074
6/17/2018 8:00,8.230999947,8.230999947,9.166008
6/17/2018 9:00,8.37100029,8.37100029,8.639666
6/17/2018 10:00,8.442000389,8.442000389,8.706019
6/17/2018 11:00,8.652999878,8.652999878,8.502664
6/17/2018 12:00,9.286000252,9.286000252,8.239347
6/17/2018 13:00,10.27099991,10.27099991,8.564228
6/17/2018 14:00,11.32600021,11.32600021,8.013937
6/17/2018 15:00,12.45100021,12.45100021,8.026287
6/17/2018 16:00,12.38099957,12.38099957,8.024585
6/17/2018 17:00,11.5369997,11.5369997,8.017684
6/17/2018 18:00,11.32600021,11.32600021,7.800144
6/17/2018 19:00,10.83300018,10.83300018,8.017213
6/17/2018 20:00,10.27099991,10.27099991,8.198089
6/17/2018 21:00,10.19999981,10.19999981,8.5740795
6/17/2018 22:00,9.637999535,9.637999535,8.615969
6/17/2018 23:00,9.567000389,9.567000389,8.887641
6/18/2018 0:00,9.286000252,9.286000252,9.428782
6/18/2018 1:00,9.215000153,9.215000153,10.210653
6/18/2018 2:00,9.215000153,9.215000153,11.312588
6/18/2018 3:00,8.86400032,8.86400032,12.381708
6/18/2018 4:00,9.074999809,9.074999809,12.382253
6/18/2018 5:00,9.00399971,9.00399971,11.490436
6/18/2018 6:00,9.215000153,9.215000153,11.292177
6/18/2018 7:00,9.286000252,9.286000252,10.880165
6/18/2018 8:00,9.145000458,9.145000458,10.20769
6/18/2018 9:00,9.777999878,9.777999878,10.188663
6/18/2018 10:00,9.98900032,9.98900032,9.644209
6/18/2018 11:00,10.06000042,10.06000042,9.653244
6/18/2018 12:00,10.83300018,10.83300018,9.470875
6/18/2018 13:00,11.18500042,11.18500042,9.2315645
6/18/2018 14:00,11.95899963,11.95899963,9.200629
6/18/2018 15:00,13.08500004,13.08500004,8.858211
6/18/2018 16:00,11.95899963,11.95899963,9.237332
6/18/2018 17:00,12.02900028,12.02900028,9.218325
6/18/2018 18:00,12.02900028,12.02900028,9.219104
6/18/2018 19:00,11.81799984,11.81799984,9.294857
6/18/2018 20:00,10.62199974,10.62199974,9.2322235
6/18/2018 21:00,10.19999981,10.19999981,9.882152
6/18/2018 22:00,10.13000011,10.13000011,10.083424
6/18/2018 23:00,10.27099991,10.27099991,10.072428
6/19/2018 0:00,9.777999878,9.777999878,10.797638
6/19/2018 1:00,9.215000153,9.215000153,10.996982
6/19/2018 2:00,9.215000153,9.215000153,11.779478
6/19/2018 3:00,9.074999809,9.074999809,13.055067
6/19/2018 4:00,9.00399971,9.00399971,11.766412
6/19/2018 5:00,9.145000458,9.145000458,12.177493
6/19/2018 6:00,9.637999535,9.637999535,12.1870985
6/19/2018 7:00,9.496999741,9.496999741,11.748993
6/19/2018 8:00,9.074999809,9.074999809,10.510227
6/19/2018 9:00,9.355999947,9.355999947,10.208559
6/19/2018 10:00,9.777999878,9.777999878,10.089011
6/19/2018 11:00,9.848999977,9.848999977,10.224988
6/19/2018 12:00,10.13000011,10.13000011,9.86442
6/19/2018 13:00,9.777999878,9.777999878,9.24987
6/19/2018 14:00,5.55700016,5.55700016,9.238803
6/19/2018 15:00,5.627999783,5.627999783,9.152361
6/19/2018 16:00,4.643000126,4.643000126,9.113553
6/19/2018 17:00,5.276000023,5.276000023,9.155014
6/19/2018 18:00,6.683000088,6.683000088,9.54309
6/19/2018 19:00,6.752999783,6.752999783,9.439462
6/19/2018 20:00,7.105000019,7.105000019,9.157528
6/19/2018 21:00,4.572999954,4.572999954,9.460835
6/19/2018 22:00,5.135000229,5.135000229,9.78506
6/19/2018 23:00,5.90899992,5.90899992,9.772124
6/20/2018 0:00,6.541999817,6.541999817,10.014832
6/20/2018 1:00,7.315999985,7.315999985,9.539534
6/20/2018 2:00,6.964000225,6.964000225,5.664381
6/20/2018 3:00,7.105000019,7.105000019,5.6222467
6/20/2018 4:00,7.105000019,7.105000019,4.892371
6/20/2018 5:00,7.105000019,7.105000019,5.540346
6/20/2018 6:00,7.315999985,7.315999985,6.813635
6/20/2018 7:00,7.456999779,7.456999779,6.7535243
6/20/2018 8:00,7.105000019,7.105000019,6.9222007
6/20/2018 9:00,7.456999779,7.456999779,4.813173
6/20/2018 10:00,8.090000153,8.090000153,5.465724
6/20/2018 11:00,8.090000153,8.090000153,6.157733
6/20/2018 12:00,8.512000084,8.512000084,6.650508
6/20/2018 13:00,8.37100029,8.37100029,7.412269
6/20/2018 14:00,8.934000015,8.934000015,7.0242186
6/20/2018 15:00,8.722999573,8.722999573,7.153987
6/20/2018 16:00,8.86400032,8.86400032,7.15884
6/20/2018 17:00,9.286000252,9.286000252,7.1070724
6/20/2018 18:00,9.145000458,9.145000458,7.4753256
6/20/2018 19:00,9.286000252,9.286000252,7.463983
6/20/2018 20:00,9.215000153,9.215000153,7.211297
6/20/2018 21:00,8.652999878,8.652999878,7.4702272
6/20/2018 22:00,8.722999573,8.722999573,8.133175
6/20/2018 23:00,9.00399971,9.00399971,8.217843
6/21/2018 0:00,9.00399971,9.00399971,8.68295
6/21/2018 1:00,8.934000015,8.934000015,8.650244
6/21/2018 2:00,8.581999779,8.581999779,8.842731
6/21/2018 3:00,8.37100029,8.37100029,8.840364
6/21/2018 4:00,8.512000084,8.512000084,8.846684
6/21/2018 5:00,8.512000084,8.512000084,9.379789
6/21/2018 6:00,8.86400032,8.86400032,9.181201
6/21/2018 7:00,8.300999641,8.300999641,9.423563
6/21/2018 8:00,8.86400032,8.86400032,9.241809
6/21/2018 9:00,8.512000084,8.512000084,8.830133
6/21/2018 10:00,8.37100029,8.37100029,8.827497
6/21/2018 11:00,8.512000084,8.512000084,9.176756
6/21/2018 12:00,8.442000389,8.442000389,9.184641
6/21/2018 13:00,8.86400032,8.86400032,8.845909
6/21/2018 14:00,9.567000389,9.567000389,8.661778
6/21/2018 15:00,9.918999672,9.918999672,8.574398
6/21/2018 16:00,10.06000042,10.06000042,8.813225
6/21/2018 17:00,9.848999977,9.848999977,8.843487
6/21/2018 18:00,9.637999535,9.637999535,8.813687
6/21/2018 19:00,9.00399971,9.00399971,8.59711
6/21/2018 20:00,8.652999878,8.652999878,8.832251
6/21/2018 21:00,8.37100029,8.37100029,8.671238
6/21/2018 22:00,8.159999847,8.159999847,8.552934
6/21/2018 23:00,8.090000153,8.090000153,8.684568
6/22/2018 0:00,8.230999947,8.230999947,8.598915
6/22/2018 1:00,8.37100029,8.37100029,8.8814745
6/22/2018 2:00,8.159999847,8.159999847,9.61866
6/22/2018 3:00,8.020000458,8.020000458,9.837412
6/22/2018 4:00,7.809000015,7.809000015,10.056348
6/22/2018 5:00,7.668000221,7.668000221,9.843933
6/22/2018 6:00,5.627999783,5.627999783,9.610571
6/22/2018 7:00,7.034999847,7.034999847,8.79426
6/22/2018 8:00,4.854000092,4.854000092,8.818855
6/22/2018 9:00,6.683000088,6.683000088,8.480453
6/22/2018 10:00,6.40199995,6.40199995,8.15776
6/22/2018 11:00,6.752999783,6.752999783,7.966846
6/22/2018 12:00,3.657999992,3.657999992,8.229752
6/22/2018 13:00,3.657999992,3.657999992,8.47923
6/22/2018 14:00,4.150000095,4.150000095,8.112474
6/22/2018 15:00,4.643000126,4.643000126,7.8864193
6/22/2018 16:00,5.979000092,5.979000092,7.6345315
6/22/2018 17:00,4.361999989,4.361999989,7.5038557
6/22/2018 18:00,4.643000126,4.643000126,5.5801806
6/22/2018 19:00,5.839000225,5.839000225,6.7760687
6/22/2018 20:00,5.90899992,5.90899992,5.1236258
6/22/2018 21:00,5.979000092,5.979000092,6.661124
6/22/2018 22:00,5.839000225,5.839000225,6.386089
6/22/2018 23:00,5.839000225,5.839000225,6.4121246
6/23/2018 0:00,5.346000195,5.346000195,3.7602513
6/23/2018 1:00,5.416999817,5.416999817,3.7670112
6/23/2018 2:00,5.416999817,5.416999817,4.1432114
6/23/2018 3:00,5.768000126,5.768000126,4.8401346
6/23/2018 4:00,5.90899992,5.90899992,5.790833
6/23/2018 5:00,6.261000156,6.261000156,4.354247
6/23/2018 6:00,6.683000088,6.683000088,4.8406315
6/23/2018 7:00,6.472000122,6.472000122,5.9421954
6/23/2018 8:00,6.40199995,6.40199995,5.9505835
6/23/2018 9:00,6.964000225,6.964000225,5.9239388
6/23/2018 10:00,7.52699995,7.52699995,5.882229
6/23/2018 11:00,7.737999916,7.737999916,5.9342165
6/23/2018 12:00,7.809000015,7.809000015,5.538998
6/23/2018 13:00,7.668000221,7.668000221,5.534462
6/23/2018 14:00,8.159999847,8.159999847,5.555683
6/23/2018 15:00,7.809000015,7.809000015,5.9527645
6/23/2018 16:00,8.159999847,8.159999847,6.0469933
6/23/2018 17:00,7.809000015,7.809000015,6.4507523
6/23/2018 18:00,8.300999641,8.300999641,6.71581
6/23/2018 19:00,8.020000458,8.020000458,6.587923
6/23/2018 20:00,7.668000221,7.668000221,6.6195426
6/23/2018 21:00,7.386000156,7.386000156,7.144433
6/23/2018 22:00,7.315999985,7.315999985,7.7014866
6/23/2018 23:00,7.175000191,7.175000191,7.8859305
6/24/2018 0:00,6.894000053,6.894000053,7.881375
6/24/2018 1:00,6.612999916,6.612999916,7.7470093
6/24/2018 2:00,6.40199995,6.40199995,8.090551
6/24/2018 3:00,6.541999817,6.541999817,7.8048763
6/24/2018 4:00,6.964000225,6.964000225,8.047339
6/24/2018 5:00,6.894000053,6.894000053,7.838199
6/24/2018 6:00,7.456999779,7.456999779,8.446876
6/24/2018 7:00,7.456999779,7.456999779,8.09502
6/24/2018 8:00,8.442000389,8.442000389,7.789346
6/24/2018 9:00,7.948999882,7.948999882,7.325845
6/24/2018 10:00,8.512000084,8.512000084,7.3375545
6/24/2018 11:00,9.00399971,9.00399971,7.316026
6/24/2018 12:00,9.286000252,9.286000252,7.005511
6/24/2018 13:00,9.215000153,9.215000153,6.628161
6/24/2018 14:00,9.286000252,9.286000252,6.460502
6/24/2018 15:00,9.355999947,9.355999947,6.66795
6/24/2018 16:00,9.496999741,9.496999741,7.072848
6/24/2018 17:00,9.215000153,9.215000153,7.13101
6/24/2018 18:00,9.145000458,9.145000458,7.4511514
6/24/2018 19:00,9.074999809,9.074999809,7.5587897
6/24/2018 20:00,8.86400032,8.86400032,8.468615
6/24/2018 21:00,8.37100029,8.37100029,8.190858
6/24/2018 22:00,8.37100029,8.37100029,8.699765
6/24/2018 23:00,8.512000084,8.512000084,9.172016
6/25/2018 0:00,8.722999573,8.722999573,9.403794
6/25/2018 1:00,9.00399971,9.00399971,9.17463
6/25/2018 2:00,9.567000389,9.567000389,9.430177
6/25/2018 3:00,9.567000389,9.567000389,9.424324
6/25/2018 4:00,8.512000084,8.512000084,9.646929
6/25/2018 5:00,8.652999878,8.652999878,9.216498
6/25/2018 6:00,8.934000015,8.934000015,9.149745
6/25/2018 7:00,9.567000389,9.567000389,9.163597
6/25/2018 8:00,10.97399998,10.97399998,8.801863
6/25/2018 9:00,11.46700001,11.46700001,8.54516
6/25/2018 10:00,11.18500042,11.18500042,8.559146
6/25/2018 11:00,10.69299984,10.69299984,8.807847
6/25/2018 12:00,10.27099991,10.27099991,8.848357
6/25/2018 13:00,10.62199974,10.62199974,9.192198
6/25/2018 14:00,11.25599957,11.25599957,9.682134
6/25/2018 15:00,11.60700035,11.60700035,9.619882
6/25/2018 16:00,12.38099957,12.38099957,8.675288
6/25/2018 17:00,11.46700001,11.46700001,8.702729
6/25/2018 18:00,11.18500042,11.18500042,9.004793
6/25/2018 19:00,10.55200005,10.55200005,9.691606
6/25/2018 20:00,9.98900032,9.98900032,10.938589
6/25/2018 21:00,9.98900032,9.98900032,11.369909
6/25/2018 22:00,9.567000389,9.567000389,11.250097
6/25/2018 23:00,9.425999641,9.425999641,10.773171
6/26/2018 0:00,9.708000183,9.708000183,10.221848
6/26/2018 1:00,9.637999535,9.637999535,10.521029
6/26/2018 2:00,9.777999878,9.777999878,11.235747
6/26/2018 3:00,9.567000389,9.567000389,11.519242
6/26/2018 4:00,9.425999641,9.425999641,12.329242
6/26/2018 5:00,9.286000252,9.286000252,11.442218
6/26/2018 6:00,9.286000252,9.286000252,11.220853
6/26/2018 7:00,9.637999535,9.637999535,10.468861
6/26/2018 8:00,9.425999641,9.425999641,10.066983
6/26/2018 9:00,9.074999809,9.074999809,10.066892
6/26/2018 10:00,8.934000015,8.934000015,9.656154
6/26/2018 11:00,9.215000153,9.215000153,9.4143
6/26/2018 12:00,9.215000153,9.215000153,9.644117
6/26/2018 13:00,9.425999641,9.425999641,9.644091
6/26/2018 14:00,10.19999981,10.19999981,9.835472
6/26/2018 15:00,10.90400028,10.90400028,9.66972
6/26/2018 16:00,11.04399967,11.04399967,9.4254875
6/26/2018 17:00,10.27099991,10.27099991,9.417423
6/26/2018 18:00,9.777999878,9.777999878,9.428731
6/26/2018 19:00,9.567000389,9.567000389,9.648509
