date,OT,actual,forecast
2/1/2018 16:00,3.799000025,3.799000025,4.124751759542141
2/1/2018 17:00,3.588000059,3.588000059,4.088303941005836
2/1/2018 18:00,3.799000025,3.799000025,3.884916685109539
2/1/2018 19:00,3.588000059,3.588000059,3.844625746731992
2/1/2018 20:00,3.305999994,3.305999994,3.838570198173332
2/1/2018 21:00,3.657999992,3.657999992,3.7261420478495375
2/1/2018 22:00,4.290999889,4.290999889,3.6834181957145873
2/1/2018 23:00,3.938999891,3.938999891,3.670195121930119
2/2/2018 0:00,3.799000025,3.799000025,3.654375707027475
2/2/2018 1:00,4.361999989,4.361999989,3.657093166365865
2/2/2018 2:00,4.643000126,4.643000126,3.678689874602524
2/2/2018 3:00,4.221000195,4.221000195,3.610765209575338
2/2/2018 4:00,4.079999924,4.079999924,3.534592449658078
2/2/2018 5:00,3.868999958,3.868999958,3.4987592051215297
2/2/2018 6:00,3.938999891,3.938999891,3.363179097804236
2/2/2018 7:00,3.727999926,3.727999926,3.193611221201029
2/2/2018 8:00,3.868999958,3.868999958,3.336255067392873
2/2/2018 9:00,4.43200016,4.43200016,3.352944604050205
2/2/2018 10:00,3.377000093,3.377000093,3.5736404605801884
2/2/2018 11:00,4.079999924,4.079999924,3.940389504768864
2/2/2018 12:00,3.588000059,3.588000059,3.808371283531791
2/2/2018 13:00,3.447000027,3.447000027,4.083223734569018
2/2/2018 14:00,3.305999994,3.305999994,4.395668257852671
2/2/2018 15:00,3.868999958,3.868999958,4.044314973129618
2/2/2018 16:00,3.305999994,3.305999994,4.1707096965829935
2/2/2018 17:00,3.51699996,3.51699996,4.15063049723952
2/2/2018 18:00,2.321000099,2.321000099,3.9327912919351
2/2/2018 19:00,2.039999962,2.039999962,3.89186684499658
2/2/2018 20:00,1.899000049,1.899000049,3.8837009386386376
2/2/2018 21:00,2.461999893,2.461999893,3.7672517093210094
2/2/2018 22:00,2.532000065,2.532000065,3.7224420823046502
2/2/2018 23:00,2.039999962,2.039999962,3.708249447961754
2/3/2018 0:00,2.039999962,2.039999962,3.662841801658278
2/3/2018 1:00,0.843999982,0.843999982,3.6570859199603793
2/3/2018 2:00,0.703000009,0.703000009,3.679000801235982
2/3/2018 3:00,0.703000009,0.703000009,3.60271772375744
2/3/2018 4:00,1.337000012,1.337000012,3.5343610820702063
2/3/2018 5:00,0.773999989,0.773999989,3.5013894489750967
2/3/2018 6:00,0.0,0.0,3.369927508814164
2/3/2018 7:00,0.0,0.0,3.2075818809088386
2/3/2018 8:00,0.0,0.0,3.344039312918682
2/3/2018 9:00,0.773999989,0.773999989,3.338624864441972
2/3/2018 10:00,1.406999946,1.406999946,3.547257615723918
2/3/2018 11:00,2.039999962,2.039999962,3.8980282902898256
2/3/2018 12:00,1.266000032,1.266000032,3.774379196006179
2/3/2018 13:00,1.970000029,1.970000029,4.057165826204454
2/3/2018 14:00,3.447000027,3.447000027,4.321366679829954
2/3/2018 15:00,3.447000027,3.447000027,4.027256895483954
2/3/2018 16:00,3.657999992,3.657999992,4.151878321784971
2/3/2018 17:00,3.236000061,3.236000061,4.132229241455807
2/3/2018 18:00,2.461999893,2.461999893,3.91392550745832
2/3/2018 19:00,2.39199996,2.39199996,3.8729393803811623
2/3/2018 20:00,1.687999964,1.687999964,3.8646697136246617
2/3/2018 21:00,1.266000032,1.266000032,3.7480618403704207
2/3/2018 22:00,2.180999994,2.180999994,3.70315035552185
2/3/2018 23:00,0.773999989,0.773999989,3.688888720876221
2/4/2018 0:00,1.899000049,1.899000049,3.642580348103487
2/4/2018 1:00,1.828999996,1.828999996,3.6365378677347504
2/4/2018 2:00,2.250999928,2.250999928,3.6584219413517287
2/4/2018 3:00,2.039999962,2.039999962,3.581855947841356
2/4/2018 4:00,2.180999994,2.180999994,3.5136867551853674
2/4/2018 5:00,2.39199996,2.39199996,3.4807586175211624
2/4/2018 6:00,1.687999964,1.687999964,3.3493767758576176
2/4/2018 7:00,1.547999978,1.547999978,3.187201547760377
2/4/2018 8:00,1.899000049,1.899000049,3.323439587104754
2/4/2018 9:00,2.673000097,2.673000097,3.317343001521841
2/4/2018 10:00,2.884000063,2.884000063,3.525585564286017
2/4/2018 11:00,3.799000025,3.799000025,3.875852240606145
2/4/2018 12:00,2.954999924,2.954999924,3.752407028408417
2/4/2018 13:00,3.377000093,3.377000093,4.035384907618814
2/4/2018 14:00,4.43200016,4.43200016,4.298143738818035
2/4/2018 15:00,3.868999958,3.868999958,4.005658810192704
2/4/2018 16:00,4.150000095,4.150000095,4.130189279109299
2/4/2018 17:00,4.150000095,4.150000095,4.110513306743306
2/4/2018 18:00,3.236000061,3.236000061,3.8921566738031306
2/4/2018 19:00,2.884000063,2.884000063,3.851129362722322
2/4/2018 20:00,2.461999893,2.461999893,3.842817290698201
2/4/2018 21:00,3.447000027,3.447000027,3.726165418202407
2/4/2018 22:00,4.079999924,4.079999924,3.681211586384249
2/4/2018 23:00,3.588000059,3.588000059,3.666908561067466
2/5/2018 0:00,4.290999889,4.290999889,3.620534617309844
2/5/2018 1:00,3.799000025,3.799000025,3.614444421357505
2/5/2018 2:00,3.165999889,3.165999889,3.6362882165870496
2/5/2018 3:00,4.079999924,4.079999924,3.5596746154172085
2/5/2018 4:00,3.095000029,3.095000029,3.4914714905058
2/5/2018 5:00,3.588000059,3.588000059,3.4585052355936003
2/5/2018 6:00,2.884000063,2.884000063,3.3270863410352947
2/5/2018 7:00,3.025000095,3.025000095,3.1648766855478234
2/5/2018 8:00,3.588000059,3.588000059,3.3010689650174645
2/5/2018 9:00,3.447000027,3.447000027,3.2949131660897977
2/5/2018 10:00,2.884000063,2.884000063,3.5031050035127165
2/5/2018 11:00,3.868999958,3.868999958,3.8533176457069183
2/5/2018 12:00,2.884000063,2.884000063,3.729838979910846
2/5/2018 13:00,3.305999994,3.305999994,4.012783038267488
2/5/2018 14:00,4.501999855,4.501999855,4.275460563883783
2/5/2018 15:00,4.010000229,4.010000229,3.9829834942684896
2/5/2018 16:00,4.079999924,4.079999924,4.107471937689602
2/5/2018 17:00,5.205999851,5.205999851,4.087755802437009
2/5/2018 18:00,4.290999889,4.290999889,3.869358250509968
2/5/2018 19:00,4.290999889,4.290999889,3.8282903610423378
2/5/2018 20:00,3.938999891,3.938999891,3.819937675130506
2/5/2018 21:00,4.221000195,4.221000195,3.703245142408973
2/5/2018 22:00,4.290999889,4.290999889,3.6582506984055216
2/5/2018 23:00,3.799000025,3.799000025,3.6439070887088505
2/6/2018 0:00,3.938999891,3.938999891,3.597491857569408
2/6/2018 1:00,4.221000195,4.221000195,3.59136089335402
2/6/2018 2:00,3.799000025,3.799000025,3.6131641365463016
2/6/2018 3:00,3.51699996,3.51699996,3.5365097702532866
2/6/2018 4:00,4.290999889,4.290999889,3.468266277809928
2/6/2018 5:00,4.010000229,4.010000229,3.4352595336943863
2/6/2018 6:00,4.010000229,4.010000229,3.3038001808775537
2/6/2018 7:00,1.547999978,1.547999978,3.141550143464245
2/6/2018 8:00,1.19599998,1.19599998,3.277701711534469
2/6/2018 9:00,1.126000047,1.126000047,3.271504810069485
2/6/2018 10:00,1.476999998,1.476999998,3.479655791730369
2/6/2018 11:00,1.687999964,1.687999964,3.829827481965046
2/6/2018 12:00,1.758999944,1.758999944,3.706308462555452
2/6/2018 13:00,2.461999893,2.461999893,3.989212156621286
2/6/2018 14:00,4.501999855,4.501999855,4.251847937404326
2/6/2018 15:00,3.799000025,3.799000025,3.959331715273672
2/6/2018 16:00,2.673000097,2.673000097,4.083779555867293
2/6/2018 17:00,2.673000097,2.673000097,4.064022871939611
2/6/2018 18:00,2.602999926,2.602999926,3.8455847493550976
2/6/2018 19:00,2.250999928,2.250999928,3.804476299132414
2/6/2018 20:00,2.180999994,2.180999994,3.796083051433411
2/6/2018 21:00,2.532000065,2.532000065,3.679349955577513
2/6/2018 22:00,2.602999926,2.602999926,3.634314949836405
2/6/2018 23:00,2.250999928,2.250999928,3.61993077921048
2/7/2018 0:00,1.828999996,1.828999996,3.573474966703133
2/7/2018 1:00,2.039999962,2.039999962,3.5673034362123914
2/7/2018 2:00,1.970000029,1.970000029,3.589066119415742
2/7/2018 3:00,2.461999893,2.461999893,3.5123711869386662
2/7/2018 4:00,2.250999928,2.250999928,3.444087139870576
2/7/2018 5:00,2.321000099,2.321000099,3.411039837592906
2/7/2018 6:00,2.461999893,2.461999893,3.279539927513615
2/7/2018 7:00,2.602999926,2.602999926,3.1172493350571004
2/7/2018 8:00,2.884000063,2.884000063,3.253360338505202
2/7/2018 9:00,3.588000059,3.588000059,3.247122861046387
2/7/2018 10:00,4.150000095,4.150000095,3.4552332738880382
2/7/2018 11:00,4.501999855,4.501999855,3.805364392506693
2/7/2018 12:00,4.010000229,4.010000229,3.6818048188770303
2/7/2018 13:00,4.290999889,4.290999889,3.964667958412372
2/7/2018 14:00,4.572999954,4.572999954,4.227263144527856
2/7/2018 15:00,4.923999786,4.923999786,3.934706403097139
2/7/2018 16:00,4.643000126,4.643000126,4.0591136822251945
2/7/2018 17:00,5.065000057,5.065000057,4.039316438406342
2/7/2018 18:00,4.994999886,4.994999886,3.820837755291555
2/7/2018 19:00,5.135000229,5.135000229,3.779688744826495
2/7/2018 20:00,5.135000229,5.135000229,3.771254936855108
2/7/2018 21:00,4.643000126,4.643000126,3.6544812806876585
2/7/2018 22:00,4.643000126,4.643000126,3.609405714675606
2/7/2018 23:00,3.588000059,3.588000059,3.59498098380224
2/8/2018 0:00,1.899000049,1.899000049,3.548484610453232
2/8/2018 1:00,2.109999895,2.109999895,3.54227251955962
2/8/2018 2:00,4.150000095,4.150000095,3.563994642542868
2/8/2018 3:00,4.221000195,4.221000195,3.487259149665576
2/8/2018 4:00,3.727999926,3.727999926,3.4189345425333384
2/8/2018 5:00,3.588000059,3.588000059,3.3858466800886773
2/8/2018 6:00,3.727999926,3.727999926,3.254306209868552
2/8/2018 7:00,3.165999889,3.165999889,3.091975057335724
2/8/2018 8:00,3.025000095,3.025000095,3.228045500429019
2/8/2018 9:00,2.180999994,2.180999994,3.2217674622847854
2/8/2018 10:00,2.532000065,2.532000065,3.4298373146496064
2/8/2018 11:00,2.884000063,2.884000063,3.77992787271012
2/8/2018 12:00,3.025000095,3.025000095,3.656327739028075
2/8/2018 13:00,2.884000063,2.884000063,3.939150318502009
2/8/2018 14:00,3.938999891,3.938999891,4.2017049433891644
2/8/2018 15:00,3.588000059,3.588000059,3.909107642921309
2/8/2018 16:00,3.447000027,3.447000027,4.0334743617863325
2/8/2018 17:00,3.868999958,3.868999958,4.013636557750218
2/8/2018 18:00,3.377000093,3.377000093,3.795117314399591
2/8/2018 19:00,2.813999891,2.813999891,3.753927743707059
2/8/2018 20:00,2.743999958,2.743999958,3.745453375507329
2/8/2018 21:00,2.884000063,2.884000063,3.6286391591103975
2/8/2018 22:00,2.813999891,2.813999891,3.583523032870043
2/8/2018 23:00,2.602999926,2.602999926,3.56905774176906
2/9/2018 0:00,2.813999891,2.813999891,3.5225208081751567
2/9/2018 1:00,2.602999926,2.602999926,3.5162681570494074
2/9/2018 2:00,2.954999924,2.954999924,3.537949719805832
2/9/2018 3:00,2.884000063,2.884000063,3.46117366669648
2/9/2018 4:00,3.377000093,3.377000093,3.3928084993419536
2/9/2018 5:00,3.305999994,3.305999994,3.3596800766720123
2/9/2018 6:00,3.305999994,3.305999994,3.2280990462273675
2/9/2018 7:00,3.305999994,3.305999994,3.0657273334718966
2/9/2018 8:00,3.377000093,3.377000093,3.2017572163344528
2/9/2018 9:00,3.588000059,3.588000059,3.195438617949867
2/9/2018 10:00,3.727999926,3.727999926,3.4034679100804004
2/9/2018 11:00,4.643000126,4.643000126,3.753517907904262
2/9/2018 12:00,5.697999954,5.697999954,3.62987721400027
2/9/2018 13:00,5.486999989,5.486999989,3.912659233251994
2/9/2018 14:00,5.768000126,5.768000126,4.175173297883014
2/9/2018 15:00,5.768000126,5.768000126,3.882535437222728
2/9/2018 16:00,5.768000126,5.768000126,4.006861595859679
2/9/2018 17:00,5.768000126,5.768000126,3.986983231596824
2/9/2018 18:00,5.627999783,5.627999783,3.768423428018915
2/9/2018 19:00,5.346000195,5.346000195,3.7271932970993458
2/9/2018 20:00,5.839000225,5.839000225,3.718678368672552
2/9/2018 21:00,5.697999954,5.697999954,3.6018235920485244
2/9/2018 22:00,5.416999817,5.416999817,3.556666905581108
2/9/2018 23:00,5.768000126,5.768000126,3.542161054253082
2/10/2018 0:00,5.839000225,5.839000225,3.4955835604316343
2/10/2018 1:00,5.90899992,5.90899992,3.4892903490787117
2/10/2018 2:00,6.190999985,6.190999985,3.510931351608117
2/10/2018 3:00,5.697999954,5.697999954,3.4341147382715937
2/10/2018 4:00,4.712999821,4.712999821,3.36570901069018
2/10/2018 5:00,4.643000126,4.643000126,3.3325400277932653
2/10/2018 6:00,3.095000029,3.095000029,3.2009184371216683
2/10/2018 7:00,2.813999891,2.813999891,3.0385061641393003
2/10/2018 8:00,3.447000027,3.447000027,3.1744954867747235
2/10/2018 9:00,2.321000099,2.321000099,3.168136328162725
2/10/2018 10:00,1.899000049,1.899000049,3.3761250600660224
2/10/2018 11:00,2.250999928,2.250999928,3.726134497662579
2/10/2018 12:00,3.025000095,3.025000095,3.60245324353171
2/10/2018 13:00,3.025000095,3.025000095,3.885194702556549
2/10/2018 14:00,3.938999891,3.938999891,4.147668206959698
2/10/2018 15:00,3.236000061,3.236000061,3.854989786073393
2/10/2018 16:00,3.727999926,3.727999926,3.9792753844832887
2/10/2018 17:00,4.150000095,4.150000095,3.959356459993417
2/10/2018 18:00,4.221000195,4.221000195,3.740756096188476
2/10/2018 19:00,3.727999926,3.727999926,3.699485405041882
2/10/2018 20:00,3.799000025,3.799000025,3.690929916388062
2/10/2018 21:00,3.868999958,3.868999958,3.574034579537007
2/10/2018 22:00,3.095000029,3.095000029,3.528837332842565
2/10/2018 23:00,1.337000012,1.337000012,3.5142909212875137
2/11/2018 0:00,2.532000065,2.532000065,3.467672867239026
2/11/2018 1:00,3.095000029,3.095000029,3.4613390956590746
2/11/2018 2:00,4.290999889,4.290999889,3.4829395379614554
2/11/2018 3:00,3.938999891,3.938999891,3.4060823643979026
2/11/2018 4:00,3.868999958,3.868999958,3.337636076589468
2/11/2018 5:00,3.657999992,3.657999992,3.30442653346553
2/11/2018 6:00,2.673000097,2.673000097,3.17276438256691
2/11/2018 7:00,3.095000029,3.095000029,3.0103115493575205
2/11/2018 8:00,4.079999924,4.079999924,3.146260311765916
2/11/2018 9:00,3.377000093,3.377000093,3.139860592926881
2/11/2018 10:00,2.813999891,2.813999891,3.3478087646031485
2/11/2018 11:00,3.377000093,3.377000093,3.697777641972672
2/11/2018 12:00,2.954999924,2.954999924,3.5740558276147825
2/11/2018 13:00,2.743999958,2.743999958,3.856756726412601
2/11/2018 14:00,3.447000027,3.447000027,4.119189670588701
2/11/2018 15:00,3.095000029,3.095000029,3.826470689475399
2/11/2018 16:00,3.095000029,3.095000029,3.950715727658269
2/11/2018 17:00,2.461999893,2.461999893,3.930756242941373
2/11/2018 18:00,1.970000029,1.970000029,3.712115318909407
2/11/2018 19:00,3.095000029,3.095000029,3.670804067535788
2/11/2018 20:00,1.899000049,1.899000049,3.662208018654944
2/11/2018 21:00,2.743999958,2.743999958,3.5452721215768634
2/11/2018 22:00,3.657999992,3.657999992,3.5000343146553963
2/11/2018 23:00,3.165999889,3.165999889,3.48544734287332
2/12/2018 0:00,3.095000029,3.095000029,3.438788728597808
2/12/2018 1:00,3.095000029,3.095000029,3.4324143967908305
2/12/2018 2:00,2.743999958,2.743999958,3.4539742788661867
2/12/2018 3:00,2.743999958,2.743999958,3.3770765450756097
2/12/2018 4:00,2.884000063,2.884000063,3.3085896970401505
2/12/2018 5:00,2.884000063,2.884000063,3.275339593689188
2/12/2018 6:00,2.673000097,2.673000097,3.1436368825635435
2/12/2018 7:00,2.532000065,2.532000065,2.981143489127129
2/12/2018 8:00,1.618000031,1.618000031,3.1170516913084985
2/12/2018 9:00,1.758999944,1.758999944,3.11061141224244
2/12/2018 10:00,1.054999948,1.054999948,3.318519023691681
2/12/2018 11:00,1.618000031,1.618000031,3.66844734083418
2/12/2018 12:00,1.337000012,1.337000012,3.544684966249265
2/12/2018 13:00,1.899000049,1.899000049,3.8273453048200574
2/12/2018 14:00,3.236000061,3.236000061,4.089737688769132
2/12/2018 15:00,2.602999926,2.602999926,3.796978147428808
2/12/2018 16:00,2.532000065,2.532000065,3.921182625384653
2/12/2018 17:00,2.180999994,2.180999994,3.9011825804407314
2/12/2018 18:00,2.532000065,2.532000065,3.68250109618174
2/12/2018 19:00,3.095000029,3.095000029,3.641149284581096
2/12/2018 20:00,3.51699996,3.51699996,3.6325126754732255
2/12/2018 21:00,3.799000025,3.799000025,3.515536218168122
2/12/2018 22:00,3.799000025,3.799000025,3.4702578510196305
2/12/2018 23:00,4.150000095,4.150000095,3.4556303190105293
2/13/2018 0:00,4.290999889,4.290999889,3.4089311445079917
2/13/2018 1:00,4.290999889,4.290999889,3.4025162524739896
2/13/2018 2:00,4.079999924,4.079999924,3.4240355743223208
2/13/2018 3:00,3.305999994,3.305999994,3.3470972803047183
2/13/2018 4:00,3.799000025,3.799000025,3.2785698720422345
2/13/2018 5:00,3.447000027,3.447000027,3.2452792084642463
2/13/2018 6:00,3.588000059,3.588000059,3.113535937111577
2/13/2018 7:00,3.305999994,3.305999994,2.951001983448138
2/13/2018 8:00,3.588000059,3.588000059,3.086869625402484
2/13/2018 9:00,4.079999924,4.079999924,3.080388786109399
2/13/2018 10:00,4.923999786,4.923999786,3.288255837331616
2/13/2018 11:00,5.697999954,5.697999954,3.6381435942470897
2/13/2018 12:00,4.994999886,4.994999886,3.51434065943515
2/13/2018 13:00,4.994999886,4.994999886,3.796960437778919
2/13/2018 14:00,5.768000126,5.768000126,4.059312261500968
2/13/2018 15:00,6.190999985,6.190999985,3.766512159933619
2/13/2018 16:00,6.330999851,6.330999851,3.890676077662439
2/13/2018 17:00,6.050000191,6.050000191,3.870635472491493
2/13/2018 18:00,6.612999916,6.612999916,3.651913428005477
2/13/2018 19:00,6.050000191,6.050000191,3.610521056177808
2/13/2018 20:00,5.697999954,5.697999954,3.6018438868429143
2/13/2018 21:00,6.119999886,6.119999886,3.4848268693107847
2/13/2018 22:00,6.050000191,6.050000191,3.439507941935268
2/13/2018 23:00,6.472000122,6.472000122,3.424839849699142
2/14/2018 0:00,6.40199995,6.40199995,3.3781001149695795
2/14/2018 1:00,6.472000122,6.472000122,3.371644662708553
2/14/2018 2:00,5.55700016,5.55700016,3.39312342432986
2/14/2018 3:00,6.40199995,6.40199995,3.316144570085233
2/14/2018 4:00,6.261000156,6.261000156,3.247576601595724
2/14/2018 5:00,5.55700016,5.55700016,3.214245377790711
2/14/2018 6:00,5.627999783,5.627999783,3.0824615462110176
2/14/2018 7:00,4.923999786,4.923999786,2.919887032320553
2/14/2018 8:00,5.90899992,5.90899992,3.055714114047874
2/14/2018 9:00,6.472000122,6.472000122,3.049192714527765
2/14/2018 10:00,6.752999783,6.752999783,3.2570192055229565
2/14/2018 11:00,6.964000225,6.964000225,3.6068664022114056
2/14/2018 12:00,6.752999783,6.752999783,3.4830229071724417
2/14/2018 13:00,7.668000221,7.668000221,3.7656021252891856
2/14/2018 14:00,7.386000156,7.386000156,4.027913388784209
2/14/2018 15:00,7.456999779,7.456999779,3.735072726989836
2/14/2018 16:00,7.456999779,7.456999779,3.8591960844916313
2/14/2018 17:00,7.456999779,7.456999779,3.8391149190936606
2/14/2018 18:00,6.40199995,6.40199995,3.6203523143806193
2/14/2018 19:00,7.105000019,7.105000019,3.578919382325926
2/14/2018 20:00,7.315999985,7.315999985,3.570201652764007
2/14/2018 21:00,7.315999985,7.315999985,3.4531440750048525
2/14/2018 22:00,7.175000191,7.175000191,3.407784587402312
2/14/2018 23:00,6.683000088,6.683000088,3.393075934939161
2/15/2018 0:00,7.386000156,7.386000156,3.346295639982573
2/15/2018 1:00,5.90899992,5.90899992,3.339799627494522
2/15/2018 2:00,3.799000025,3.799000025,3.3612378288888034
2/15/2018 3:00,3.727999926,3.727999926,3.284218414417152
2/15/2018 4:00,3.236000061,3.236000061,3.215609885700618
2/15/2018 5:00,3.588000059,3.588000059,3.18223810166858
2/15/2018 6:00,3.447000027,3.447000027,3.050413709861861
2/15/2018 7:00,3.236000061,3.236000061,2.8877986357443723
2/15/2018 8:00,2.884000063,2.884000063,3.0235851572446686
2/15/2018 9:00,2.884000063,2.884000063,3.0170231974975343
2/15/2018 10:00,2.884000063,2.884000063,3.2248091282657017
2/15/2018 11:00,2.813999891,2.813999891,3.5746157647271257
2/15/2018 12:00,2.813999891,2.813999891,3.4507317094611363
2/15/2018 13:00,3.095000029,3.095000029,3.733270367350856
2/15/2018 14:00,3.095000029,3.095000029,3.995541070618855
2/15/2018 15:00,3.165999889,3.165999889,3.702659848597456
2/15/2018 16:00,3.657999992,3.657999992,3.8267426458722262
2/15/2018 17:00,3.236000061,3.236000061,3.806620920247232
2/15/2018 18:00,2.602999926,2.602999926,3.587817755307166
2/15/2018 19:00,2.532000065,2.532000065,3.546344263025447
2/15/2018 20:00,3.025000095,3.025000095,3.537585973236504
2/15/2018 21:00,3.236000061,3.236000061,3.4204878352503245
2/15/2018 22:00,3.447000027,3.447000027,3.375087787420758
2/15/2018 23:00,3.305999994,3.305999994,3.3603385747305827
2/16/2018 0:00,3.025000095,3.025000095,3.3135177195469705
2/16/2018 1:00,3.447000027,3.447000027,3.3069811468318946
2/16/2018 2:00,3.305999994,3.305999994,3.328378787999151
2/16/2018 3:00,3.657999992,3.657999992,3.251318813300475
2/16/2018 4:00,3.447000027,3.447000027,3.182669724356916
2/16/2018 5:00,3.305999994,3.305999994,3.1492573800978536
2/16/2018 6:00,3.799000025,3.799000025,3.0173924280641105
2/16/2018 7:00,4.150000095,4.150000095,2.8547367937195967
2/16/2018 8:00,3.095000029,3.095000029,2.9904827549928674
2/16/2018 9:00,3.51699996,3.51699996,2.9838802350187086
2/16/2018 10:00,3.377000093,3.377000093,3.1916256055598504
2/16/2018 11:00,4.43200016,4.43200016,3.54139168179425
2/16/2018 12:00,5.135000229,5.135000229,3.4174670663012363
2/16/2018 13:00,5.416999817,5.416999817,3.69996516396393
2/16/2018 14:00,5.697999954,5.697999954,3.962195307004905
2/16/2018 15:00,5.697999954,5.697999954,3.6692735247564814
2/16/2018 16:00,5.55700016,5.55700016,3.793315761804227
2/16/2018 17:00,5.205999851,5.205999851,3.773153475952207
2/16/2018 18:00,5.416999817,5.416999817,3.554309750785116
2/16/2018 19:00,5.135000229,5.135000229,3.512795698276373
2/16/2018 20:00,4.923999786,4.923999786,3.503996848260404
2/16/2018 21:00,4.994999886,4.994999886,3.3868581500472
2/16/2018 22:00,4.923999786,4.923999786,3.3414175419906096
2/16/2018 23:00,5.135000229,5.135000229,3.326627769073409
2/17/2018 0:00,4.572999954,4.572999954,3.279766353662772
2/17/2018 1:00,4.010000229,4.010000229,3.2731892207206705
2/17/2018 2:00,4.150000095,4.150000095,3.294546301660903
2/17/2018 3:00,4.994999886,4.994999886,3.217445766735201
2/17/2018 4:00,4.361999989,4.361999989,3.1487561175646177
2/17/2018 5:00,4.221000195,4.221000195,3.1153032130785303
2/17/2018 6:00,3.377000093,3.377000093,2.9833977008177617
2/17/2018 7:00,2.039999962,2.039999962,2.8207015062462237
2/17/2018 8:00,2.250999928,2.250999928,2.95640690729247
2/17/2018 9:00,1.828999996,1.828999996,2.949763827091286
2/17/2018 10:00,2.180999994,2.180999994,3.1574686374054037
2/17/2018 11:00,2.954999924,2.954999924,3.5071941534127777
2/17/2018 12:00,2.884000063,2.884000063,3.3832289776927387
2/17/2018 13:00,3.377000093,3.377000093,3.665686515128408
2/17/2018 14:00,4.290999889,4.290999889,3.9278760979423577
2/17/2018 15:00,4.221000195,4.221000195,3.634913755466909
2/17/2018 16:00,4.150000095,4.150000095,3.75891543228763
2/17/2018 17:00,3.236000061,3.236000061,3.738712586208585
2/17/2018 18:00,2.743999958,2.743999958,3.5198283008144697
2/17/2018 19:00,2.602999926,2.602999926,3.4782736880787013
2/17/2018 20:00,2.602999926,2.602999926,3.4694342778357083
2/17/2018 21:00,2.532000065,2.532000065,3.3522550193954794
2/17/2018 22:00,2.461999893,2.461999893,3.3067738511118634
2/17/2018 23:00,2.39199996,2.39199996,3.2919435179676384
2/18/2018 0:00,2.109999895,2.109999895,3.2450415423299765
2/18/2018 1:00,2.180999994,2.180999994,3.238423849160851
2/18/2018 2:00,2.250999928,2.250999928,3.259740369874058
2/18/2018 3:00,2.532000065,2.532000065,3.182599274721331
2/18/2018 4:00,3.095000029,3.095000029,3.113869065323723
2/18/2018 5:00,3.799000025,3.799000025,3.080375600610611
2/18/2018 6:00,2.250999928,2.250999928,2.9484295281228183
2/18/2018 7:00,4.150000095,4.150000095,2.785692773324255
2/18/2018 8:00,4.290999889,4.290999889,2.921357614143476
2/18/2018 9:00,4.854000092,4.854000092,2.914673973715267
2/18/2018 10:00,5.065000057,5.065000057,3.12233822380236
2/18/2018 11:00,4.994999886,4.994999886,3.4720231795827097
2/18/2018 12:00,4.643000126,4.643000126,3.3480174436356465
2/18/2018 13:00,4.501999855,4.501999855,3.630434420844291
2/18/2018 14:00,2.743999958,2.743999958,3.892583443431216
2/18/2018 15:00,2.39199996,2.39199996,3.5995805407287427
2/18/2018 16:00,3.025000095,3.025000095,3.723541657322439
2/18/2018 17:00,1.547999978,1.547999978,3.703298251016368
2/18/2018 18:00,2.039999962,2.039999962,3.484373405395228
2/18/2018 19:00,2.673000097,2.673000097,3.442778232432436
2/18/2018 20:00,2.602999926,2.602999926,3.433898261962417
2/18/2018 21:00,2.250999928,2.250999928,3.3166784432951637
2/18/2018 22:00,2.039999962,2.039999962,3.271156714784522
2/18/2018 23:00,1.337000012,1.337000012,3.2562858214132726
2/19/2018 0:00,2.039999962,2.039999962,3.2093432855485857
2/19/2018 1:00,2.321000099,2.321000099,3.2026850321524347
2/19/2018 2:00,2.954999924,2.954999924,3.223960992638617
2/19/2018 3:00,3.727999926,3.727999926,3.146779337258866
2/19/2018 4:00,3.236000061,3.236000061,3.078008567634233
2/19/2018 5:00,2.954999924,2.954999924,3.044474542694096
2/19/2018 6:00,3.095000029,3.095000029,2.9124879099792778
2/19/2018 7:00,2.39199996,2.39199996,2.7497105949536897
2/19/2018 8:00,2.39199996,2.39199996,2.8853348755458863
2/19/2018 9:00,1.547999978,1.547999978,2.8786106748906533
2/19/2018 10:00,0.563000023,0.563000023,3.086234364750721
2/19/2018 11:00,0.773999989,0.773999989,3.4358787603040457
2/19/2018 12:00,2.39199996,2.39199996,3.311832464129957
2/19/2018 13:00,2.109999895,2.109999895,3.594208881111577
2/19/2018 14:00,2.954999924,2.954999924,3.856317343471477
2/19/2018 15:00,2.954999924,2.954999924,3.5632738805419795
2/19/2018 16:00,2.884000063,2.884000063,3.687194436908651
2/19/2018 17:00,3.025000095,3.025000095,3.666910470375556
2/19/2018 18:00,3.025000095,3.025000095,3.447945064527391
2/19/2018 19:00,3.51699996,3.51699996,3.4063093313375727
2/19/2018 20:00,3.305999994,3.305999994,3.3973888006405297
2/19/2018 21:00,3.657999992,3.657999992,3.280128421746251
2/19/2018 22:00,3.447000027,3.447000027,3.234566133008586
2/19/2018 23:00,3.727999926,3.727999926,3.219654679410311
2/20/2018 0:00,3.799000025,3.799000025,3.172671583318599
2/20/2018 1:00,4.079999924,4.079999924,3.165972769695424
2/20/2018 2:00,3.447000027,3.447000027,3.187208169954581
2/20/2018 3:00,3.657999992,3.657999992,3.109985954347805
2/20/2018 4:00,3.236000061,3.236000061,3.041174624496147
2/20/2018 5:00,3.51699996,3.51699996,3.007600039328985
2/20/2018 6:00,2.813999891,2.813999891,2.8755728463871417
2/20/2018 7:00,2.461999893,2.461999893,2.7127549711345287
2/20/2018 8:00,2.673000097,2.673000097,2.8483386914997006
2/20/2018 9:00,2.673000097,2.673000097,2.841573930617442
2/20/2018 10:00,1.970000029,1.970000029,3.049157060250485
2/20/2018 11:00,0.703000009,0.703000009,3.3987608955767854
2/20/2018 12:00,0.0,0.0,3.274674039175673
2/20/2018 13:00,0.0,0.0,3.557009895930268
2/20/2018 14:00,0.0,0.0,3.819077798063143
2/20/2018 15:00,0.633000016,0.633000016,3.52599377490662
2/20/2018 16:00,0.0,0.0,3.649873771046266
2/20/2018 17:00,0.0,0.0,3.6295492442861454
2/20/2018 18:00,0.0,0.0,3.4105432782109566
2/20/2018 19:00,0.0,0.0,3.368866984794114
2/20/2018 20:00,0.0,0.0,3.359905893870046
2/20/2018 21:00,1.899000049,1.899000049,3.2426049547487423
2/20/2018 22:00,2.180999994,2.180999994,3.197002105784052
2/20/2018 23:00,2.321000099,2.321000099,3.182050091958752
2/21/2018 0:00,2.532000065,2.532000065,3.135026435640016
2/21/2018 1:00,2.461999893,2.461999893,3.1282870617898157
2/21/2018 2:00,2.813999891,2.813999891,3.149481901821948
2/21/2018 3:00,2.461999893,2.461999893,3.0722191259881475
2/21/2018 4:00,2.602999926,2.602999926,3.0033672359094643
2/21/2018 5:00,2.532000065,2.532000065,2.9697520905152777
2/21/2018 6:00,2.461999893,2.461999893,2.8376843373464102
2/21/2018 7:00,2.673000097,2.673000097,2.674825901866772
2/21/2018 8:00,2.813999891,2.813999891,2.810369062004918
2/21/2018 9:00,2.743999958,2.743999958,2.803563740895636
2/21/2018 10:00,2.743999958,2.743999958,3.011106310301653
2/21/2018 11:00,2.884000063,2.884000063,3.360669585400929
2/21/2018 12:00,2.602999926,2.602999926,3.236542168772791
2/21/2018 13:00,2.743999958,2.743999958,3.518837465300361
2/21/2018 14:00,2.532000065,2.532000065,3.780864807206211
2/21/2018 15:00,2.954999924,2.954999924,3.487740223822664
2/21/2018 16:00,2.884000063,2.884000063,3.611579659735285
2/21/2018 17:00,3.165999889,3.165999889,3.591214572748141
2/21/2018 18:00,3.236000061,3.236000061,3.3721680464459256
2/21/2018 19:00,3.868999958,3.868999958,3.3304511928020584
2/21/2018 20:00,4.221000195,4.221000195,3.3214495416509653
2/21/2018 21:00,5.346000195,5.346000195,3.204108042302637
2/21/2018 22:00,5.346000195,5.346000195,3.1584646331109223
2/21/2018 23:00,5.205999851,5.205999851,3.1434720590585976
2/22/2018 0:00,5.205999851,5.205999851,3.096407842512836
2/22/2018 1:00,5.486999989,5.486999989,3.0896279084356117
2/22/2018 2:00,5.205999851,5.205999851,3.110782188240719
2/22/2018 3:00,4.854000092,4.854000092,3.033478852179893
2/22/2018 4:00,4.923999786,4.923999786,2.9645864018741857
2/22/2018 5:00,4.994999886,4.994999886,2.930930696252974
2/22/2018 6:00,4.78399992,4.78399992,2.798822382857081
2/22/2018 7:00,4.78399992,4.78399992,2.6359233871504184
2/22/2018 8:00,5.205999851,5.205999851,2.7714259870615408
2/22/2018 9:00,5.276000023,5.276000023,2.7645801057252326
2/22/2018 10:00,4.643000126,4.643000126,2.972082114904226
2/22/2018 11:00,5.346000195,5.346000195,3.321604829776476
2/22/2018 12:00,4.923999786,4.923999786,3.1974368529213133
2/22/2018 13:00,4.361999989,4.361999989,3.4796915892218587
2/22/2018 14:00,5.55700016,5.55700016,3.7416783709006847
2/22/2018 15:00,4.78399992,4.78399992,3.448513227290112
2/22/2018 16:00,4.43200016,4.43200016,3.572312102975709
2/22/2018 17:00,4.43200016,4.43200016,3.5519064557615394
2/22/2018 18:00,5.55700016,5.55700016,3.3328193692323
2/22/2018 19:00,4.643000126,4.643000126,3.2910619553614078
2/22/2018 20:00,4.854000092,4.854000092,3.28201974398329
2/22/2018 21:00,5.416999817,5.416999817,3.164637684407937
2/22/2018 22:00,5.276000023,5.276000023,3.1189537149891966
2/22/2018 23:00,5.697999954,5.697999954,3.1039205807098478
2/23/2018 0:00,5.697999954,5.697999954,3.0568158039370616
2/23/2018 1:00,4.994999886,4.994999886,3.0499953096328114
2/23/2018 2:00,4.994999886,4.994999886,3.0711090292108945
2/23/2018 3:00,5.276000023,5.276000023,2.9937651329230444
2/23/2018 4:00,4.501999855,4.501999855,2.9248321223903115
2/23/2018 5:00,4.501999855,4.501999855,2.8911358565420757
2/23/2018 6:00,4.221000195,4.221000195,2.7589869829191582
2/23/2018 7:00,3.938999891,3.938999891,2.5960474269854705
2/23/2018 8:00,4.854000092,4.854000092,2.7315094666695674
2/23/2018 9:00,4.643000126,4.643000126,2.724623025106235
2/23/2018 10:00,5.839000225,5.839000225,2.932084474058203
2/23/2018 11:00,5.768000126,5.768000126,3.281566628703429
2/23/2018 12:00,5.627999783,5.627999783,3.157358091621241
2/23/2018 13:00,4.854000092,4.854000092,3.439572267694761
2/23/2018 14:00,8.37100029,8.37100029,3.701518489146562
2/23/2018 15:00,6.894000053,6.894000053,3.408312785308965
2/23/2018 16:00,7.386000156,7.386000156,3.532071100767537
2/23/2018 17:00,7.105000019,7.105000019,3.511624893326343
2/23/2018 18:00,7.737999916,7.737999916,3.292497246570078
2/23/2018 19:00,6.894000053,6.894000053,3.2506992724721613
2/23/2018 20:00,6.119999886,6.119999886,3.2416165008670186
2/23/2018 21:00,5.768000126,5.768000126,3.124193881064641
2/23/2018 22:00,5.346000195,5.346000195,3.0784693514188763
2/23/2018 23:00,5.135000229,5.135000229,3.063395656912502
2/24/2018 0:00,5.486999989,5.486999989,3.016250319912691
2/24/2018 1:00,4.994999886,4.994999886,3.009389265381416
2/24/2018 2:00,5.065000057,5.065000057,3.030462424732474
2/24/2018 3:00,4.923999786,4.923999786,2.9530779682175985
2/24/2018 4:00,4.854000092,4.854000092,2.884104397457841
2/24/2018 5:00,4.854000092,4.854000092,2.85036757138258
2/24/2018 6:00,5.416999817,5.416999817,2.7181781375326373
2/24/2018 7:00,4.361999989,4.361999989,2.555198021371925
2/24/2018 8:00,5.135000229,5.135000229,2.6906195008289977
2/24/2018 9:00,5.346000195,5.346000195,2.68369249903864
2/24/2018 10:00,6.330999851,6.330999851,2.891113387763584
2/24/2018 11:00,5.205999851,5.205999851,3.2405549821817843
2/24/2018 12:00,4.572999954,4.572999954,3.116305884872572
2/24/2018 13:00,4.361999989,4.361999989,3.398479500719068
2/24/2018 14:00,4.994999886,4.994999886,3.660385161943844
2/24/2018 15:00,4.994999886,4.994999886,3.367138897879222
2/24/2018 16:00,4.43200016,4.43200016,3.4908566531107685
2/24/2018 17:00,4.78399992,4.78399992,3.4703698854425498
2/24/2018 18:00,5.979000092,5.979000092,3.251201678459261
2/24/2018 19:00,5.768000126,5.768000126,3.2093631441343184
2/24/2018 20:00,5.627999783,5.627999783,3.200239812302152
2/24/2018 21:00,5.486999989,5.486999989,3.082776632272749
2/24/2018 22:00,4.361999989,4.361999989,3.037011542399959
2/24/2018 23:00,4.643000126,4.643000126,3.02189728766656
2/25/2018 0:00,3.868999958,3.868999958,2.974711390439724
2/25/2018 1:00,3.868999958,3.868999958,2.967809775681425
2/25/2018 2:00,3.305999994,3.305999994,2.988842374805458
2/25/2018 3:00,3.447000027,3.447000027,2.9114173580635576
2/25/2018 4:00,3.305999994,3.305999994,2.842403227076776
2/25/2018 5:00,2.743999958,2.743999958,2.8086258407744897
2/25/2018 6:00,3.165999889,3.165999889,2.676395846697523
2/25/2018 7:00,4.079999924,4.079999924,2.5133751703097857
2/25/2018 8:00,3.657999992,3.657999992,2.648756089539833
2/25/2018 9:00,2.813999891,2.813999891,2.64178852752245
2/25/2018 10:00,3.305999994,3.305999994,2.849168856020369
2/25/2018 11:00,4.43200016,4.43200016,3.1985698902115454
2/25/2018 12:00,5.205999851,5.205999851,3.074280232675308
2/25/2018 13:00,4.994999886,4.994999886,3.3564132882947786
2/25/2018 14:00,5.276000023,5.276000023,3.61827838929253
2/25/2018 15:00,5.205999851,5.205999851,3.3249915650008828
2/25/2018 16:00,4.854000092,4.854000092,3.4486687600054053
2/25/2018 17:00,5.55700016,5.55700016,3.428141432110161
2/25/2018 18:00,5.979000092,5.979000092,3.208932664899847
2/25/2018 19:00,4.994999886,4.994999886,3.1670535703478806
2/25/2018 20:00,5.346000195,5.346000195,3.1578896782886883
2/25/2018 21:00,5.205999851,5.205999851,3.040385938032261
2/25/2018 22:00,5.135000229,5.135000229,2.9945802879324463
2/25/2018 23:00,4.923999786,4.923999786,2.9794254729720224
2/26/2018 0:00,5.135000229,5.135000229,2.9321990155181616
2/26/2018 1:00,4.643000126,4.643000126,2.9252568405328367
2/26/2018 2:00,4.501999855,4.501999855,2.9462488794298456
2/26/2018 3:00,4.572999954,4.572999954,2.8687833024609204
2/26/2018 4:00,4.643000126,4.643000126,2.7997286112471134
2/26/2018 5:00,4.501999855,4.501999855,2.7659106647178024
2/26/2018 6:00,4.150000095,4.150000095,2.6336401104138103
2/26/2018 7:00,4.572999954,4.572999954,2.4705788737990484
2/26/2018 8:00,4.712999821,4.712999821,2.605919232802071
2/26/2018 9:00,5.346000195,5.346000195,2.598911110557664
2/26/2018 10:00,6.190999985,6.190999985,2.8062508788285583
2/26/2018 11:00,6.330999851,6.330999851,3.155611352792709
2/26/2018 12:00,5.979000092,5.979000092,3.031281135029447
2/26/2018 13:00,6.752999783,6.752999783,3.3133736304218937
2/26/2018 14:00,7.809000015,7.809000015,3.5751981711926195
2/26/2018 15:00,8.159999847,8.159999847,3.2818707866739483
2/26/2018 16:00,8.230999947,8.230999947,3.4055074214514454
2/26/2018 17:00,8.37100029,8.37100029,3.3849395333291765
2/26/2018 18:00,8.159999847,8.159999847,3.165690205891837
2/26/2018 19:00,7.315999985,7.315999985,3.123770551112845
2/26/2018 20:00,6.40199995,6.40199995,3.114566098826629
2/26/2018 21:00,6.119999886,6.119999886,2.997021798343176
2/26/2018 22:00,5.768000126,5.768000126,2.951175588016337
2/26/2018 23:00,5.839000225,5.839000225,2.9359802128288885
2/27/2018 0:00,5.697999954,5.697999954,2.888713195148003
2/27/2018 1:00,5.416999817,5.416999817,2.881730459935654
2/27/2018 2:00,5.768000126,5.768000126,2.902681938605637
2/27/2018 3:00,5.346000195,5.346000195,2.8251758014096877
2/27/2018 4:00,5.627999783,5.627999783,2.756080549968856
2/27/2018 5:00,4.994999886,4.994999886,2.72222204321252
2/27/2018 6:00,5.205999851,5.205999851,2.589910928681504
2/27/2018 7:00,5.135000229,5.135000229,2.426809131839717
2/27/2018 8:00,5.55700016,5.55700016,2.5621089306157145
2/27/2018 9:00,5.135000229,5.135000229,2.5550602481442826
2/27/2018 10:00,5.346000195,5.346000195,2.7623594561881517
2/27/2018 11:00,5.346000195,5.346000195,3.111679369925278
2/27/2018 12:00,6.330999851,6.330999851,2.987308591934991
2/27/2018 13:00,7.456999779,7.456999779,3.269360527100412
2/27/2018 14:00,7.245999813,7.245999813,3.5311445076441133
2/27/2018 15:00,7.315999985,7.315999985,3.237776562898417
2/27/2018 16:00,7.668000221,7.668000221,3.361372637448889
2/27/2018 17:00,7.315999985,7.315999985,3.340764189099596
2/27/2018 18:00,5.697999954,5.697999954,3.1214743014352324
2/27/2018 19:00,4.854000092,4.854000092,3.079514086429216
2/27/2018 20:00,3.165999889,3.165999889,3.070269073915974
2/27/2018 21:00,1.828999996,1.828999996,2.9526842132054965
2/27/2018 22:00,1.476999998,1.476999998,2.9067974426516323
2/27/2018 23:00,2.39199996,2.39199996,2.8915615072371588
2/28/2018 0:00,2.39199996,2.39199996,2.8442539293292484
2/28/2018 1:00,2.884000063,2.884000063,2.837230633889874
2/28/2018 2:00,3.588000059,3.588000059,2.8581415523328326
2/28/2018 3:00,3.377000093,3.377000093,2.7805948549098582
2/28/2018 4:00,2.743999958,2.743999958,2.7114590432420016
2/28/2018 5:00,3.165999889,3.165999889,2.677559976258641
2/28/2018 6:00,3.095000029,3.095000029,2.5452083015005997
2/28/2018 7:00,3.025000095,3.025000095,2.3820659444317878
2/28/2018 8:00,2.109999895,2.109999895,2.51732518298076
2/28/2018 9:00,1.266000032,1.266000032,2.510235940282304
2/28/2018 10:00,2.039999962,2.039999962,2.7174945880991475
2/28/2018 11:00,1.970000029,1.970000029,3.0667739416092488
2/28/2018 12:00,2.743999958,2.743999958,2.942362603391937
2/28/2018 13:00,3.025000095,3.025000095,3.224373978330334
2/28/2018 14:00,3.025000095,3.025000095,3.48611739864701
2/28/2018 15:00,3.868999958,3.868999958,3.1927088936742893
2/28/2018 16:00,4.501999855,4.501999855,3.316264407997737
2/28/2018 17:00,5.205999851,5.205999851,3.2956153994214183
2/28/2018 18:00,5.839000225,5.839000225,3.076284951530029
2/28/2018 19:00,5.768000126,5.768000126,3.034284176296988
2/28/2018 20:00,5.276000023,5.276000023,3.0249986035567216
2/28/2018 21:00,4.994999886,4.994999886,2.9073731826192195
2/28/2018 22:00,5.697999954,5.697999954,2.861445851838331
2/28/2018 23:00,5.979000092,5.979000092,2.8461693561968326
3/1/2018 0:00,5.486999989,5.486999989,2.798821218061897
3/1/2018 1:00,5.346000195,5.346000195,2.7917573623954985
3/1/2018 2:00,5.627999783,5.627999783,2.8126277206114323
3/1/2018 3:00,5.768000126,5.768000126,2.7350404629614324
3/1/2018 4:00,4.923999786,4.923999786,2.665864091066551
3/1/2018 5:00,5.697999954,5.697999954,2.6319244638561656
3/1/2018 6:00,5.839000225,5.839000225,2.4995322288710997
3/1/2018 7:00,4.150000095,4.150000095,2.3363493115752627
3/1/2018 8:00,4.361999989,4.361999989,2.471567989897211
3/1/2018 9:00,4.572999954,4.572999954,2.464438186971729
3/1/2018 10:00,4.43200016,4.43200016,2.6716562745615486
3/1/2018 11:00,4.572999954,4.572999954,3.0208950678446254
3/1/2018 12:00,4.221000195,4.221000195,2.896443169400289
3/1/2018 13:00,3.51699996,3.51699996,3.17841398411166
3/1/2018 14:00,3.236000061,3.236000061,3.440116844201312
3/1/2018 15:00,3.095000029,3.095000029,3.146667779001566
3/1/2018 16:00,2.884000063,2.884000063,3.2701827330979887
3/1/2018 17:00,2.602999926,2.602999926,3.2494931642946456
3/1/2018 18:00,2.954999924,2.954999924,3.0301221561762324
3/1/2018 19:00,2.461999893,2.461999893,2.988080820716166
3/1/2018 20:00,2.743999958,2.743999958,2.978754687748874
3/1/2018 21:00,2.109999895,2.109999895,2.861088706584348
3/1/2018 22:00,2.321000099,2.321000099,2.815120815576434
3/1/2018 23:00,2.673000097,2.673000097,2.79980375970791
3/2/2018 0:00,2.180999994,2.180999994,2.7524150613459506
3/2/2018 1:00,0.0,0.0,2.7453106454525265
3/2/2018 2:00,0.843999982,0.843999982,2.766140443441436
3/2/2018 3:00,-0.492000014,-0.492000014,2.688512625564412
3/2/2018 4:00,0.985000014,0.985000014,2.619295693442505
3/2/2018 5:00,2.039999962,2.039999962,2.585315506005095
3/2/2018 6:00,2.039999962,2.039999962,2.452882710793004
3/2/2018 7:00,1.687999964,1.687999964,2.289659233270142
3/2/2018 8:00,1.758999944,1.758999944,2.424837351365065
3/2/2018 9:00,1.899000049,1.899000049,2.417666988212559
3/2/2018 10:00,2.321000099,2.321000099,2.624844515575353
3/2/2018 11:00,2.321000099,2.321000099,2.974042748631405
3/2/2018 12:00,2.884000063,2.884000063,2.849550289960044
3/2/2018 13:00,3.165999889,3.165999889,3.1314805444443907
3/2/2018 14:00,3.165999889,3.165999889,3.3931428443070173
3/2/2018 15:00,3.236000061,3.236000061,3.099653218880247
3/2/2018 16:00,3.727999926,3.727999926,3.2231276127496447
3/2/2018 17:00,3.657999992,3.657999992,3.202397483719277
3/2/2018 18:00,4.150000095,4.150000095,2.982985915373838
3/2/2018 19:00,4.361999989,4.361999989,2.940904019686747
3/2/2018 20:00,4.150000095,4.150000095,2.931537326492431
3/2/2018 21:00,4.150000095,4.150000095,2.8138307851008797
3/2/2018 22:00,4.501999855,4.501999855,2.767822333865941
3/2/2018 23:00,4.079999924,4.079999924,2.7524647177703927
3/3/2018 0:00,1.19599998,1.19599998,2.705035459181408
3/3/2018 1:00,1.476999998,1.476999998,2.69789048306096
3/3/2018 2:00,3.51699996,3.51699996,2.7186797208228435
3/3/2018 3:00,4.923999786,4.923999786,2.641011342718794
3/3/2018 4:00,5.065000057,5.065000057,2.571753850369863
3/3/2018 5:00,4.994999886,4.994999886,2.537733102705428
3/3/2018 6:00,4.221000195,4.221000195,2.4052597472663115
3/3/2018 7:00,4.43200016,4.43200016,2.2419957095164254
3/3/2018 8:00,4.643000126,4.643000126,2.377133267384324
3/3/2018 9:00,5.205999851,5.205999851,2.3699223440047925
3/3/2018 10:00,5.697999954,5.697999954,2.5770593111405624
3/3/2018 11:00,6.823999882,6.823999882,2.926216983969589
3/3/2018 12:00,6.964000225,6.964000225,2.8016839650712027
3/3/2018 13:00,7.597000122,7.597000122,3.083573659328525
3/3/2018 14:00,8.020000458,8.020000458,3.3451953989641274
3/3/2018 15:00,7.668000221,7.668000221,3.051665213310332
3/3/2018 16:00,7.52699995,7.52699995,3.175099046952705
3/3/2018 17:00,7.456999779,7.456999779,3.1543283576953125
3/3/2018 18:00,6.964000225,6.964000225,2.9348762291228496
3/3/2018 19:00,6.330999851,6.330999851,2.892753773208734
3/3/2018 20:00,6.330999851,6.330999851,2.8833465197873926
3/3/2018 21:00,6.190999985,6.190999985,2.765599418168816
3/3/2018 22:00,5.768000126,5.768000126,2.719550406706852
3/3/2018 23:00,5.486999989,5.486999989,2.7041522303842798
3/4/2018 0:00,5.90899992,5.90899992,2.65668241156827
3/4/2018 1:00,5.768000126,5.768000126,2.6494968752207964
3/4/2018 2:00,5.065000057,5.065000057,2.670245552755656
3/4/2018 3:00,5.135000229,5.135000229,2.5925366144245823
3/4/2018 4:00,5.135000229,5.135000229,2.523238561848626
3/4/2018 5:00,5.065000057,5.065000057,2.489177253957166
3/4/2018 6:00,4.78399992,4.78399992,2.3566633382910256
3/4/2018 7:00,5.065000057,5.065000057,2.1933587403141144
3/4/2018 8:00,5.627999783,5.627999783,2.328455737954988
3/4/2018 9:00,6.472000122,6.472000122,2.3212042543484315
3/4/2018 10:00,8.090000153,8.090000153,2.528300661257176
3/4/2018 11:00,9.145000458,9.145000458,2.8774177738591784
3/4/2018 12:00,9.708000183,9.708000183,2.7528441947337674
3/4/2018 13:00,9.496999741,9.496999741,3.0346933287640647
3/4/2018 14:00,8.722999573,8.722999573,3.296274508172642
3/4/2018 15:00,7.879000187,7.879000187,3.0027037622918216
3/4/2018 16:00,7.456999779,7.456999779,3.12609703570717
3/4/2018 17:00,6.612999916,6.612999916,3.105285786222752
3/4/2018 18:00,5.205999851,5.205999851,2.885793097423264
3/4/2018 19:00,4.501999855,4.501999855,2.843630081282124
3/4/2018 20:00,1.547999978,1.547999978,2.834182267633757
3/4/2018 21:00,0.0,0.0,2.716394605788156
3/4/2018 22:00,3.588000059,3.588000059,2.670305034099168
3/4/2018 23:00,1.337000012,1.337000012,2.65486629754957
3/5/2018 0:00,0.773999989,0.773999989,2.607355918506536
3/5/2018 1:00,0.0,0.0,2.600129821932037
3/5/2018 2:00,1.970000029,1.970000029,2.620837939239872
3/5/2018 3:00,2.250999928,2.250999928,2.543088440681773
3/5/2018 4:00,1.406999946,1.406999946,2.473749827878792
3/5/2018 5:00,1.337000012,1.337000012,2.439647959760307
3/5/2018 6:00,2.321000099,2.321000099,2.307093483867141
3/5/2018 7:00,2.532000065,2.532000065,2.1437483256632053
3/5/2018 8:00,1.899000049,1.899000049,2.278804763077054
3/5/2018 9:00,1.970000029,1.970000029,2.271512719243473
3/5/2018 10:00,2.884000063,2.884000063,2.478568565925193
3/5/2018 11:00,3.588000059,3.588000059,2.827645118300171
3/5/2018 12:00,3.727999926,3.727999926,2.7030309789477345
3/5/2018 13:00,3.938999891,3.938999891,2.984839552751007
3/5/2018 14:00,5.205999851,5.205999851,3.24638017193256
3/5/2018 15:00,4.854000092,4.854000092,2.9527688658247144
3/5/2018 16:00,4.501999855,4.501999855,3.076121579013038
3/5/2018 17:00,4.290999889,4.290999889,3.055269769301596
3/5/2018 18:00,4.923999786,4.923999786,2.8357365202750837
3/5/2018 19:00,4.712999821,4.712999821,2.7935329439069174
3/5/2018 20:00,3.588000059,3.588000059,2.784044570031527
3/5/2018 21:00,3.377000093,3.377000093,2.6662163479589007
3/5/2018 22:00,3.305999994,3.305999994,2.6200862160428877
3/5/2018 23:00,3.025000095,3.025000095,2.604606919266265
3/6/2018 0:00,3.025000095,3.025000095,2.557055979996206
3/6/2018 1:00,2.673000097,2.673000097,2.5497893231946827
3/6/2018 2:00,2.39199996,2.39199996,2.570456880275492
3/6/2018 3:00,1.899000049,1.899000049,2.4926668214903684
3/6/2018 4:00,2.109999895,2.109999895,2.423287648460363
3/6/2018 5:00,1.970000029,1.970000029,2.389145220114853
3/6/2018 6:00,2.461999893,2.461999893,2.256550183994664
3/6/2018 7:00,1.970000029,1.970000029,2.0931644655637025
3/6/2018 8:00,1.406999946,1.406999946,2.2281803427505262
3/6/2018 9:00,1.406999946,1.406999946,2.2208477386899204
3/6/2018 10:00,2.180999994,2.180999994,2.427863025144615
3/6/2018 11:00,1.828999996,1.828999996,2.776899017292568
3/6/2018 12:00,2.250999928,2.250999928,2.6522443177131074
3/6/2018 13:00,2.321000099,2.321000099,2.934012331289355
3/6/2018 14:00,2.532000065,2.532000065,3.1955123902438825
3/6/2018 15:00,3.025000095,3.025000095,2.9018605239090127
3/6/2018 16:00,2.954999924,2.954999924,3.0251726768703118
3/6/2018 17:00,2.884000063,2.884000063,3.004280306931844
3/6/2018 18:00,2.813999891,2.813999891,2.784706497678306
3/6/2018 19:00,2.109999895,2.109999895,2.742462361083116
3/6/2018 20:00,1.828999996,1.828999996,2.7329334269807
3/6/2018 21:00,1.476999998,1.476999998,2.6150646446810493
3/6/2018 22:00,1.758999944,1.758999944,2.5688939525380112
3/6/2018 23:00,1.828999996,1.828999996,2.553374095534364
3/7/2018 0:00,1.970000029,1.970000029,2.5057825960372795
3/7/2018 1:00,1.899000049,1.899000049,2.498475379008731
3/7/2018 2:00,0.773999989,0.773999989,2.5191023758625164
3/7/2018 3:00,-0.843999982,-0.843999982,2.441271756850368
3/7/2018 4:00,-0.633000016,-0.633000016,2.371852023593337
3/7/2018 5:00,-0.915000021,-0.915000021,2.3376690350208027
3/7/2018 6:00,0.0,0.0,2.205033438673587
3/7/2018 7:00,-0.492000014,-0.492000014,2.0416071600156016
3/7/2018 8:00,-0.773999989,-0.773999989,2.1765824769754003
3/7/2018 9:00,-0.563000023,-0.563000023,2.16920931268777
3/7/2018 10:00,0.0,0.0,2.3761840389154405
3/7/2018 11:00,1.19599998,1.19599998,2.7251794708363684
3/7/2018 12:00,0.0,0.0,2.6004842110298823
3/7/2018 13:00,0.633000016,0.633000016,2.8822116643791054
3/7/2018 14:00,1.828999996,1.828999996,3.143671163106608
3/7/2018 15:00,1.547999978,1.547999978,2.8499787365447133
3/7/2018 16:00,1.828999996,1.828999996,2.973250329278988
3/7/2018 17:00,1.687999964,1.687999964,2.952317399113495
3/7/2018 18:00,2.109999895,2.109999895,2.7327030296329324
3/7/2018 19:00,1.828999996,1.828999996,2.690418332810717
3/7/2018 20:00,2.180999994,2.180999994,2.680848838481277
3/7/2018 21:00,2.180999994,2.180999994,2.562939495954601
3/7/2018 22:00,2.039999962,2.039999962,2.516728243584538
3/7/2018 23:00,2.743999958,2.743999958,2.501167826353866
3/8/2018 0:00,2.673000097,2.673000097,2.453535766629757
3/8/2018 1:00,2.532000065,2.532000065,2.4461879893741845
3/8/2018 2:00,2.743999958,2.743999958,2.4667744260009443
3/8/2018 3:00,4.221000195,4.221000195,2.3889032467617706
3/8/2018 4:00,3.799000025,3.799000025,2.3194429532777154
3/8/2018 5:00,4.150000095,4.150000095,2.285219404478156
3/8/2018 6:00,2.884000063,2.884000063,2.152543247903916
3/8/2018 7:00,4.010000229,4.010000229,1.9890764090189057
3/8/2018 8:00,3.377000093,3.377000093,2.12401116575168
3/8/2018 9:00,3.377000093,3.377000093,2.1165974412370243
3/8/2018 10:00,3.657999992,3.657999992,2.323531607237669
3/8/2018 11:00,4.150000095,4.150000095,2.6724864789315728
3/8/2018 12:00,4.501999855,4.501999855,2.5477506588980625
3/8/2018 13:00,4.854000092,4.854000092,2.82943755202026
3/8/2018 14:00,5.416999817,5.416999817,3.0908564905207383
3/8/2018 15:00,4.572999954,4.572999954,2.797123503731819
3/8/2018 16:00,4.572999954,4.572999954,2.9203545362390675
3/8/2018 17:00,4.501999855,4.501999855,2.8993810458465505
3/8/2018 18:00,4.712999821,4.712999821,2.6797261161389634
3/8/2018 19:00,4.712999821,4.712999821,2.6374008590897238
3/8/2018 20:00,4.712999821,4.712999821,2.627790804533258
3/8/2018 21:00,5.065000057,5.065000057,2.509840901779557
3/8/2018 22:00,4.712999821,4.712999821,2.463589089182469
3/8/2018 23:00,4.643000126,4.643000126,2.447988111724772
3/9/2018 0:00,4.501999855,4.501999855,2.4003154917736382
3/9/2018 1:00,5.205999851,5.205999851,2.39292715429104
3/9/2018 2:00,4.923999786,4.923999786,2.4134730306907755
3/9/2018 3:00,5.276000023,5.276000023,2.3355612912245776
3/9/2018 4:00,4.150000095,4.150000095,2.266060437513497
3/9/2018 5:00,4.150000095,4.150000095,2.2317963284869133
3/9/2018 6:00,3.799000025,3.799000025,2.099079611685648
3/9/2018 7:00,4.010000229,4.010000229,1.9355722125736128
3/9/2018 8:00,4.643000126,4.643000126,2.070466409079362
3/9/2018 9:00,4.079999924,4.079999924,2.0630121243376816
3/9/2018 10:00,5.697999954,5.697999954,2.2699057301113017
3/9/2018 11:00,5.697999954,5.697999954,2.6188200415781804
3/9/2018 12:00,5.205999851,5.205999851,2.4940436613176447
3/9/2018 13:00,5.486999989,5.486999989,2.7756899942128177
3/9/2018 14:00,6.612999916,6.612999916,3.037068372486271
3/9/2018 15:00,6.964000225,6.964000225,2.743294825470326
3/9/2018 16:00,6.964000225,6.964000225,2.8664852977505504
3/9/2018 17:00,7.034999847,7.034999847,2.8454712471310084
3/9/2018 18:00,6.612999916,6.612999916,2.625775757196396
3/9/2018 19:00,5.697999954,5.697999954,2.583409939920131
3/9/2018 20:00,5.486999989,5.486999989,2.573759325136641
3/9/2018 21:00,5.135000229,5.135000229,2.4557688621559155
3/9/2018 22:00,5.346000195,5.346000195,2.4094764893318037
3/9/2018 23:00,4.78399992,4.78399992,2.3938349516470816
3/10/2018 0:00,4.854000092,4.854000092,2.346121771468922
3/10/2018 1:00,5.065000057,5.065000057,2.3386928737593005
3/10/2018 2:00,4.643000126,4.643000126,2.3591981899320107
3/10/2018 3:00,4.78399992,4.78399992,2.2812458902387878
3/10/2018 4:00,4.643000126,4.643000126,2.2117044763006826
3/10/2018 5:00,4.501999855,4.501999855,2.177399807047073
3/10/2018 6:00,4.43200016,4.43200016,2.044642530018784
3/10/2018 7:00,4.572999954,4.572999954,1.881094570679724
3/10/2018 8:00,5.276000023,5.276000023,2.0159482069584485
3/10/2018 9:00,5.55700016,5.55700016,2.008453361989743
3/10/2018 10:00,6.964000225,6.964000225,2.215306407536339
3/10/2018 11:00,6.472000122,6.472000122,2.564180158776192
3/10/2018 12:00,6.541999817,6.541999817,2.439363218288632
3/10/2018 13:00,7.245999813,7.245999813,2.7209689909567807
3/10/2018 14:00,9.355999947,9.355999947,2.9823068090032088
3/10/2018 15:00,8.512000084,8.512000084,2.68849270176024
3/10/2018 16:00,9.355999947,9.355999947,2.8116426138134387
3/10/2018 17:00,9.708000183,9.708000183,2.790588002966872
3/10/2018 18:00,8.86400032,8.86400032,2.570851952805236
3/10/2018 19:00,8.020000458,8.020000458,2.5284455753019457
3/10/2018 20:00,7.034999847,7.034999847,2.5187544002914306
3/10/2018 21:00,6.823999882,6.823999882,2.40072337708368
3/10/2018 22:00,6.612999916,6.612999916,2.3543904440325427
3/10/2018 23:00,6.40199995,6.40199995,2.338708346120796
3/11/2018 0:00,6.683000088,6.683000088,2.2909546057156125
3/11/2018 1:00,6.823999882,6.823999882,2.283485147778965
3/11/2018 2:00,6.894000053,6.894000053,2.3039499037246505
3/11/2018 3:00,6.894000053,6.894000053,2.225957043804403
3/11/2018 4:00,6.330999851,6.330999851,2.1563750696392727
3/11/2018 5:00,6.330999851,6.330999851,2.1220298401586395
3/11/2018 6:00,6.612999916,6.612999916,1.9892320029033248
3/11/2018 7:00,5.627999783,5.627999783,1.82564348333724
3/11/2018 8:00,5.839000225,5.839000225,1.9604565593889391
3/11/2018 9:00,5.697999954,5.697999954,1.9529211541932088
3/11/2018 10:00,7.034999847,7.034999847,2.15973363951278
3/11/2018 11:00,6.683000088,6.683000088,2.508566830525609
3/11/2018 12:00,7.737999916,7.737999916,2.3837093298110235
3/11/2018 13:00,8.300999641,8.300999641,2.665274542252147
3/11/2018 14:00,10.3409996,10.3409996,2.926571800071551
3/11/2018 15:00,9.918999672,9.918999672,2.632717132601557
3/11/2018 16:00,9.708000183,9.708000183,2.755826484427732
3/11/2018 17:00,9.708000183,9.708000183,2.73473131335414
3/11/2018 18:00,8.934000015,8.934000015,2.5149547029654777
3/11/2018 19:00,8.512000084,8.512000084,2.4725077652351635
3/11/2018 20:00,8.37100029,8.37100029,2.462776029997624
3/11/2018 21:00,7.879000187,7.879000187,2.3447044465628486
3/11/2018 22:00,7.52699995,7.52699995,2.2983309532846867
3/11/2018 23:00,7.668000221,7.668000221,2.2826082951459155
3/12/2018 0:00,8.020000458,8.020000458,2.234813994513707
3/12/2018 1:00,7.948999882,7.948999882,2.227303976350035
3/12/2018 2:00,7.597000122,7.597000122,2.247728172068696
3/12/2018 3:00,7.668000221,7.668000221,2.1696947519214227
3/12/2018 4:00,7.948999882,7.948999882,2.100072217529268
3/12/2018 5:00,8.159999847,8.159999847,2.065686427821609
3/12/2018 6:00,7.668000221,7.668000221,1.9328480303392697
3/12/2018 7:00,7.456999779,7.456999779,1.7692189505461602
3/12/2018 8:00,8.020000458,8.020000458,1.9039914663708348
3/12/2018 9:00,8.300999641,8.300999641,1.89641550094808
3/12/2018 10:00,8.86400032,8.86400032,2.103187426040626
3/12/2018 11:00,8.722999573,8.722999573,2.4519800568264296
3/12/2018 12:00,9.00399971,9.00399971,2.32708199588482
3/12/2018 13:00,9.355999947,9.355999947,2.6086066480989185
3/12/2018 14:00,10.55200005,10.55200005,2.8698633456912974
3/12/2018 15:00,10.13000011,10.13000011,2.575968117994279
3/12/2018 16:00,10.48200035,10.48200035,2.699036909593428
3/12/2018 17:00,11.18500042,11.18500042,2.677901178292812
3/12/2018 18:00,10.97399998,10.97399998,2.458084007677125
3/12/2018 19:00,9.918999672,9.918999672,2.4155965097197862
3/12/2018 20:00,9.848999977,9.848999977,2.405824214255221
3/12/2018 21:00,9.425999641,9.425999641,2.2877120705934213
3/12/2018 22:00,9.286000252,9.286000252,2.2412980170882344
3/12/2018 23:00,9.215000153,9.215000153,2.2255347987224376
3/13/2018 0:00,9.00399971,9.00399971,2.177699937863205
3/13/2018 1:00,8.722999573,8.722999573,2.170149359472508
3/13/2018 2:00,8.86400032,8.86400032,2.190532994964144
3/13/2018 3:00,8.793000221,8.793000221,2.112459014589846
3/13/2018 4:00,8.722999573,8.722999573,2.0427959199706667
3/13/2018 5:00,8.722999573,8.722999573,2.008369570035984
3/13/2018 6:00,8.581999779,8.581999779,1.8754906123266195
3/13/2018 7:00,8.230999947,8.230999947,1.7118209723064846
3/13/2018 8:00,8.159999847,8.159999847,1.8465529279041344
3/13/2018 9:00,9.286000252,9.286000252,1.838936402254355
3/13/2018 10:00,10.97399998,10.97399998,2.045667767119876
3/13/2018 11:00,10.83300018,10.83300018,2.394419837678655
3/13/2018 12:00,10.90400028,10.90400028,2.26948121651002
3/13/2018 13:00,11.60700035,11.60700035,2.550965308497094
3/13/2018 14:00,12.6619997,12.6619997,2.812181445862448
3/13/2018 15:00,11.74800014,11.74800014,2.518245657938404
3/13/2018 16:00,11.32600021,11.32600021,2.641273889310529
3/13/2018 17:00,11.5369997,11.5369997,2.620097597782888
3/13/2018 18:00,12.31099987,12.31099987,2.400239866940176
3/13/2018 19:00,11.88899994,11.88899994,2.357711808755812
3/13/2018 20:00,11.32600021,11.32600021,2.347898953064223
3/13/2018 21:00,11.04399967,11.04399967,2.229746249175398
3/13/2018 22:00,10.90400028,10.90400028,2.183291635443186
3/13/2018 23:00,10.62199974,10.62199974,2.167487856850365
3/14/2018 0:00,10.62199974,10.62199974,2.119612435764106
3/14/2018 1:00,10.48200035,10.48200035,2.112021297146385
3/14/2018 2:00,10.69299984,10.69299984,2.132364372410996
3/14/2018 3:00,10.76299953,10.76299953,2.0542498318096736
3/14/2018 4:00,10.76299953,10.76299953,1.984546176963469
3/14/2018 5:00,9.98900032,9.98900032,1.950079266801761
3/14/2018 6:00,10.62199974,10.62199974,1.817159748865372
3/14/2018 7:00,10.19999981,10.19999981,1.653449548618212
3/14/2018 8:00,10.48200035,10.48200035,1.7881409439888374
3/14/2018 9:00,10.83300018,10.83300018,1.7804838581120328
3/14/2018 10:00,10.76299953,10.76299953,1.987174662750529
3/14/2018 11:00,10.76299953,10.76299953,2.335886173082283
3/14/2018 12:00,10.83300018,10.83300018,2.2109069916866235
3/14/2018 13:00,9.496999741,9.496999741,2.4923505234466727
3/14/2018 14:00,10.62199974,10.62199974,2.7535261005850025
3/14/2018 15:00,10.69299984,10.69299984,2.459549752433934
3/14/2018 16:00,10.76299953,10.76299953,2.582537423579033
3/14/2018 17:00,10.19999981,10.19999981,2.5613205718243672
3/14/2018 18:00,10.48200035,10.48200035,2.341422280754631
3/14/2018 19:00,9.777999878,9.777999878,2.298853662343242
3/14/2018 20:00,9.637999535,9.637999535,2.289000246424628
3/14/2018 21:00,9.496999741,9.496999741,2.1708069823087777
3/14/2018 22:00,9.567000389,9.567000389,2.124311808349541
3/14/2018 23:00,9.425999641,9.425999641,2.108467469529695
3/15/2018 0:00,9.708000183,9.708000183,2.060551488216413
3/15/2018 1:00,9.708000183,9.708000183,2.052919789371666
3/15/2018 2:00,9.567000389,9.567000389,2.0732223044092524
3/15/2018 3:00,9.496999741,9.496999741,1.9950672035809056
3/15/2018 4:00,9.637999535,9.637999535,1.9253229885076764
3/15/2018 5:00,9.777999878,9.777999878,1.8908155181189437
3/15/2018 6:00,9.918999672,9.918999672,1.7578554399555293
3/15/2018 7:00,9.637999535,9.637999535,1.594104679481345
3/15/2018 8:00,10.13000011,10.13000011,1.7287555146249454
3/15/2018 9:00,10.13000011,10.13000011,1.721057868521116
3/15/2018 10:00,9.918999672,9.918999672,1.9277081129325877
3/15/2018 11:00,9.708000183,9.708000183,2.2763790630373166
3/15/2018 12:00,10.62199974,10.62199974,2.1513593214146325
3/15/2018 13:00,10.83300018,10.83300018,2.4327622929476567
3/15/2018 14:00,10.90400028,10.90400028,2.693897309858961
3/15/2018 15:00,10.83300018,10.83300018,2.399880401480868
3/15/2018 16:00,11.67800045,11.67800045,2.522827512398943
3/15/2018 17:00,11.88899994,11.88899994,2.5015701004172524
3/15/2018 18:00,11.60700035,11.60700035,2.281631249120491
3/15/2018 19:00,7.668000221,7.668000221,2.2390220704820774
3/15/2018 20:00,2.321000099,2.321000099,2.229128094336438
3/15/2018 21:00,0.985000014,0.985000014,2.110894269993564
3/15/2018 22:00,2.884000063,2.884000063,2.064358535807302
3/15/2018 23:00,1.687999964,1.687999964,2.048473636760431
3/16/2018 0:00,2.743999958,2.743999958,2.000517095220123
3/16/2018 1:00,2.250999928,2.250999928,1.992844836148352
3/16/2018 2:00,1.828999996,1.828999996,2.013106790958913
3/16/2018 3:00,2.602999926,2.602999926,1.9349111299035413
3/16/2018 4:00,3.377000093,3.377000093,1.8651263546032872
3/16/2018 5:00,3.165999889,3.165999889,1.8305783239875293
3/16/2018 6:00,3.305999994,3.305999994,1.6975776855970903
3/16/2018 7:00,2.743999958,2.743999958,1.5337863648958814
3/16/2018 8:00,1.899000049,1.899000049,1.668396639812457
3/16/2018 9:00,2.109999895,2.109999895,1.6606584334816026
3/16/2018 10:00,2.109999895,2.109999895,1.8672681176660493
3/16/2018 11:00,3.025000095,3.025000095,2.215898507543754
3/16/2018 12:00,3.657999992,3.657999992,2.090838205694044
3/16/2018 13:00,4.010000229,4.010000229,2.3722006170000443
3/16/2018 14:00,3.799000025,3.799000025,2.633295073684324
3/16/2018 15:00,3.868999958,3.868999958,2.3392376050792056
3/16/2018 16:00,4.290999889,4.290999889,2.462144155770256
3/16/2018 17:00,4.501999855,4.501999855,2.44084618356154
3/16/2018 18:00,4.78399992,4.78399992,2.2208667720377537
3/16/2018 19:00,4.994999886,4.994999886,2.1782170331723147
3/16/2018 20:00,5.205999851,5.205999851,2.1682824967996512
3/16/2018 21:00,5.346000195,5.346000195,2.0500081122297518
3/16/2018 22:00,4.923999786,4.923999786,2.003431817816465
3/16/2018 23:00,4.150000095,4.150000095,1.9875063585425696
3/17/2018 0:00,3.377000093,3.377000093,1.9395092567752372
3/17/2018 1:00,3.165999889,3.165999889,1.9317964374764407
3/17/2018 2:00,2.743999958,2.743999958,1.9520178320599777
3/17/2018 3:00,3.025000095,3.025000095,1.8737816107775809
3/17/2018 4:00,2.813999891,2.813999891,1.8039562752503016
3/17/2018 5:00,2.743999958,2.743999958,1.7693676844075192
3/17/2018 6:00,2.743999958,2.743999958,1.6363264857900557
3/17/2018 7:00,2.321000099,2.321000099,1.4724946048618217
3/17/2018 8:00,2.813999891,2.813999891,1.607064319551372
3/17/2018 9:00,3.095000029,3.095000029,1.599285552993493
3/17/2018 10:00,3.868999958,3.868999958,1.805854676950915
3/17/2018 11:00,4.43200016,4.43200016,2.1544445066015947
3/17/2018 12:00,5.135000229,5.135000229,2.0293436445248605
3/17/2018 13:00,5.276000023,5.276000023,2.310665495603835
3/17/2018 14:00,6.119999886,6.119999886,2.57171939206109
3/17/2018 15:00,6.472000122,6.472000122,2.277621363228947
3/17/2018 16:00,6.050000191,6.050000191,2.4004873536929723
3/17/2018 17:00,5.839000225,5.839000225,2.379148821257232
3/17/2018 18:00,5.768000126,5.768000126,2.159128849506421
3/17/2018 19:00,5.627999783,5.627999783,2.1164385504139576
3/17/2018 20:00,5.486999989,5.486999989,2.1064634538142686
3/17/2018 21:00,5.486999989,5.486999989,1.9881485090173443
3/17/2018 22:00,5.276000023,5.276000023,1.941531654377033
3/17/2018 23:00,3.51699996,3.51699996,1.9255656348761123
3/18/2018 0:00,4.712999821,4.712999821,1.8775279728817555
3/18/2018 1:00,4.854000092,4.854000092,1.8697745933559344
3/18/2018 2:00,5.55700016,5.55700016,1.889955427712446
3/18/2018 3:00,5.90899992,5.90899992,1.811678646203024
3/18/2018 4:00,4.923999786,4.923999786,1.7418127504487204
3/18/2018 5:00,3.799000025,3.799000025,1.707183599378913
3/18/2018 6:00,5.839000225,5.839000225,1.5741018405344245
3/18/2018 7:00,7.737999916,7.737999916,1.4102293993791657
3/18/2018 8:00,8.090000153,8.090000153,1.5447585538416913
3/18/2018 9:00,7.105000019,7.105000019,1.5369392270567874
3/18/2018 10:00,7.597000122,7.597000122,1.7434677907871845
3/18/2018 11:00,7.948999882,7.948999882,2.092017060210839
3/18/2018 12:00,6.964000225,6.964000225,1.9668756379070809
3/18/2018 13:00,7.809000015,7.809000015,2.2481569287590304
3/18/2018 14:00,6.261000156,6.261000156,2.50917026498926
3/18/2018 15:00,5.697999954,5.697999954,2.2150316759300925
3/18/2018 16:00,5.486999989,5.486999989,2.337857106167093
3/18/2018 17:00,5.416999817,5.416999817,2.3164780135043275
3/18/2018 18:00,5.979000092,5.979000092,2.0964174815264918
3/18/2018 19:00,5.486999989,5.486999989,2.053686622207003
3/18/2018 20:00,4.43200016,4.43200016,2.0436709653802896
3/18/2018 21:00,5.979000092,5.979000092,1.9253154603563407
3/18/2018 22:00,5.979000092,5.979000092,1.878658045489005
3/18/2018 23:00,5.768000126,5.768000126,1.8626514657610596
3/19/2018 0:00,5.90899992,5.90899992,1.8145732435396773
3/19/2018 1:00,6.119999886,6.119999886,1.8067793037868316
3/19/2018 2:00,6.752999783,6.752999783,1.8269195779163183
3/19/2018 3:00,4.854000092,4.854000092,1.7486022361798716
3/19/2018 4:00,4.78399992,4.78399992,1.6786957801985432
3/19/2018 5:00,4.361999989,4.361999989,1.6440260689017103
3/19/2018 6:00,5.839000225,5.839000225,1.5109037498301972
3/19/2018 7:00,4.854000092,4.854000092,1.346990748447913
3/19/2018 8:00,4.854000092,4.854000092,1.4814793426834143
3/19/2018 9:00,5.276000023,5.276000023,1.4736194556714857
3/19/2018 10:00,5.55700016,5.55700016,1.680107459174858
3/19/2018 11:00,5.135000229,5.135000229,2.028616168371488
3/19/2018 12:00,6.261000156,6.261000156,1.9034341858407045
3/19/2018 13:00,5.205999851,5.205999851,2.1846749164656294
3/19/2018 14:00,5.346000195,5.346000195,2.445647692468835
3/19/2018 15:00,5.416999817,5.416999817,2.1514685431826424
3/19/2018 16:00,5.065000057,5.065000057,2.274253413192618
3/19/2018 17:00,6.050000191,6.050000191,2.252833760302828
3/19/2018 18:00,3.165999889,3.165999889,2.032732668097968
3/19/2018 19:00,3.868999958,3.868999958,1.9899612485514548
3/19/2018 20:00,4.643000126,4.643000126,1.979905031497716
3/19/2018 21:00,4.572999954,4.572999954,1.861508966246742
3/19/2018 22:00,4.643000126,4.643000126,1.814810991152381
3/19/2018 23:00,4.079999924,4.079999924,1.7987638511974111
3/20/2018 0:00,3.095000029,3.095000029,1.7506450687490045
3/20/2018 1:00,3.236000061,3.236000061,1.7428105687691335
3/20/2018 2:00,4.010000229,4.010000229,1.7629102826715957
3/20/2018 3:00,3.727999926,3.727999926,1.6845523807081242
3/20/2018 4:00,4.290999889,4.290999889,1.6146053644997709
3/20/2018 5:00,4.643000126,4.643000126,1.5798950929759137
3/20/2018 6:00,4.43200016,4.43200016,1.446732213677375
3/20/2018 7:00,3.165999889,3.165999889,1.2827786520680664
3/20/2018 8:00,2.954999924,2.954999924,1.4172266860765426
3/20/2018 9:00,3.727999926,3.727999926,1.4093262388375891
3/20/2018 10:00,4.150000095,4.150000095,1.6157736821139366
3/20/2018 11:00,3.588000059,3.588000059,1.964241831083542
3/20/2018 12:00,3.868999958,3.868999958,1.8390192883257328
3/20/2018 13:00,3.447000027,3.447000027,2.1202194587236334
3/20/2018 14:00,3.51699996,3.51699996,2.3811516744998142
3/20/2018 15:00,3.51699996,3.51699996,2.0869319649865967
3/20/2018 16:00,3.095000029,3.095000029,2.2096762747695475
3/20/2018 17:00,2.461999893,2.461999893,2.1882160616527324
3/20/2018 18:00,2.532000065,2.532000065,1.9680744092208469
3/20/2018 19:00,2.884000063,2.884000063,1.9252624294473089
3/20/2018 20:00,2.532000065,2.532000065,1.9151656521665457
3/20/2018 21:00,2.602999926,2.602999926,1.7967290266885467
3/20/2018 22:00,3.377000093,3.377000093,1.7499904913671611
3/20/2018 23:00,3.377000093,3.377000093,1.733902791185166
3/21/2018 0:00,3.447000027,3.447000027,1.6857434485097345
3/21/2018 1:00,2.743999958,2.743999958,1.677868388302839
3/21/2018 2:00,3.447000027,3.447000027,1.697927541978276
3/21/2018 3:00,3.799000025,3.799000025,1.6195290797877795
3/21/2018 4:00,3.868999958,3.868999958,1.5495415033524014
3/21/2018 5:00,4.079999924,4.079999924,1.5147906716015194
3/21/2018 6:00,3.938999891,3.938999891,1.381587232075956
3/21/2018 7:00,4.010000229,4.010000229,1.2175931102396227
3/21/2018 8:00,4.290999889,4.290999889,1.352000584021074
3/21/2018 9:00,3.165999889,3.165999889,1.3440595765550958
3/21/2018 10:00,5.416999817,5.416999817,1.5504664596044184
3/21/2018 11:00,5.205999851,5.205999851,1.898894048346999
3/21/2018 12:00,5.065000057,5.065000057,1.7736309453621657
3/21/2018 13:00,6.190999985,6.190999985,2.054790555533041
3/21/2018 14:00,5.90899992,5.90899992,2.315682211082196
3/21/2018 15:00,6.683000088,6.683000088,2.0214219413419534
3/21/2018 16:00,6.683000088,6.683000088,2.14412569089788
3/21/2018 17:00,6.40199995,6.40199995,2.12262491755404
3/21/2018 18:00,6.894000053,6.894000053,1.90244270489513
3/21/2018 19:00,7.034999847,7.034999847,1.8595901648945672
3/21/2018 20:00,6.752999783,6.752999783,1.8494528273867792
3/21/2018 21:00,6.752999783,6.752999783,1.7309756416817554
3/21/2018 22:00,6.683000088,6.683000088,1.684196546133345
3/21/2018 23:00,6.683000088,6.683000088,1.6680682857243252
3/22/2018 0:00,6.612999916,6.612999916,1.6198683828218687
3/22/2018 1:00,6.330999851,6.330999851,1.611952762387948
3/22/2018 2:00,6.752999783,6.752999783,1.6319713558363604
3/22/2018 3:00,6.261000156,6.261000156,1.5535323334188391
3/22/2018 4:00,6.261000156,6.261000156,1.483504196756436
3/22/2018 5:00,6.472000122,6.472000122,1.4487128047785292
3/22/2018 6:00,6.472000122,6.472000122,1.315468805025941
3/22/2018 7:00,6.119999886,6.119999886,1.1514341229625829
3/22/2018 8:00,6.964000225,6.964000225,1.2858010365170094
3/22/2018 9:00,7.948999882,7.948999882,1.2778194688240063
3/22/2018 10:00,8.512000084,8.512000084,1.4841857916463037
3/22/2018 11:00,7.456999779,7.456999779,1.83257282016186
3/22/2018 12:00,8.159999847,8.159999847,1.7072691569500014
3/22/2018 13:00,9.425999641,9.425999641,1.988388206893852
3/22/2018 14:00,9.00399971,9.00399971,2.2492393022159822
3/22/2018 15:00,8.512000084,8.512000084,1.9549384722487155
3/22/2018 16:00,8.793000221,8.793000221,2.0776016615776167
3/22/2018 17:00,8.581999779,8.581999779,2.056060328006752
3/22/2018 18:00,9.708000183,9.708000183,1.8358375551208168
3/22/2018 19:00,9.215000153,9.215000153,1.7929444548932292
3/22/2018 20:00,8.512000084,8.512000084,1.7827665571584164
3/22/2018 21:00,8.37100029,8.37100029,1.6642488112263676
3/22/2018 22:00,8.512000084,8.512000084,1.6174291554509324
3/22/2018 23:00,8.37100029,8.37100029,1.6012603348148875
3/23/2018 0:00,8.442000389,8.442000389,1.553019871685406
3/23/2018 1:00,8.159999847,8.159999847,1.5450636910244606
3/23/2018 2:00,8.300999641,8.300999641,1.565041724245848
3/23/2018 3:00,8.722999573,8.722999573,1.4865621416013022
3/23/2018 4:00,8.300999641,8.300999641,1.4164934447118742
3/23/2018 5:00,8.020000458,8.020000458,1.3816614925069426
3/23/2018 6:00,8.159999847,8.159999847,1.2483769325273295
3/23/2018 7:00,8.230999947,8.230999947,1.084301690236947
3/23/2018 8:00,8.581999779,8.581999779,1.2186280435643484
3/23/2018 9:00,8.230999947,8.230999947,1.2106059156443203
3/23/2018 10:00,9.918999672,9.918999672,1.416931678239593
3/23/2018 11:00,9.98900032,9.98900032,1.7652781465281242
3/23/2018 12:00,9.708000183,9.708000183,1.639933923089241
3/23/2018 13:00,10.27099991,10.27099991,1.9210124128060668
3/23/2018 14:00,11.60700035,11.60700035,2.1818229479011726
3/23/2018 15:00,12.52200031,12.52200031,1.887481557706881
3/23/2018 16:00,12.38099957,12.38099957,2.010104186808757
3/23/2018 17:00,12.7329998,12.7329998,1.988522293010868
3/23/2018 18:00,12.02900028,12.02900028,1.768258959897908
3/23/2018 19:00,10.83300018,10.83300018,1.7253252994432955
3/23/2018 20:00,10.62199974,10.62199974,1.7151068414814576
3/23/2018 21:00,9.425999641,9.425999641,1.5965485353223845
3/23/2018 22:00,9.00399971,9.00399971,1.5496883193199242
3/23/2018 23:00,9.286000252,9.286000252,1.5334789384568546
3/24/2018 0:00,9.145000458,9.145000458,1.4851979151003485
3/24/2018 1:00,9.496999741,9.496999741,1.477201174212378
3/24/2018 2:00,9.848999977,9.848999977,1.4971386472067407
3/24/2018 3:00,9.286000252,9.286000252,1.41861850433517
3/24/2018 4:00,9.355999947,9.355999947,1.348509247218717
3/24/2018 5:00,9.074999809,9.074999809,1.3136367347867606
3/24/2018 6:00,9.00399971,9.00399971,1.180311614580123
3/24/2018 7:00,10.62199974,10.62199974,1.016195812062715
3/24/2018 8:00,9.496999741,9.496999741,1.150481605163092
3/24/2018 9:00,9.848999977,9.848999977,1.1424189170160388
3/24/2018 10:00,9.918999672,9.918999672,1.3487041193842868
3/24/2018 11:00,10.27099991,10.27099991,1.697010027445793
3/24/2018 12:00,10.69299984,10.69299984,1.571625243779885
3/24/2018 13:00,10.69299984,10.69299984,1.852663173269686
3/24/2018 14:00,11.67800045,11.67800045,2.113433148137767
3/24/2018 15:00,12.7329998,12.7329998,1.8190511977164507
3/24/2018 16:00,12.94400024,12.94400024,1.9416332665913023
3/24/2018 17:00,13.29599953,13.29599953,1.920010812566388
3/24/2018 18:00,12.6619997,12.6619997,1.6997069192264032
3/24/2018 19:00,12.02900028,12.02900028,1.656732698544766
3/24/2018 20:00,11.46700001,11.46700001,1.6464736803559032
3/24/2018 21:00,11.11499977,11.11499977,1.527874813969805
3/24/2018 22:00,10.97399998,10.97399998,1.4809740377403202
3/24/2018 23:00,10.62199974,10.62199974,1.4647240966502255
3/25/2018 0:00,10.69299984,10.69299984,1.4164025130666946
3/25/2018 1:00,9.777999878,9.777999878,1.4083652119516996
3/25/2018 2:00,9.286000252,9.286000252,1.4282621247190377
3/25/2018 3:00,10.55200005,10.55200005,1.3497014216204417
3/25/2018 4:00,10.3409996,10.3409996,1.279551604276964
3/25/2018 5:00,10.69299984,10.69299984,1.2446385316179829
3/25/2018 6:00,10.41100025,10.41100025,1.1112728511843204
3/25/2018 7:00,9.98900032,9.98900032,0.9471164884398876
3/25/2018 8:00,10.62199974,10.62199974,1.0813617213132398
3/25/2018 9:00,10.97399998,10.97399998,1.073258472939162
3/25/2018 10:00,10.27099991,10.27099991,1.279503115080385
3/25/2018 11:00,9.98900032,9.98900032,1.6277684629148663
3/25/2018 12:00,10.62199974,10.62199974,1.5023431190219336
3/25/2018 13:00,10.3409996,10.3409996,1.78334048828471
3/25/2018 14:00,10.76299953,10.76299953,2.044069902925766
3/25/2018 15:00,10.90400028,10.90400028,1.749647392277425
3/25/2018 16:00,10.83300018,10.83300018,1.872188900925252
3/25/2018 17:00,10.97399998,10.97399998,1.8505258866733123
3/25/2018 18:00,11.46700001,11.46700001,1.630181433106303
3/25/2018 19:00,10.3409996,10.3409996,1.5871666521976409
3/25/2018 20:00,10.62199974,10.62199974,1.5768670737817534
3/25/2018 21:00,10.55200005,10.55200005,1.4582276471686304
3/25/2018 22:00,10.48200035,10.48200035,1.4112863107121203
3/25/2018 23:00,10.48200035,10.48200035,1.3949958093950012
3/26/2018 0:00,10.13000011,10.13000011,1.3466336655844453
3/26/2018 1:00,9.918999672,9.918999672,1.3385558042424257
3/26/2018 2:00,10.83300018,10.83300018,1.3584121567827383
3/26/2018 3:00,10.3409996,10.3409996,1.279810893457118
3/26/2018 4:00,10.06000042,10.06000042,1.2096205158866156
3/26/2018 5:00,10.76299953,10.76299953,1.1746668830006095
3/26/2018 6:00,10.76299953,10.76299953,1.0412606423399222
3/26/2018 7:00,10.76299953,10.76299953,0.8770637193684647
3/26/2018 8:00,11.04399967,11.04399967,1.0112683920147918
3/26/2018 9:00,10.62199974,10.62199974,1.0031245834136893
3/26/2018 10:00,11.60700035,11.60700035,1.2093286653278876
3/26/2018 11:00,10.19999981,10.19999981,1.5575534529353443
3/26/2018 12:00,11.11499977,11.11499977,1.4320875488153866
3/26/2018 13:00,12.23999977,12.23999977,1.713044357851138
3/26/2018 14:00,13.50699997,13.50699997,1.9737332122651696
3/26/2018 15:00,13.36600018,13.36600018,1.6792701413898032
3/26/2018 16:00,13.78800011,13.78800011,1.8017710898106047
3/26/2018 17:00,13.71800041,13.71800041,1.7800675153316412
3/26/2018 18:00,13.64700031,13.64700031,1.5596825015376068
3/26/2018 19:00,12.45100021,12.45100021,1.51662716040192
3/26/2018 20:00,11.74800014,11.74800014,1.5062870217590076
3/26/2018 21:00,11.60700035,11.60700035,1.3876070349188596
3/26/2018 22:00,11.04399967,11.04399967,1.3406251382353251
3/26/2018 23:00,10.83300018,10.83300018,1.324294076691181
3/27/2018 0:00,10.62199974,10.62199974,1.2758913726536003
3/27/2018 1:00,10.69299984,10.69299984,1.2677729510845557
3/27/2018 2:00,10.3409996,10.3409996,1.287588743397844
3/27/2018 3:00,10.62199974,10.62199974,1.2089469198451983
3/27/2018 4:00,10.48200035,10.48200035,1.138715982047671
3/27/2018 5:00,10.27099991,10.27099991,1.1037217889346402
3/27/2018 6:00,10.48200035,10.48200035,0.970274988046928
3/27/2018 7:00,10.3409996,10.3409996,0.8060375048484456
3/27/2018 8:00,11.32600021,11.32600021,0.940201617267748
3/27/2018 9:00,11.04399967,11.04399967,0.9320172484396204
3/27/2018 10:00,11.88899994,11.88899994,1.138180770126794
3/27/2018 11:00,12.02900028,12.02900028,1.486364997507226
3/27/2018 12:00,11.5369997,11.5369997,1.3608585331602434
3/27/2018 13:00,11.5369997,11.5369997,1.64177478196897
3/27/2018 14:00,13.01399994,13.01399994,1.9024230761559768
3/27/2018 15:00,13.08500004,13.08500004,1.6079194450535856
3/27/2018 16:00,13.57699966,13.57699966,1.7303798332473626
3/27/2018 17:00,13.64700031,13.64700031,1.7086356985413738
3/27/2018 18:00,12.8739996,12.8739996,1.4882101245203143
3/27/2018 19:00,11.5369997,11.5369997,1.4451142231576029
3/27/2018 20:00,10.83300018,10.83300018,1.4347335242876658
3/27/2018 21:00,10.48200035,10.48200035,1.316012977220493
3/27/2018 22:00,10.19999981,10.19999981,1.2689905203099336
3/27/2018 23:00,9.708000183,9.708000183,1.2526188985387647
3/28/2018 0:00,9.496999741,9.496999741,1.2041756342741592
3/28/2018 1:00,8.86400032,8.86400032,1.1960166524780895
3/28/2018 2:00,8.86400032,8.86400032,1.2157918845643532
3/28/2018 3:00,8.934000015,8.934000015,1.137109500784683
3/28/2018 4:00,8.442000389,8.442000389,1.0668380027601307
3/28/2018 5:00,8.581999779,8.581999779,1.031803249420075
3/28/2018 6:00,8.159999847,8.159999847,0.898315888305338
3/28/2018 7:00,8.934000015,8.934000015,0.7340378448798308
3/28/2018 8:00,9.848999977,9.848999977,0.8681613970721083
3/28/2018 9:00,9.98900032,9.98900032,0.8599364680169561
3/28/2018 10:00,11.11499977,11.11499977,1.0660594294771049
3/28/2018 11:00,10.3409996,10.3409996,1.4142030966305117
3/28/2018 12:00,9.918999672,9.918999672,1.2886560720565043
3/28/2018 13:00,10.83300018,10.83300018,1.5695317606382062
3/28/2018 14:00,12.10000038,12.10000038,1.830139494598188
3/28/2018 15:00,12.59200001,12.59200001,1.535595303268772
3/28/2018 16:00,13.08500004,13.08500004,1.6580151312355242
3/28/2018 17:00,13.08500004,13.08500004,1.6362304363025106
3/28/2018 18:00,12.23999977,12.23999977,1.4157643020544264
3/28/2018 19:00,11.32600021,11.32600021,1.37262784046469
3/28/2018 20:00,10.90400028,10.90400028,1.362206581367728
3/28/2018 21:00,9.848999977,9.848999977,1.2434454740735303
3/28/2018 22:00,9.496999741,9.496999741,1.1963824569359462
3/28/2018 23:00,9.567000389,9.567000389,1.1799702749377523
3/29/2018 0:00,9.496999741,9.496999741,1.1314864504461222
3/29/2018 1:00,9.074999809,9.074999809,1.123286908423028
3/29/2018 2:00,9.286000252,9.286000252,1.1430215802822663
3/29/2018 3:00,9.567000389,9.567000389,1.0642986362755715
3/29/2018 4:00,9.074999809,9.074999809,0.9939865780239946
3/29/2018 5:00,8.581999779,8.581999779,0.958911264456914
3/29/2018 6:00,8.159999847,8.159999847,0.825383343115152
3/29/2018 7:00,8.020000458,8.020000458,0.66106473946262
3/29/2018 8:00,8.652999878,8.652999878,0.7951477314278725
3/29/2018 9:00,8.512000084,8.512000084,0.7868822421456956
3/29/2018 10:00,9.145000458,9.145000458,0.9929646433788192
3/29/2018 11:00,8.86400032,8.86400032,1.3410677503052015
3/29/2018 12:00,9.145000458,9.145000458,1.2154801655041694
3/29/2018 13:00,9.637999535,9.637999535,1.4963152938588464
3/29/2018 14:00,10.13000011,10.13000011,1.7568824675918036
3/29/2018 15:00,10.69299984,10.69299984,1.4622977160353627
3/29/2018 16:00,10.48200035,10.48200035,1.58467698377509
3/29/2018 17:00,10.3409996,10.3409996,1.5628517286150516
3/29/2018 18:00,9.637999535,9.637999535,1.3423450341399426
3/29/2018 19:00,9.355999947,9.355999947,1.2991680123231812
3/29/2018 20:00,9.425999641,9.425999641,1.2887061929991943
3/29/2018 21:00,8.230999947,8.230999947,1.169904525477972
3/29/2018 22:00,7.809000015,7.809000015,1.122800948113363
3/29/2018 23:00,7.315999985,7.315999985,1.1063482058881442
3/30/2018 0:00,6.612999916,6.612999916,1.057823821169489
3/30/2018 1:00,6.823999882,6.823999882,1.04958371891937
3/30/2018 2:00,6.472000122,6.472000122,1.0692778305515835
3/30/2018 3:00,6.119999886,6.119999886,0.9905143263178636
3/30/2018 4:00,6.119999886,6.119999886,0.920161707839262
3/30/2018 5:00,5.839000225,5.839000225,0.8850458340451564
3/30/2018 6:00,5.276000023,5.276000023,0.7514773524763696
3/30/2018 7:00,5.205999851,5.205999851,0.5871181885968126
3/30/2018 8:00,5.55700016,5.55700016,0.7211606203350405
3/30/2018 9:00,5.768000126,5.768000126,0.7128545708258386
3/30/2018 10:00,6.261000156,6.261000156,0.9188964118319376
3/30/2018 11:00,6.261000156,6.261000156,1.266958958531295
3/30/2018 12:00,6.330999851,6.330999851,1.1413308135032378
3/30/2018 13:00,7.034999847,7.034999847,1.42212538163089
3/30/2018 14:00,7.034999847,7.034999847,1.6826519951368224
3/30/2018 15:00,7.386000156,7.386000156,1.3880266833533568
3/30/2018 16:00,7.315999985,7.315999985,1.5103653908660593
3/30/2018 17:00,7.809000015,7.809000015,1.4884995754789958
3/30/2018 18:00,6.683000088,6.683000088,1.267952320776862
3/30/2018 19:00,5.768000126,5.768000126,1.2247347387330756
3/30/2018 20:00,6.330999851,6.330999851,1.214232359182064
3/30/2018 21:00,6.40199995,6.40199995,1.0953901314338168
3/30/2018 22:00,6.261000156,6.261000156,1.0482459938421829
3/30/2018 23:00,5.979000092,5.979000092,1.0317526913899395
3/31/2018 0:00,5.768000126,5.768000126,0.9831877464442594
3/31/2018 1:00,5.768000126,5.768000126,0.9749070839671156
3/31/2018 2:00,5.768000126,5.768000126,0.9945606353723044
3/31/2018 3:00,5.768000126,5.768000126,0.9157565709115596
3/31/2018 4:00,5.768000126,5.768000126,0.8453633922059329
3/31/2018 5:00,5.768000126,5.768000126,0.8102069581848027
3/31/2018 6:00,5.768000126,5.768000126,0.676597916388991
3/31/2018 7:00,5.768000126,5.768000126,0.5121981922824093
3/31/2018 8:00,5.768000126,5.768000126,0.6462000637936123
3/31/2018 9:00,5.768000126,5.768000126,0.6378534540573855
3/31/2018 10:00,5.768000126,5.768000126,0.8438547348364596
3/31/2018 11:00,5.768000126,5.768000126,1.1918767213087922
3/31/2018 12:00,5.768000126,5.768000126,1.0662080160537102
3/31/2018 13:00,5.768000126,5.768000126,1.3469620239543376
3/31/2018 14:00,5.768000126,5.768000126,1.6074480772332451
3/31/2018 15:00,5.768000126,5.768000126,1.312782205222755
3/31/2018 16:00,5.768000126,5.768000126,1.4350803525084324
3/31/2018 17:00,5.768000126,5.768000126,1.413173976894344
3/31/2018 18:00,5.768000126,5.768000126,1.1925861619651854
3/31/2018 19:00,5.768000126,5.768000126,1.1493280196943745
3/31/2018 20:00,5.768000126,5.768000126,1.138785079916338
3/31/2018 21:00,5.768000126,5.768000126,1.0199022919410656
3/31/2018 22:00,5.768000126,5.768000126,0.972717594122407
3/31/2018 23:00,5.768000126,5.768000126,0.9561837314431386
4/1/2018 0:00,9.00399971,9.00399971,0.9075782262704336
4/1/2018 1:00,9.215000153,9.215000153,0.8992570035662649
4/1/2018 2:00,9.00399971,9.00399971,0.9188699947444288
4/1/2018 3:00,8.652999878,8.652999878,0.8400253700566593
4/1/2018 4:00,9.215000153,9.215000153,0.7695916311240079
4/1/2018 5:00,9.215000153,9.215000153,0.7343946368758527
4/1/2018 6:00,9.425999641,9.425999641,0.6007450348530163
4/1/2018 7:00,9.567000389,9.567000389,0.4363047505194097
4/1/2018 8:00,10.19999981,10.19999981,0.5702660618035879
4/1/2018 9:00,10.69299984,10.69299984,0.5618788918403363
4/1/2018 10:00,11.11499977,11.11499977,0.7678396123923856
4/1/2018 11:00,10.97399998,10.97399998,1.1158210386376934
4/1/2018 12:00,10.76299953,10.76299953,0.9901117731555866
4/1/2018 13:00,11.60700035,11.60700035,1.2708252208291893
4/1/2018 14:00,11.25599957,11.25599957,1.531270713881072
4/1/2018 15:00,12.94400024,12.94400024,1.2365642816435567
4/1/2018 16:00,12.7329998,12.7329998,1.3588218687022096
4/1/2018 17:00,11.81799984,11.81799984,1.3368749328610965
4/1/2018 18:00,11.74800014,11.74800014,1.116246557704913
4/1/2018 19:00,10.76299953,10.76299953,1.072947855207077
4/1/2018 20:00,10.69299984,10.69299984,1.0623643552020157
4/1/2018 21:00,10.55200005,10.55200005,0.9434410069997188
4/1/2018 22:00,10.48200035,10.48200035,0.8962157489540351
4/1/2018 23:00,10.13000011,10.13000011,0.879641326047742
4/2/2018 0:00,9.708000183,9.708000183,0.8309952606480123
4/2/2018 1:00,10.19999981,10.19999981,0.8226334777168186
4/2/2018 2:00,10.48200035,10.48200035,0.8422059086679579
4/2/2018 3:00,10.83300018,10.83300018,0.7633207237531635
4/2/2018 4:00,10.3409996,10.3409996,0.6928464245934872
4/2/2018 5:00,10.3409996,10.3409996,0.6576088701183072
4/2/2018 6:00,10.06000042,10.06000042,0.523918707868446
4/2/2018 7:00,10.48200035,10.48200035,0.3594378633078146
4/2/2018 8:00,9.637999535,9.637999535,0.4933586143649678
4/2/2018 9:00,10.55200005,10.55200005,0.4849308841746914
4/2/2018 10:00,10.48200035,10.48200035,0.6908510444997158
4/2/2018 11:00,10.13000011,10.13000011,1.0387919105179988
4/2/2018 12:00,10.19999981,10.19999981,0.9130420848088672
4/2/2018 13:00,11.67800045,11.67800045,1.193714972255445
4/2/2018 14:00,12.02900028,12.02900028,1.4541199050803029
4/2/2018 15:00,12.10000038,12.10000038,1.1593729126157628
4/2/2018 16:00,12.17000008,12.17000008,1.2815899394473909
4/2/2018 17:00,12.02900028,12.02900028,1.259602443379253
4/2/2018 18:00,11.25599957,11.25599957,1.038933507996045
4/2/2018 19:00,10.97399998,10.97399998,0.995594245271184
4/2/2018 20:00,10.55200005,10.55200005,0.9849701850390978
4/2/2018 21:00,10.19999981,10.19999981,0.8660062766097759
4/2/2018 22:00,10.3409996,10.3409996,0.8187404583370675
4/2/2018 23:00,9.848999977,9.848999977,0.8021254752037497
4/3/2018 0:00,9.425999641,9.425999641,0.753438849576995
4/3/2018 1:00,9.355999947,9.355999947,0.7450365064187765
4/3/2018 2:00,9.215000153,9.215000153,0.7645683771428908
4/3/2018 3:00,9.145000458,9.145000458,0.6856426320010717
4/3/2018 4:00,9.145000458,9.145000458,0.6151277726143705
4/3/2018 5:00,9.425999641,9.425999641,0.5798496579121656
4/3/2018 6:00,9.286000252,9.286000252,0.4461189354352795
4/3/2018 7:00,9.496999741,9.496999741,0.2815975306476232
4/3/2018 8:00,9.848999977,9.848999977,0.4154777214777516
4/3/2018 9:00,10.69299984,10.69299984,0.4070094310604504
4/3/2018 10:00,11.39599991,11.39599991,0.6128890311584501
4/3/2018 11:00,11.32600021,11.32600021,0.9607893369497084
4/3/2018 12:00,11.39599991,11.39599991,0.8349989510135518
4/3/2018 13:00,11.32600021,11.32600021,1.1156312782331048
4/3/2018 14:00,12.7329998,12.7329998,1.375995650830938
4/3/2018 15:00,12.94400024,12.94400024,1.081208098139373
4/3/2018 16:00,13.43599987,13.43599987,1.2033845647439765
4/3/2018 17:00,13.71800041,13.71800041,1.1813565084488136
4/3/2018 18:00,12.23999977,12.23999977,0.9606470128385804
4/3/2018 19:00,12.17000008,12.17000008,0.9172671898866948
4/3/2018 20:00,11.60700035,11.60700035,0.9066025694275838
4/3/2018 21:00,11.32600021,11.32600021,0.7875981007712372
4/3/2018 22:00,10.97399998,10.97399998,0.740291722271504
4/3/2018 23:00,10.90400028,10.90400028,0.7236361789111612
4/4/2018 0:00,9.918999672,9.918999672,0.6749089930573818
4/4/2018 1:00,8.86400032,8.86400032,0.6664660896721384
4/4/2018 2:00,8.934000015,8.934000015,0.6859574001692279
4/4/2018 3:00,7.809000015,7.809000015,0.6069910948003838
4/4/2018 4:00,6.823999882,6.823999882,0.5364356751866578
4/4/2018 5:00,7.105000019,7.105000019,0.5011170002574282
4/4/2018 6:00,6.612999916,6.612999916,0.3673457175535173
4/4/2018 7:00,5.135000229,5.135000229,0.2027837525388361
4/4/2018 8:00,5.346000195,5.346000195,0.3366233831419398
4/4/2018 9:00,5.065000057,5.065000057,0.3281145324976137
4/4/2018 10:00,5.276000023,5.276000023,0.5339535723685884
4/4/2018 11:00,5.276000023,5.276000023,0.8818133179328218
4/4/2018 12:00,5.065000057,5.065000057,0.7559823717696406
4/4/2018 13:00,4.572999954,4.572999954,1.0365741387621688
4/4/2018 14:00,4.290999889,4.290999889,1.296897951132977
4/4/2018 15:00,4.43200016,4.43200016,1.002069838214387
4/4/2018 16:00,4.221000195,4.221000195,1.1242057445919655
4/4/2018 17:00,4.079999924,4.079999924,1.102137128069778
4/4/2018 18:00,3.799000025,3.799000025,0.88138707223252
4/4/2018 19:00,3.657999992,3.657999992,0.8379666890536096
4/4/2018 20:00,3.799000025,3.799000025,0.8272615083674738
4/4/2018 21:00,3.799000025,3.799000025,0.7082164794841024
4/4/2018 22:00,3.868999958,3.868999958,0.6608695407573443
4/4/2018 23:00,3.938999891,3.938999891,0.6441734371699767
4/5/2018 0:00,3.657999992,3.657999992,0.5954056910891724
4/5/2018 1:00,3.799000025,3.799000025,0.5869222274769043
4/5/2018 2:00,3.868999958,3.868999958,0.606372977746969
4/5/2018 3:00,3.799000025,3.799000025,0.5273661121511001
4/5/2018 4:00,4.361999989,4.361999989,0.4567701323103492
4/5/2018 5:00,3.657999992,3.657999992,0.4214108971540948
4/5/2018 6:00,4.221000195,4.221000195,0.287599054223159
4/5/2018 7:00,3.51699996,3.51699996,0.122996528981453
4/5/2018 8:00,3.095000029,3.095000029,0.2567955993575318
4/5/2018 9:00,0.421999991,0.421999991,0.2482461884861809
4/5/2018 10:00,0.0,0.0,0.4540446681301309
4/5/2018 11:00,-0.633000016,-0.633000016,0.8018638534673395
4/5/2018 12:00,-0.703000009,-0.703000009,0.6759923470771334
4/5/2018 13:00,0.0,0.0,0.9565435538426368
4/5/2018 14:00,-0.633000016,-0.633000016,1.2168268059864202
4/5/2018 15:00,-0.915000021,-0.915000021,0.9219581328408056
4/5/2018 16:00,0.0,0.0,1.044053478991359
4/5/2018 17:00,0.563000023,0.563000023,1.0219443022421466
4/5/2018 18:00,1.758999944,1.758999944,0.8011536861778638
4/5/2018 19:00,0.563000023,0.563000023,0.7576927427719286
4/5/2018 20:00,0.0,0.0,0.746947001858768
4/5/2018 21:00,2.039999962,2.039999962,0.6278614127483716
4/5/2018 22:00,0.492000014,0.492000014,0.5804739137945888
4/5/2018 23:00,1.126000047,1.126000047,0.5637372499801963
4/6/2018 0:00,0.985000014,0.985000014,0.5149289436723672
4/6/2018 1:00,0.0,0.0,0.5064049198330742
4/6/2018 2:00,0.563000023,0.563000023,0.525815109876114
4/6/2018 3:00,1.970000029,1.970000029,0.4467676840532203
4/6/2018 4:00,2.39199996,2.39199996,0.3761311439854445
4/6/2018 5:00,1.476999998,1.476999998,0.3407313486021653
4/6/2018 6:00,1.337000012,1.337000012,0.2068789454442047
4/6/2018 7:00,1.054999948,1.054999948,0.0422358599754739
4/6/2018 8:00,1.054999948,1.054999948,0.1759943701245278
4/6/2018 9:00,1.337000012,1.337000012,0.1674043990261521
4/6/2018 10:00,1.828999996,1.828999996,0.3731623184430772
4/6/2018 11:00,3.095000029,3.095000029,0.720940943553261
4/6/2018 12:00,4.010000229,4.010000229,0.59502887693603
4/6/2018 13:00,4.643000126,4.643000126,0.8755395234745086
4/6/2018 14:00,4.994999886,4.994999886,1.1357822153912671
4/6/2018 15:00,4.994999886,4.994999886,0.840872982018628
4/6/2018 16:00,5.346000195,5.346000195,0.9629277679421566
4/6/2018 17:00,5.486999989,5.486999989,0.9407780309659194
4/6/2018 18:00,5.346000195,5.346000195,0.7199468546746117
4/6/2018 19:00,5.346000195,5.346000195,0.6764453510416517
4/6/2018 20:00,5.346000195,5.346000195,0.6656590499014663
4/6/2018 21:00,4.221000195,4.221000195,0.5465329005640451
4/6/2018 22:00,5.276000023,5.276000023,0.4991048413832374
4/6/2018 23:00,4.854000092,4.854000092,0.4823276173418202
4/7/2018 0:00,4.501999855,4.501999855,0.4334787508069663
4/7/2018 1:00,4.221000195,4.221000195,0.4249141667406484
4/7/2018 2:00,4.150000095,4.150000095,0.4442837965566634
4/7/2018 3:00,4.221000195,4.221000195,0.3651958105067449
4/7/2018 4:00,4.221000195,4.221000195,0.2945187102119443
4/7/2018 5:00,4.150000095,4.150000095,0.2590783546016402
4/7/2018 6:00,3.727999926,3.727999926,0.1251853912166547
4/7/2018 7:00,4.994999886,4.994999886,-0.0394982544791008
4/7/2018 8:00,4.221000195,4.221000195,0.0942196954429281
4/7/2018 9:00,3.727999926,3.727999926,0.0855891641175276
4/7/2018 10:00,5.346000195,5.346000195,0.2913065233074279
4/7/2018 11:00,3.305999994,3.305999994,0.6390445881905868
4/7/2018 12:00,3.236000061,3.236000061,0.5130919613463311
4/7/2018 13:00,3.51699996,3.51699996,0.7935620476577848
4/7/2018 14:00,4.501999855,4.501999855,1.0537641793475183
4/7/2018 15:00,4.994999886,4.994999886,0.7588143857478546
4/7/2018 16:00,5.276000023,5.276000023,0.8808286114443584
4/7/2018 17:00,5.768000126,5.768000126,0.8586383142410964
4/7/2018 18:00,6.050000191,6.050000191,0.6377665777227639
4/7/2018 19:00,5.697999954,5.697999954,0.5942245138627789
4/7/2018 20:00,5.346000195,5.346000195,0.5833976524955686
4/7/2018 21:00,4.923999786,4.923999786,0.4642309429311225
4/7/2018 22:00,4.854000092,4.854000092,0.41676232352329
4/7/2018 23:00,5.065000057,5.065000057,0.3999445392548478
4/8/2018 0:00,4.572999954,4.572999954,0.3510551124929691
4/8/2018 1:00,4.712999821,4.712999821,0.3424499681996264
4/8/2018 2:00,4.501999855,4.501999855,0.3617790377886166
4/8/2018 3:00,4.501999855,4.501999855,0.2826504915116732
4/8/2018 4:00,4.501999855,4.501999855,0.2119328309898477
4/8/2018 5:00,4.643000126,4.643000126,0.1764519151525188
4/8/2018 6:00,4.572999954,4.572999954,0.0425183915405085
4/8/2018 7:00,5.697999954,5.697999954,-0.1222058143822719
4/8/2018 8:00,5.768000126,5.768000126,0.0114715753127323
4/8/2018 9:00,5.627999783,5.627999783,0.0028004837603069
4/8/2018 10:00,5.416999817,5.416999817,0.2084772827231823
4/8/2018 11:00,5.697999954,5.697999954,0.5561747873793165
4/8/2018 12:00,5.627999783,5.627999783,0.4301816003080358
4/8/2018 13:00,6.261000156,6.261000156,0.7106111263924648
4/8/2018 14:00,7.105000019,7.105000019,0.9707726978551738
4/8/2018 15:00,7.668000221,7.668000221,0.6757823440284849
4/8/2018 16:00,7.809000015,7.809000015,0.7977560094979639
4/8/2018 17:00,7.879000187,7.879000187,0.775525152067677
4/8/2018 18:00,7.597000122,7.597000122,0.5546128553223196
4/8/2018 19:00,8.230999947,8.230999947,0.5110302312353099
4/8/2018 20:00,8.300999641,8.300999641,0.5001628096410747
4/8/2018 21:00,7.879000187,7.879000187,0.3809555398496039
4/8/2018 22:00,7.737999916,7.737999916,0.3334463602147465
4/8/2018 23:00,7.245999813,7.245999813,0.3165880157192796
4/9/2018 0:00,7.386000156,7.386000156,0.267658028730376
4/9/2018 1:00,7.668000221,7.668000221,0.2590123242100085
4/9/2018 2:00,7.737999916,7.737999916,0.2783008335719738
4/9/2018 3:00,7.456999779,7.456999779,0.1991317270680055
4/9/2018 4:00,7.456999779,7.456999779,0.1283735063191553
4/9/2018 5:00,7.245999813,7.245999813,0.0928520302548016
4/9/2018 6:00,6.894000053,6.894000053,-0.0411220535842335
4/9/2018 7:00,8.020000458,8.020000458,-0.2058868197340388
4/9/2018 8:00,8.652999878,8.652999878,-0.0722499902660594
4/9/2018 9:00,9.425999641,9.425999641,-0.0809616420455096
4/9/2018 10:00,10.55200005,10.55200005,0.1246745966903409
4/9/2018 11:00,9.777999878,9.777999878,0.4723315411194502
4/9/2018 12:00,9.286000252,9.286000252,0.3462977938211447
4/9/2018 13:00,9.98900032,9.98900032,0.6266867596785488
4/9/2018 14:00,11.32600021,11.32600021,0.886807770914233
4/9/2018 15:00,10.90400028,10.90400028,0.5917768568605193
4/9/2018 16:00,12.10000038,12.10000038,0.7137099621029734
4/9/2018 17:00,12.45100021,12.45100021,0.6914385444456618
4/9/2018 18:00,12.02900028,12.02900028,0.4704856874732795
4/9/2018 19:00,10.48200035,10.48200035,0.426862503159245
4/9/2018 20:00,9.918999672,9.918999672,0.415954521337985
4/9/2018 21:00,9.708000183,9.708000183,0.2967066913194894
4/9/2018 22:00,9.496999741,9.496999741,0.2491569514576071
4/9/2018 23:00,9.215000153,9.215000153,0.2322580467351153
4/10/2018 0:00,8.86400032,8.86400032,0.183287499519187
4/10/2018 1:00,8.722999573,8.722999573,0.1746012347717946
4/10/2018 2:00,8.652999878,8.652999878,0.1938491839067351
4/10/2018 3:00,8.722999573,8.722999573,0.114639517175742
4/10/2018 4:00,8.442000389,8.442000389,0.0438407361998669
4/10/2018 5:00,8.581999779,8.581999779,0.0082786999084883
4/10/2018 6:00,8.652999878,8.652999878,-0.1257359441575715
4/10/2018 7:00,9.215000153,9.215000153,-0.2905412705344017
4/10/2018 8:00,9.918999672,9.918999672,-0.1569450012934471
4/10/2018 9:00,10.48200035,10.48200035,-0.1656972132999222
4/10/2018 10:00,9.215000153,9.215000153,0.0398984652089035
4/10/2018 11:00,9.567000389,9.567000389,0.387514849410988
4/10/2018 12:00,8.934000015,8.934000015,0.2614405418856577
4/10/2018 13:00,9.425999641,9.425999641,0.541788947516037
4/10/2018 14:00,10.55200005,10.55200005,0.8018693985246964
4/10/2018 15:00,10.62199974,10.62199974,0.506797924243958
4/10/2018 16:00,11.18500042,11.18500042,0.6286904692593873
4/10/2018 17:00,10.90400028,10.90400028,0.6063784913750507
4/10/2018 18:00,12.02900028,12.02900028,0.3853850741756436
4/10/2018 19:00,11.60700035,11.60700035,0.3417213296345842
4/10/2018 20:00,11.18500042,11.18500042,0.3307727875862993
4/10/2018 21:00,11.04399967,11.04399967,0.2114843973407787
4/10/2018 22:00,10.55200005,10.55200005,0.1638940972518717
4/10/2018 23:00,11.04399967,11.04399967,0.1469546323023551
4/11/2018 0:00,10.3409996,10.3409996,0.0979435248594019
4/11/2018 1:00,10.48200035,10.48200035,0.0892166998849847
4/11/2018 2:00,10.55200005,10.55200005,0.1084240887929004
4/11/2018 3:00,10.41100025,10.41100025,0.0291738618348824
4/11/2018 4:00,10.55200005,10.55200005,-0.0416654793680174
4/11/2018 5:00,10.55200005,10.55200005,-0.0772680758864208
4/11/2018 6:00,9.777999878,9.777999878,-0.2113232801795056
4/11/2018 7:00,9.918999672,9.918999672,-0.3761691667833606
4/11/2018 8:00,9.918999672,9.918999672,-0.2426134577694309
4/11/2018 9:00,9.708000183,9.708000183,-0.2514062300029308
4/11/2018 10:00,10.3409996,10.3409996,-0.0458511117211299
4/11/2018 11:00,10.13000011,10.13000011,0.3017247122539297
4/11/2018 12:00,10.27099991,10.27099991,0.1756098445015745
4/11/2018 13:00,10.3409996,10.3409996,0.4559176899049291
4/11/2018 14:00,10.97399998,10.97399998,0.7159575806865637
4/11/2018 15:00,10.97399998,10.97399998,0.4208455461788004
4/11/2018 16:00,10.76299953,10.76299953,0.5426975309672049
4/11/2018 17:00,9.777999878,9.777999878,0.5203449928558435
4/11/2018 18:00,9.425999641,9.425999641,0.2993110154294116
4/11/2018 19:00,8.722999573,8.722999573,0.2556067106613273
4/11/2018 20:00,7.879000187,7.879000187,0.2446176083860176
4/11/2018 21:00,7.668000221,7.668000221,0.1252886579134723
4/11/2018 22:00,7.386000156,7.386000156,0.0776577975975404
4/11/2018 23:00,6.964000225,6.964000225,0.0606777724209989
4/12/2018 0:00,6.964000225,6.964000225,0.0116261047510209
4/12/2018 1:00,6.612999916,6.612999916,0.0028587195495788
4/12/2018 2:00,6.612999916,6.612999916,0.0220255482304697
4/12/2018 3:00,6.050000191,6.050000191,-0.057265238954573
4/12/2018 4:00,6.40199995,6.40199995,-0.1281451403844977
4/12/2018 5:00,5.90899992,5.90899992,-0.163788297129926
4/12/2018 6:00,5.768000126,5.768000126,-0.2978840616500356
4/12/2018 7:00,5.627999783,5.627999783,-0.4627705084809155
4/12/2018 8:00,5.90899992,5.90899992,-0.3292553596940106
4/12/2018 9:00,5.90899992,5.90899992,-0.3380886921545353
4/12/2018 10:00,5.979000092,5.979000092,-0.1325741340997593
4/12/2018 11:00,6.330999851,6.330999851,0.2149611296482755
4/12/2018 12:00,6.472000122,6.472000122,0.0888057016688955
4/12/2018 13:00,6.050000191,6.050000191,0.3690729868452252
4/12/2018 14:00,6.541999817,6.541999817,0.629072317399835
4/12/2018 15:00,6.472000122,6.472000122,0.3339197226650469
4/12/2018 16:00,6.330999851,6.330999851,0.4557311472264265
4/12/2018 17:00,5.768000126,5.768000126,0.4333380488880403
4/12/2018 18:00,5.627999783,5.627999783,0.2122635112345835
4/12/2018 19:00,5.346000195,5.346000195,0.1685186462394744
4/12/2018 20:00,4.854000092,4.854000092,0.15748898373714
4/12/2018 21:00,5.135000229,5.135000229,0.0381194730375698
4/12/2018 22:00,4.994999886,4.994999886,-0.0095519475053868
4/12/2018 23:00,4.643000126,4.643000126,-0.0265725329089531
4/13/2018 0:00,4.994999886,4.994999886,-0.075664760805956
4/13/2018 1:00,4.923999786,4.923999786,-0.0844727062344229
4/13/2018 2:00,4.78399992,4.78399992,-0.0653464377805569
4/13/2018 3:00,4.854000092,4.854000092,-0.1446777851926245
4/13/2018 4:00,4.854000092,4.854000092,-0.2155982468495741
4/13/2018 5:00,4.78399992,4.78399992,-0.2512819638220271
4/13/2018 6:00,4.712999821,4.712999821,-0.3854182885691616
4/13/2018 7:00,4.572999954,4.572999954,-0.5503452956270662
4/13/2018 8:00,4.290999889,4.290999889,-0.4168707070671862
4/13/2018 9:00,4.290999889,4.290999889,-0.4257445997547357
4/13/2018 10:00,4.361999989,4.361999989,-0.2202706019269845
4/13/2018 11:00,4.572999954,4.572999954,0.1272241015940254
4/13/2018 12:00,5.065000057,5.065000057,0.0010281133876206
4/13/2018 13:00,4.643000126,4.643000126,0.2812548383369255
4/13/2018 14:00,4.854000092,4.854000092,0.5412136086645105
4/13/2018 15:00,5.276000023,5.276000023,0.2460204537026975
4/13/2018 16:00,4.854000092,4.854000092,0.3677913180370523
4/13/2018 17:00,5.839000225,5.839000225,0.3453576594716413
4/13/2018 18:00,4.572999954,4.572999954,0.1242425615911596
4/13/2018 19:00,3.095000029,3.095000029,0.0804571363690257
4/13/2018 20:00,3.799000025,3.799000025,0.0693869136396664
4/13/2018 21:00,4.854000092,4.854000092,-0.0500231572869285
4/13/2018 22:00,3.095000029,3.095000029,-0.09773513805691
4/13/2018 23:00,3.588000059,3.588000059,-0.1147962836875012
4/14/2018 0:00,4.290999889,4.290999889,-0.1639290718115289
4/14/2018 1:00,4.361999989,4.361999989,-0.1727775774670206
4/14/2018 2:00,4.150000095,4.150000095,-0.1536918692401794
4/14/2018 3:00,4.643000126,4.643000126,-0.2330637768792719
4/14/2018 4:00,5.205999851,5.205999851,-0.3040247987632463
4/14/2018 5:00,4.854000092,4.854000092,-0.3397490759627242
4/14/2018 6:00,5.205999851,5.205999851,-0.4739259609368835
4/14/2018 7:00,4.854000092,4.854000092,-0.638893528221813
4/14/2018 8:00,4.923999786,4.923999786,-0.5054594998889579
4/14/2018 9:00,3.447000027,3.447000027,-0.5143739528035323
4/14/2018 10:00,4.361999989,4.361999989,-0.3089405152028058
4/14/2018 11:00,3.799000025,3.799000025,0.0385136280911793
4/14/2018 12:00,3.799000025,3.799000025,-0.0877229203422503
4/14/2018 13:00,3.938999891,3.938999891,0.1924632443800297
4/14/2018 14:00,4.010000229,4.010000229,0.4523814544805899
4/14/2018 15:00,4.43200016,4.43200016,0.1571477392917521
4/14/2018 16:00,5.346000195,5.346000195,0.2788780433990821
4/14/2018 17:00,5.205999851,5.205999851,0.2564038246066462
4/14/2018 18:00,5.416999817,5.416999817,0.0352481664991397
4/14/2018 19:00,5.065000057,5.065000057,-0.0085778189500189
4/14/2018 20:00,4.923999786,4.923999786,-0.0196886019064031
4/14/2018 21:00,3.868999958,3.868999958,-0.139139233060023
4/14/2018 22:00,4.361999989,4.361999989,-0.1868917740570293
4/14/2018 23:00,4.501999855,4.501999855,-0.2039934799146453
4/15/2018 0:00,4.854000092,4.854000092,-0.2531668282656978
4/15/2018 1:00,5.346000195,5.346000195,-0.2620558941482144
4/15/2018 2:00,4.643000126,4.643000126,-0.243010746148398
4/15/2018 3:00,4.854000092,4.854000092,-0.3224232140145153
4/15/2018 4:00,5.135000229,5.135000229,-0.3934247961255145
4/15/2018 5:00,5.276000023,5.276000023,-0.4291896335520173
4/15/2018 6:00,5.135000229,5.135000229,-0.5634070787532015
4/15/2018 7:00,5.768000126,5.768000126,-0.7284152062651559
4/15/2018 8:00,4.854000092,4.854000092,-0.5950217381593255
4/15/2018 9:00,5.979000092,5.979000092,-0.6039767513009247
4/15/2018 10:00,6.261000156,6.261000156,-0.398583873927223
4/15/2018 11:00,6.190999985,6.190999985,-0.0511702908602627
4/15/2018 12:00,6.612999916,6.612999916,-0.1774473995207172
4/15/2018 13:00,6.823999882,6.823999882,0.102698204974538
4/15/2018 14:00,8.300999641,8.300999641,0.3625758548480734
4/15/2018 15:00,8.722999573,8.722999573,0.0673015794322108
4/15/2018 16:00,9.425999641,9.425999641,0.1889913233125159
4/15/2018 17:00,9.355999947,9.355999947,0.1664765442930552
4/15/2018 18:00,8.722999573,8.722999573,-0.054719674041476
4/15/2018 19:00,7.809000015,7.809000015,-0.0985862197176596
4/15/2018 20:00,6.964000225,6.964000225,-0.1097375629010685
4/15/2018 21:00,6.261000156,6.261000156,-0.2292287542817133
4/15/2018 22:00,6.050000191,6.050000191,-0.2770218555057444
4/15/2018 23:00,6.050000191,6.050000191,-0.2941641215903852
4/16/2018 0:00,6.823999882,6.823999882,-0.3433780301684626
4/16/2018 1:00,6.472000122,6.472000122,-0.352307656278004
4/16/2018 2:00,6.612999916,6.612999916,-0.3333030685052126
4/16/2018 3:00,6.541999817,6.541999817,-0.4127560965983546
4/16/2018 4:00,6.40199995,6.40199995,-0.4837982389363787
4/16/2018 5:00,5.90899992,5.90899992,-0.5196036365899064
4/16/2018 6:00,6.190999985,6.190999985,-0.6538616420181154
4/16/2018 7:00,6.330999851,6.330999851,-0.8189103297570945
4/16/2018 8:00,6.541999817,6.541999817,-0.6855574218782889
4/16/2018 9:00,6.683000088,6.683000088,-0.694552995246913
4/16/2018 10:00,6.964000225,6.964000225,-0.4892006781002364
4/16/2018 11:00,7.315999985,7.315999985,-0.1418276552603009
4/16/2018 12:00,6.964000225,6.964000225,-0.2681453241477802
4/16/2018 13:00,7.245999813,7.245999813,0.0119597201204501
4/16/2018 14:00,8.020000458,8.020000458,0.2717968097669607
4/16/2018 15:00,8.652999878,8.652999878,-0.0235180258759266
4/16/2018 16:00,9.00399971,9.00399971,0.0981311577773536
4/16/2018 17:00,8.512000084,8.512000084,0.075575818530868
4/16/2018 18:00,7.737999916,7.737999916,-0.145660960030688
4/16/2018 19:00,7.668000221,7.668000221,-0.1895680659338964
4/16/2018 20:00,6.894000053,6.894000053,-0.2007599693443302
4/16/2018 21:00,6.823999882,6.823999882,-0.3202917209519997
4/16/2018 22:00,6.894000053,6.894000053,-0.3681253824030557
4/16/2018 23:00,6.190999985,6.190999985,-0.3853082087147214
4/17/2018 0:00,5.90899992,5.90899992,-0.4345626775198236
4/17/2018 1:00,6.261000156,6.261000156,-0.4435328638563898
4/17/2018 2:00,6.261000156,6.261000156,-0.4245688363106231
4/17/2018 3:00,5.90899992,5.90899992,-0.5040624246307901
4/17/2018 4:00,6.261000156,6.261000156,-0.575145127195839
4/17/2018 5:00,5.768000126,5.768000126,-0.6109910850763913
4/17/2018 6:00,5.768000126,5.768000126,-0.7452896507316252
4/17/2018 7:00,6.683000088,6.683000088,-0.9103788986976292
4/17/2018 8:00,7.245999813,7.245999813,-0.7770665510458485
4/17/2018 9:00,8.159999847,8.159999847,-0.7861026846414974
4/17/2018 10:00,8.86400032,8.86400032,-0.5807909277218456
4/17/2018 11:00,7.879000187,7.879000187,-0.2334584651089348
4/17/2018 12:00,8.090000153,8.090000153,-0.359816694223439
4/17/2018 13:00,8.934000015,8.934000015,-0.0797522101822333
4/17/2018 14:00,9.567000389,9.567000389,0.1800443192372523
4/17/2018 15:00,10.27099991,10.27099991,-0.1153110766326598
4/17/2018 16:00,10.90400028,10.90400028,0.0062975467935956
4/17/2018 17:00,10.90400028,10.90400028,-0.0162983526799147
4/17/2018 18:00,10.62199974,10.62199974,-0.2375756914684957
4/17/2018 19:00,8.934000015,8.934000015,-0.2815233575987289
4/17/2018 20:00,8.090000153,8.090000153,-0.2927558212361875
4/17/2018 21:00,8.159999847,8.159999847,-0.4123281330708819
4/17/2018 22:00,7.948999882,7.948999882,-0.4602023547489628
4/17/2018 23:00,7.668000221,7.668000221,-0.4774257412876533
4/18/2018 0:00,7.456999779,7.456999779,-0.5267207703197804
4/18/2018 1:00,7.245999813,7.245999813,-0.5357315168833714
4/18/2018 2:00,7.386000156,7.386000156,-0.5168080495646296
4/18/2018 3:00,7.245999813,7.245999813,-0.5963421981118213
4/18/2018 4:00,7.245999813,7.245999813,-0.667465460903895
4/18/2018 5:00,7.245999813,7.245999813,-0.7033519790114723
4/18/2018 6:00,6.964000225,6.964000225,-0.8376911048937309
4/18/2018 7:00,7.737999916,7.737999916,-1.0028209130867598
4/18/2018 8:00,9.145000458,9.145000458,-0.8695491256620039
4/18/2018 9:00,8.722999573,8.722999573,-0.8786258194846777
4/18/2018 10:00,9.637999535,9.637999535,-0.6733546227920506
4/18/2018 11:00,9.215000153,9.215000153,-0.3260627204061646
4/18/2018 12:00,9.286000252,9.286000252,-0.4524615097476936
4/18/2018 13:00,9.98900032,9.98900032,-0.1724375859335128
4/18/2018 14:00,11.18500042,11.18500042,0.087318383258948
4/18/2018 15:00,11.5369997,11.5369997,-0.2080775728379889
4/18/2018 16:00,12.31099987,12.31099987,-0.0865095096387583
4/18/2018 17:00,12.6619997,12.6619997,-0.1091459693392935
4/18/2018 18:00,11.81799984,11.81799984,-0.3304638683548993
4/18/2018 19:00,10.13000011,10.13000011,-0.3744520947121573
4/18/2018 20:00,9.98900032,9.98900032,-0.3857251185766408
4/18/2018 21:00,9.355999947,9.355999947,-0.50533799063836
4/18/2018 22:00,9.00399971,9.00399971,-0.5532527725434657
4/18/2018 23:00,8.934000015,8.934000015,-0.570516719309181
4/19/2018 0:00,8.512000084,8.512000084,-0.6198523085683328
4/19/2018 1:00,8.442000389,8.442000389,-0.6289036153589487
4/19/2018 2:00,8.37100029,8.37100029,-0.6100207082672318
4/19/2018 3:00,8.230999947,8.230999947,-0.6895954170414483
4/19/2018 4:00,8.020000458,8.020000458,-0.760759240060547
4/19/2018 5:00,8.020000458,8.020000458,-0.7966863183951491
4/19/2018 6:00,7.52699995,7.52699995,-0.9310660045044326
4/19/2018 7:00,8.090000153,8.090000153,-1.0962363729244864
4/19/2018 8:00,9.074999809,9.074999809,-0.9630051457267552
4/19/2018 9:00,9.286000252,9.286000252,-0.972122399776454
4/19/2018 10:00,9.918999672,9.918999672,-0.7668917633108517
4/19/2018 11:00,9.777999878,9.777999878,-0.4196404211519907
4/19/2018 12:00,10.27099991,10.27099991,-0.5460797707205445
4/19/2018 13:00,11.04399967,11.04399967,-0.2660964071333885
4/19/2018 14:00,11.88899994,11.88899994,-0.0063809981679524
4/19/2018 15:00,12.59200001,12.59200001,-0.3018175144919142
4/19/2018 16:00,12.52200031,12.52200031,-0.1802900115197085
4/19/2018 17:00,12.17000008,12.17000008,-0.2029670314472686
4/19/2018 18:00,11.60700035,11.60700035,-0.4243254906898991
4/19/2018 19:00,10.41100025,10.41100025,-0.4683542772741821
4/19/2018 20:00,9.848999977,9.848999977,-0.4796678613656904
4/19/2018 21:00,9.355999947,9.355999947,-0.5993212936544345
4/19/2018 22:00,8.934000015,8.934000015,-0.647276635786565
4/19/2018 23:00,8.512000084,8.512000084,-0.6645811427793051
4/20/2018 0:00,8.512000084,8.512000084,-0.7139572922654818
4/20/2018 1:00,8.652999878,8.652999878,-0.7230491592831226
4/20/2018 2:00,8.793000221,8.793000221,-0.7042068124184304
4/20/2018 3:00,8.37100029,8.37100029,-0.7838220814196719
4/20/2018 4:00,8.300999641,8.300999641,-0.8550264646657953
4/20/2018 5:00,8.090000153,8.090000153,-0.8909941032274222
4/20/2018 6:00,8.37100029,8.37100029,-1.0254143495637305
4/20/2018 7:00,9.145000458,9.145000458,-1.1906252782108089
4/20/2018 8:00,9.00399971,9.00399971,-1.0574346112401027
4/20/2018 9:00,8.86400032,8.86400032,-1.0665924255168262
4/20/2018 10:00,9.496999741,9.496999741,-0.8614023492782488
4/20/2018 11:00,9.98900032,9.98900032,-0.5141915673464126
4/20/2018 12:00,10.3409996,10.3409996,-0.6406714771419912
4/20/2018 13:00,11.74800014,11.74800014,-0.36072867378186
4/20/2018 14:00,12.38099957,12.38099957,-0.1010538250434487
4/20/2018 15:00,12.94400024,12.94400024,-0.3965309015944353
4/20/2018 16:00,13.43599987,13.43599987,-0.2750439588492544
4/20/2018 17:00,12.8739996,12.8739996,-0.2977615390038393
4/20/2018 18:00,12.23999977,12.23999977,-0.5191605584734948
4/20/2018 19:00,11.74800014,11.74800014,-0.5632299052848025
4/20/2018 20:00,11.25599957,11.25599957,-0.5745840496033356
4/20/2018 21:00,11.88899994,11.88899994,-0.6942780421191045
4/20/2018 22:00,11.04399967,11.04399967,-0.7422739444782599
4/20/2018 23:00,10.90400028,10.90400028,-0.7596190116980248
4/21/2018 0:00,10.97399998,10.97399998,-0.8090357214112264
4/21/2018 1:00,10.90400028,10.90400028,-0.8181681486558919
4/21/2018 2:00,11.32600021,11.32600021,-0.7993663620182245
4/21/2018 3:00,10.3409996,10.3409996,-0.879022191246491
4/21/2018 4:00,9.567000389,9.567000389,-0.9502671347196392
4/21/2018 5:00,10.27099991,10.27099991,-0.9862753335082908
4/21/2018 6:00,10.3409996,10.3409996,-1.120736140071624
4/21/2018 7:00,10.3409996,10.3409996,-1.2859876289457273
4/21/2018 8:00,10.06000042,10.06000042,-1.1528375222020462
4/21/2018 9:00,10.62199974,10.62199974,-1.1620358967057944
4/21/2018 10:00,10.76299953,10.76299953,-0.956886380694242
4/21/2018 11:00,10.48200035,10.48200035,-0.6097161589894304
4/21/2018 12:00,11.25599957,11.25599957,-0.7362366290120339
4/21/2018 13:00,11.25599957,11.25599957,-0.4563343858789276
4/21/2018 14:00,9.777999878,9.777999878,-0.1967000973675411
4/21/2018 15:00,10.27099991,10.27099991,-0.4922177341455525
4/21/2018 16:00,9.848999977,9.848999977,-0.3707713516273965
4/21/2018 17:00,9.567000389,9.567000389,-0.3935294920090062
4/21/2018 18:00,9.425999641,9.425999641,-0.6149690717056865
4/21/2018 19:00,9.355999947,9.355999947,-0.659078978744019
4/21/2018 20:00,9.496999741,9.496999741,-0.6704736832895769
4/21/2018 21:00,9.00399971,9.00399971,-0.7902082360323708
4/21/2018 22:00,9.215000153,9.215000153,-0.8382446986185509
4/21/2018 23:00,9.145000458,9.145000458,-0.8556303260653407
4/22/2018 0:00,9.567000389,9.567000389,-0.9050875960055672
4/22/2018 1:00,9.708000183,9.708000183,-0.9142605834772576
4/22/2018 2:00,9.637999535,9.637999535,-0.8954993570666151
4/22/2018 3:00,9.708000183,9.708000183,-0.9751957465219062
4/22/2018 4:00,7.034999847,7.034999847,-1.0464812502220793
4/22/2018 5:00,8.652999878,8.652999878,-1.082530009237756
4/22/2018 6:00,9.355999947,9.355999947,-1.217031376028114
4/22/2018 7:00,8.512000084,8.512000084,-1.3823234251292422
4/22/2018 8:00,9.98900032,9.98900032,-1.2492138786125857
4/22/2018 9:00,10.3409996,10.3409996,-1.2584528133433588
4/22/2018 10:00,9.918999672,9.918999672,-1.0533438575588312
4/22/2018 11:00,9.425999641,9.425999641,-0.7062141960810444
4/22/2018 12:00,9.637999535,9.637999535,-0.8327752263306728
4/22/2018 13:00,9.496999741,9.496999741,-0.5529135434245912
4/22/2018 14:00,9.355999947,9.355999947,-0.2933198151402295
4/22/2018 15:00,9.918999672,9.918999672,-0.5888780121452657
4/22/2018 16:00,10.06000042,10.06000042,-0.4674721898541344
4/22/2018 17:00,10.27099991,10.27099991,-0.490270890462769
4/22/2018 18:00,10.06000042,10.06000042,-0.7117510303864741
4/22/2018 19:00,9.98900032,9.98900032,-0.7559014976518316
4/22/2018 20:00,8.37100029,8.37100029,-0.7673367624244145
4/22/2018 21:00,8.442000389,8.442000389,-0.8871118753942331
4/22/2018 22:00,7.737999916,7.737999916,-0.935188898207438
4/22/2018 23:00,7.105000019,7.105000019,-0.9526150858812528
4/23/2018 0:00,6.752999783,6.752999783,-1.0021129160485038
4/23/2018 1:00,6.40199995,6.40199995,-1.0113264637472192
4/23/2018 2:00,5.839000225,5.839000225,-0.9926057975636016
4/23/2018 3:00,5.90899992,5.90899992,-1.0723427472459175
4/23/2018 4:00,5.416999817,5.416999817,-1.1436688111731157
4/23/2018 5:00,4.994999886,4.994999886,-1.179758130415817
4/23/2018 6:00,5.135000229,5.135000229,-1.3143000574331998
4/23/2018 7:00,4.643000126,4.643000126,-1.4796326667613529
4/23/2018 8:00,4.361999989,4.361999989,-1.3465636804717211
4/23/2018 9:00,4.290999889,4.290999889,-1.355843175429519
4/23/2018 10:00,3.657999992,3.657999992,-1.1507747798720165
4/23/2018 11:00,3.165999889,3.165999889,-0.8036856786212543
4/23/2018 12:00,3.51699996,3.51699996,-0.9302872690979076
4/23/2018 13:00,3.236000061,3.236000061,-0.6504661464188507
4/23/2018 14:00,3.236000061,3.236000061,-0.3909129783615138
4/23/2018 15:00,3.727999926,3.727999926,-0.6865117355935748
4/23/2018 16:00,5.205999851,5.205999851,-0.5651464735294685
4/23/2018 17:00,5.697999954,5.697999954,-0.5879857343651278
4/23/2018 18:00,5.205999851,5.205999851,-0.8095064345158578
4/23/2018 19:00,5.55700016,5.55700016,-0.85369746200824
4/23/2018 20:00,4.643000126,4.643000126,-0.8651732870078477
4/23/2018 21:00,5.486999989,5.486999989,-0.9849889602046912
4/23/2018 22:00,6.050000191,6.050000191,-1.033106543244921
4/23/2018 23:00,5.135000229,5.135000229,-1.0505732911457604
4/24/2018 0:00,6.261000156,6.261000156,-1.1001116815400365
4/24/2018 1:00,6.40199995,6.40199995,-1.1093657894657765
4/24/2018 2:00,6.612999916,6.612999916,-1.0906856835091836
4/24/2018 3:00,6.261000156,6.261000156,-1.1704631934185243
4/24/2018 4:00,6.683000088,6.683000088,-1.2418298175727471
4/24/2018 5:00,6.330999851,6.330999851,-1.2779596970424734
4/24/2018 6:00,6.752999783,6.752999783,-1.412542184286881
4/24/2018 7:00,6.541999817,6.541999817,-1.577915353842059
4/24/2018 8:00,6.261000156,6.261000156,-1.444886927779452
4/24/2018 9:00,6.964000225,6.964000225,-1.4542069829642748
4/24/2018 10:00,6.472000122,6.472000122,-1.2491791476337968
4/24/2018 11:00,7.105000019,7.105000019,-0.9021306066100596
4/24/2018 12:00,7.175000191,7.175000191,-1.0287727573137375
4/24/2018 13:00,8.020000458,8.020000458,-0.7489921948617058
4/24/2018 14:00,8.159999847,8.159999847,-0.4894795870313937
4/24/2018 15:00,8.652999878,8.652999878,-0.7851189044904796
4/24/2018 16:00,8.230999947,8.230999947,-0.6637942026533981
4/24/2018 17:00,7.668000221,7.668000221,-0.6866740237160822
4/24/2018 18:00,8.442000389,8.442000389,-0.9082352840938372
4/24/2018 19:00,7.948999882,7.948999882,-0.9524668718132442
4/24/2018 20:00,7.809000015,7.809000015,-0.9639832570398766
4/24/2018 21:00,7.737999916,7.737999916,-1.083839490463745
4/24/2018 22:00,7.386000156,7.386000156,-1.1319976337309996
4/24/2018 23:00,7.668000221,7.668000221,-1.149504941858864
4/25/2018 0:00,7.456999779,7.456999779,-1.1990838924801648
4/25/2018 1:00,7.315999985,7.315999985,-1.2083785606329296
4/25/2018 2:00,7.809000015,7.809000015,-1.1897390149033615
4/25/2018 3:00,7.52699995,7.52699995,-1.269557085039727
4/25/2018 4:00,6.541999817,6.541999817,-1.340964269420975
4/25/2018 5:00,7.034999847,7.034999847,-1.377134709117726
4/25/2018 6:00,7.879000187,7.879000187,-1.5117577565891585
4/25/2018 7:00,9.074999809,9.074999809,-1.6771714863713612
4/25/2018 8:00,8.020000458,8.020000458,-1.544183620535779
4/25/2018 9:00,8.512000084,8.512000084,-1.5535442359476266
4/25/2018 10:00,9.496999741,9.496999741,-1.3485569608441734
4/25/2018 11:00,9.145000458,9.145000458,-1.001548980047461
4/25/2018 12:00,9.567000389,9.567000389,-1.128231690978164
4/25/2018 13:00,8.86400032,8.86400032,-0.8484916887531568
4/25/2018 14:00,9.848999977,9.848999977,-0.5890196411498696
4/25/2018 15:00,10.19999981,10.19999981,-0.8846995188359803
4/25/2018 16:00,9.98900032,9.98900032,-0.7634153772259236
4/25/2018 17:00,10.55200005,10.55200005,-0.7863357585156326
4/25/2018 18:00,10.27099991,10.27099991,-1.0079375791204124
4/25/2018 19:00,9.425999641,9.425999641,-1.0522097270668442
4/25/2018 20:00,8.512000084,8.512000084,-1.0637666725205015
4/25/2018 21:00,9.074999809,9.074999809,-1.1836634661713945
4/25/2018 22:00,8.934000015,8.934000015,-1.231862169665674
4/25/2018 23:00,8.512000084,8.512000084,-1.249410038020563
4/26/2018 0:00,8.722999573,8.722999573,-1.2990295488688888
4/26/2018 1:00,8.512000084,8.512000084,-1.3083647772486784
4/26/2018 2:00,9.215000153,9.215000153,-1.2897657917461354
4/26/2018 3:00,9.425999641,9.425999641,-1.369624422109526
4/26/2018 4:00,9.355999947,9.355999947,-1.4410721667177984
4/26/2018 5:00,9.567000389,9.567000389,-1.4772831666415742
4/26/2018 6:00,9.074999809,9.074999809,-1.6119467743400315
4/26/2018 7:00,9.848999977,9.848999977,-1.777401064349259
4/26/2018 8:00,10.27099991,10.27099991,-1.644453758740702
4/26/2018 9:00,9.848999977,9.848999977,-1.6538549343795743
4/26/2018 10:00,9.98900032,9.98900032,-1.448908219503146
4/26/2018 11:00,10.69299984,10.69299984,-1.1019407989334584
4/26/2018 12:00,10.83300018,10.83300018,-1.2286640700911862
4/26/2018 13:00,10.62199974,10.62199974,-0.9489646280932038
4/26/2018 14:00,11.11499977,11.11499977,-0.6895331407169414
4/26/2018 15:00,10.48200035,10.48200035,-0.9852535786300768
4/26/2018 16:00,11.60700035,11.60700035,-0.864009997247045
4/26/2018 17:00,11.32600021,11.32600021,-0.886970938763779
4/26/2018 18:00,10.06000042,10.06000042,-1.1086133195955834
4/26/2018 19:00,10.3409996,10.3409996,-1.15292602776904
4/26/2018 20:00,9.777999878,9.777999878,-1.164523533449722
4/26/2018 21:00,10.13000011,10.13000011,-1.28446088732764
4/26/2018 22:00,10.48200035,10.48200035,-1.3327001510489445
4/26/2018 23:00,9.848999977,9.848999977,-1.3502885796308584
4/27/2018 0:00,9.777999878,9.777999878,-1.3999486507062089
4/27/2018 1:00,9.918999672,9.918999672,-1.4093244393130235
4/27/2018 2:00,9.918999672,9.918999672,-1.390766014037505
4/27/2018 3:00,9.425999641,9.425999641,-1.4706652046279205
4/27/2018 4:00,9.496999741,9.496999741,-1.5421535094632175
4/27/2018 5:00,9.637999535,9.637999535,-1.5784050696140184
4/27/2018 6:00,9.777999878,9.777999878,-1.7131092375395005
4/27/2018 7:00,10.3409996,10.3409996,-1.8786040877757528
4/27/2018 8:00,11.18500042,11.18500042,-1.7456973423942206
4/27/2018 9:00,11.25599957,11.25599957,-1.7551390782601175
4/27/2018 10:00,11.67800045,11.67800045,-1.5502329236107142
4/27/2018 11:00,11.32600021,11.32600021,-1.2033060632680517
4/27/2018 12:00,11.60700035,11.60700035,-1.330069894652804
4/27/2018 13:00,12.7329998,12.7329998,-1.0504110128818465
4/27/2018 14:00,13.08500004,13.08500004,-0.7910200857326088
4/27/2018 15:00,13.9989996,13.9989996,-1.0867810838727692
4/27/2018 16:00,14.21000004,14.21000004,-0.9655780627167622
4/27/2018 17:00,13.9989996,13.9989996,-0.9885795644605208
4/27/2018 18:00,13.71800041,13.71800041,-1.21026250551935
4/27/2018 19:00,12.45100021,12.45100021,-1.2546157739198316
4/27/2018 20:00,11.67800045,11.67800045,-1.2662538398275385
4/27/2018 21:00,11.32600021,11.32600021,-1.3862317539324815
4/27/2018 22:00,11.04399967,11.04399967,-1.4345115778808106
4/27/2018 23:00,10.97399998,10.97399998,-1.4521405666897491
4/28/2018 0:00,10.83300018,10.83300018,-1.501841197992125
4/28/2018 1:00,10.69299984,10.69299984,-1.511257546825964
4/28/2018 2:00,10.97399998,10.97399998,-1.4927396817774703
4/28/2018 3:00,9.567000389,9.567000389,-1.572679432594911
4/28/2018 4:00,9.567000389,9.567000389,-1.644208297657233
4/28/2018 5:00,9.496999741,9.496999741,-1.6805004180350585
4/28/2018 6:00,9.496999741,9.496999741,-1.8152451461875652
4/28/2018 7:00,9.637999535,9.637999535,-1.9807805566508427
4/28/2018 8:00,10.19999981,10.19999981,-1.8479143714963355
4/28/2018 9:00,10.06000042,10.06000042,-1.8573966675892573
4/28/2018 10:00,10.83300018,10.83300018,-1.652531073166879
4/28/2018 11:00,10.83300018,10.83300018,-1.305644773051241
4/28/2018 12:00,11.32600021,11.32600021,-1.4324491646630184
4/28/2018 13:00,11.81799984,11.81799984,-1.1528308431190857
4/28/2018 14:00,12.80300045,12.80300045,-0.8934804761968729
4/28/2018 15:00,13.22500038,13.22500038,-1.189282034564058
4/28/2018 16:00,13.9289999,13.9289999,-1.068119573635076
4/28/2018 17:00,13.08500004,13.08500004,-1.0911616356058595
4/28/2018 18:00,12.59200001,12.59200001,-1.3128851368917136
4/28/2018 19:00,11.81799984,11.81799984,-1.35727896551922
4/28/2018 20:00,11.5369997,11.5369997,-1.3689575916539518
4/28/2018 21:00,11.11499977,11.11499977,-1.4889760659859197
4/28/2018 22:00,10.83300018,10.83300018,-1.5372964501612734
4/28/2018 23:00,10.69299984,10.69299984,-1.5549659991972369
4/29/2018 0:00,10.90400028,10.90400028,-1.6047071907266373
4/29/2018 1:00,11.60700035,11.60700035,-1.6141640997875015
4/29/2018 2:00,11.60700035,11.60700035,-1.595686794966033
4/29/2018 3:00,11.18500042,11.18500042,-1.675667106010498
4/29/2018 4:00,11.74800014,11.74800014,-1.7472365312998448
4/29/2018 5:00,11.60700035,11.60700035,-1.7835692119046953
4/29/2018 6:00,11.32600021,11.32600021,-1.918354500284227
4/29/2018 7:00,11.95899963,11.95899963,-2.0839304709745297
4/29/2018 8:00,12.59200001,12.59200001,-1.9511048460470464
4/29/2018 9:00,12.6619997,12.6619997,-1.9606277023669936
4/29/2018 10:00,12.59200001,12.59200001,-1.7558026681716397
4/29/2018 11:00,12.02900028,12.02900028,-1.4089569282830268
4/29/2018 12:00,12.52200031,12.52200031,-1.535801880121829
4/29/2018 13:00,11.95899963,11.95899963,-1.256224118804921
4/29/2018 14:00,12.80300045,12.80300045,-0.996914312109733
4/29/2018 15:00,12.6619997,12.6619997,-1.292756430703943
4/29/2018 16:00,12.45100021,12.45100021,-1.1716345300019857
4/29/2018 17:00,13.29599953,13.29599953,-1.194717152199794
4/29/2018 18:00,12.94400024,12.94400024,-1.4164812137126732
4/29/2018 19:00,12.7329998,12.7329998,-1.4609156025672043
4/29/2018 20:00,12.6619997,12.6619997,-1.472634788928961
4/29/2018 21:00,12.45100021,12.45100021,-1.5926938234879535
4/29/2018 22:00,12.52200031,12.52200031,-1.6410547678903322
4/29/2018 23:00,12.38099957,12.38099957,-1.6587648771533208
4/30/2018 0:00,12.7329998,12.7329998,-1.7085466289097455
4/30/2018 1:00,12.52200031,12.52200031,-1.7180440981976348
4/30/2018 2:00,12.10000038,12.10000038,-1.699607353603191
4/30/2018 3:00,11.67800045,11.67800045,-1.7796282248746809
4/30/2018 4:00,11.88899994,11.88899994,-1.8512382103910527
4/30/2018 5:00,12.59200001,12.59200001,-1.887611451222928
4/30/2018 6:00,12.7329998,12.7329998,-2.022437299829485
4/30/2018 7:00,12.94400024,12.94400024,-2.188053830746812
4/30/2018 8:00,12.8739996,12.8739996,-2.0552687660463542
4/30/2018 9:00,12.52200031,12.52200031,-2.0648321825933262
4/30/2018 10:00,13.71800041,13.71800041,-1.860047708624997
4/30/2018 11:00,13.64700031,13.64700031,-1.5132425289634086
4/30/2018 12:00,14.56200027,14.56200027,-1.6401280410292356
4/30/2018 13:00,14.84300041,14.84300041,-1.3605908399393527
4/30/2018 14:00,15.0539999,15.0539999,-1.1013215934711895
4/30/2018 15:00,15.89799976,15.89799976,-1.3972042722924245
4/30/2018 16:00,16.81299973,16.81299973,-1.2761229318174918
4/30/2018 17:00,15.82800007,15.82800007,-1.299246114242325
4/30/2018 18:00,14.77299976,14.77299976,-1.521050735982229
4/30/2018 19:00,14.49100018,14.49100018,-1.5655256850637849
4/30/2018 20:00,13.57699966,13.57699966,-1.5772854316525664
4/30/2018 21:00,13.22500038,13.22500038,-1.6973850264385837
4/30/2018 22:00,13.50699997,13.50699997,-1.7457865310679874
4/30/2018 23:00,13.36600018,13.36600018,-1.7635372005580008
5/1/2018 0:00,13.43599987,13.43599987,-1.8133595125414503
5/1/2018 1:00,13.43599987,13.43599987,-1.8228975420563645
5/1/2018 2:00,13.57699966,13.57699966,-1.8045013576889453
5/1/2018 3:00,13.43599987,13.43599987,-1.88456278918746
5/1/2018 4:00,13.08500004,13.08500004,-1.9562133349308568
5/1/2018 5:00,13.64700031,13.64700031,-1.992627135989757
5/1/2018 6:00,13.78800011,13.78800011,-2.1274935448233387
5/1/2018 7:00,13.9989996,13.9989996,-2.2931506359676903
5/1/2018 8:00,14.06900024,14.06900024,-2.1604061314942573
5/1/2018 9:00,13.43599987,13.43599987,-2.170010108268253
5/1/2018 10:00,13.57699966,13.57699966,-1.9652661945269492
5/1/2018 11:00,12.8739996,12.8739996,-1.618501575092386
5/1/2018 12:00,12.8739996,12.8739996,-1.745427647385238
5/1/2018 13:00,12.38099957,12.38099957,-1.4659310065223796
5/1/2018 14:00,12.7329998,12.7329998,-1.2067023202812412
5/1/2018 15:00,13.50699997,13.50699997,-1.5026255593295008
5/1/2018 16:00,13.43599987,13.43599987,-1.3815847790815932
5/1/2018 17:00,13.64700031,13.64700031,-1.4047485217334512
5/1/2018 18:00,7.52699995,7.52699995,-1.62659370370038
5/1/2018 19:00,5.768000126,5.768000126,-1.6711092130089609
5/1/2018 20:00,8.020000458,8.020000458,-1.6829095198247672
5/1/2018 21:00,9.777999878,9.777999878,-1.803049674837809
5/1/2018 22:00,10.83300018,10.83300018,-1.8514917396942376
5/1/2018 23:00,10.48200035,10.48200035,-1.869282969411276
5/2/2018 0:00,10.48200035,10.48200035,-1.9191458416217504
5/2/2018 1:00,10.3409996,10.3409996,-1.928724431363689
5/2/2018 2:00,10.19999981,10.19999981,-1.9103688072232952
5/2/2018 3:00,10.06000042,10.06000042,-1.9904707989488344
5/2/2018 4:00,9.567000389,9.567000389,-2.062161904919256
5/2/2018 5:00,9.637999535,9.637999535,-2.0986162662051813
5/2/2018 6:00,10.13000011,10.13000011,-2.233523235265787
5/2/2018 7:00,9.215000153,9.215000153,-2.399220886637164
5/2/2018 8:00,9.215000153,9.215000153,-2.266516942390756
5/2/2018 9:00,9.708000183,9.708000183,-2.276161479391777
5/2/2018 10:00,9.286000252,9.286000252,-2.071458125877498
5/2/2018 11:00,9.425999641,9.425999641,-1.7247340666699589
5/2/2018 12:00,9.918999672,9.918999672,-1.851700699189836
5/2/2018 13:00,9.918999672,9.918999672,-1.5722446185540022
5/2/2018 14:00,9.918999672,9.918999672,-1.3130564925398889
5/2/2018 15:00,10.27099991,10.27099991,-1.609020291815173
5/2/2018 16:00,10.48200035,10.48200035,-1.4880200717942902
5/2/2018 17:00,10.62199974,10.62199974,-1.511224374673173
5/2/2018 18:00,10.83300018,10.83300018,-1.7331101168671266
5/2/2018 19:00,10.06000042,10.06000042,-1.7776661864027323
5/2/2018 20:00,10.13000011,10.13000011,-1.7895070534455635
5/2/2018 21:00,9.074999809,9.074999809,-1.9096877686856304
5/2/2018 22:00,8.020000458,8.020000458,-1.958170393769084
5/2/2018 23:00,7.737999916,7.737999916,-1.9760021837131467
5/3/2018 0:00,8.230999947,8.230999947,-2.0259056161506463
5/3/2018 1:00,7.809000015,7.809000015,-2.03552476611961
5/3/2018 2:00,8.230999947,8.230999947,-2.017209702206241
5/3/2018 3:00,8.722999573,8.722999573,-2.097352254158805
5/3/2018 4:00,8.581999779,8.581999779,-2.169083920356252
5/3/2018 5:00,8.37100029,8.37100029,-2.205578841869201
5/3/2018 6:00,8.652999878,8.652999878,-2.340526371156833
5/3/2018 7:00,9.637999535,9.637999535,-2.5062645827552346
5/3/2018 8:00,9.918999672,9.918999672,-2.373601198735852
5/3/2018 9:00,9.708000183,9.708000183,-2.383286295963898
5/3/2018 10:00,9.496999741,9.496999741,-2.178623502676643
5/3/2018 11:00,9.215000153,9.215000153,-1.831940003696129
5/3/2018 12:00,9.777999878,9.777999878,-1.9589471964430307
5/3/2018 13:00,10.62199974,10.62199974,-1.679531676034222
5/3/2018 14:00,12.02900028,12.02900028,-1.4203841102471333
5/3/2018 15:00,12.94400024,12.94400024,-1.7163884697494425
5/3/2018 16:00,13.8579998,13.8579998,-1.5954288099555844
5/3/2018 17:00,12.94400024,12.94400024,-1.618673673061492
5/3/2018 18:00,13.29599953,13.29599953,-1.8405999754824705
5/3/2018 19:00,11.5369997,11.5369997,-1.885196605245101
5/3/2018 20:00,11.39599991,11.39599991,-1.897078032514957
5/3/2018 21:00,11.32600021,11.32600021,-2.017299307982049
5/3/2018 22:00,10.97399998,10.97399998,-2.065822493292527
5/3/2018 23:00,10.90400028,10.90400028,-2.083694843463615
5/4/2018 0:00,10.41100025,10.41100025,-2.133638836128139
5/4/2018 1:00,10.3409996,10.3409996,-2.1432985463241274
5/4/2018 2:00,10.13000011,10.13000011,-2.125024042637783
5/4/2018 3:00,10.06000042,10.06000042,-2.205207154817372
5/4/2018 4:00,10.19999981,10.19999981,-2.276979381241843
5/4/2018 5:00,10.27099991,10.27099991,-2.3135148629818176
5/4/2018 6:00,10.19999981,10.19999981,-2.4485029524964737
5/4/2018 7:00,11.04399967,11.04399967,-2.6142817243219
5/4/2018 8:00,11.5369997,11.5369997,-2.481658900529541
5/4/2018 9:00,10.97399998,10.97399998,-2.4913845579846123
5/4/2018 10:00,11.32600021,11.32600021,-2.286762324924383
5/4/2018 11:00,12.02900028,12.02900028,-1.9401193861708936
5/4/2018 12:00,12.31099987,12.31099987,-2.0671671391448205
5/4/2018 13:00,13.15499973,13.15499973,-1.7877921789630369
5/4/2018 14:00,14.21000004,14.21000004,-1.5286851734029727
5/4/2018 15:00,14.49100018,14.49100018,-1.8247300931323067
5/4/2018 16:00,15.54699993,15.54699993,-1.7038109935654735
5/4/2018 17:00,13.78800011,13.78800011,-1.727096416898406
5/4/2018 18:00,13.50699997,13.50699997,-1.949063279546409
5/4/2018 19:00,12.6619997,12.6619997,-1.9937004695360645
5/4/2018 20:00,12.6619997,12.6619997,-2.005622457032945
5/4/2018 21:00,12.6619997,12.6619997,-2.1258842927270623
5/4/2018 22:00,12.45100021,12.45100021,-2.174448038264565
5/4/2018 23:00,12.52200031,12.52200031,-2.192360948662678
5/5/2018 0:00,11.95899963,11.95899963,-2.2423455015542277
5/5/2018 1:00,12.23999977,12.23999977,-2.2520457719772407
5/5/2018 2:00,12.10000038,12.10000038,-2.233811828517921
5/5/2018 3:00,11.88899994,11.88899994,-2.3140355009245352
5/5/2018 4:00,11.46700001,11.46700001,-2.385848287576032
5/5/2018 5:00,8.722999573,8.722999573,-2.4224243295430306
5/5/2018 6:00,10.83300018,10.83300018,-2.557452979284712
5/5/2018 7:00,7.315999985,7.315999985,-2.723272311337163
5/5/2018 8:00,9.708000183,9.708000183,-2.590690047771829
5/5/2018 9:00,6.683000088,6.683000088,-2.6004562654539254
5/5/2018 10:00,8.86400032,8.86400032,-2.395874592620721
5/5/2018 11:00,10.13000011,10.13000011,-2.0492722140942563
5/5/2018 12:00,11.04399967,11.04399967,-2.176360527295208
5/5/2018 13:00,11.18500042,11.18500042,-1.8970261273404485
5/5/2018 14:00,11.04399967,11.04399967,-1.6379596820074092
5/5/2018 15:00,11.32600021,11.32600021,-1.934045161963768
5/5/2018 16:00,11.60700035,11.60700035,-1.81316662262396
5/5/2018 17:00,11.60700035,11.60700035,-1.836492606183917
5/5/2018 18:00,11.5369997,11.5369997,-2.058500029058945
5/5/2018 19:00,11.5369997,11.5369997,-2.103177779275626
5/5/2018 20:00,11.81799984,11.81799984,-2.1151403269995317
5/5/2018 21:00,11.5369997,11.5369997,-2.235442722920673
5/5/2018 22:00,11.67800045,11.67800045,-2.2840470286852006
5/5/2018 23:00,11.74800014,11.74800014,-2.3020004993103385
5/6/2018 0:00,11.74800014,11.74800014,-2.3520256124289123
5/6/2018 1:00,12.02900028,12.02900028,-2.3617664430789502
5/6/2018 2:00,12.23999977,12.23999977,-2.3435730598466558
5/6/2018 3:00,12.23999977,12.23999977,-2.423837292480294
5/6/2018 4:00,11.81799984,11.81799984,-2.4956906393588145
5/6/2018 5:00,12.45100021,12.45100021,-2.532307241552839
5/6/2018 6:00,12.23999977,12.23999977,-2.667376451521545
5/6/2018 7:00,12.38099957,12.38099957,-2.833236343801021
5/6/2018 8:00,12.02900028,12.02900028,-2.700694640462712
5/6/2018 9:00,10.69299984,10.69299984,-2.710501418371833
5/6/2018 10:00,11.88899994,11.88899994,-2.5059603057656528
5/6/2018 11:00,10.90400028,10.90400028,-2.159398487466213
5/6/2018 12:00,7.105000019,7.105000019,-2.28652736089419
5/6/2018 13:00,8.934000015,8.934000015,-2.007233521166456
5/6/2018 14:00,9.286000252,9.286000252,-1.7482076360604408
5/6/2018 15:00,9.074999809,9.074999809,-2.0443336762438244
5/6/2018 16:00,9.567000389,9.567000389,-1.923495697131041
5/6/2018 17:00,7.668000221,7.668000221,-1.9468622409180236
5/6/2018 18:00,9.567000389,9.567000389,-2.1689102240200766
5/6/2018 19:00,8.934000015,8.934000015,-2.213628534463781
5/6/2018 20:00,5.697999954,5.697999954,-2.225631642414712
5/6/2018 21:00,8.020000458,8.020000458,-2.345974598562878
5/6/2018 22:00,7.456999779,7.456999779,-2.394619464554431
5/6/2018 23:00,7.597000122,7.597000122,-2.412613495406593
5/7/2018 0:00,7.948999882,7.948999882,-2.462679168752192
5/7/2018 1:00,7.456999779,7.456999779,-2.472460559629255
5/7/2018 2:00,7.456999779,7.456999779,-2.454307736623985
5/7/2018 3:00,7.668000221,7.668000221,-2.5346125294846487
5/7/2018 4:00,8.090000153,8.090000153,-2.6065064365901947
5/7/2018 5:00,8.442000389,8.442000389,-2.643163599011244
5/7/2018 6:00,8.652999878,8.652999878,-2.778273369206974
5/7/2018 7:00,8.512000084,8.512000084,-2.9441738217134747
5/7/2018 8:00,8.300999641,8.300999641,-2.811672678602191
5/7/2018 9:00,7.948999882,7.948999882,-2.821520016738337
5/7/2018 10:00,8.159999847,8.159999847,-2.6170194643591818
5/7/2018 11:00,8.230999947,8.230999947,-2.270498206286767
5/7/2018 12:00,8.722999573,8.722999573,-2.397667639941768
5/7/2018 13:00,8.230999947,8.230999947,-2.118414360441059
5/7/2018 14:00,8.159999847,8.159999847,-1.8594290355620688
5/7/2018 15:00,7.737999916,7.737999916,-2.1555956359724773
5/7/2018 16:00,7.386000156,7.386000156,-2.0347982170867187
5/7/2018 17:00,7.315999985,7.315999985,-2.058205321100726
5/7/2018 18:00,7.737999916,7.737999916,-2.280293864429804
5/7/2018 19:00,8.722999573,8.722999573,-2.325052735100533
5/7/2018 20:00,8.86400032,8.86400032,-2.3370964032784887
5/7/2018 21:00,9.074999809,9.074999809,-2.45747991965368
5/7/2018 22:00,8.442000389,8.442000389,-2.5061653458722573
5/7/2018 23:00,8.300999641,8.300999641,-2.5241999369514447
5/8/2018 0:00,8.512000084,8.512000084,-2.574306170524068
5/8/2018 1:00,8.020000458,8.020000458,-2.584128121628156
5/8/2018 2:00,7.737999916,7.737999916,-2.5660158588499105
5/8/2018 3:00,7.245999813,7.245999813,-2.6463612119375988
5/8/2018 4:00,7.105000019,7.105000019,-2.7182956792701694
5/8/2018 5:00,7.597000122,7.597000122,-2.7549934019182434
5/8/2018 6:00,8.300999641,8.300999641,-2.890143732340999
5/8/2018 7:00,6.964000225,6.964000225,-3.0560847450745245
5/8/2018 8:00,7.456999779,7.456999779,-2.923624162190265
5/8/2018 9:00,7.809000015,7.809000015,-2.9335120605534355
5/8/2018 10:00,8.300999641,8.300999641,-2.7290520684013053
5/8/2018 11:00,8.581999779,8.581999779,-2.382571370555916
5/8/2018 12:00,8.934000015,8.934000015,-2.509781364437942
5/8/2018 13:00,10.13000011,10.13000011,-2.230568645164257
5/8/2018 14:00,10.41100025,10.41100025,-1.9716238805122923
5/8/2018 15:00,11.88899994,11.88899994,-2.2678310411497256
5/8/2018 16:00,12.59200001,12.59200001,-2.147074182490992
5/8/2018 17:00,12.31099987,12.31099987,-2.1705218467320235
5/8/2018 18:00,11.74800014,11.74800014,-2.392650950288126
5/8/2018 19:00,10.62199974,10.62199974,-2.437450381185881
5/8/2018 20:00,10.19999981,10.19999981,-2.449534609590861
5/8/2018 21:00,9.496999741,9.496999741,-2.5699586861930768
5/8/2018 22:00,9.708000183,9.708000183,-2.6186846726386794
5/8/2018 23:00,9.074999809,9.074999809,-2.636759823944891
5/9/2018 0:00,8.581999779,8.581999779,-2.6869066177445395
5/9/2018 1:00,8.230999947,8.230999947,-2.696769129075652
5/9/2018 2:00,8.159999847,8.159999847,-2.678697426524432
5/9/2018 3:00,7.809000015,7.809000015,-2.7590833398391457
5/9/2018 4:00,7.175000191,7.175000191,-2.831058367398741
5/9/2018 5:00,7.034999847,7.034999847,-2.8677966502738395
5/9/2018 6:00,7.034999847,7.034999847,-3.0029875409236197
5/9/2018 7:00,7.879000187,7.879000187,-3.16896911388417
5/9/2018 8:00,8.230999947,8.230999947,-3.036549091226936
5/9/2018 9:00,8.230999947,8.230999947,-3.0464775498171317
5/9/2018 10:00,8.581999779,8.581999779,-2.8420581178920257
5/9/2018 11:00,9.074999809,9.074999809,-2.4956179802736607
5/9/2018 12:00,9.567000389,9.567000389,-2.622868534382711
5/9/2018 13:00,10.3409996,10.3409996,-2.343696375336052
5/9/2018 14:00,11.60700035,11.60700035,-2.0847921709111112
5/9/2018 15:00,12.38099957,12.38099957,-2.3810398917755693
5/9/2018 16:00,12.6619997,12.6619997,-2.2603235933438603
5/9/2018 17:00,12.8739996,12.8739996,-2.2838118178119173
5/9/2018 18:00,12.23999977,12.23999977,-2.5059814815950445
5/9/2018 19:00,11.60700035,11.60700035,-2.550821472719824
5/9/2018 20:00,10.76299953,10.76299953,-2.562946261351829
5/9/2018 21:00,9.708000183,9.708000183,-2.68341089818107
5/9/2018 22:00,9.425999641,9.425999641,-2.732177444853697
5/9/2018 23:00,8.722999573,8.722999573,-2.750293156386934
5/10/2018 0:00,7.948999882,7.948999882,-2.8004805104136072
5/10/2018 1:00,7.668000221,7.668000221,-2.810383581971745
5/10/2018 2:00,7.315999985,7.315999985,-2.7923524396475496
5/10/2018 3:00,6.752999783,6.752999783,-2.872778913189288
5/10/2018 4:00,6.330999851,6.330999851,-2.944794500975908
5/10/2018 5:00,6.119999886,6.119999886,-2.9815733440780314
5/10/2018 6:00,6.050000191,6.050000191,-3.1168047949548368
5/10/2018 7:00,6.40199995,6.40199995,-3.282826928142412
5/10/2018 8:00,6.612999916,6.612999916,-3.150447465712203
5/10/2018 9:00,6.683000088,6.683000088,-3.1604164845294225
5/10/2018 10:00,7.456999779,7.456999779,-2.956037612831342
5/10/2018 11:00,7.105000019,7.105000019,-2.609638035440002
5/10/2018 12:00,8.159999847,8.159999847,-2.7369291497760777
5/10/2018 13:00,8.512000084,8.512000084,-2.4577975509564425
5/10/2018 14:00,9.637999535,9.637999535,-2.198933906758528
5/10/2018 15:00,10.13000011,10.13000011,-2.4952221878500103
5/10/2018 16:00,10.06000042,10.06000042,-2.374546449645326
5/10/2018 17:00,9.918999672,9.918999672,-2.3980752343404075
5/10/2018 18:00,9.567000389,9.567000389,-2.62028545835056
5/10/2018 19:00,9.286000252,9.286000252,-2.6651660097023644
5/10/2018 20:00,8.581999779,8.581999779,-2.677331358561394
5/10/2018 21:00,8.230999947,8.230999947,-2.79783655561766
5/10/2018 22:00,8.37100029,8.37100029,-2.8466436625173115
5/10/2018 23:00,7.948999882,7.948999882,-2.8647999342775727
5/11/2018 0:00,7.809000015,7.809000015,-2.9150278485312717
5/11/2018 1:00,7.597000122,7.597000122,-2.924971480316433
5/11/2018 2:00,7.809000015,7.809000015,-2.9069808982192624
5/11/2018 3:00,7.737999916,7.737999916,-2.987447931988026
5/11/2018 4:00,7.809000015,7.809000015,-3.05950408000167
5/11/2018 5:00,8.300999641,8.300999641,-3.0963234833308197
5/11/2018 6:00,8.652999878,8.652999878,-3.231595494434649
5/11/2018 7:00,8.793000221,8.793000221,-3.397658187849249
5/11/2018 8:00,8.722999573,8.722999573,-3.2653192856460644
5/11/2018 9:00,9.496999741,9.496999741,-3.2753288646903096
5/11/2018 10:00,10.48200035,10.48200035,-3.0709905532192536
5/11/2018 11:00,11.04399967,11.04399967,-2.7246315360549387
5/11/2018 12:00,11.60700035,11.60700035,-2.8519632106180386
5/11/2018 13:00,12.10000038,12.10000038,-2.572872172025429
5/11/2018 14:00,11.25599957,11.25599957,-2.3140490880545386
5/11/2018 15:00,10.97399998,10.97399998,-2.610377929373046
5/11/2018 16:00,11.39599991,11.39599991,-2.489742751395387
5/11/2018 17:00,11.11499977,11.11499977,-2.513312096317493
5/11/2018 18:00,10.69299984,10.69299984,-2.7355628805546703
5/11/2018 19:00,10.76299953,10.76299953,-2.7804839921335
5/11/2018 20:00,11.46700001,11.46700001,-2.7926899012195543
5/11/2018 21:00,11.39599991,11.39599991,-2.913235658502845
5/11/2018 22:00,11.88899994,11.88899994,-2.962083325629522
5/11/2018 23:00,11.88899994,11.88899994,-2.9802801576168085
5/12/2018 0:00,11.81799984,11.81799984,-3.030548632097532
5/12/2018 1:00,11.46700001,11.46700001,-3.040532824109719
5/12/2018 2:00,11.60700035,11.60700035,-3.0225828022395733
5/12/2018 3:00,9.848999977,9.848999977,-3.1030903962353613
5/12/2018 4:00,8.37100029,8.37100029,-3.175187104476032
5/12/2018 5:00,10.13000011,10.13000011,-3.2120470680322044
5/12/2018 6:00,10.76299953,10.76299953,-3.34735963936306
5/12/2018 7:00,8.442000389,8.442000389,-3.5134628930046845
5/12/2018 8:00,8.300999641,8.300999641,-3.381164551028525
5/12/2018 9:00,9.777999878,9.777999878,-3.3912146902997944
5/12/2018 10:00,10.55200005,10.55200005,-3.186916939055764
5/12/2018 11:00,10.90400028,10.90400028,-2.840598482118473
5/12/2018 12:00,11.04399967,11.04399967,-2.9679707169085985
5/12/2018 13:00,10.62199974,10.62199974,-2.6889202385430133
5/12/2018 14:00,10.83300018,10.83300018,-2.430137714799148
5/12/2018 15:00,10.69299984,10.69299984,-2.726507116344681
5/12/2018 16:00,10.90400028,10.90400028,-2.605912498594046
5/12/2018 17:00,10.55200005,10.55200005,-2.6295224037431777
5/12/2018 18:00,11.11499977,11.11499977,-2.8518137482073795
5/12/2018 19:00,11.04399967,11.04399967,-2.8967754200132334
5/12/2018 20:00,10.69299984,10.69299984,-2.9090218893263127
5/12/2018 21:00,10.27099991,10.27099991,-3.0296082068366283
5/12/2018 22:00,10.13000011,10.13000011,-3.07849643419033
5/12/2018 23:00,10.3409996,10.3409996,-3.096733826404641
5/13/2018 0:00,10.48200035,10.48200035,-3.147042861112389
5/13/2018 1:00,10.3409996,10.3409996,-3.1570676133516007
5/13/2018 2:00,9.918999672,9.918999672,-3.13915815170848
5/13/2018 3:00,9.98900032,9.98900032,-3.2197063059312923
5/13/2018 4:00,10.19999981,10.19999981,-3.2918435743989867
5/13/2018 5:00,9.98900032,9.98900032,-3.328744098182185
5/13/2018 6:00,10.27099991,10.27099991,-3.4640972297400645
5/13/2018 7:00,10.83300018,10.83300018,-3.630241043608714
5/13/2018 8:00,10.55200005,10.55200005,-3.497983261859579
5/13/2018 9:00,11.32600021,11.32600021,-3.5080739613578737
5/13/2018 10:00,11.5369997,11.5369997,-3.303816770340868
5/13/2018 11:00,12.38099957,12.38099957,-2.9575388736306025
5/13/2018 12:00,12.45100021,12.45100021,-3.0849516686477525
5/13/2018 13:00,13.08500004,13.08500004,-2.8059417505091915
5/13/2018 14:00,13.36600018,13.36600018,-2.5471997869923517
5/13/2018 15:00,14.49100018,14.49100018,-2.843609748764908
5/13/2018 16:00,15.26500034,15.26500034,-2.723055691241299
5/13/2018 17:00,15.54699993,15.54699993,-2.7467061566174547
5/13/2018 18:00,14.42099953,14.42099953,-2.969038061308681
5/13/2018 19:00,13.43599987,13.43599987,-3.0140402933415604
5/13/2018 20:00,13.29599953,13.29599953,-3.026327322881665
5/13/2018 21:00,12.94400024,12.94400024,-3.146954200619005
5/13/2018 22:00,12.6619997,12.6619997,-3.1958829881997315
5/13/2018 23:00,12.52200031,12.52200031,-3.214160940641068
5/14/2018 0:00,12.45100021,12.45100021,-3.2645105355758406
5/14/2018 1:00,12.52200031,12.52200031,-3.274575848042077
5/14/2018 2:00,12.7329998,12.7329998,-3.256706946625981
5/14/2018 3:00,12.7329998,12.7329998,-3.337295661075819
5/14/2018 4:00,12.59200001,12.59200001,-3.409473489770539
5/14/2018 5:00,12.45100021,12.45100021,-3.446414573780761
5/14/2018 6:00,12.7329998,12.7329998,-3.581808265565666
5/14/2018 7:00,12.45100021,12.45100021,-3.7479926396613408
5/14/2018 8:00,13.22500038,13.22500038,-3.615775418139231
5/14/2018 9:00,13.36600018,13.36600018,-3.6259066778645503
5/14/2018 10:00,13.71800041,13.71800041,-3.421690047074569
5/14/2018 11:00,14.70300007,14.70300007,-3.075452710591328
5/14/2018 12:00,13.9989996,13.9989996,-3.202906065835503
5/14/2018 13:00,14.70300007,14.70300007,-2.9239367079239678
5/14/2018 14:00,15.0539999,15.0539999,-2.6652353046341517
5/14/2018 15:00,16.81299973,16.81299973,-2.961685826633733
5/14/2018 16:00,16.32099915,16.32099915,-2.841172329337148
5/14/2018 17:00,16.60199928,16.60199928,-2.8648633549403293
5/14/2018 18:00,16.18000031,16.18000031,-3.0872358198585808
5/14/2018 19:00,15.75800037,15.75800037,-3.132278612118484
5/14/2018 20:00,15.33600044,15.33600044,-3.144606201885613
5/14/2018 21:00,15.33600044,15.33600044,-3.2652736398499784
5/14/2018 22:00,14.98400021,14.98400021,-3.314242987657729
5/14/2018 23:00,14.70300007,14.70300007,-3.3325615003260904
5/15/2018 0:00,14.56200027,14.56200027,-3.382951655487888
5/15/2018 1:00,14.14000034,14.14000034,-3.3930575281811493
5/15/2018 2:00,14.49100018,14.49100018,-3.375229186992078
5/15/2018 3:00,14.56200027,14.56200027,-3.45585846166894
5/15/2018 4:00,14.27999973,14.27999973,-3.5280768505906845
5/15/2018 5:00,14.14000034,14.14000034,-3.5650584948279325
5/15/2018 6:00,14.35099983,14.35099983,-3.7004927468398616
5/15/2018 7:00,14.56200027,14.56200027,-3.866717681162561
5/15/2018 8:00,16.03899956,16.03899956,-3.7345410198674753
5/15/2018 9:00,16.46100044,16.46100044,-3.74471283981982
5/15/2018 10:00,15.19499969,15.19499969,-3.5405367692568634
5/15/2018 11:00,14.14000034,14.14000034,-3.194339993000648
5/15/2018 12:00,15.40600014,15.40600014,-3.321833908471848
5/15/2018 13:00,14.42099953,14.42099953,-3.042905110787336
5/15/2018 14:00,15.75800037,15.75800037,-2.784244267724545
5/15/2018 15:00,16.18000031,16.18000031,-3.080735349951152
5/15/2018 16:00,16.88299942,16.88299942,-2.960262412881592
5/15/2018 17:00,16.25,16.25,-2.9839939987117976
5/15/2018 18:00,17.16500092,17.16500092,-3.206407023857074
5/15/2018 19:00,16.88299942,16.88299942,-3.2514903763440026
5/15/2018 20:00,16.32099915,16.32099915,-3.263858526338157
5/15/2018 21:00,15.96899986,15.96899986,-3.3845665245295464
5/15/2018 22:00,15.89799976,15.89799976,-3.4335764325643225
5/15/2018 23:00,15.68700027,15.68700027,-3.4519355054597085
5/16/2018 0:00,15.96899986,15.96899986,-3.502366220848531
5/16/2018 1:00,16.25,16.25,-3.5125126537688174
5/16/2018 2:00,16.10899925,16.10899925,-3.494724872806771
5/16/2018 3:00,16.10899925,16.10899925,-3.5753947077106587
5/16/2018 4:00,16.25,16.25,-3.647653656859428
5/16/2018 5:00,16.46100044,16.46100044,-3.6846758613237
5/16/2018 6:00,16.88299942,16.88299942,-3.820150673562654
5/16/2018 7:00,16.67200089,16.67200089,-3.9864161681123775
5/16/2018 8:00,15.68700027,15.68700027,-3.8542800670443182
5/16/2018 9:00,14.84300041,14.84300041,-3.864492447223688
5/16/2018 10:00,15.33600044,15.33600044,-3.660356936887756
5/16/2018 11:00,14.98400021,14.98400021,-3.3142007208585644
5/16/2018 12:00,14.70300007,14.70300007,-3.441735196556789
5/16/2018 13:00,14.98400021,14.98400021,-3.162846959099303
5/16/2018 14:00,15.68700027,15.68700027,-2.904226676263537
5/16/2018 15:00,16.74300003,16.74300003,-3.200758318717169
5/16/2018 16:00,16.10899925,16.10899925,-3.0803259418746336
5/16/2018 17:00,16.32099915,16.32099915,-3.1040980879318645
5/16/2018 18:00,15.82800007,15.82800007,-3.3265516733041656
5/16/2018 19:00,15.54699993,15.54699993,-3.3716755860181187
5/16/2018 20:00,16.32099915,16.32099915,-3.384084296239297
5/16/2018 21:00,16.03899956,16.03899956,-3.504832854657712
5/16/2018 22:00,16.67200089,16.67200089,-3.5538833229195133
5/16/2018 23:00,15.0539999,15.0539999,-3.5722829560419243
5/17/2018 0:00,16.10899925,16.10899925,-3.622754231657771
5/17/2018 1:00,16.60199928,16.60199928,-3.6329412248050814
5/17/2018 2:00,14.63199997,14.63199997,-3.615194004070061
5/17/2018 3:00,12.23999977,12.23999977,-3.695904399200973
5/17/2018 4:00,9.708000183,9.708000183,-3.7682039085767673
5/17/2018 5:00,8.652999878,8.652999878,-3.805266673268064
5/17/2018 6:00,9.98900032,9.98900032,-3.9407820457340432
5/17/2018 7:00,10.97399998,10.97399998,-4.107088100510792
5/17/2018 8:00,8.090000153,8.090000153,-3.9749925596697566
5/17/2018 9:00,11.32600021,11.32600021,-3.98524550007615
5/17/2018 10:00,12.38099957,12.38099957,-3.781150549967244
5/17/2018 11:00,13.15499973,13.15499973,-3.435034894165077
5/17/2018 12:00,12.52200031,12.52200031,-3.5626099300903267
5/17/2018 13:00,13.01399994,13.01399994,-3.283762252859865
5/17/2018 14:00,13.50699997,13.50699997,-3.025182530251124
5/17/2018 15:00,13.50699997,13.50699997,-3.32175473293178
5/17/2018 16:00,13.9989996,13.9989996,-3.20136291631627
5/17/2018 17:00,13.78800011,13.78800011,-3.225175622600525
5/17/2018 18:00,14.14000034,14.14000034,-3.447669768199851
5/17/2018 19:00,13.78800011,13.78800011,-3.4928342411408293
5/17/2018 20:00,13.50699997,13.50699997,-3.5052835115890333
5/17/2018 21:00,13.15499973,13.15499973,-3.626072630234473
5/17/2018 22:00,13.43599987,13.43599987,-3.6751636587232985
5/17/2018 23:00,13.36600018,13.36600018,-3.6936038520727337
5/18/2018 0:00,12.94400024,12.94400024,-3.7441156879156057
5/18/2018 1:00,12.94400024,12.94400024,-3.754343241289942
5/18/2018 2:00,13.36600018,13.36600018,-3.736636580781945
5/18/2018 3:00,13.08500004,13.08500004,-3.8173875361398815
5/18/2018 4:00,13.08500004,13.08500004,-3.889727605742701
5/18/2018 5:00,12.80300045,12.80300045,-3.926830930661024
5/18/2018 6:00,13.01399994,13.01399994,-4.062386863354027
5/18/2018 7:00,12.94400024,12.94400024,-4.228733478357801
5/18/2018 8:00,12.8739996,12.8739996,-4.09667849774379
5/18/2018 9:00,12.52200031,12.52200031,-4.106971998377209
5/18/2018 10:00,12.52200031,12.52200031,-3.902917608495328
5/18/2018 11:00,12.7329998,12.7329998,-3.556842512920185
5/18/2018 12:00,12.80300045,12.80300045,-3.68445810907246
5/18/2018 13:00,12.59200001,12.59200001,-3.4056509920690234
5/18/2018 14:00,12.8739996,12.8739996,-3.147111829687306
5/18/2018 15:00,12.7329998,12.7329998,-3.443724592594988
5/18/2018 16:00,9.425999641,9.425999641,-3.323373336206502
5/18/2018 17:00,8.090000153,8.090000153,-3.3472266027177824
5/18/2018 18:00,6.330999851,6.330999851,-3.569761308544133
5/18/2018 19:00,5.346000195,5.346000195,-3.614966341712136
5/18/2018 20:00,6.40199995,6.40199995,-3.627456172387365
5/18/2018 21:00,8.300999641,8.300999641,-3.748285851259829
5/18/2018 22:00,8.652999878,8.652999878,-3.79741743997568
5/18/2018 23:00,8.512000084,8.512000084,-3.8158981935521408
5/19/2018 0:00,8.512000084,8.512000084,-3.866450589622037
5/19/2018 1:00,8.512000084,8.512000084,-3.876718703223398
5/19/2018 2:00,8.230999947,8.230999947,-3.8590526029424255
5/19/2018 3:00,8.512000084,8.512000084,-3.939844118527388
5/19/2018 4:00,7.809000015,7.809000015,-4.012224748357232
5/19/2018 5:00,7.737999916,7.737999916,-4.04936863350258
5/19/2018 6:00,7.737999916,7.737999916,-4.184965126422608
5/19/2018 7:00,7.948999882,7.948999882,-4.351352301653407
5/19/2018 8:00,7.879000187,7.879000187,-4.219337881266421
5/19/2018 9:00,7.105000019,7.105000019,-4.229671942126865
5/19/2018 10:00,7.597000122,7.597000122,-4.025658112472008
5/19/2018 11:00,7.456999779,7.456999779,-3.6796235771238894
5/19/2018 12:00,7.809000015,7.809000015,-3.807279733503189
5/19/2018 13:00,7.879000187,7.879000187,-3.528513176726777
5/19/2018 14:00,8.020000458,8.020000458,-3.2700145745720857
5/19/2018 15:00,7.668000221,7.668000221,-3.5666678977067914
5/19/2018 16:00,7.456999779,7.456999779,-3.446357201545331
5/19/2018 17:00,7.034999847,7.034999847,-3.470251028283636
5/19/2018 18:00,7.175000191,7.175000191,-3.692826294337012
5/19/2018 19:00,7.034999847,7.034999847,-3.73807188773204
5/19/2018 20:00,6.894000053,6.894000053,-3.750602278634293
5/19/2018 21:00,7.386000156,7.386000156,-3.8714725177337823
5/19/2018 22:00,7.315999985,7.315999985,-3.9206446666766577
5/19/2018 23:00,7.105000019,7.105000019,-3.9391659804801424
5/20/2018 0:00,7.105000019,7.105000019,-3.989758936777064
5/20/2018 1:00,7.105000019,7.105000019,-4.00006761060545
5/20/2018 2:00,6.964000225,6.964000225,-3.982442070551503
5/20/2018 3:00,6.752999783,6.752999783,-4.06327414636349
5/20/2018 4:00,6.823999882,6.823999882,-4.135695336420359
5/20/2018 5:00,6.823999882,6.823999882,-4.17287978179273
5/20/2018 6:00,6.752999783,6.752999783,-4.308516834939784
5/20/2018 7:00,6.823999882,6.823999882,-4.474944570397608
5/20/2018 8:00,7.105000019,7.105000019,-4.342970710237648
5/20/2018 9:00,7.245999813,7.245999813,-4.353345331325115
5/20/2018 10:00,7.386000156,7.386000156,-4.1493720618972825
5/20/2018 11:00,7.175000191,7.175000191,-3.803378086776191
5/20/2018 12:00,6.964000225,6.964000225,-3.9310748033825145
5/20/2018 13:00,6.823999882,6.823999882,-3.652348806833128
5/20/2018 14:00,6.683000088,6.683000088,-3.3938907649054606
5/20/2018 15:00,6.330999851,6.330999851,-3.690584648267192
5/20/2018 16:00,6.541999817,6.541999817,-3.570314512332756
5/20/2018 17:00,4.361999989,4.361999989,-3.5942488992980857
5/20/2018 18:00,5.55700016,5.55700016,-3.8168647255784864
5/20/2018 19:00,5.627999783,5.627999783,-3.8621508792005392
5/20/2018 20:00,5.979000092,5.979000092,-3.8747218303298174
5/20/2018 21:00,5.697999954,5.697999954,-3.995632629656332
5/20/2018 22:00,5.90899992,5.90899992,-4.044845338826232
5/20/2018 23:00,5.768000126,5.768000126,-4.063407212856742
5/21/2018 0:00,5.697999954,5.697999954,-4.114040729380688
5/21/2018 1:00,5.416999817,5.416999817,-4.1243899634361
5/21/2018 2:00,5.768000126,5.768000126,-4.106804983609177
5/21/2018 3:00,5.627999783,5.627999783,-4.187677619648189
5/21/2018 4:00,5.697999954,5.697999954,-4.260139369932081
5/21/2018 5:00,6.050000191,6.050000191,-4.297364375531478
5/21/2018 6:00,5.90899992,5.90899992,-4.433041988905557
5/21/2018 7:00,5.979000092,5.979000092,-4.599510284590405
5/21/2018 8:00,6.050000191,6.050000191,-4.467576984657468
5/21/2018 9:00,6.472000122,6.472000122,-4.477992165971961
5/21/2018 10:00,6.40199995,6.40199995,-4.274059456771154
5/21/2018 11:00,6.40199995,6.40199995,-3.928106041877087
5/21/2018 12:00,6.752999783,6.752999783,-4.055843318710435
5/21/2018 13:00,7.105000019,7.105000019,-3.7771578823880736
5/21/2018 14:00,7.175000191,7.175000191,-3.518740400687431
5/21/2018 15:00,7.315999985,7.315999985,-3.8154748442761863
5/21/2018 16:00,5.627999783,5.627999783,-3.695245268568776
5/21/2018 17:00,4.43200016,4.43200016,-3.719220215761131
5/21/2018 18:00,6.472000122,6.472000122,-3.941876602268557
5/21/2018 19:00,6.472000122,6.472000122,-3.987203316117634
5/21/2018 20:00,6.894000053,6.894000053,-3.9998148274739367
5/21/2018 21:00,6.612999916,6.612999916,-4.120766187027476
5/21/2018 22:00,6.894000053,6.894000053,-4.170019456424401
5/21/2018 23:00,6.683000088,6.683000088,-4.188621890681937
5/22/2018 0:00,6.964000225,6.964000225,-4.239295967432908
5/22/2018 1:00,7.315999985,7.315999985,-4.249685761715344
5/22/2018 2:00,7.456999779,7.456999779,-4.232141342115447
5/22/2018 3:00,7.879000187,7.879000187,-4.313054538381483
5/22/2018 4:00,8.300999641,8.300999641,-4.385556848892401
5/22/2018 5:00,9.00399971,9.00399971,-4.422822414718823
5/22/2018 6:00,9.145000458,9.145000458,-4.558540588319926
5/22/2018 7:00,7.456999779,7.456999779,-4.725049444231799
5/22/2018 8:00,6.823999882,6.823999882,-4.593156704525888
5/22/2018 9:00,6.683000088,6.683000088,-4.603612446067406
5/22/2018 10:00,6.40199995,6.40199995,-4.399720297093624
5/22/2018 11:00,3.727999926,3.727999926,-4.0538074424265815
5/22/2018 12:00,4.150000095,4.150000095,-4.181585279486956
5/22/2018 13:00,6.541999817,6.541999817,-3.9029404033916175
5/22/2018 14:00,6.964000225,6.964000225,-3.644563481918001
5/22/2018 15:00,6.261000156,6.261000156,-3.941338485733781
5/22/2018 16:00,6.119999886,6.119999886,-3.821149470253395
5/22/2018 17:00,6.894000053,6.894000053,-3.8451649776727743
5/22/2018 18:00,6.261000156,6.261000156,-4.067861924407225
5/22/2018 19:00,7.034999847,7.034999847,-4.113229198483327
5/22/2018 20:00,7.52699995,7.52699995,-4.125881270066654
5/22/2018 21:00,7.737999916,7.737999916,-4.246873189847218
5/22/2018 22:00,7.809000015,7.809000015,-4.296167019471168
5/22/2018 23:00,6.752999783,6.752999783,-4.314810013955728
5/23/2018 0:00,7.105000019,7.105000019,-4.365524650933724
5/23/2018 1:00,6.612999916,6.612999916,-4.375955005443183
5/23/2018 2:00,6.823999882,6.823999882,-4.358451146070311
5/23/2018 3:00,6.472000122,6.472000122,-4.439404902563371
5/23/2018 4:00,7.597000122,7.597000122,-4.511947773301315
5/23/2018 5:00,6.894000053,6.894000053,-4.5492538993547615
5/23/2018 6:00,7.668000221,7.668000221,-4.685012633182889
5/23/2018 7:00,9.215000153,9.215000153,-4.851562049321787
5/23/2018 8:00,9.848999977,9.848999977,-4.719709869842901
5/23/2018 9:00,9.00399971,9.00399971,-4.730206171611444
5/23/2018 10:00,9.286000252,9.286000252,-4.526354582864687
5/23/2018 11:00,9.567000389,9.567000389,-4.1804822884246695
5/23/2018 12:00,9.215000153,9.215000153,-4.3083006857120685
5/23/2018 13:00,9.215000153,9.215000153,-4.029696369843755
5/23/2018 14:00,10.48200035,10.48200035,-3.7713600085971626
5/23/2018 15:00,11.95899963,11.95899963,-4.068175572639968
5/23/2018 16:00,11.67800045,11.67800045,-3.9480271173866064
5/23/2018 17:00,11.67800045,11.67800045,-3.972083185033011
5/23/2018 18:00,11.46700001,11.46700001,-4.194820691994486
5/23/2018 19:00,9.918999672,9.918999672,-4.240228526297613
5/23/2018 20:00,9.496999741,9.496999741,-4.252921158107966
5/23/2018 21:00,9.425999641,9.425999641,-4.373953638115554
5/23/2018 22:00,9.286000252,9.286000252,-4.423288027966529
5/23/2018 23:00,8.793000221,8.793000221,-4.441971582678113
5/24/2018 0:00,8.442000389,8.442000389,-4.492726779883134
5/24/2018 1:00,8.722999573,8.722999573,-4.50319769461962
5/24/2018 2:00,8.37100029,8.37100029,-4.485734395473772
5/24/2018 3:00,8.300999641,8.300999641,-4.566728712193858
5/24/2018 4:00,8.230999947,8.230999947,-4.6393121431588265
5/24/2018 5:00,8.159999847,8.159999847,-4.676658829439297
5/24/2018 6:00,8.512000084,8.512000084,-4.81245812349445
5/24/2018 7:00,9.145000458,9.145000458,-4.979048099860373
5/24/2018 8:00,9.286000252,9.286000252,-4.847236480608512
5/24/2018 9:00,9.637999535,9.637999535,-4.85777334260408
5/24/2018 10:00,8.86400032,8.86400032,-4.653962314084347
5/24/2018 11:00,9.567000389,9.567000389,-4.308130579871354
5/24/2018 12:00,9.496999741,9.496999741,-4.435989537385776
5/24/2018 13:00,9.074999809,9.074999809,-4.157425781744489
5/24/2018 14:00,9.777999878,9.777999878,-3.899129980724921
5/24/2018 15:00,11.18500042,11.18500042,-4.195986104994751
5/24/2018 16:00,10.76299953,10.76299953,-4.075878209968415
5/24/2018 17:00,9.918999672,9.918999672,-4.099974837841844
5/24/2018 18:00,10.3409996,10.3409996,-4.322752905030344
5/24/2018 19:00,9.918999672,9.918999672,-4.368201299560496
5/24/2018 20:00,9.918999672,9.918999672,-4.380934491597873
5/24/2018 21:00,9.425999641,9.425999641,-4.502007531832487
5/24/2018 22:00,9.355999947,9.355999947,-4.551382481910487
5/24/2018 23:00,9.215000153,9.215000153,-4.570106596849096
5/25/2018 0:00,8.722999573,8.722999573,-4.620902354281142
5/25/2018 1:00,8.512000084,8.512000084,-4.631413829244653
5/25/2018 2:00,8.652999878,8.652999878,-4.613991090325829
5/25/2018 3:00,7.737999916,7.737999916,-4.69502596727294
5/25/2018 4:00,8.512000084,8.512000084,-4.767649958464933
5/25/2018 5:00,9.00399971,9.00399971,-4.805037204972429
5/25/2018 6:00,9.145000458,9.145000458,-4.940877059254607
5/25/2018 7:00,9.425999641,9.425999641,-5.107507595847554
5/25/2018 8:00,9.145000458,9.145000458,-4.975736536822717
5/25/2018 9:00,9.777999878,9.777999878,-4.986313959045309
5/25/2018 10:00,9.918999672,9.918999672,-4.782543490752601
5/25/2018 11:00,9.425999641,9.425999641,-4.436752316766633
5/25/2018 12:00,9.215000153,9.215000153,-4.564651834508081
5/25/2018 13:00,9.215000153,9.215000153,-4.2861286390938185
5/25/2018 14:00,8.86400032,8.86400032,-4.027873398301275
5/25/2018 15:00,8.652999878,8.652999878,-4.324770082798129
5/25/2018 16:00,8.512000084,8.512000084,-4.204702747998818
5/25/2018 17:00,8.86400032,8.86400032,-4.228839936099272
5/25/2018 18:00,5.979000092,5.979000092,-4.451658563514797
5/25/2018 19:00,6.823999882,6.823999882,-4.497147518271974
5/25/2018 20:00,5.768000126,5.768000126,-4.509921270536377
5/25/2018 21:00,6.261000156,6.261000156,-4.631034870998015
5/25/2018 22:00,5.697999954,5.697999954,-4.680450381303039
5/25/2018 23:00,6.261000156,6.261000156,-4.699215056468673
5/26/2018 0:00,7.52699995,7.52699995,-4.750051374127744
5/26/2018 1:00,8.090000153,8.090000153,-4.760603409318279
5/26/2018 2:00,7.456999779,7.456999779,-4.743221230626481
5/26/2018 3:00,7.52699995,7.52699995,-4.824296667800617
5/26/2018 4:00,8.230999947,8.230999947,-4.896961219219634
5/26/2018 5:00,8.512000084,8.512000084,-4.934389025954155
5/26/2018 6:00,8.512000084,8.512000084,-5.070269440463357
5/26/2018 7:00,8.37100029,8.37100029,-5.2369405372833295
5/26/2018 8:00,7.597000122,7.597000122,-5.1052100384855175
5/26/2018 9:00,8.442000389,8.442000389,-5.115828020935135
5/26/2018 10:00,8.159999847,8.159999847,-4.912098112869452
5/26/2018 11:00,8.300999641,8.300999641,-4.566347499110509
5/26/2018 12:00,8.722999573,8.722999573,-4.694287577078982
5/26/2018 13:00,9.425999641,9.425999641,-4.415804941891744
5/26/2018 14:00,9.215000153,9.215000153,-4.157590261326226
5/26/2018 15:00,9.355999947,9.355999947,-4.4545275060501055
5/26/2018 16:00,9.425999641,9.425999641,-4.334500731477819
5/26/2018 17:00,9.074999809,9.074999809,-4.358678479805298
5/26/2018 18:00,8.86400032,8.86400032,-4.581537667447848
5/26/2018 19:00,8.934000015,8.934000015,-4.627067182432049
5/26/2018 20:00,8.37100029,8.37100029,-4.639881494923476
5/26/2018 21:00,9.425999641,9.425999641,-4.7610356556121385
5/26/2018 22:00,8.86400032,8.86400032,-4.810491726144188
5/26/2018 23:00,9.00399971,9.00399971,-4.829296961536848
5/27/2018 0:00,8.37100029,8.37100029,-4.880173839422943
5/27/2018 1:00,8.86400032,8.86400032,-4.8907664348405016
5/27/2018 2:00,9.425999641,9.425999641,-4.873424816375729
5/27/2018 3:00,9.215000153,9.215000153,-4.954540813776888
5/27/2018 4:00,9.425999641,9.425999641,-5.027245925422931
5/27/2018 5:00,9.355999947,9.355999947,-5.064714292384477
5/27/2018 6:00,9.918999672,9.918999672,-5.200635267120704
5/27/2018 7:00,9.777999878,9.777999878,-5.367346924167702
5/27/2018 8:00,9.286000252,9.286000252,-5.235656985596915
5/27/2018 9:00,9.567000389,9.567000389,-5.246315528273557
5/27/2018 10:00,9.567000389,9.567000389,-5.042626180434899
5/27/2018 11:00,9.215000153,9.215000153,-4.696916126902981
5/27/2018 12:00,10.13000011,10.13000011,-4.82489676509848
5/27/2018 13:00,10.76299953,10.76299953,-4.546454690138265
5/27/2018 14:00,10.62199974,10.62199974,-4.288280569799772
5/27/2018 15:00,11.5369997,11.5369997,-4.585258374750677
5/27/2018 16:00,11.60700035,11.60700035,-4.465272160405415
5/27/2018 17:00,11.32600021,11.32600021,-4.489490468959919
5/27/2018 18:00,11.46700001,11.46700001,-4.712390216829493
5/27/2018 19:00,10.48200035,10.48200035,-4.757960292040719
5/27/2018 20:00,10.13000011,10.13000011,-4.7708151647591714
5/27/2018 21:00,9.918999672,9.918999672,-4.89200988567486
5/27/2018 22:00,9.848999977,9.848999977,-4.941506516433934
5/27/2018 23:00,10.19999981,10.19999981,-4.960352312053617
5/28/2018 0:00,10.06000042,10.06000042,-5.011269750166737
5/28/2018 1:00,10.13000011,10.13000011,-5.021902905811322
5/28/2018 2:00,10.13000011,10.13000011,-5.004601847573573
5/28/2018 3:00,9.918999672,9.918999672,-5.085758405201759
5/28/2018 4:00,9.708000183,9.708000183,-5.158504077074826
5/28/2018 5:00,9.918999672,9.918999672,-5.196013004263397
5/28/2018 6:00,10.19999981,10.19999981,-5.331974539226649
5/28/2018 7:00,10.97399998,10.97399998,-5.498726756500671
5/28/2018 8:00,10.48200035,10.48200035,-5.367077378156909
5/28/2018 9:00,10.41100025,10.41100025,-5.377776481060577
5/28/2018 10:00,10.27099991,10.27099991,-5.174127693448943
5/28/2018 11:00,10.69299984,10.69299984,-4.82845820014405
5/28/2018 12:00,10.55200005,10.55200005,-4.956479398566572
5/28/2018 13:00,10.69299984,10.69299984,-4.678077883833383
5/28/2018 14:00,11.32600021,11.32600021,-4.419944323721915
5/28/2018 15:00,11.95899963,11.95899963,-4.716962688899844
5/28/2018 16:00,11.5369997,11.5369997,-4.597017034781608
5/28/2018 17:00,11.46700001,11.46700001,-4.621275903563136
5/28/2018 18:00,11.25599957,11.25599957,-4.844216211659735
5/28/2018 19:00,11.11499977,11.11499977,-4.889826847097987
5/28/2018 20:00,10.76299953,10.76299953,-4.902722280043464
5/28/2018 21:00,10.69299984,10.69299984,-5.023957561186177
5/28/2018 22:00,10.76299953,10.76299953,-5.073494752172276
5/28/2018 23:00,10.55200005,10.55200005,-5.0923811080189845
5/29/2018 0:00,10.62199974,10.62199974,-5.14333910635913
5/29/2018 1:00,10.48200035,10.48200035,-5.154012822230739
5/29/2018 2:00,10.48200035,10.48200035,-5.136752324220016
5/29/2018 3:00,10.69299984,10.69299984,-5.217949442075226
5/29/2018 4:00,10.83300018,10.83300018,-5.290735674175319
5/29/2018 5:00,10.69299984,10.69299984,-5.328285161590913
5/29/2018 6:00,10.76299953,10.76299953,-5.464287256781191
5/29/2018 7:00,10.69299984,10.69299984,-5.631080034282238
5/29/2018 8:00,11.67800045,11.67800045,-5.499471216165501
5/29/2018 9:00,11.74800014,11.74800014,-5.510210879296192
5/29/2018 10:00,11.81799984,11.81799984,-5.306602651911584
5/29/2018 11:00,11.88899994,11.88899994,-4.960973718833714
5/29/2018 12:00,12.02900028,12.02900028,-5.089035477483262
5/29/2018 13:00,11.81799984,11.81799984,-4.810674522977099
5/29/2018 14:00,12.38099957,12.38099957,-4.552581523092655
5/29/2018 15:00,11.60700035,11.60700035,-4.84964044849761
5/29/2018 16:00,11.32600021,11.32600021,-4.729735354606397
5/29/2018 17:00,11.60700035,11.60700035,-4.754034783614952
5/29/2018 18:00,10.90400028,10.90400028,-4.977015651938575
5/29/2018 19:00,10.76299953,10.76299953,-5.022666847603851
5/29/2018 20:00,10.3409996,10.3409996,-5.035602840776353
5/29/2018 21:00,9.637999535,9.637999535,-5.156878682146092
5/29/2018 22:00,10.41100025,10.41100025,-5.206456433359215
5/29/2018 23:00,10.13000011,10.13000011,-5.225383349432948
5/30/2018 0:00,9.918999672,9.918999672,-5.276381908000118
5/30/2018 1:00,10.13000011,10.13000011,-5.287096184098753
5/30/2018 2:00,9.777999878,9.777999878,-5.269876246315054
5/30/2018 3:00,10.19999981,10.19999981,-5.351113924397289
5/30/2018 4:00,9.777999878,9.777999878,-5.423940716724405
5/30/2018 5:00,9.145000458,9.145000458,-5.4615307643670254
5/30/2018 6:00,9.98900032,9.98900032,-5.597573419784328
5/30/2018 7:00,10.55200005,10.55200005,-5.7644067575124
5/30/2018 8:00,10.90400028,10.90400028,-5.632838499622686
5/30/2018 9:00,11.46700001,11.46700001,-5.643618722980403
5/30/2018 10:00,11.5369997,11.5369997,-5.440051055822819
5/30/2018 11:00,11.60700035,11.60700035,-5.094462682971975
5/30/2018 12:00,11.67800045,11.67800045,-5.222565001848547
5/30/2018 13:00,11.5369997,11.5369997,-4.944244607569408
5/30/2018 14:00,11.67800045,11.67800045,-4.686192167911989
5/30/2018 15:00,12.02900028,12.02900028,-4.983291653543969
5/30/2018 16:00,11.32600021,11.32600021,-4.863427119879781
5/30/2018 17:00,11.25599957,11.25599957,-4.88776710911536
5/30/2018 18:00,10.55200005,10.55200005,-5.110788537666009
5/30/2018 19:00,10.62199974,10.62199974,-5.15648029355831
5/30/2018 20:00,10.97399998,10.97399998,-5.1694568469578375
5/30/2018 21:00,10.3409996,10.3409996,-5.290773248554599
5/30/2018 22:00,10.13000011,10.13000011,-5.340391559994748
5/30/2018 23:00,9.918999672,9.918999672,-5.359359036295507
5/31/2018 0:00,10.41100025,10.41100025,-5.410398155089702
5/31/2018 1:00,10.41100025,10.41100025,-5.421152991415361
5/31/2018 2:00,10.41100025,10.41100025,-5.403973613858687
5/31/2018 3:00,10.41100025,10.41100025,-5.485251852167947
5/31/2018 4:00,10.41100025,10.41100025,-5.558119204722089
5/31/2018 5:00,10.41100025,10.41100025,-5.595749812591734
5/31/2018 6:00,10.41100025,10.41100025,-5.731833028236061
5/31/2018 7:00,10.41100025,10.41100025,-5.898706926191157
5/31/2018 8:00,10.41100025,10.41100025,-5.7671792285284695
5/31/2018 9:00,10.41100025,10.41100025,-5.778000012113211
5/31/2018 10:00,10.41100025,10.41100025,-5.5744729051826525
5/31/2018 11:00,10.41100025,10.41100025,-5.228925092558834
5/31/2018 12:00,10.41100025,10.41100025,-5.357067971662431
5/31/2018 13:00,10.41100025,10.41100025,-5.078788137610317
5/31/2018 14:00,10.41100025,10.41100025,-4.820776258179923
5/31/2018 15:00,10.41100025,10.41100025,-5.117916304038928
5/31/2018 16:00,10.41100025,10.41100025,-4.998092330601764
5/31/2018 17:00,10.41100025,10.41100025,-5.022472880064368
5/31/2018 18:00,10.41100025,10.41100025,-5.245534868842042
5/31/2018 19:00,10.41100025,10.41100025,-5.291267184961368
5/31/2018 20:00,10.41100025,10.41100025,-5.304284298587918
5/31/2018 21:00,10.41100025,10.41100025,-5.425641260411705
5/31/2018 22:00,10.41100025,10.41100025,-5.475300132078879
5/31/2018 23:00,10.41100025,10.41100025,-5.494308168606662
6/1/2018 0:00,8.512000084,8.512000084,-5.5453878476278815
6/1/2018 1:00,8.512000084,8.512000084,-5.5561832441805645
6/1/2018 2:00,8.230999947,8.230999947,-5.539044426850916
6/1/2018 3:00,8.300999641,8.300999641,-5.6203632253872
6/1/2018 4:00,8.37100029,8.37100029,-5.693271138168367
6/1/2018 5:00,8.230999947,8.230999947,-5.730942306265037
6/1/2018 6:00,8.581999779,8.581999779,-5.867066082136388
6/1/2018 7:00,9.425999641,9.425999641,-6.03398054031851
6/1/2018 8:00,10.83300018,10.83300018,-5.902493402882847
6/1/2018 9:00,10.48200035,10.48200035,-5.913354746694614
6/1/2018 10:00,9.777999878,9.777999878,-5.70986819999108
6/1/2018 11:00,9.848999977,9.848999977,-5.364360947594286
6/1/2018 12:00,9.918999672,9.918999672,-5.492544386924908
6/1/2018 13:00,10.41100025,10.41100025,-5.214305113099818
6/1/2018 14:00,10.90400028,10.90400028,-4.956333793896449
6/1/2018 15:00,11.67800045,11.67800045,-5.253514399982477
6/1/2018 16:00,12.02900028,12.02900028,-5.13373098677234
6/1/2018 17:00,11.88899994,11.88899994,-5.158152096461968
6/1/2018 18:00,11.32600021,11.32600021,-5.381254645466666
6/1/2018 19:00,10.90400028,10.90400028,-5.427027521813017
6/1/2018 20:00,10.83300018,10.83300018,-5.440085195666593
6/1/2018 21:00,10.48200035,10.48200035,-5.561482717717405
6/1/2018 22:00,10.41100025,10.41100025,-5.611182149611603
6/1/2018 23:00,10.27099991,10.27099991,-5.630230746366411
6/2/2018 0:00,9.98900032,9.98900032,-5.681350985614656
6/2/2018 1:00,9.567000389,9.567000389,-5.692186942394365
6/2/2018 2:00,9.215000153,9.215000153,-5.67508868529174
6/2/2018 3:00,9.215000153,9.215000153,-5.75644804405505
6/2/2018 4:00,8.512000084,8.512000084,-5.829396517063242
6/2/2018 5:00,8.934000015,8.934000015,-5.867108245386936
6/2/2018 6:00,8.934000015,8.934000015,-6.003272581485312
6/2/2018 7:00,8.652999878,8.652999878,-6.170227599894459
6/2/2018 8:00,8.722999573,8.722999573,-6.038781022685821
6/2/2018 9:00,8.722999573,8.722999573,-6.049682926724613
6/2/2018 10:00,9.215000153,9.215000153,-5.846236940248104
6/2/2018 11:00,9.637999535,9.637999535,-5.500770248078333
6/2/2018 12:00,10.48200035,10.48200035,-5.62899424763598
6/2/2018 13:00,10.19999981,10.19999981,-5.350795534037916
6/2/2018 14:00,10.3409996,10.3409996,-5.092864775061572
6/2/2018 15:00,10.19999981,10.19999981,-5.3900859413746245
6/2/2018 16:00,11.11499977,11.11499977,-5.270343088391511
6/2/2018 17:00,10.48200035,10.48200035,-5.294804758308165
6/2/2018 18:00,10.06000042,10.06000042,-5.517947867539887
6/2/2018 19:00,9.567000389,9.567000389,-5.563761304113263
6/2/2018 20:00,9.425999641,9.425999641,-5.576859538193864
6/2/2018 21:00,9.567000389,9.567000389,-5.698297620471702
6/2/2018 22:00,9.848999977,9.848999977,-5.748037612592925
6/2/2018 23:00,9.637999535,9.637999535,-5.767126769574758
6/3/2018 0:00,9.286000252,9.286000252,-5.818287569050027
6/3/2018 1:00,9.496999741,9.496999741,-5.829164086056761
6/3/2018 2:00,9.496999741,9.496999741,-5.812106389181161
6/3/2018 3:00,9.637999535,9.637999535,-5.893506308171496
6/3/2018 4:00,9.567000389,9.567000389,-5.966495341406712
6/3/2018 5:00,9.848999977,9.848999977,-6.004247629957431
6/3/2018 6:00,9.567000389,9.567000389,-6.140452526282833
6/3/2018 7:00,9.355999947,9.355999947,-6.307448104919004
6/3/2018 8:00,9.425999641,9.425999641,-6.176042087937391
6/3/2018 9:00,9.637999535,9.637999535,-6.186984552203207
6/3/2018 10:00,9.918999672,9.918999672,-5.983579125953722
6/3/2018 11:00,10.62199974,10.62199974,-5.638152994010977
6/3/2018 12:00,10.69299984,10.69299984,-5.766417553795649
6/3/2018 13:00,10.97399998,10.97399998,-5.488259400424609
6/3/2018 14:00,12.23999977,12.23999977,-5.23036920167529
6/3/2018 15:00,12.6619997,12.6619997,-5.527630928215368
6/3/2018 16:00,13.43599987,13.43599987,-5.40792863545928
6/3/2018 17:00,13.08500004,13.08500004,-5.432430865602957
6/3/2018 18:00,11.67800045,11.67800045,-5.655614535061706
6/3/2018 19:00,11.04399967,11.04399967,-5.701468531862107
6/3/2018 20:00,10.55200005,10.55200005,-5.714607326169733
6/3/2018 21:00,9.567000389,9.567000389,-5.8360859686745945
6/3/2018 22:00,9.425999641,9.425999641,-5.885866521022842
6/3/2018 23:00,8.722999573,8.722999573,-5.9049962382317
6/4/2018 0:00,8.442000389,8.442000389,-5.956197597933994
6/4/2018 1:00,9.215000153,9.215000153,-5.967114675167752
6/4/2018 2:00,9.425999641,9.425999641,-5.950097538519178
6/4/2018 3:00,9.637999535,9.637999535,-6.031538017736538
6/4/2018 4:00,9.708000183,9.708000183,-6.104567611198778
6/4/2018 5:00,9.425999641,9.425999641,-6.142360459976523
6/4/2018 6:00,9.567000389,9.567000389,-6.2786059165289485
6/4/2018 7:00,9.777999878,9.777999878,-6.4456420553921445
6/4/2018 8:00,10.76299953,10.76299953,-6.314276598637556
6/4/2018 9:00,11.18500042,11.18500042,-6.325259623130397
6/4/2018 10:00,11.18500042,11.18500042,-6.121894757107937
6/4/2018 11:00,11.18500042,11.18500042,-5.776509185392218
6/4/2018 12:00,11.81799984,11.81799984,-5.904814305403915
6/4/2018 13:00,11.67800045,11.67800045,-5.6266967122599
6/4/2018 14:00,12.23999977,12.23999977,-5.368847073737605
6/4/2018 15:00,12.38099957,12.38099957,-5.666149360504709
6/4/2018 16:00,11.60700035,11.60700035,-5.546487627975645
6/4/2018 17:00,10.76299953,10.76299953,-5.571030418346347
6/4/2018 18:00,10.06000042,10.06000042,-5.794254648032121
6/4/2018 19:00,9.637999535,9.637999535,-5.8401492050595465
6/4/2018 20:00,9.708000183,9.708000183,-5.853328559594196
6/4/2018 21:00,9.848999977,9.848999977,-5.974847762326083
6/4/2018 22:00,10.27099991,10.27099991,-6.024668874901356
6/4/2018 23:00,10.13000011,10.13000011,-6.043839152337238
6/5/2018 0:00,9.918999672,9.918999672,-6.095081072266557
6/5/2018 1:00,9.637999535,9.637999535,-6.106038709727339
6/5/2018 2:00,9.425999641,9.425999641,-6.08906213330579
6/5/2018 3:00,9.708000183,9.708000183,-6.170543172750173
6/5/2018 4:00,9.918999672,9.918999672,-6.243613326439439
6/5/2018 5:00,9.848999977,9.848999977,-6.2814467354442085
6/5/2018 6:00,9.848999977,9.848999977,-6.4177327522236585
6/5/2018 7:00,10.06000042,10.06000042,-6.58480945131388
6/5/2018 8:00,9.918999672,9.918999672,-6.453484554786316
6/5/2018 9:00,10.13000011,10.13000011,-6.464508139506182
6/5/2018 10:00,9.848999977,9.848999977,-6.261183833710748
6/5/2018 11:00,9.918999672,9.918999672,-5.915838822222053
6/5/2018 12:00,9.777999878,9.777999878,-6.044184502460774
6/5/2018 13:00,10.13000011,10.13000011,-5.766107469543783
6/5/2018 14:00,10.76299953,10.76299953,-5.5082983912485135
6/5/2018 15:00,10.90400028,10.90400028,-5.805641238242641
6/5/2018 16:00,10.97399998,10.97399998,-5.686020065940603
6/5/2018 17:00,10.83300018,10.83300018,-5.710603416538331
6/5/2018 18:00,10.27099991,10.27099991,-5.9338682064511294
6/5/2018 19:00,9.567000389,9.567000389,-5.979803323705578
6/5/2018 20:00,9.286000252,9.286000252,-5.993023238467254
6/5/2018 21:00,9.215000153,9.215000153,-6.1145830014261655
6/5/2018 22:00,8.934000015,8.934000015,-6.164444674228463
6/5/2018 23:00,8.934000015,8.934000015,-6.18365551189137
6/6/2018 0:00,8.581999779,8.581999779,-6.234937992047714
6/6/2018 1:00,8.581999779,8.581999779,-6.245936189735522
6/6/2018 2:00,8.581999779,8.581999779,-6.229000173540997
6/6/2018 3:00,8.512000084,8.512000084,-6.310521773212406
6/6/2018 4:00,8.37100029,8.37100029,-6.383632487128697
6/6/2018 5:00,8.159999847,8.159999847,-6.421506456360491
6/6/2018 6:00,8.512000084,8.512000084,-6.557833033366967
6/6/2018 7:00,9.496999741,9.496999741,-6.724950292684213
6/6/2018 8:00,10.19999981,10.19999981,-6.593665956383674
6/6/2018 9:00,10.27099991,10.27099991,-6.604730101330565
6/6/2018 10:00,9.98900032,9.98900032,-6.401446355762155
6/6/2018 11:00,10.13000011,10.13000011,-6.0561419045004845
6/6/2018 12:00,10.06000042,10.06000042,-6.18452814496623
6/6/2018 13:00,10.55200005,10.55200005,-5.906491672276266
6/6/2018 14:00,12.02900028,12.02900028,-5.648723154208021
6/6/2018 15:00,13.15499973,13.15499973,-5.946106561429174
6/6/2018 16:00,13.29599953,13.29599953,-5.826525949354161
6/6/2018 17:00,12.94400024,12.94400024,-5.8511498601789125
6/6/2018 18:00,13.22500038,13.22500038,-6.074455210318735
6/6/2018 19:00,11.39599991,11.39599991,-6.12043088780021
6/6/2018 20:00,10.90400028,10.90400028,-6.133691362788911
6/6/2018 21:00,11.04399967,11.04399967,-6.255291685974847
6/6/2018 22:00,10.55200005,10.55200005,-6.30519391900417
6/6/2018 23:00,10.27099991,10.27099991,-6.324445316894102
6/7/2018 0:00,9.777999878,9.777999878,-6.375768357277471
6/7/2018 1:00,10.13000011,10.13000011,-6.386807115192304
6/7/2018 2:00,10.13000011,10.13000011,-6.369911659224804
6/7/2018 3:00,9.848999977,9.848999977,-6.451473819123238
6/7/2018 4:00,9.98900032,9.98900032,-6.524625093266554
6/7/2018 5:00,9.918999672,9.918999672,-6.562539622725372
6/7/2018 6:00,10.13000011,10.13000011,-6.698906759958873
6/7/2018 7:00,10.48200035,10.48200035,-6.866064579503144
6/7/2018 8:00,10.69299984,10.69299984,-6.73482080342963
6/7/2018 9:00,10.83300018,10.83300018,-6.745925508603545
6/7/2018 10:00,11.11499977,11.11499977,-6.54268232326216
6/7/2018 11:00,11.5369997,11.5369997,-6.197418432227514
6/7/2018 12:00,11.95899963,11.95899963,-6.325845232920285
6/7/2018 13:00,12.02900028,12.02900028,-6.0478493204573445
6/7/2018 14:00,12.80300045,12.80300045,-5.790121362616124
6/7/2018 15:00,12.7329998,12.7329998,-6.087545330064302
6/7/2018 16:00,12.6619997,12.6619997,-5.968005278216313
6/7/2018 17:00,12.6619997,12.6619997,-5.9926697492680905
6/7/2018 18:00,12.02900028,12.02900028,-6.216015659634937
6/7/2018 19:00,11.67800045,11.67800045,-6.262031897343437
6/7/2018 20:00,11.39599991,11.39599991,-6.275332932559163
6/7/2018 21:00,10.83300018,10.83300018,-6.396973815972124
6/7/2018 22:00,10.83300018,10.83300018,-6.44691660922847
6/7/2018 23:00,10.3409996,10.3409996,-6.466208567345428
6/8/2018 0:00,10.48200035,10.48200035,-6.517572167955821
6/8/2018 1:00,10.41100025,10.41100025,-6.528651486097679
6/8/2018 2:00,10.13000011,10.13000011,-6.511796590357204
6/8/2018 3:00,10.06000042,10.06000042,-6.593399310482663
6/8/2018 4:00,9.98900032,9.98900032,-6.666591144853003
6/8/2018 5:00,9.708000183,9.708000183,-6.704546234538847
6/8/2018 6:00,9.425999641,9.425999641,-6.840953931999373
6/8/2018 7:00,9.777999878,9.777999878,-7.008152311770668
6/8/2018 8:00,10.13000011,10.13000011,-6.876949095924178
6/8/2018 9:00,10.19999981,10.19999981,-6.888094361325118
6/8/2018 10:00,10.06000042,10.06000042,-6.684891736210758
6/8/2018 11:00,10.3409996,10.3409996,-6.339668405403137
6/8/2018 12:00,10.13000011,10.13000011,-6.468135766322933
6/8/2018 13:00,9.918999672,9.918999672,-6.190180414087018
6/8/2018 14:00,10.19999981,10.19999981,-5.932493016472822
6/8/2018 15:00,10.3409996,10.3409996,-6.229957544148025
6/8/2018 16:00,10.13000011,10.13000011,-6.11045805252706
6/8/2018 17:00,9.918999672,9.918999672,-6.135163083805862
6/8/2018 18:00,8.934000015,8.934000015,-6.358549554399735
6/8/2018 19:00,9.00399971,9.00399971,-6.40460635233526
6/8/2018 20:00,9.355999947,9.355999947,-6.41794794777801
6/8/2018 21:00,8.86400032,8.86400032,-6.539629391417996
6/8/2018 22:00,9.074999809,9.074999809,-6.589612744901368
6/8/2018 23:00,8.722999573,8.722999573,-6.60894526324535
6/9/2018 0:00,8.86400032,8.86400032,-6.660349424082769
6/9/2018 1:00,8.86400032,8.86400032,-6.6714693024516505
6/9/2018 2:00,8.300999641,8.300999641,-6.6546549669382005
6/9/2018 3:00,8.020000458,8.020000458,-6.7362982472906845
6/9/2018 4:00,8.020000458,8.020000458,-6.809530641888049
6/9/2018 5:00,8.159999847,8.159999847,-6.847526291800918
6/9/2018 6:00,8.159999847,8.159999847,-6.983974549488468
6/9/2018 7:00,8.159999847,8.159999847,-7.151213489486788
6/9/2018 8:00,8.512000084,8.512000084,-7.020050833867324
6/9/2018 9:00,8.442000389,8.442000389,-7.031236659495289
6/9/2018 10:00,6.823999882,6.823999882,-6.828074594607954
6/9/2018 11:00,3.025000095,3.025000095,-6.482891824027359
6/9/2018 12:00,4.150000095,4.150000095,-6.611399745174179
6/9/2018 13:00,3.938999891,3.938999891,-6.333484953165288
6/9/2018 14:00,4.78399992,4.78399992,-6.075838115778118
6/9/2018 15:00,5.768000126,5.768000126,-6.373343203680345
6/9/2018 16:00,6.683000088,6.683000088,-6.253884272286406
6/9/2018 17:00,6.894000053,6.894000053,-6.278629863792233
6/9/2018 18:00,7.034999847,7.034999847,-6.502056894613131
6/9/2018 19:00,6.40199995,6.40199995,-6.54815425277568
6/9/2018 20:00,6.330999851,6.330999851,-6.561536408445454
6/9/2018 21:00,6.050000191,6.050000191,-6.6832584123124645
6/9/2018 22:00,6.894000053,6.894000053,-6.733282326022862
6/9/2018 23:00,7.245999813,7.245999813,-6.7526554045938685
6/10/2018 0:00,6.261000156,6.261000156,-6.804100125658311
6/10/2018 1:00,6.823999882,6.823999882,-6.815260564254218
6/10/2018 2:00,7.315999985,7.315999985,-6.798486788967793
6/10/2018 3:00,7.668000221,7.668000221,-6.8801706295473
6/10/2018 4:00,7.737999916,7.737999916,-6.953443584371691
6/10/2018 5:00,7.456999779,7.456999779,-6.9914797945115845
6/10/2018 6:00,7.668000221,7.668000221,-7.127968612426159
6/10/2018 7:00,8.020000458,8.020000458,-7.295248112651504
6/10/2018 8:00,8.300999641,8.300999641,-7.164126017259065
6/10/2018 9:00,8.159999847,8.159999847,-7.175352403114055
6/10/2018 10:00,8.090000153,8.090000153,-6.972230898453745
6/10/2018 11:00,8.090000153,8.090000153,-6.627088688100174
6/10/2018 12:00,8.37100029,8.37100029,-6.75563716947402
6/10/2018 13:00,8.934000015,8.934000015,-6.4777629376921535
6/10/2018 14:00,9.425999641,9.425999641,-6.220156660532008
6/10/2018 15:00,9.567000389,9.567000389,-6.517702308661259
6/10/2018 16:00,9.98900032,9.98900032,-6.398283937494345
6/10/2018 17:00,9.286000252,9.286000252,-6.423070089227196
6/10/2018 18:00,9.286000252,9.286000252,-6.646537680275118
6/10/2018 19:00,9.145000458,9.145000458,-6.692675598664692
6/10/2018 20:00,8.442000389,8.442000389,-6.706098314561492
6/10/2018 21:00,8.722999573,8.722999573,-6.827860878655528
6/10/2018 22:00,8.442000389,8.442000389,-6.87792535259295
6/10/2018 23:00,8.230999947,8.230999947,-6.897338991390981
6/11/2018 0:00,8.300999641,8.300999641,-6.948824272682449
6/11/2018 1:00,7.879000187,7.879000187,-6.960025271505382
6/11/2018 2:00,7.809000015,7.809000015,-6.943292056445981
6/11/2018 3:00,7.809000015,7.809000015,-7.025016457252514
6/11/2018 4:00,7.948999882,7.948999882,-7.0983299723039295
6/11/2018 5:00,7.948999882,7.948999882,-7.136406742670848
6/11/2018 6:00,8.159999847,8.159999847,-7.272936120812448
6/11/2018 7:00,8.512000084,8.512000084,-7.440256181264818
6/11/2018 8:00,9.074999809,9.074999809,-7.309174646099404
6/11/2018 9:00,9.074999809,9.074999809,-7.320441592181419
6/11/2018 10:00,9.00399971,9.00399971,-7.117360647748133
6/11/2018 11:00,9.074999809,9.074999809,-6.772258997621586
6/11/2018 12:00,9.567000389,9.567000389,-6.900848039222456
6/11/2018 13:00,10.19999981,10.19999981,-6.623014367667616
6/11/2018 14:00,11.04399967,11.04399967,-6.365448650734494
6/11/2018 15:00,12.02900028,12.02900028,-6.663034859090771
6/11/2018 16:00,12.17000008,12.17000008,-6.543657048150881
6/11/2018 17:00,12.31099987,12.31099987,-6.568483760110758
6/11/2018 18:00,10.55200005,10.55200005,-6.791991911385704
6/11/2018 19:00,10.90400028,10.90400028,-6.838170390002303
6/11/2018 20:00,10.27099991,10.27099991,-6.851633666126128
6/11/2018 21:00,10.27099991,10.27099991,-6.973436790447189
6/11/2018 22:00,9.777999878,9.777999878,-7.023541824611636
6/11/2018 23:00,9.848999977,9.848999977,-7.042996023636692
6/12/2018 0:00,10.06000042,10.06000042,-7.094521865155185
6/12/2018 1:00,9.777999878,9.777999878,-7.105763424205143
6/12/2018 2:00,9.496999741,9.496999741,-7.089070769372766
6/12/2018 3:00,9.848999977,9.848999977,-7.170835730406324
6/12/2018 4:00,9.708000183,9.708000183,-7.244189805684765
6/12/2018 5:00,9.496999741,9.496999741,-7.282307136278707
6/12/2018 6:00,9.567000389,9.567000389,-7.418877074647332
6/12/2018 7:00,10.3409996,10.3409996,-7.586237695326727
6/12/2018 8:00,10.41100025,10.41100025,-7.455196720388338
6/12/2018 9:00,10.62199974,10.62199974,-7.466504226697377
6/12/2018 10:00,10.27099991,10.27099991,-7.263463842491116
6/12/2018 11:00,10.3409996,10.3409996,-6.918402752591595
6/12/2018 12:00,10.83300018,10.83300018,-7.04703235441949
6/12/2018 13:00,11.5369997,11.5369997,-6.769239243091674
6/12/2018 14:00,12.10000038,12.10000038,-6.511714086385577
6/12/2018 15:00,13.57699966,13.57699966,-6.809340854968879
6/12/2018 16:00,14.27999973,14.27999973,-6.690003604256014
6/12/2018 17:00,13.50699997,13.50699997,-6.714870876442915
6/12/2018 18:00,13.9289999,13.9289999,-6.938419587944887
6/12/2018 19:00,12.02900028,12.02900028,-6.984638626788511
6/12/2018 20:00,11.67800045,11.67800045,-6.998142463139361
6/12/2018 21:00,11.04399967,11.04399967,-7.119986147687446
6/12/2018 22:00,10.90400028,10.90400028,-7.170131742078917
6/12/2018 23:00,11.18500042,11.18500042,-7.189626501330999
6/13/2018 0:00,11.18500042,11.18500042,-7.241192903076516
6/13/2018 1:00,10.76299953,10.76299953,-7.252475022353498
6/13/2018 2:00,10.90400028,10.90400028,-7.235822927748147
6/13/2018 3:00,10.83300018,10.83300018,-7.317628449008731
6/13/2018 4:00,10.83300018,10.83300018,-7.391023084514194
6/13/2018 5:00,10.62199974,10.62199974,-7.429180975335162
6/13/2018 6:00,10.97399998,10.97399998,-7.565791473930813
6/13/2018 7:00,11.46700001,11.46700001,-7.733192654837232
6/13/2018 8:00,11.81799984,11.81799984,-7.602192240125866
6/13/2018 9:00,11.18500042,11.18500042,-7.613540306661931
6/13/2018 10:00,11.18500042,11.18500042,-7.410540482682695
6/13/2018 11:00,11.5369997,11.5369997,-7.065519953010199
6/13/2018 12:00,11.32600021,11.32600021,-7.194190115065118
6/13/2018 13:00,12.31099987,12.31099987,-6.916437563964327
6/13/2018 14:00,13.29599953,13.29599953,-6.658952967485256
6/13/2018 15:00,14.14000034,14.14000034,-6.956620296295582
6/13/2018 16:00,14.35099983,14.35099983,-6.837323605809742
6/13/2018 17:00,13.64700031,13.64700031,-6.862231438223668
6/13/2018 18:00,12.59200001,12.59200001,-7.0858207099526656
6/13/2018 19:00,11.67800045,11.67800045,-7.132080309023315
6/13/2018 20:00,10.90400028,10.90400028,-7.145624705601188
6/13/2018 21:00,10.69299984,10.69299984,-7.267508950376298
6/13/2018 22:00,10.55200005,10.55200005,-7.317695104994795
6/13/2018 23:00,10.55200005,10.55200005,-7.3372304244739
6/14/2018 0:00,10.90400028,10.90400028,-7.388837386446442
6/14/2018 1:00,10.90400028,10.90400028,-7.400160065950448
6/14/2018 2:00,10.69299984,10.69299984,-7.383548531572122
6/14/2018 3:00,10.97399998,10.97399998,-7.465394613059729
6/14/2018 4:00,11.11499977,11.11499977,-7.538829808792219
6/14/2018 5:00,10.83300018,10.83300018,-7.577028259840212
6/14/2018 6:00,10.97399998,10.97399998,-7.713679318662885
6/14/2018 7:00,10.90400028,10.90400028,-7.88112105979633
6/14/2018 8:00,11.11499977,11.11499977,-7.75016120531199
6/14/2018 9:00,11.11499977,11.11499977,-7.761549832075079
6/14/2018 10:00,11.18500042,11.18500042,-7.558590568322868
6/14/2018 11:00,11.25599957,11.25599957,-7.213610598877397
6/14/2018 12:00,11.18500042,11.18500042,-7.342321321159342
6/14/2018 13:00,11.81799984,11.81799984,-7.064609330285576
6/14/2018 14:00,13.29599953,13.29599953,-6.807165294033529
6/14/2018 15:00,13.57699966,13.57699966,-7.104873183070881
6/14/2018 16:00,13.22500038,13.22500038,-6.985617052812066
6/14/2018 17:00,13.08500004,13.08500004,-7.010565445453017
6/14/2018 18:00,11.46700001,11.46700001,-7.234195277409039
6/14/2018 19:00,11.32600021,11.32600021,-7.280495436706712
6/14/2018 20:00,11.32600021,11.32600021,-7.294080393511611
6/14/2018 21:00,11.18500042,11.18500042,-7.416005198513746
6/14/2018 22:00,11.32600021,11.32600021,-7.466231913359267
6/14/2018 23:00,10.62199974,10.62199974,-7.485807793065398
6/15/2018 0:00,10.19999981,10.19999981,-7.537455315264965
6/15/2018 1:00,10.19999981,10.19999981,-7.5488185549959965
6/15/2018 2:00,9.848999977,9.848999977,-7.532247580844695
6/15/2018 3:00,10.13000011,10.13000011,-7.614134222559327
6/15/2018 4:00,10.97399998,10.97399998,-7.687609978518842
6/15/2018 5:00,10.19999981,10.19999981,-7.725848989793859
6/15/2018 6:00,10.83300018,10.83300018,-7.862540608843559
6/15/2018 7:00,11.11499977,11.11499977,-8.030022910204028
6/15/2018 8:00,11.5369997,11.5369997,-7.899103615946713
6/15/2018 9:00,10.55200005,10.55200005,-7.910532802936828
6/15/2018 10:00,10.48200035,10.48200035,-7.707614099411641
6/15/2018 11:00,10.3409996,10.3409996,-7.362674690193194
6/15/2018 12:00,10.90400028,10.90400028,-7.491425972702165
6/15/2018 13:00,11.11499977,11.11499977,-7.213754542055422
6/15/2018 14:00,11.25599957,11.25599957,-6.9563510660304
6/15/2018 15:00,11.81799984,11.81799984,-7.254099515294776
6/15/2018 16:00,12.38099957,12.38099957,-7.134883945262986
6/15/2018 17:00,11.95899963,11.95899963,-7.159872898130962
6/15/2018 18:00,11.74800014,11.74800014,-7.383543290314008
6/15/2018 19:00,10.48200035,10.48200035,-7.429884009838706
6/15/2018 20:00,9.848999977,9.848999977,-7.44350952687063
6/15/2018 21:00,9.425999641,9.425999641,-7.5654748920997905
6/15/2018 22:00,9.496999741,9.496999741,-7.615742167172336
6/15/2018 23:00,9.425999641,9.425999641,-7.635358607105492
6/16/2018 0:00,9.215000153,9.215000153,-7.687046689532084
6/16/2018 1:00,9.286000252,9.286000252,-7.698450489490141
6/16/2018 2:00,9.00399971,9.00399971,-7.681920075565864
6/16/2018 3:00,8.86400032,8.86400032,-7.763847277507522
6/16/2018 4:00,8.512000084,8.512000084,-7.837363593694062
6/16/2018 5:00,8.512000084,8.512000084,-7.875643165196103
6/16/2018 6:00,8.581999779,8.581999779,-8.012375344472826
6/16/2018 7:00,8.793000221,8.793000221,-8.17989820606032
6/16/2018 8:00,9.425999641,9.425999641,-8.04901947203003
6/16/2018 9:00,8.722999573,8.722999573,-8.06048921924717
6/16/2018 10:00,9.145000458,9.145000458,-7.857611075949011
6/16/2018 11:00,9.00399971,9.00399971,-7.512712226957588
6/16/2018 12:00,9.215000153,9.215000153,-7.641504069693583
6/16/2018 13:00,9.425999641,9.425999641,-7.363873199273866
6/16/2018 14:00,10.13000011,10.13000011,-7.106510283475869
6/16/2018 15:00,10.76299953,10.76299953,-7.40429929296727
6/16/2018 16:00,10.55200005,10.55200005,-7.285124283162504
6/16/2018 17:00,9.918999672,9.918999672,-7.310153796257505
6/16/2018 18:00,9.355999947,9.355999947,-7.533864748667575
6/16/2018 19:00,9.215000153,9.215000153,-7.580246028419299
6/16/2018 20:00,9.215000153,9.215000153,-7.593912105678248
6/16/2018 21:00,8.442000389,8.442000389,-7.715918031134432
6/16/2018 22:00,8.512000084,8.512000084,-7.766225866434002
6/16/2018 23:00,8.300999641,8.300999641,-7.785882866594183
6/17/2018 0:00,8.159999847,8.159999847,-7.8376115092478
6/17/2018 1:00,8.512000084,8.512000084,-7.849055869432882
6/17/2018 2:00,8.020000458,8.020000458,-7.83256601573563
6/17/2018 3:00,8.020000458,8.020000458,-7.914533777904312
6/17/2018 4:00,8.020000458,8.020000458,-7.988090654317876
6/17/2018 5:00,7.948999882,7.948999882,-8.026410786046942
6/17/2018 6:00,7.668000221,7.668000221,-8.163183525550691
6/17/2018 7:00,7.948999882,7.948999882,-8.330746947365212
6/17/2018 8:00,8.230999947,8.230999947,-8.199908773561946
6/17/2018 9:00,8.37100029,8.37100029,-8.21141908100611
6/17/2018 10:00,8.442000389,8.442000389,-8.008581497934973
6/17/2018 11:00,8.652999878,8.652999878,-7.663723209170576
6/17/2018 12:00,9.286000252,9.286000252,-7.792555612133595
6/17/2018 13:00,10.27099991,10.27099991,-7.514965301940903
6/17/2018 14:00,11.32600021,11.32600021,-7.257642946369931
6/17/2018 15:00,12.45100021,12.45100021,-7.555472516088356
6/17/2018 16:00,12.38099957,12.38099957,-7.436338066510616
6/17/2018 17:00,11.5369997,11.5369997,-7.461408139832641
6/17/2018 18:00,11.32600021,11.32600021,-7.685159652469737
6/17/2018 19:00,10.83300018,10.83300018,-7.731581492448486
6/17/2018 20:00,10.27099991,10.27099991,-7.745288129934459
6/17/2018 21:00,10.19999981,10.19999981,-7.867334615617668
6/17/2018 22:00,9.637999535,9.637999535,-7.917683011144264
6/17/2018 23:00,9.567000389,9.567000389,-7.93738057153147
6/18/2018 0:00,9.286000252,9.286000252,-7.989149774412112
6/18/2018 1:00,9.215000153,9.215000153,-8.000634694824218
6/18/2018 2:00,9.215000153,9.215000153,-7.984185401353991
6/18/2018 3:00,8.86400032,8.86400032,-8.066193723749697
6/18/2018 4:00,9.074999809,9.074999809,-8.139791160390287
6/18/2018 5:00,9.00399971,9.00399971,-8.178151852346378
6/18/2018 6:00,9.215000153,9.215000153,-8.314965152077152
6/18/2018 7:00,9.286000252,9.286000252,-8.482569134118695
6/18/2018 8:00,9.145000458,9.145000458,-8.351771520542455
6/18/2018 9:00,9.777999878,9.777999878,-8.363322388213644
6/18/2018 10:00,9.98900032,9.98900032,-8.160525365369532
6/18/2018 11:00,10.06000042,10.06000042,-7.815707636832159
6/18/2018 12:00,10.83300018,10.83300018,-7.944580600022204
6/18/2018 13:00,11.18500042,11.18500042,-7.667030850056537
6/18/2018 14:00,11.95899963,11.95899963,-7.409749054712589
6/18/2018 15:00,13.08500004,13.08500004,-7.707619184658038
6/18/2018 16:00,11.95899963,11.95899963,-7.588525295307323
6/18/2018 17:00,12.02900028,12.02900028,-7.613635928856373
6/18/2018 18:00,12.02900028,12.02900028,-7.837428001720495
6/18/2018 19:00,11.81799984,11.81799984,-7.883890401926266
6/18/2018 20:00,10.62199974,10.62199974,-7.897637599639265
6/18/2018 21:00,10.19999981,10.19999981,-8.019724645549498
6/18/2018 22:00,10.13000011,10.13000011,-8.07011360130312
6/18/2018 23:00,10.27099991,10.27099991,-8.08985172191735
6/19/2018 0:00,9.777999878,9.777999878,-8.141661485025017
6/19/2018 1:00,9.215000153,9.215000153,-8.153186965664148
6/19/2018 2:00,9.215000153,9.215000153,-8.136778232420944
6/19/2018 3:00,9.074999809,9.074999809,-8.218827115043677
6/19/2018 4:00,9.00399971,9.00399971,-8.29246511191129
6/19/2018 5:00,9.145000458,9.145000458,-8.330866364094408
6/19/2018 6:00,9.637999535,9.637999535,-8.467720224052208
6/19/2018 7:00,9.496999741,9.496999741,-8.635364766320777
6/19/2018 8:00,9.074999809,9.074999809,-8.504607712971561
6/19/2018 9:00,9.355999947,9.355999947,-8.516199140869773
6/19/2018 10:00,9.777999878,9.777999878,-8.313442678252686
6/19/2018 11:00,9.848999977,9.848999977,-7.96866550994234
6/19/2018 12:00,10.13000011,10.13000011,-8.097579033359409
6/19/2018 13:00,9.777999878,9.777999878,-7.820069843620767
6/19/2018 14:00,5.55700016,5.55700016,-7.562828608503843
6/19/2018 15:00,5.627999783,5.627999783,-7.860739298676319
6/19/2018 16:00,4.643000126,4.643000126,-7.741685969552629
6/19/2018 17:00,5.276000023,5.276000023,-7.766837163328704
6/19/2018 18:00,6.683000088,6.683000088,-7.99066979641985
6/19/2018 19:00,6.752999783,6.752999783,-8.037172756852646
6/19/2018 20:00,7.105000019,7.105000019,-8.05096051479267
6/19/2018 21:00,4.572999954,4.572999954,-8.173088120929929
6/19/2018 22:00,5.135000229,5.135000229,-8.223517636910573
6/19/2018 23:00,5.90899992,5.90899992,-8.24329631775183
6/20/2018 0:00,6.541999817,6.541999817,-8.295146641086522
6/20/2018 1:00,7.315999985,7.315999985,-8.306712681952677
6/20/2018 2:00,6.964000225,6.964000225,-8.2903445089365
6/20/2018 3:00,7.105000019,7.105000019,-8.372433951786256
6/20/2018 4:00,7.105000019,7.105000019,-8.446112508880894
6/20/2018 5:00,7.105000019,7.105000019,-8.484554321291036
6/20/2018 6:00,7.315999985,7.315999985,-8.62144874147586
6/20/2018 7:00,7.456999779,7.456999779,-8.789133843971452
6/20/2018 8:00,7.105000019,7.105000019,-8.65841735084926
6/20/2018 9:00,7.456999779,7.456999779,-8.670049338974499
6/20/2018 10:00,8.090000153,8.090000153,-8.467333436584436
6/20/2018 11:00,8.090000153,8.090000153,-8.122596828501113
6/20/2018 12:00,8.512000084,8.512000084,-8.251550912145206
6/20/2018 13:00,8.37100029,8.37100029,-7.974082282633589
6/20/2018 14:00,8.934000015,8.934000015,-7.716881607743692
6/20/2018 15:00,8.722999573,8.722999573,-8.01483285814319
6/20/2018 16:00,8.86400032,8.86400032,-7.895820089246527
6/20/2018 17:00,9.286000252,9.286000252,-7.921011843249627
6/20/2018 18:00,9.145000458,9.145000458,-8.144885036567796
6/20/2018 19:00,9.286000252,9.286000252,-8.191428557227619
6/20/2018 20:00,9.215000153,9.215000153,-8.205256875394666
6/20/2018 21:00,8.652999878,8.652999878,-8.32742504175895
6/20/2018 22:00,8.722999573,8.722999573,-8.377895117966622
6/20/2018 23:00,9.00399971,9.00399971,-8.397714359034902
6/21/2018 0:00,9.00399971,9.00399971,-8.449605242596618
6/21/2018 1:00,8.934000015,8.934000015,-8.461211843689798
6/21/2018 2:00,8.581999779,8.581999779,-8.444884230900646
6/21/2018 3:00,8.37100029,8.37100029,-8.527014233977427
6/21/2018 4:00,8.512000084,8.512000084,-8.60073335129909
6/21/2018 5:00,8.512000084,8.512000084,-8.639215723936257
6/21/2018 6:00,8.86400032,8.86400032,-8.776150704348105
6/21/2018 7:00,8.300999641,8.300999641,-8.943876367070722
6/21/2018 8:00,8.86400032,8.86400032,-8.813200434175556
6/21/2018 9:00,8.512000084,8.512000084,-8.82487298252782
6/21/2018 10:00,8.37100029,8.37100029,-8.622197640364783
6/21/2018 11:00,8.512000084,8.512000084,-8.277501592508486
6/21/2018 12:00,8.442000389,8.442000389,-8.406496236379606
6/21/2018 13:00,8.86400032,8.86400032,-8.129068167095014
6/21/2018 14:00,9.567000389,9.567000389,-7.871908052432141
6/21/2018 15:00,9.918999672,9.918999672,-8.169899863058665
6/21/2018 16:00,10.06000042,10.06000042,-8.050927654389024
6/21/2018 17:00,9.848999977,9.848999977,-8.076159968619148
6/21/2018 18:00,9.637999535,9.637999535,-8.300073722164345
6/21/2018 19:00,9.00399971,9.00399971,-8.346657803051192
6/21/2018 20:00,8.652999878,8.652999878,-8.360526681445265
6/21/2018 21:00,8.37100029,8.37100029,-8.482735408036573
6/21/2018 22:00,8.159999847,8.159999847,-8.533246044471268
6/21/2018 23:00,8.090000153,8.090000153,-8.553105845766572
6/22/2018 0:00,8.230999947,8.230999947,-8.605037289555312
6/22/2018 1:00,8.37100029,8.37100029,-8.616684450875518
6/22/2018 2:00,8.159999847,8.159999847,-8.600397398313389
6/22/2018 3:00,8.020000458,8.020000458,-8.682567961617195
6/22/2018 4:00,7.809000015,7.809000015,-8.756327639165885
6/22/2018 5:00,7.668000221,7.668000221,-8.794850572030075
6/22/2018 6:00,5.627999783,5.627999783,-8.931826112668949
6/22/2018 7:00,7.034999847,7.034999847,-9.099592335618594
6/22/2018 8:00,4.854000092,4.854000092,-8.968956962950452
6/22/2018 9:00,6.683000088,6.683000088,-8.98067007152974
6/22/2018 10:00,6.40199995,6.40199995,-8.778035289593728
6/22/2018 11:00,6.752999783,6.752999783,-8.433379801964454
6/22/2018 12:00,3.657999992,3.657999992,-8.562415006062597
6/22/2018 13:00,3.657999992,3.657999992,-8.285027497005029
6/22/2018 14:00,4.150000095,4.150000095,-8.027907942569179
6/22/2018 15:00,4.643000126,4.643000126,-8.32594031342273
6/22/2018 16:00,5.979000092,5.979000092,-8.207008664980114
6/22/2018 17:00,4.361999989,4.361999989,-8.232281539437263
6/22/2018 18:00,4.643000126,4.643000126,-8.456235853209483
6/22/2018 19:00,5.839000225,5.839000225,-8.502860494323354
6/22/2018 20:00,5.90899992,5.90899992,-8.516769932944452
6/22/2018 21:00,5.979000092,5.979000092,-8.639019219762787
6/22/2018 22:00,5.839000225,5.839000225,-8.689570416424507
6/22/2018 23:00,5.839000225,5.839000225,-8.709470777946837
6/23/2018 0:00,5.346000195,5.346000195,-8.761442781962604
6/23/2018 1:00,5.416999817,5.416999817,-8.773130503509835
6/23/2018 2:00,5.416999817,5.416999817,-8.756884011174732
6/23/2018 3:00,5.768000126,5.768000126,-8.839095134705563
6/23/2018 4:00,5.90899992,5.90899992,-8.912895372481275
6/23/2018 5:00,6.261000156,6.261000156,-8.95145886557249
6/23/2018 6:00,6.683000088,6.683000088,-9.088474966438389
6/23/2018 7:00,6.472000122,6.472000122,-9.256281749615056
6/23/2018 8:00,6.40199995,6.40199995,-9.12568693717394
6/23/2018 9:00,6.964000225,6.964000225,-9.137440605980252
6/23/2018 10:00,7.52699995,7.52699995,-8.934846384271264
6/23/2018 11:00,7.737999916,7.737999916,-8.590231456869015
6/23/2018 12:00,7.809000015,7.809000015,-8.719307221194182
6/23/2018 13:00,7.668000221,7.668000221,-8.441960272363639
6/23/2018 14:00,8.159999847,8.159999847,-8.184881278154817
6/23/2018 15:00,7.809000015,7.809000015,-8.482954209235391
6/23/2018 16:00,8.159999847,8.159999847,-8.364063121019798
6/23/2018 17:00,7.809000015,7.809000015,-8.389376555703974
6/23/2018 18:00,8.300999641,8.300999641,-8.613371429703218
6/23/2018 19:00,8.020000458,8.020000458,-8.660036631044116
6/23/2018 20:00,7.668000221,7.668000221,-8.673986629892239
6/23/2018 21:00,7.386000156,7.386000156,-8.796276476937598
6/23/2018 22:00,7.315999985,7.315999985,-8.846868233826342
6/23/2018 23:00,7.175000191,7.175000191,-8.866809155575696
6/24/2018 0:00,6.894000053,6.894000053,-8.918821719818487
6/24/2018 1:00,6.612999916,6.612999916,-8.93055000159274
6/24/2018 2:00,6.40199995,6.40199995,-8.914344069484663
6/24/2018 3:00,6.541999817,6.541999817,-8.99659575324252
6/24/2018 4:00,6.964000225,6.964000225,-9.070436551245258
6/24/2018 5:00,6.894000053,6.894000053,-9.1090406045635
6/24/2018 6:00,7.456999779,7.456999779,-9.246097265656424
6/24/2018 7:00,7.456999779,7.456999779,-9.413944609060117
6/24/2018 8:00,8.442000389,8.442000389,-9.283390356846024
6/24/2018 9:00,7.948999882,7.948999882,-9.295184585879362
6/24/2018 10:00,8.512000084,8.512000084,-9.0926309243974
6/24/2018 11:00,9.00399971,9.00399971,-8.748056557222176
6/24/2018 12:00,9.286000252,9.286000252,-8.87717288177437
6/24/2018 13:00,9.215000153,9.215000153,-8.599866493170852
6/24/2018 14:00,9.286000252,9.286000252,-8.342828059189053
6/24/2018 15:00,9.355999947,9.355999947,-8.64094155049665
6/24/2018 16:00,9.496999741,9.496999741,-8.522091022508086
6/24/2018 17:00,9.215000153,9.215000153,-8.547445017419284
6/24/2018 18:00,9.145000458,9.145000458,-8.771480451645555
6/24/2018 19:00,9.074999809,9.074999809,-8.818186213213476
6/24/2018 20:00,8.86400032,8.86400032,-8.832176772288623
6/24/2018 21:00,8.37100029,8.37100029,-8.954507179561006
6/24/2018 22:00,8.37100029,8.37100029,-9.005139496676774
6/24/2018 23:00,8.512000084,8.512000084,-9.025120978653153
6/25/2018 0:00,8.722999573,8.722999573,-9.077174103122967
6/25/2018 1:00,9.00399971,9.00399971,-9.088942945124248
6/25/2018 2:00,9.567000389,9.567000389,-9.072777573243194
6/25/2018 3:00,9.567000389,9.567000389,-9.155069817228076
6/25/2018 4:00,8.512000084,8.512000084,-9.228951175457835
6/25/2018 5:00,8.652999878,8.652999878,-9.267595789003105
6/25/2018 6:00,8.934000015,8.934000015,-9.404693010323047
6/25/2018 7:00,9.567000389,9.567000389,-9.572580913953768
6/25/2018 8:00,10.97399998,10.97399998,-9.4420672219667
6/25/2018 9:00,11.46700001,11.46700001,-9.453902011227065
6/25/2018 10:00,11.18500042,11.18500042,-9.251388909972125
6/25/2018 11:00,10.69299984,10.69299984,-8.906855103023926
6/25/2018 12:00,10.27099991,10.27099991,-9.036011987803144
6/25/2018 13:00,10.62199974,10.62199974,-8.75874615942665
6/25/2018 14:00,11.25599957,11.25599957,-8.501748285671876
6/25/2018 15:00,11.60700035,11.60700035,-8.7999023372065
6/25/2018 16:00,12.38099957,12.38099957,-8.681092369444958
6/25/2018 17:00,11.46700001,11.46700001,-8.706486924583183
6/25/2018 18:00,11.18500042,11.18500042,-8.930562919036477
6/25/2018 19:00,10.55200005,10.55200005,-8.977309240831422
6/25/2018 20:00,9.98900032,9.98900032,-8.991340360133595
6/25/2018 21:00,9.98900032,9.98900032,-9.113711327633004
6/25/2018 22:00,9.567000389,9.567000389,-9.164384204975798
6/25/2018 23:00,9.425999641,9.425999641,-9.184406247179204
6/26/2018 0:00,9.708000183,9.708000183,-9.236499931876043
6/26/2018 1:00,9.637999535,9.637999535,-9.248309334104349
6/26/2018 2:00,9.777999878,9.777999878,-9.23218452245032
6/26/2018 3:00,9.567000389,9.567000389,-9.314517326662228
6/26/2018 4:00,9.425999641,9.425999641,-9.388439245119011
6/26/2018 5:00,9.286000252,9.286000252,-9.427124418891305
6/26/2018 6:00,9.286000252,9.286000252,-9.564262200438275
6/26/2018 7:00,9.637999535,9.637999535,-9.732190664296018
6/26/2018 8:00,9.425999641,9.425999641,-9.601717532535975
6/26/2018 9:00,9.074999809,9.074999809,-9.613592882023363
6/26/2018 10:00,8.934000015,8.934000015,-9.411120340995453
6/26/2018 11:00,9.215000153,9.215000153,-9.06662709427428
6/26/2018 12:00,9.215000153,9.215000153,-9.195824539280524
6/26/2018 13:00,9.425999641,9.425999641,-8.918599271131054
6/26/2018 14:00,10.19999981,10.19999981,-8.661641957603306
6/26/2018 15:00,10.90400028,10.90400028,-8.959836569364954
6/26/2018 16:00,11.04399967,11.04399967,-8.841067161830438
6/26/2018 17:00,10.27099991,10.27099991,-8.866502277195686
6/26/2018 18:00,9.777999878,9.777999878,-9.090618831876006
6/26/2018 19:00,9.567000389,9.567000389,-9.137405713897978
