date,OT,actual,forecast
2/1/2018 16:00,3.799000025,3.799000025,4.287378600899399
2/1/2018 17:00,3.588000059,3.588000059,4.185537652743465
2/1/2018 18:00,3.799000025,3.799000025,3.973264289975004
2/1/2018 19:00,3.588000059,3.588000059,3.960168856309294
2/1/2018 20:00,3.305999994,3.305999994,3.9179508170442015
2/1/2018 21:00,3.657999992,3.657999992,3.932654532659421
2/1/2018 22:00,4.290999889,4.290999889,3.857531380677689
2/1/2018 23:00,3.938999891,3.938999891,3.8454852933634247
2/2/2018 0:00,3.799000025,3.799000025,3.873619067709387
2/2/2018 1:00,4.361999989,4.361999989,3.8782663790538288
2/2/2018 2:00,4.643000126,4.643000126,3.880486431098776
2/2/2018 3:00,4.221000195,4.221000195,3.887519774324722
2/2/2018 4:00,4.079999924,4.079999924,3.9274400240827942
2/2/2018 5:00,3.868999958,3.868999958,4.004537249674316
2/2/2018 6:00,3.938999891,3.938999891,3.996469193248844
2/2/2018 7:00,3.727999926,3.727999926,4.0104791043194
2/2/2018 8:00,3.868999958,3.868999958,4.000044502556928
2/2/2018 9:00,4.43200016,4.43200016,4.0104791043194
2/2/2018 10:00,3.377000093,3.377000093,4.085868389507591
2/2/2018 11:00,4.079999924,4.079999924,4.141734557011279
2/2/2018 12:00,3.588000059,3.588000059,4.085895642781268
2/2/2018 13:00,3.447000027,3.447000027,4.093869451705664
2/2/2018 14:00,3.305999994,3.305999994,4.200654986744028
2/2/2018 15:00,3.868999958,3.868999958,4.168772223005787
2/2/2018 16:00,3.305999994,3.305999994,4.152348447452239
2/2/2018 17:00,3.51699996,3.51699996,4.152348447452239
2/2/2018 18:00,2.321000099,2.321000099,4.037260068495897
2/2/2018 19:00,2.039999962,2.039999962,4.0549221921391485
2/2/2018 20:00,1.899000049,1.899000049,3.903707542375341
2/2/2018 21:00,2.461999893,2.461999893,3.9615325678214464
2/2/2018 22:00,2.532000065,2.532000065,3.880470884605356
2/2/2018 23:00,2.039999962,2.039999962,3.860016707587538
2/3/2018 0:00,2.039999962,2.039999962,3.829426798253376
2/3/2018 1:00,0.843999982,0.843999982,3.8153840288816734
2/3/2018 2:00,0.703000009,0.703000009,3.786692637173167
2/3/2018 3:00,0.703000009,0.703000009,3.851069979649785
2/3/2018 4:00,1.337000012,1.337000012,3.812597193930069
2/3/2018 5:00,0.773999989,0.773999989,3.77793715413647
2/3/2018 6:00,0.0,0.0,3.77793715413647
2/3/2018 7:00,0.0,0.0,3.7802507931850697
2/3/2018 8:00,0.0,0.0,3.7903180644906778
2/3/2018 9:00,0.773999989,0.773999989,3.6132126782980416
2/3/2018 10:00,1.406999946,1.406999946,3.2254513890677816
2/3/2018 11:00,2.039999962,2.039999962,3.003935668046996
2/3/2018 12:00,1.266000032,1.266000032,2.744763078604349
2/3/2018 13:00,1.970000029,1.970000029,2.547124436450456
2/3/2018 14:00,3.447000027,3.447000027,2.3453120330656603
2/3/2018 15:00,3.447000027,3.447000027,2.3136529701140702
2/3/2018 16:00,3.657999992,3.657999992,2.282517209459756
2/3/2018 17:00,3.236000061,3.236000061,2.238734515444909
2/3/2018 18:00,2.461999893,2.461999893,2.287063808516094
2/3/2018 19:00,2.39199996,2.39199996,2.243305375847033
2/3/2018 20:00,1.687999964,1.687999964,2.373990694352913
2/3/2018 21:00,1.266000032,1.266000032,2.422365314901091
2/3/2018 22:00,2.180999994,2.180999994,2.4157820280557623
2/3/2018 23:00,0.773999989,0.773999989,2.4479960957160616
2/4/2018 0:00,1.899000049,1.899000049,2.3650215491619564
2/4/2018 1:00,1.828999996,1.828999996,2.3650215491619564
2/4/2018 2:00,2.250999928,2.250999928,2.413879043040808
2/4/2018 3:00,2.039999962,2.039999962,2.413879043040808
2/4/2018 4:00,2.180999994,2.180999994,2.4199013945413563
2/4/2018 5:00,2.39199996,2.39199996,2.343942914124981
2/4/2018 6:00,1.687999964,1.687999964,2.3350919204664424
2/4/2018 7:00,1.547999978,1.547999978,2.451418051777251
2/4/2018 8:00,1.899000049,1.899000049,2.4310162180279384
2/4/2018 9:00,2.673000097,2.673000097,2.7026078018774737
2/4/2018 10:00,2.884000063,2.884000063,2.829719566958341
2/4/2018 11:00,3.799000025,3.799000025,3.038210073235179
2/4/2018 12:00,2.954999924,2.954999924,3.0301215569080475
2/4/2018 13:00,3.377000093,3.377000093,2.994248735952311
2/4/2018 14:00,4.43200016,4.43200016,3.023167616598716
2/4/2018 15:00,3.868999958,3.868999958,2.976345614590229
2/4/2018 16:00,4.150000095,4.150000095,2.996493467934994
2/4/2018 17:00,4.150000095,4.150000095,3.00443651794078
2/4/2018 18:00,3.236000061,3.236000061,2.975525846423321
2/4/2018 19:00,2.884000063,2.884000063,3.0983761756176333
2/4/2018 20:00,2.461999893,2.461999893,3.0972489823306217
2/4/2018 21:00,3.447000027,3.447000027,3.0941488955618355
2/4/2018 22:00,4.079999924,4.079999924,3.123799952175667
2/4/2018 23:00,3.588000059,3.588000059,3.139155730719016
2/5/2018 0:00,4.290999889,4.290999889,3.2950424943236745
2/5/2018 1:00,3.799000025,3.799000025,3.3373038206194203
2/5/2018 2:00,3.165999889,3.165999889,3.514459982613756
2/5/2018 3:00,4.079999924,4.079999924,3.787692464153922
2/5/2018 4:00,3.095000029,3.095000029,4.03514171501944
2/5/2018 5:00,3.588000059,3.588000059,4.044419337607866
2/5/2018 6:00,2.884000063,2.884000063,4.0380981940311065
2/5/2018 7:00,3.025000095,3.025000095,4.0380981940311065
2/5/2018 8:00,3.588000059,3.588000059,4.003974291493275
2/5/2018 9:00,3.447000027,3.447000027,4.005969503056553
2/5/2018 10:00,2.884000063,2.884000063,3.977066646012551
2/5/2018 11:00,3.868999958,3.868999958,3.977066646012551
2/5/2018 12:00,2.884000063,2.884000063,4.03588458148221
2/5/2018 13:00,3.305999994,3.305999994,4.052579085545895
2/5/2018 14:00,4.501999855,4.501999855,4.056875816029118
2/5/2018 15:00,4.010000229,4.010000229,3.993655092984183
2/5/2018 16:00,4.079999924,4.079999924,3.9508238156369977
2/5/2018 17:00,5.205999851,5.205999851,3.938568898757182
2/5/2018 18:00,4.290999889,4.290999889,3.9411033338982615
2/5/2018 19:00,4.290999889,4.290999889,3.960063574547639
2/5/2018 20:00,3.938999891,3.938999891,3.94066465797693
2/5/2018 21:00,4.221000195,4.221000195,3.967687440398744
2/5/2018 22:00,4.290999889,4.290999889,3.9657826016437054
2/5/2018 23:00,3.799000025,3.799000025,3.98465541112544
2/6/2018 0:00,3.938999891,3.938999891,3.9656144129371143
2/6/2018 1:00,4.221000195,4.221000195,3.948573048577344
2/6/2018 2:00,3.799000025,3.799000025,3.924397880293255
2/6/2018 3:00,3.51699996,3.51699996,3.874029130385686
2/6/2018 4:00,4.290999889,4.290999889,3.970250559456357
2/6/2018 5:00,4.010000229,4.010000229,3.958554992513324
2/6/2018 6:00,4.010000229,4.010000229,3.9284712644260926
2/6/2018 7:00,1.547999978,1.547999978,3.9284712644260926
2/6/2018 8:00,1.19599998,1.19599998,4.036773385856981
2/6/2018 9:00,1.126000047,1.126000047,4.029838127791553
2/6/2018 10:00,1.476999998,1.476999998,4.001536414381936
2/6/2018 11:00,1.687999964,1.687999964,4.001536414381936
2/6/2018 12:00,1.758999944,1.758999944,4.020538838770495
2/6/2018 13:00,2.461999893,2.461999893,4.021766769413683
2/6/2018 14:00,4.501999855,4.501999855,4.002709753943689
2/6/2018 15:00,3.799000025,3.799000025,3.990758642275461
2/6/2018 16:00,2.673000097,2.673000097,4.002709753943689
2/6/2018 17:00,2.673000097,2.673000097,4.065048468896769
2/6/2018 18:00,2.602999926,2.602999926,3.946949950116675
2/6/2018 19:00,2.250999928,2.250999928,3.957919182518723
2/6/2018 20:00,2.180999994,2.180999994,3.9775374911729138
2/6/2018 21:00,2.532000065,2.532000065,3.99370344616252
2/6/2018 22:00,2.602999926,2.602999926,3.931719702008549
2/6/2018 23:00,2.250999928,2.250999928,3.942559487229601
2/7/2018 0:00,1.828999996,1.828999996,3.935095077953191
2/7/2018 1:00,2.039999962,2.039999962,3.952096336376264
2/7/2018 2:00,1.970000029,1.970000029,3.9762715046603496
2/7/2018 3:00,2.461999893,2.461999893,3.966343992028112
2/7/2018 4:00,2.250999928,2.250999928,3.954037406436639
2/7/2018 5:00,2.321000099,2.321000099,3.937107566279483
2/7/2018 6:00,2.461999893,2.461999893,3.9472168132703223
2/7/2018 7:00,2.602999926,2.602999926,4.050455701921765
2/7/2018 8:00,2.884000063,2.884000063,3.9809386026449785
2/7/2018 9:00,3.588000059,3.588000059,3.9707929466249103
2/7/2018 10:00,4.150000095,4.150000095,3.981033871516063
2/7/2018 11:00,4.501999855,4.501999855,3.977460533590748
2/7/2018 12:00,4.010000229,4.010000229,3.970924624525225
2/7/2018 13:00,4.290999889,4.290999889,3.980331646233527
2/7/2018 14:00,4.572999954,4.572999954,3.980331646233527
2/7/2018 15:00,4.923999786,4.923999786,3.980331646233527
2/7/2018 16:00,4.643000126,4.643000126,3.980331646233527
2/7/2018 17:00,5.065000057,5.065000057,4.050814664203166
2/7/2018 18:00,4.994999886,4.994999886,4.001534881195218
2/7/2018 19:00,5.135000229,5.135000229,4.026985268631472
2/7/2018 20:00,5.135000229,5.135000229,3.998509220735973
2/7/2018 21:00,4.643000126,4.643000126,3.956892878310109
2/7/2018 22:00,4.643000126,4.643000126,3.970487507193259
2/7/2018 23:00,3.588000059,3.588000059,3.97523078550875
2/8/2018 0:00,1.899000049,1.899000049,3.998665440695651
2/8/2018 1:00,2.109999895,2.109999895,3.998665440695651
2/8/2018 2:00,4.150000095,4.150000095,3.998665440695651
2/8/2018 3:00,4.221000195,4.221000195,3.998665440695651
2/8/2018 4:00,3.727999926,3.727999926,3.998665440695651
2/8/2018 5:00,3.588000059,3.588000059,3.998665440695651
2/8/2018 6:00,3.727999926,3.727999926,3.998665440695651
2/8/2018 7:00,3.165999889,3.165999889,3.998665440695651
2/8/2018 8:00,3.025000095,3.025000095,3.995675030074666
2/8/2018 9:00,2.180999994,2.180999994,3.995675030074666
2/8/2018 10:00,2.532000065,2.532000065,4.023964247667228
2/8/2018 11:00,2.884000063,2.884000063,4.01177201940906
2/8/2018 12:00,3.025000095,3.025000095,3.995675030074666
2/8/2018 13:00,2.884000063,2.884000063,3.995675030074666
2/8/2018 14:00,3.938999891,3.938999891,3.995675030074666
2/8/2018 15:00,3.588000059,3.588000059,3.995675030074666
2/8/2018 16:00,3.447000027,3.447000027,3.630352512847832
2/8/2018 17:00,3.868999958,3.868999958,3.7004490234262337
2/8/2018 18:00,3.377000093,3.377000093,3.702737228529886
2/8/2018 19:00,2.813999891,2.813999891,3.622361517483414
2/8/2018 20:00,2.743999958,2.743999958,3.538146445298741
2/8/2018 21:00,2.884000063,2.884000063,3.61886465499329
2/8/2018 22:00,2.813999891,2.813999891,3.538700446221698
2/8/2018 23:00,2.602999926,2.602999926,3.526597425854729
2/9/2018 0:00,2.813999891,2.813999891,3.552492330921932
2/9/2018 1:00,2.602999926,2.602999926,3.5609635385885325
2/9/2018 2:00,2.954999924,2.954999924,3.5849272371757124
2/9/2018 3:00,2.884000063,2.884000063,3.5580409126629218
2/9/2018 4:00,3.377000093,3.377000093,3.5152391622183106
2/9/2018 5:00,3.305999994,3.305999994,3.5116000087967576
2/9/2018 6:00,3.305999994,3.305999994,3.5359663117208577
2/9/2018 7:00,3.305999994,3.305999994,3.521717195787083
2/9/2018 8:00,3.377000093,3.377000093,3.542511570556916
2/9/2018 9:00,3.588000059,3.588000059,3.577979537776278
2/9/2018 10:00,3.727999926,3.727999926,3.5839268868204224
2/9/2018 11:00,4.643000126,4.643000126,3.600623126528372
2/9/2018 12:00,5.697999954,5.697999954,3.5757714653642267
2/9/2018 13:00,5.486999989,5.486999989,3.589977396510108
2/9/2018 14:00,5.768000126,5.768000126,3.603189693799762
2/9/2018 15:00,5.768000126,5.768000126,3.567745934048594
2/9/2018 16:00,5.768000126,5.768000126,3.581237485214757
2/9/2018 17:00,5.768000126,5.768000126,3.5796526526852284
2/9/2018 18:00,5.627999783,5.627999783,3.575932007318892
2/9/2018 19:00,5.346000195,5.346000195,3.5759891802193566
2/9/2018 20:00,5.839000225,5.839000225,3.5526282085074783
2/9/2018 21:00,5.697999954,5.697999954,3.5511976056055725
2/9/2018 22:00,5.416999817,5.416999817,3.53160291809358
2/9/2018 23:00,5.768000126,5.768000126,3.512003273318025
2/10/2018 0:00,5.839000225,5.839000225,3.5168038260593537
2/10/2018 1:00,5.90899992,5.90899992,3.510988139512886
2/10/2018 2:00,6.190999985,6.190999985,3.5374353322154666
2/10/2018 3:00,5.697999954,5.697999954,3.5624838371216105
2/10/2018 4:00,4.712999821,4.712999821,3.525786931791261
2/10/2018 5:00,4.643000126,4.643000126,3.553819156009895
2/10/2018 6:00,3.095000029,3.095000029,3.553878129780676
2/10/2018 7:00,2.813999891,2.813999891,3.568153902010878
2/10/2018 8:00,3.447000027,3.447000027,3.5873536908633734
2/10/2018 9:00,2.321000099,2.321000099,3.572296345587508
2/10/2018 10:00,1.899000049,1.899000049,3.5839056337802724
2/10/2018 11:00,2.250999928,2.250999928,3.5664053697489626
2/10/2018 12:00,3.025000095,3.025000095,3.5839056337802724
2/10/2018 13:00,3.025000095,3.025000095,3.5687690109878885
2/10/2018 14:00,3.938999891,3.938999891,3.59188040928292
2/10/2018 15:00,3.236000061,3.236000061,3.574807717413764
2/10/2018 16:00,3.727999926,3.727999926,3.6099551008695694
2/10/2018 17:00,4.150000095,4.150000095,3.6050541904398834
2/10/2018 18:00,4.221000195,4.221000195,3.591716426267488
2/10/2018 19:00,3.727999926,3.727999926,3.561516763559547
2/10/2018 20:00,3.799000025,3.799000025,3.5248144142189863
2/10/2018 21:00,3.868999958,3.868999958,3.5083310348031023
2/10/2018 22:00,3.095000029,3.095000029,3.5788768079755613
2/10/2018 23:00,1.337000012,1.337000012,3.5678859948206267
2/11/2018 0:00,2.532000065,2.532000065,3.5205292555833205
2/11/2018 1:00,3.095000029,3.095000029,3.5431775793072875
2/11/2018 2:00,4.290999889,4.290999889,3.5071176366684664
2/11/2018 3:00,3.938999891,3.938999891,3.5538701801887687
2/11/2018 4:00,3.868999958,3.868999958,3.5319522801979124
2/11/2018 5:00,3.657999992,3.657999992,3.5130723267052235
2/11/2018 6:00,2.673000097,2.673000097,3.499133146708654
2/11/2018 7:00,3.095000029,3.095000029,3.481550621614112
2/11/2018 8:00,4.079999924,4.079999924,3.4268759157058923
2/11/2018 9:00,3.377000093,3.377000093,3.439155153722308
2/11/2018 10:00,2.813999891,2.813999891,3.464921906876248
2/11/2018 11:00,3.377000093,3.377000093,3.465030929648984
2/11/2018 12:00,2.954999924,2.954999924,3.469918270554671
2/11/2018 13:00,2.743999958,2.743999958,3.475516215428529
2/11/2018 14:00,3.447000027,3.447000027,3.478815311342068
2/11/2018 15:00,3.095000029,3.095000029,3.493924953073684
2/11/2018 16:00,3.095000029,3.095000029,3.5324824513829847
2/11/2018 17:00,2.461999893,2.461999893,3.547589729867659
2/11/2018 18:00,1.970000029,1.970000029,3.534087521573149
2/11/2018 19:00,3.095000029,3.095000029,3.5324824513829847
2/11/2018 20:00,1.899000049,1.899000049,3.5169456433345987
2/11/2018 21:00,2.743999958,2.743999958,3.521844628385195
2/11/2018 22:00,3.657999992,3.657999992,3.53232991416474
2/11/2018 23:00,3.165999889,3.165999889,3.506309549837807
2/12/2018 0:00,3.095000029,3.095000029,3.4680364931246
2/12/2018 1:00,3.095000029,3.095000029,3.4285905440553046
2/12/2018 2:00,2.743999958,2.743999958,3.4381656267200067
2/12/2018 3:00,2.743999958,2.743999958,3.4381656267200067
2/12/2018 4:00,2.884000063,2.884000063,3.4381656267200067
2/12/2018 5:00,2.884000063,2.884000063,3.443697822539979
2/12/2018 6:00,2.673000097,2.673000097,3.449382555578196
2/12/2018 7:00,2.532000065,2.532000065,3.463588486724077
2/12/2018 8:00,1.618000031,1.618000031,3.463588486724077
2/12/2018 9:00,1.758999944,1.758999944,3.449382555578196
2/12/2018 10:00,1.054999948,1.054999948,3.449382555578196
2/12/2018 11:00,1.618000031,1.618000031,3.449382555578196
2/12/2018 12:00,1.337000012,1.337000012,3.471148789768818
2/12/2018 13:00,1.899000049,1.899000049,3.449382555578196
2/12/2018 14:00,3.236000061,3.236000061,3.463588486724077
2/12/2018 15:00,2.602999926,2.602999926,3.460393004172914
2/12/2018 16:00,2.532000065,2.532000065,3.482159238363536
2/12/2018 17:00,2.180999994,2.180999994,3.5474836072925457
2/12/2018 18:00,2.532000065,2.532000065,3.5474836072925457
2/12/2018 19:00,3.095000029,3.095000029,3.5163768115187035
2/12/2018 20:00,3.51699996,3.51699996,3.530529626113994
2/12/2018 21:00,3.799000025,3.799000025,3.5212712294192814
2/12/2018 22:00,3.799000025,3.799000025,3.498871784459284
2/12/2018 23:00,4.150000095,4.150000095,3.482637746088634
2/13/2018 0:00,4.290999889,4.290999889,3.4856986176498235
2/13/2018 1:00,4.290999889,4.290999889,3.535859005983106
2/13/2018 2:00,4.079999924,4.079999924,3.5284294865615835
2/13/2018 3:00,3.305999994,3.305999994,3.5422358641404195
2/13/2018 4:00,3.799000025,3.799000025,3.5382451568255764
2/13/2018 5:00,3.447000027,3.447000027,3.5382451568255764
2/13/2018 6:00,3.588000059,3.588000059,3.560150669341487
2/13/2018 7:00,3.305999994,3.305999994,3.560150669341487
2/13/2018 8:00,3.588000059,3.588000059,3.559503889048112
2/13/2018 9:00,4.079999924,4.079999924,3.559503889048112
2/13/2018 10:00,4.923999786,4.923999786,3.553919513698253
2/13/2018 11:00,5.697999954,5.697999954,3.549665383561942
2/13/2018 12:00,4.994999886,4.994999886,3.549665383561942
2/13/2018 13:00,4.994999886,4.994999886,3.564404799477798
2/13/2018 14:00,5.768000126,5.768000126,3.5492951577461818
2/13/2018 15:00,6.190999985,6.190999985,3.5548795330960408
2/13/2018 16:00,6.330999851,6.330999851,3.5644569790076845
2/13/2018 17:00,6.050000191,6.050000191,3.5420575340476868
2/13/2018 18:00,6.612999916,6.612999916,3.547589729867659
2/13/2018 19:00,6.050000191,6.050000191,3.525823495677037
2/13/2018 20:00,5.697999954,5.697999954,3.50980601407752
2/13/2018 21:00,6.119999886,6.119999886,3.477065153184285
2/13/2018 22:00,6.050000191,6.050000191,3.3950398377355846
2/13/2018 23:00,6.472000122,6.472000122,3.396317903419246
2/14/2018 0:00,6.40199995,6.40199995,3.3950398377355846
2/14/2018 1:00,6.472000122,6.472000122,3.3950398377355846
2/14/2018 2:00,5.55700016,5.55700016,3.3950398377355846
2/14/2018 3:00,6.40199995,6.40199995,3.3950398377355846
2/14/2018 4:00,6.261000156,6.261000156,3.3950398377355846
2/14/2018 5:00,5.55700016,5.55700016,3.3950398377355846
2/14/2018 6:00,5.627999783,5.627999783,3.4277806986288195
2/14/2018 7:00,4.923999786,4.923999786,3.4277806986288195
2/14/2018 8:00,5.90899992,5.90899992,3.456836736047823
2/14/2018 9:00,6.472000122,6.472000122,3.456836736047823
2/14/2018 10:00,6.752999783,6.752999783,3.449546932819441
2/14/2018 11:00,6.964000225,6.964000225,3.4277806986288195
2/14/2018 12:00,6.752999783,6.752999783,3.4277806986288195
2/14/2018 13:00,7.668000221,7.668000221,3.449546932819441
2/14/2018 14:00,7.386000156,7.386000156,3.449546932819441
2/14/2018 15:00,7.456999779,7.456999779,3.44837916066707
2/14/2018 16:00,7.456999779,7.456999779,3.46783908523503
2/14/2018 17:00,7.456999779,7.456999779,3.46783908523503
2/14/2018 18:00,6.40199995,6.40199995,3.46783908523503
2/14/2018 19:00,7.105000019,7.105000019,3.456836736047823
2/14/2018 20:00,7.315999985,7.315999985,3.456836736047823
2/14/2018 21:00,7.315999985,7.315999985,3.456836736047823
2/14/2018 22:00,7.175000191,7.175000191,3.449546932819441
2/14/2018 23:00,6.683000088,6.683000088,3.4277806986288195
2/15/2018 0:00,7.386000156,7.386000156,3.449546932819441
2/15/2018 1:00,5.90899992,5.90899992,3.449546932819441
2/15/2018 2:00,3.799000025,3.799000025,3.449546932819441
2/15/2018 3:00,3.727999926,3.727999926,3.449546932819441
2/15/2018 4:00,3.236000061,3.236000061,3.449546932819441
2/15/2018 5:00,3.588000059,3.588000059,3.449546932819441
2/15/2018 6:00,3.447000027,3.447000027,3.449546932819441
2/15/2018 7:00,3.236000061,3.236000061,3.449546932819441
2/15/2018 8:00,2.884000063,2.884000063,3.449546932819441
2/15/2018 9:00,2.884000063,2.884000063,3.449546932819441
2/15/2018 10:00,2.884000063,2.884000063,3.449546932819441
2/15/2018 11:00,2.813999891,2.813999891,3.449546932819441
2/15/2018 12:00,2.813999891,2.813999891,3.449546932819441
2/15/2018 13:00,3.095000029,3.095000029,3.449546932819441
2/15/2018 14:00,3.095000029,3.095000029,3.449546932819441
2/15/2018 15:00,3.165999889,3.165999889,3.449546932819441
2/15/2018 16:00,3.657999992,3.657999992,3.246187413390946
2/15/2018 17:00,3.236000061,3.236000061,3.3490221724249043
2/15/2018 18:00,2.602999926,2.602999926,3.3975881360755675
2/15/2018 19:00,2.532000065,2.532000065,3.5165231822671656
2/15/2018 20:00,3.025000095,3.025000095,3.509880642960802
2/15/2018 21:00,3.236000061,3.236000061,3.613222524250486
2/15/2018 22:00,3.447000027,3.447000027,3.536284639864764
2/15/2018 23:00,3.305999994,3.305999994,3.428862550025948
2/16/2018 0:00,3.025000095,3.025000095,3.4397865231930207
2/16/2018 1:00,3.447000027,3.447000027,3.4507958751042183
2/16/2018 2:00,3.305999994,3.305999994,3.3771479076557656
2/16/2018 3:00,3.657999992,3.657999992,3.346357817169867
2/16/2018 4:00,3.447000027,3.447000027,3.35323594580136
2/16/2018 5:00,3.305999994,3.305999994,3.3756130390500125
2/16/2018 6:00,3.799000025,3.799000025,3.371957397394038
2/16/2018 7:00,4.150000095,4.150000095,3.375540473235496
2/16/2018 8:00,3.095000029,3.095000029,3.4820344270024592
2/16/2018 9:00,3.51699996,3.51699996,3.42570710438701
2/16/2018 10:00,3.377000093,3.377000093,3.425508735087059
2/16/2018 11:00,4.43200016,4.43200016,3.474462146077671
2/16/2018 12:00,5.135000229,5.135000229,3.447307058253381
2/16/2018 13:00,5.416999817,5.416999817,3.440330970257335
2/16/2018 14:00,5.697999954,5.697999954,3.52711696302388
2/16/2018 15:00,5.697999954,5.697999954,3.505110014487254
2/16/2018 16:00,5.55700016,5.55700016,3.485022170709617
2/16/2018 17:00,5.205999851,5.205999851,3.524786114835362
2/16/2018 18:00,5.416999817,5.416999817,3.549145891277569
2/16/2018 19:00,5.135000229,5.135000229,3.5023761696243967
2/16/2018 20:00,4.923999786,4.923999786,3.5412725601897908
2/16/2018 21:00,4.994999886,4.994999886,3.5482542816914995
2/16/2018 22:00,4.923999786,4.923999786,3.469660056426531
2/16/2018 23:00,5.135000229,5.135000229,3.474036476142324
2/17/2018 0:00,4.572999954,4.572999954,3.463126313641664
2/17/2018 1:00,4.010000229,4.010000229,3.4122680068384144
2/17/2018 2:00,4.150000095,4.150000095,3.36588476360536
2/17/2018 3:00,4.994999886,4.994999886,3.4044768597799853
2/17/2018 4:00,4.361999989,4.361999989,3.398811745039141
2/17/2018 5:00,4.221000195,4.221000195,3.49990223275696
2/17/2018 6:00,3.377000093,3.377000093,3.509836789460449
2/17/2018 7:00,2.039999962,2.039999962,3.46655606901928
2/17/2018 8:00,2.250999928,2.250999928,3.574984218716056
2/17/2018 9:00,1.828999996,1.828999996,3.6274098161570554
2/17/2018 10:00,2.180999994,2.180999994,3.6598313882345854
2/17/2018 11:00,2.954999924,2.954999924,3.674756751483108
2/17/2018 12:00,2.884000063,2.884000063,3.637957275826033
2/17/2018 13:00,3.377000093,3.377000093,3.644914421803204
2/17/2018 14:00,4.290999889,4.290999889,3.702663683866501
2/17/2018 15:00,4.221000195,4.221000195,3.950060915484187
2/17/2018 16:00,4.150000095,4.150000095,3.951365403156141
2/17/2018 17:00,3.236000061,3.236000061,3.931087666123165
2/17/2018 18:00,2.743999958,2.743999958,4.001672711905765
2/17/2018 19:00,2.602999926,2.602999926,3.955968728934404
2/17/2018 20:00,2.602999926,2.602999926,3.9727165005903657
2/17/2018 21:00,2.532000065,2.532000065,3.9560423526938338
2/17/2018 22:00,2.461999893,2.461999893,3.912512730271819
2/17/2018 23:00,2.39199996,2.39199996,3.923312944354136
2/18/2018 0:00,2.109999895,2.109999895,3.9763573910620913
2/18/2018 1:00,2.180999994,2.180999994,3.943609655263357
2/18/2018 2:00,2.250999928,2.250999928,3.956020299772333
2/18/2018 3:00,2.532000065,2.532000065,3.963194711926389
2/18/2018 4:00,3.095000029,3.095000029,3.949467774970059
2/18/2018 5:00,3.799000025,3.799000025,3.9429197434521535
2/18/2018 6:00,2.250999928,2.250999928,3.898275933209333
2/18/2018 7:00,4.150000095,4.150000095,3.942754667460721
2/18/2018 8:00,4.290999889,4.290999889,3.939067504246117
2/18/2018 9:00,4.854000092,4.854000092,3.960453825091936
2/18/2018 10:00,5.065000057,5.065000057,3.965022694316502
2/18/2018 11:00,4.994999886,4.994999886,3.9910547376639656
2/18/2018 12:00,4.643000126,4.643000126,3.986337241344724
2/18/2018 13:00,4.501999855,4.501999855,4.006265168496269
2/18/2018 14:00,2.743999958,2.743999958,3.924724213525669
2/18/2018 15:00,2.39199996,2.39199996,3.898926955358332
2/18/2018 16:00,3.025000095,3.025000095,3.8942591855692745
2/18/2018 17:00,1.547999978,1.547999978,3.888048217862375
2/18/2018 18:00,2.039999962,2.039999962,3.8937864631920895
2/18/2018 19:00,2.673000097,2.673000097,3.8937864631920895
2/18/2018 20:00,2.602999926,2.602999926,3.888086216769244
2/18/2018 21:00,2.250999928,2.250999928,3.886623483037425
2/18/2018 22:00,2.039999962,2.039999962,3.868295463963723
2/18/2018 23:00,1.337000012,1.337000012,3.872289974348605
2/19/2018 0:00,2.039999962,2.039999962,3.863013642474345
2/19/2018 1:00,2.321000099,2.321000099,3.8620148400858447
2/19/2018 2:00,2.954999924,2.954999924,3.8686378103554446
2/19/2018 3:00,3.727999926,3.727999926,3.848302500900964
2/19/2018 4:00,3.236000061,3.236000061,3.832439036035832
2/19/2018 5:00,2.954999924,2.954999924,3.74214261973484
2/19/2018 6:00,3.095000029,3.095000029,3.7440825598866416
2/19/2018 7:00,2.39199996,2.39199996,3.767585198284999
2/19/2018 8:00,2.39199996,2.39199996,3.734053693531477
2/19/2018 9:00,1.547999978,1.547999978,3.8144338025525824
2/19/2018 10:00,0.563000023,0.563000023,3.779734135680394
2/19/2018 11:00,0.773999989,0.773999989,3.825411061243216
2/19/2018 12:00,2.39199996,2.39199996,3.78689653500039
2/19/2018 13:00,2.109999895,2.109999895,3.774131338738599
2/19/2018 14:00,2.954999924,2.954999924,3.7875787614262784
2/19/2018 15:00,2.954999924,2.954999924,3.778864094417303
2/19/2018 16:00,2.884000063,2.884000063,3.8356641708606825
2/19/2018 17:00,3.025000095,3.025000095,3.899531691679773
2/19/2018 18:00,3.025000095,3.025000095,3.898688641289416
2/19/2018 19:00,3.51699996,3.51699996,3.8435746381877314
2/19/2018 20:00,3.305999994,3.305999994,3.898688641289416
2/19/2018 21:00,3.657999992,3.657999992,3.88997397428044
2/19/2018 22:00,3.447000027,3.447000027,3.8565414536245455
2/19/2018 23:00,3.727999926,3.727999926,3.839887617839079
2/20/2018 0:00,3.799000025,3.799000025,3.831330233280805
2/20/2018 1:00,4.079999924,4.079999924,3.7551949780804574
2/20/2018 2:00,3.447000027,3.447000027,3.797342165745329
2/20/2018 3:00,3.657999992,3.657999992,3.812003439182155
2/20/2018 4:00,3.236000061,3.236000061,3.80131738981309
2/20/2018 5:00,3.51699996,3.51699996,3.805906590637415
2/20/2018 6:00,2.813999891,2.813999891,3.820137883896358
2/20/2018 7:00,2.461999893,2.461999893,3.8390650639759714
2/20/2018 8:00,2.673000097,2.673000097,3.892586118748052
2/20/2018 9:00,2.673000097,2.673000097,3.892586118748052
2/20/2018 10:00,1.970000029,1.970000029,4.025953575264461
2/20/2018 11:00,0.703000009,0.703000009,4.051418429146892
2/20/2018 12:00,0.0,0.0,4.072330159177946
2/20/2018 13:00,0.0,0.0,4.081809615613291
2/20/2018 14:00,0.0,0.0,4.066584400713082
2/20/2018 15:00,0.633000016,0.633000016,4.076234127605265
2/20/2018 16:00,0.0,0.0,4.056710142372735
2/20/2018 17:00,0.0,0.0,4.030062714689741
2/20/2018 18:00,0.0,0.0,3.968931644206995
2/20/2018 19:00,0.0,0.0,4.016749624607353
2/20/2018 20:00,0.0,0.0,3.936711549965342
2/20/2018 21:00,1.899000049,1.899000049,3.923224559511209
2/20/2018 22:00,2.180999994,2.180999994,3.919767925859513
2/20/2018 23:00,2.321000099,2.321000099,3.8532666829087434
2/21/2018 0:00,2.532000065,2.532000065,3.95510834686406
2/21/2018 1:00,2.461999893,2.461999893,3.8601527860234
2/21/2018 2:00,2.813999891,2.813999891,3.859329485684843
2/21/2018 3:00,2.461999893,2.461999893,3.840708478992372
2/21/2018 4:00,2.602999926,2.602999926,3.859635659071986
2/21/2018 5:00,2.532000065,2.532000065,3.892677290753274
2/21/2018 6:00,2.461999893,2.461999893,3.886283086754974
2/21/2018 7:00,2.673000097,2.673000097,3.883194445810653
2/21/2018 8:00,2.813999891,2.813999891,3.8937897733852016
2/21/2018 9:00,2.743999958,2.743999958,3.9036812222459623
2/21/2018 10:00,2.743999958,2.743999958,3.923265751082978
2/21/2018 11:00,2.884000063,2.884000063,3.942361857407783
2/21/2018 12:00,2.602999926,2.602999926,3.982701535498719
2/21/2018 13:00,2.743999958,2.743999958,3.977923119124752
2/21/2018 14:00,2.532000065,2.532000065,3.958234735828852
2/21/2018 15:00,2.954999924,2.954999924,3.972485495690508
2/21/2018 16:00,2.884000063,2.884000063,3.980298355707879
2/21/2018 17:00,3.165999889,3.165999889,3.9923025248694377
2/21/2018 18:00,3.236000061,3.236000061,3.9923025248694377
2/21/2018 19:00,3.868999958,3.868999958,3.9923025248694377
2/21/2018 20:00,4.221000195,4.221000195,3.98479583823921
2/21/2018 21:00,5.346000195,5.346000195,3.9923025248694377
2/21/2018 22:00,5.346000195,5.346000195,3.965868658159597
2/21/2018 23:00,5.205999851,5.205999851,3.927217061315048
2/22/2018 0:00,5.205999851,5.205999851,3.927217061315048
2/22/2018 1:00,5.486999989,5.486999989,3.8868773832241112
2/22/2018 2:00,5.205999851,5.205999851,3.8868773832241112
2/22/2018 3:00,4.854000092,4.854000092,3.8868773832241112
2/22/2018 4:00,4.923999786,4.923999786,3.8868773832241112
2/22/2018 5:00,4.994999886,4.994999886,3.8868773832241112
2/22/2018 6:00,4.78399992,4.78399992,3.8868773832241112
2/22/2018 7:00,4.78399992,4.78399992,3.891734087909101
2/22/2018 8:00,5.205999851,5.205999851,3.891734087909101
2/22/2018 9:00,5.276000023,5.276000023,3.8983121503465936
2/22/2018 10:00,4.643000126,4.643000126,3.8980059769594506
2/22/2018 11:00,5.346000195,5.346000195,3.8980059769594506
2/22/2018 12:00,4.923999786,4.923999786,3.8914279145219575
2/22/2018 13:00,4.361999989,4.361999989,3.891734087909101
2/22/2018 14:00,5.55700016,5.55700016,3.8868773832241112
2/22/2018 15:00,4.78399992,4.78399992,3.8868773832241112
2/22/2018 16:00,4.43200016,4.43200016,4.9122315587442
2/22/2018 17:00,4.43200016,4.43200016,4.889044653120592
2/22/2018 18:00,5.55700016,5.55700016,5.000923878199361
2/22/2018 19:00,4.643000126,4.643000126,5.001792387413555
2/22/2018 20:00,4.854000092,4.854000092,4.963262859473095
2/22/2018 21:00,5.416999817,5.416999817,5.002181347461328
2/22/2018 22:00,5.276000023,5.276000023,4.98243842803495
2/22/2018 23:00,5.697999954,5.697999954,4.98243842803495
2/23/2018 0:00,5.697999954,5.697999954,4.970425567268351
2/23/2018 1:00,4.994999886,4.994999886,4.9468031848385685
2/23/2018 2:00,4.994999886,4.994999886,4.921974269002535
2/23/2018 3:00,5.276000023,5.276000023,4.8983997096381
2/23/2018 4:00,4.501999855,4.501999855,4.917269492424178
2/23/2018 5:00,4.501999855,4.501999855,4.933446945026889
2/23/2018 6:00,4.221000195,4.221000195,4.926961031260598
2/23/2018 7:00,3.938999891,3.938999891,4.937448107379774
2/23/2018 8:00,4.854000092,4.854000092,4.967833020478764
2/23/2018 9:00,4.643000126,4.643000126,4.940565158378164
2/23/2018 10:00,5.839000225,5.839000225,4.913590716943227
2/23/2018 11:00,5.768000126,5.768000126,4.946509971075253
2/23/2018 12:00,5.627999783,5.627999783,4.924487029174382
2/23/2018 13:00,4.854000092,4.854000092,4.902319341237871
2/23/2018 14:00,8.37100029,8.37100029,4.88699398706517
2/23/2018 15:00,6.894000053,6.894000053,4.794957189103624
2/23/2018 16:00,7.386000156,7.386000156,4.810890634910088
2/23/2018 17:00,7.105000019,7.105000019,4.744024821821448
2/23/2018 18:00,7.737999916,7.737999916,4.794210707770341
2/23/2018 19:00,6.894000053,6.894000053,4.798815203501939
2/23/2018 20:00,6.119999886,6.119999886,4.748810397738464
2/23/2018 21:00,5.768000126,5.768000126,4.7986297046232815
2/23/2018 22:00,5.346000195,5.346000195,4.7707271516410215
2/23/2018 23:00,5.135000229,5.135000229,4.753105799989678
2/24/2018 0:00,5.486999989,5.486999989,4.744994054569193
2/24/2018 1:00,4.994999886,4.994999886,4.684447204910434
2/24/2018 2:00,5.065000057,5.065000057,4.764645597692086
2/24/2018 3:00,4.923999786,4.923999786,4.746456598725383
2/24/2018 4:00,4.854000092,4.854000092,4.739545550582373
2/24/2018 5:00,4.854000092,4.854000092,4.714292558520142
2/24/2018 6:00,5.416999817,5.416999817,4.713664789738277
2/24/2018 7:00,4.361999989,4.361999989,4.690437008907875
2/24/2018 8:00,5.135000229,5.135000229,4.693275312574344
2/24/2018 9:00,5.346000195,5.346000195,4.744284468330028
2/24/2018 10:00,6.330999851,6.330999851,4.744284468330028
2/24/2018 11:00,5.205999851,5.205999851,4.740825622774049
2/24/2018 12:00,4.572999954,4.572999954,4.752477173921972
2/24/2018 13:00,4.361999989,4.361999989,4.753583318406034
2/24/2018 14:00,4.994999886,4.994999886,4.730542436230519
2/24/2018 15:00,4.994999886,4.994999886,4.759613450367965
2/24/2018 16:00,4.43200016,4.43200016,4.7569328179703065
2/24/2018 17:00,4.78399992,4.78399992,4.742390024633261
2/24/2018 18:00,5.979000092,5.979000092,4.7297072631757615
2/24/2018 19:00,5.768000126,5.768000126,4.750752535228295
2/24/2018 20:00,5.627999783,5.627999783,4.76696638976417
2/24/2018 21:00,5.486999989,5.486999989,4.74706470490359
2/24/2018 22:00,4.361999989,4.361999989,4.722475022606036
2/24/2018 23:00,4.643000126,4.643000126,4.787632571799231
2/25/2018 0:00,3.868999958,3.868999958,4.746647018144946
2/25/2018 1:00,3.868999958,3.868999958,4.727810640962914
2/25/2018 2:00,3.305999994,3.305999994,4.738744980768908
2/25/2018 3:00,3.447000027,3.447000027,4.723890443284731
2/25/2018 4:00,3.305999994,3.305999994,4.747545328388703
2/25/2018 5:00,2.743999958,2.743999958,4.739556275151921
2/25/2018 6:00,3.165999889,3.165999889,4.7294156086526575
2/25/2018 7:00,4.079999924,4.079999924,4.745081440519848
2/25/2018 8:00,3.657999992,3.657999992,4.68219297862611
2/25/2018 9:00,2.813999891,2.813999891,4.68219297862611
2/25/2018 10:00,3.305999994,3.305999994,4.7146473767242165
2/25/2018 11:00,4.43200016,4.43200016,4.699255043149553
2/25/2018 12:00,5.205999851,5.205999851,4.710070061603183
2/25/2018 13:00,4.994999886,4.994999886,4.713836515283606
2/25/2018 14:00,5.276000023,5.276000023,4.722026852900781
2/25/2018 15:00,5.205999851,5.205999851,4.722026852900781
2/25/2018 16:00,4.854000092,4.854000092,4.739361146990822
2/25/2018 17:00,5.55700016,5.55700016,4.739361146990822
2/25/2018 18:00,5.979000092,5.979000092,4.812194743959518
2/25/2018 19:00,4.994999886,4.994999886,4.806279134939867
2/25/2018 20:00,5.346000195,5.346000195,4.806279134939867
2/25/2018 21:00,5.205999851,5.205999851,4.806279134939867
2/25/2018 22:00,5.135000229,5.135000229,4.806279134939867
2/25/2018 23:00,4.923999786,4.923999786,4.806279134939867
2/26/2018 0:00,5.135000229,5.135000229,4.80358749208088
2/26/2018 1:00,4.643000126,4.643000126,4.772300381593437
2/26/2018 2:00,4.501999855,4.501999855,4.746165739883601
2/26/2018 3:00,4.572999954,4.572999954,4.735420193307949
2/26/2018 4:00,4.643000126,4.643000126,4.735420193307949
2/26/2018 5:00,4.501999855,4.501999855,4.735420193307949
2/26/2018 6:00,4.150000095,4.150000095,4.783555551013964
2/26/2018 7:00,4.572999954,4.572999954,4.783007071301626
2/26/2018 8:00,4.712999821,4.712999821,4.767965195799308
2/26/2018 9:00,5.346000195,5.346000195,4.767965195799308
2/26/2018 10:00,6.190999985,6.190999985,4.71839800182077
2/26/2018 11:00,6.330999851,6.330999851,4.733988357035426
2/26/2018 12:00,5.979000092,5.979000092,4.7410714056999375
2/26/2018 13:00,6.752999783,6.752999783,4.733988357035426
2/26/2018 14:00,7.809000015,7.809000015,4.7410714056999375
2/26/2018 15:00,8.159999847,8.159999847,4.7410714056999375
2/26/2018 16:00,8.230999947,8.230999947,4.738824125918604
2/26/2018 17:00,8.37100029,8.37100029,4.738824125918604
2/26/2018 18:00,8.159999847,8.159999847,4.784111108224389
2/26/2018 19:00,7.315999985,7.315999985,4.738824125918604
2/26/2018 20:00,6.40199995,6.40199995,4.738275646206266
2/26/2018 21:00,6.119999886,6.119999886,4.792911455844184
2/26/2018 22:00,5.768000126,5.768000126,4.792911455844184
2/26/2018 23:00,5.839000225,5.839000225,4.792911455844184
2/27/2018 0:00,5.697999954,5.697999954,4.792911455844184
2/27/2018 1:00,5.416999817,5.416999817,4.773412191457334
2/27/2018 2:00,5.768000126,5.768000126,4.773412191457334
2/27/2018 3:00,5.346000195,5.346000195,4.767670418001886
2/27/2018 4:00,5.627999783,5.627999783,4.767670418001886
2/27/2018 5:00,4.994999886,4.994999886,4.767670418001886
2/27/2018 6:00,5.205999851,5.205999851,4.767670418001886
2/27/2018 7:00,5.135000229,5.135000229,4.767670418001886
2/27/2018 8:00,5.55700016,5.55700016,4.767670418001886
2/27/2018 9:00,5.135000229,5.135000229,4.767670418001886
2/27/2018 10:00,5.346000195,5.346000195,4.782749786734205
2/27/2018 11:00,5.346000195,5.346000195,4.782749786734205
2/27/2018 12:00,6.330999851,6.330999851,4.767670418001886
2/27/2018 13:00,7.456999779,7.456999779,4.722383435696101
2/27/2018 14:00,7.245999813,7.245999813,4.787169682388736
2/27/2018 15:00,7.315999985,7.315999985,4.767670418001886
2/27/2018 16:00,7.668000221,7.668000221,4.767670418001886
2/27/2018 17:00,7.315999985,7.315999985,4.787169682388736
2/27/2018 18:00,5.697999954,5.697999954,4.722383435696101
2/27/2018 19:00,4.854000092,4.854000092,4.73746280442842
2/27/2018 20:00,3.165999889,3.165999889,4.722383435696101
2/27/2018 21:00,1.828999996,1.828999996,4.722383435696101
2/27/2018 22:00,1.476999998,1.476999998,4.722383435696101
2/27/2018 23:00,2.39199996,2.39199996,4.767670418001886
2/28/2018 0:00,2.39199996,2.39199996,4.722383435696101
2/28/2018 1:00,2.884000063,2.884000063,4.767670418001886
2/28/2018 2:00,3.588000059,3.588000059,4.718824443227011
2/28/2018 3:00,3.377000093,3.377000093,4.7117413945625
2/28/2018 4:00,2.743999958,2.743999958,4.690864688628331
2/28/2018 5:00,3.165999889,3.165999889,4.690864688628331
2/28/2018 6:00,3.095000029,3.095000029,4.690864688628331
2/28/2018 7:00,3.025000095,3.025000095,4.690864688628331
2/28/2018 8:00,2.109999895,2.109999895,4.690864688628331
2/28/2018 9:00,1.266000032,1.266000032,4.690864688628331
2/28/2018 10:00,2.039999962,2.039999962,4.690864688628331
2/28/2018 11:00,1.970000029,1.970000029,4.690864688628331
2/28/2018 12:00,2.743999958,2.743999958,4.690864688628331
2/28/2018 13:00,3.025000095,3.025000095,4.690864688628331
2/28/2018 14:00,3.025000095,3.025000095,4.690864688628331
2/28/2018 15:00,3.868999958,3.868999958,4.690864688628331
2/28/2018 16:00,4.501999855,4.501999855,4.690864688628331
2/28/2018 17:00,5.205999851,5.205999851,4.696389853996258
2/28/2018 18:00,5.839000225,5.839000225,4.717649945488724
2/28/2018 19:00,5.768000126,5.768000126,4.732729314221043
2/28/2018 20:00,5.276000023,5.276000023,4.738015664940556
2/28/2018 21:00,4.994999886,4.994999886,4.732729314221043
2/28/2018 22:00,5.697999954,5.697999954,4.732729314221043
2/28/2018 23:00,5.979000092,5.979000092,4.727204148853116
3/1/2018 0:00,5.486999989,5.486999989,4.711469222728576
3/1/2018 1:00,5.346000195,5.346000195,4.711469222728576
3/1/2018 2:00,5.627999783,5.627999783,4.705944057360649
3/1/2018 3:00,5.768000126,5.768000126,4.705944057360649
3/1/2018 4:00,4.923999786,4.923999786,4.711469222728576
3/1/2018 5:00,5.697999954,5.697999954,4.732729314221043
3/1/2018 6:00,5.839000225,5.839000225,4.727204148853116
3/1/2018 7:00,4.150000095,4.150000095,4.711469222728576
3/1/2018 8:00,4.361999989,4.361999989,4.732729314221043
3/1/2018 9:00,4.572999954,4.572999954,4.705944057360649
3/1/2018 10:00,4.43200016,4.43200016,4.711469222728576
3/1/2018 11:00,4.572999954,4.572999954,4.727204148853116
3/1/2018 12:00,4.221000195,4.221000195,4.711469222728576
3/1/2018 13:00,3.51699996,3.51699996,4.711469222728576
3/1/2018 14:00,3.236000061,3.236000061,4.711469222728576
3/1/2018 15:00,3.095000029,3.095000029,4.711469222728576
3/1/2018 16:00,2.884000063,2.884000063,3.240849946932489
3/1/2018 17:00,2.602999926,2.602999926,3.3443343205243345
3/1/2018 18:00,2.954999924,2.954999924,3.360069500368182
3/1/2018 19:00,2.461999893,2.461999893,3.4713016278066826
3/1/2018 20:00,2.743999958,2.743999958,3.4323729752082195
3/1/2018 21:00,2.109999895,2.109999895,3.4983737147062595
3/1/2018 22:00,2.321000099,2.321000099,3.5450909032569875
3/1/2018 23:00,2.673000097,2.673000097,3.546502891099601
3/2/2018 0:00,2.180999994,2.180999994,3.560244330964693
3/2/2018 1:00,0.0,0.0,3.5316276942728964
3/2/2018 2:00,0.843999982,0.843999982,3.5328372621042963
3/2/2018 3:00,-0.492000014,-0.492000014,3.503351243948843
3/2/2018 4:00,0.985000014,0.985000014,3.5299913317930383
3/2/2018 5:00,2.039999962,2.039999962,3.550459233692161
3/2/2018 6:00,2.039999962,2.039999962,3.551018787899125
3/2/2018 7:00,1.687999964,1.687999964,3.5741250433629537
3/2/2018 8:00,1.758999944,1.758999944,3.5689413482539827
3/2/2018 9:00,1.899000049,1.899000049,3.610558731744334
3/2/2018 10:00,2.321000099,2.321000099,3.648225820811791
3/2/2018 11:00,2.321000099,2.321000099,3.868179437445007
3/2/2018 12:00,2.884000063,2.884000063,4.03603617618161
3/2/2018 13:00,3.165999889,3.165999889,4.142838462395436
3/2/2018 14:00,3.165999889,3.165999889,4.072559523339132
3/2/2018 15:00,3.236000061,3.236000061,4.0751148834726925
3/2/2018 16:00,3.727999926,3.727999926,4.068668799934218
3/2/2018 17:00,3.657999992,3.657999992,4.001791473318242
3/2/2018 18:00,4.150000095,4.150000095,3.988554138229361
3/2/2018 19:00,4.361999989,4.361999989,3.958082089959008
3/2/2018 20:00,4.150000095,4.150000095,3.911556029477924
3/2/2018 21:00,4.150000095,4.150000095,3.870836907879622
3/2/2018 22:00,4.501999855,4.501999855,3.867588692733257
3/2/2018 23:00,4.079999924,4.079999924,3.871388783411979
3/3/2018 0:00,1.19599998,1.19599998,3.793416682238232
3/3/2018 1:00,1.476999998,1.476999998,3.766903366357747
3/3/2018 2:00,3.51699996,3.51699996,3.8085317445993456
3/3/2018 3:00,4.923999786,4.923999786,3.81399704715304
3/3/2018 4:00,5.065000057,5.065000057,3.785074154721397
3/3/2018 5:00,4.994999886,4.994999886,3.8368114363964927
3/3/2018 6:00,4.221000195,4.221000195,3.886674350754408
3/3/2018 7:00,4.43200016,4.43200016,3.9089156555785616
3/3/2018 8:00,4.643000126,4.643000126,3.917464507407883
3/3/2018 9:00,5.205999851,5.205999851,3.849800024839981
3/3/2018 10:00,5.697999954,5.697999954,3.881917550756064
3/3/2018 11:00,6.823999882,6.823999882,3.95327662239104
3/3/2018 12:00,6.964000225,6.964000225,4.018549812477039
3/3/2018 13:00,7.597000122,7.597000122,4.037745849253362
3/3/2018 14:00,8.020000458,8.020000458,3.9499689348608618
3/3/2018 15:00,7.668000221,7.668000221,3.9662492273914194
3/3/2018 16:00,7.52699995,7.52699995,3.9577532104628417
3/3/2018 17:00,7.456999779,7.456999779,3.95503415070248
3/3/2018 18:00,6.964000225,6.964000225,3.892428420203184
3/3/2018 19:00,6.330999851,6.330999851,3.845296169293199
3/3/2018 20:00,6.330999851,6.330999851,3.8704771238248576
3/3/2018 21:00,6.190999985,6.190999985,3.873402396238984
3/3/2018 22:00,5.768000126,5.768000126,3.895552166760652
3/3/2018 23:00,5.486999989,5.486999989,3.901430236756553
3/4/2018 0:00,5.90899992,5.90899992,3.901755970819204
3/4/2018 1:00,5.768000126,5.768000126,3.8785103872690474
3/4/2018 2:00,5.065000057,5.065000057,3.882722346947436
3/4/2018 3:00,5.135000229,5.135000229,3.862785225306514
3/4/2018 4:00,5.135000229,5.135000229,3.895358939977768
3/4/2018 5:00,5.065000057,5.065000057,3.888189052243263
3/4/2018 6:00,4.78399992,4.78399992,3.88136531438362
3/4/2018 7:00,5.065000057,5.065000057,3.883039276822618
3/4/2018 8:00,5.627999783,5.627999783,3.911951691777345
3/4/2018 9:00,6.472000122,6.472000122,3.932899373925582
3/4/2018 10:00,8.090000153,8.090000153,3.867840355897962
3/4/2018 11:00,9.145000458,9.145000458,3.894154048188723
3/4/2018 12:00,9.708000183,9.708000183,3.9077765760006247
3/4/2018 13:00,9.496999741,9.496999741,3.9607583231645087
3/4/2018 14:00,8.722999573,8.722999573,3.96026317898169
3/4/2018 15:00,7.879000187,7.879000187,3.974917531329669
3/4/2018 16:00,7.456999779,7.456999779,3.980279487656495
3/4/2018 17:00,6.612999916,6.612999916,4.013702396708998
3/4/2018 18:00,5.205999851,5.205999851,4.005245288237992
3/4/2018 19:00,4.501999855,4.501999855,3.929443789392438
3/4/2018 20:00,1.547999978,1.547999978,3.878039723841903
3/4/2018 21:00,0.0,0.0,3.853393175998149
3/4/2018 22:00,3.588000059,3.588000059,3.8512579323350415
3/4/2018 23:00,1.337000012,1.337000012,3.826355756998545
3/5/2018 0:00,0.773999989,0.773999989,3.814952061596249
3/5/2018 1:00,0.0,0.0,3.801618249558766
3/5/2018 2:00,1.970000029,1.970000029,3.876668254743997
3/5/2018 3:00,2.250999928,2.250999928,3.850800605464373
3/5/2018 4:00,1.406999946,1.406999946,3.9137080608996015
3/5/2018 5:00,1.337000012,1.337000012,3.879124571127389
3/5/2018 6:00,2.321000099,2.321000099,3.883387364720182
3/5/2018 7:00,2.532000065,2.532000065,3.942283553698018
3/5/2018 8:00,1.899000049,1.899000049,3.9481035862621128
3/5/2018 9:00,1.970000029,1.970000029,3.904313201976532
3/5/2018 10:00,2.884000063,2.884000063,3.9271181292594255
3/5/2018 11:00,3.588000059,3.588000059,4.043911044782767
3/5/2018 12:00,3.727999926,3.727999926,4.136629525109984
3/5/2018 13:00,3.938999891,3.938999891,4.1125806342637405
3/5/2018 14:00,5.205999851,5.205999851,4.154721447955634
3/5/2018 15:00,4.854000092,4.854000092,4.065061387146997
3/5/2018 16:00,4.501999855,4.501999855,4.030504433928981
3/5/2018 17:00,4.290999889,4.290999889,4.012228716429197
3/5/2018 18:00,4.923999786,4.923999786,3.970814314792929
3/5/2018 19:00,4.712999821,4.712999821,3.893578499144795
3/5/2018 20:00,3.588000059,3.588000059,3.902539378649633
3/5/2018 21:00,3.377000093,3.377000093,3.917770894599383
3/5/2018 22:00,3.305999994,3.305999994,3.928136157368376
3/5/2018 23:00,3.025000095,3.025000095,3.9107233680153306
3/6/2018 0:00,3.025000095,3.025000095,3.9140834069798767
3/6/2018 1:00,2.673000097,2.673000097,3.898596752943072
3/6/2018 2:00,2.39199996,2.39199996,3.880357909880287
3/6/2018 3:00,1.899000049,1.899000049,3.897039133118181
3/6/2018 4:00,2.109999895,2.109999895,3.8560094122083695
3/6/2018 5:00,1.970000029,1.970000029,3.913833897878789
3/6/2018 6:00,2.461999893,2.461999893,3.877290088543539
3/6/2018 7:00,1.970000029,1.970000029,3.908221449977599
3/6/2018 8:00,1.406999946,1.406999946,3.9891063797338138
3/6/2018 9:00,1.406999946,1.406999946,4.052294397700357
3/6/2018 10:00,2.180999994,2.180999994,4.026411285976295
3/6/2018 11:00,1.828999996,1.828999996,4.077344521238156
3/6/2018 12:00,2.250999928,2.250999928,3.963476271379076
3/6/2018 13:00,2.321000099,2.321000099,3.947948570989441
3/6/2018 14:00,2.532000065,2.532000065,3.921189743702066
3/6/2018 15:00,3.025000095,3.025000095,3.9150478981710295
3/6/2018 16:00,2.954999924,2.954999924,3.99298324675892
3/6/2018 17:00,2.884000063,2.884000063,3.9197398624194566
3/6/2018 18:00,2.813999891,2.813999891,3.882172599909207
3/6/2018 19:00,2.109999895,2.109999895,3.921564756140609
3/6/2018 20:00,1.828999996,1.828999996,3.929994618220344
3/6/2018 21:00,1.476999998,1.476999998,3.866912218468468
3/6/2018 22:00,1.758999944,1.758999944,3.896331523699585
3/6/2018 23:00,1.828999996,1.828999996,3.9008966284412634
3/7/2018 0:00,1.970000029,1.970000029,3.861614253579318
3/7/2018 1:00,1.899000049,1.899000049,3.877325060956261
3/7/2018 2:00,0.773999989,0.773999989,3.877325060956261
3/7/2018 3:00,-0.843999982,-0.843999982,3.888728728346111
3/7/2018 4:00,-0.633000016,-0.633000016,3.877325060956261
3/7/2018 5:00,-0.915000021,-0.915000021,3.8653865566838257
3/7/2018 6:00,0.0,0.0,3.8653865566838257
3/7/2018 7:00,-0.492000014,-0.492000014,3.8675795891497313
3/7/2018 8:00,-0.773999989,-0.773999989,3.8709661907990913
3/7/2018 9:00,-0.563000023,-0.563000023,3.8675795891497313
3/7/2018 10:00,0.0,0.0,3.8675795891497313
3/7/2018 11:00,1.19599998,1.19599998,3.8675795891497313
3/7/2018 12:00,0.0,0.0,3.8675795891497313
3/7/2018 13:00,0.633000016,0.633000016,3.870586612788361
3/7/2018 14:00,1.828999996,1.828999996,3.919900171238905
3/7/2018 15:00,1.547999978,1.547999978,3.9291326282090377
3/7/2018 16:00,1.828999996,1.828999996,3.918681006528161
3/7/2018 17:00,1.687999964,1.687999964,3.901433375057296
3/7/2018 18:00,2.109999895,2.109999895,3.8656628398435497
3/7/2018 19:00,1.828999996,1.828999996,3.9070458229584863
3/7/2018 20:00,2.180999994,2.180999994,3.9077827797543807
3/7/2018 21:00,2.180999994,2.180999994,3.9077827797543807
3/7/2018 22:00,2.039999962,2.039999962,3.941696709360523
3/7/2018 23:00,2.743999958,2.743999958,3.9366135329354486
3/8/2018 0:00,2.673000097,2.673000097,3.9366135329354486
3/8/2018 1:00,2.532000065,2.532000065,3.895558563699876
3/8/2018 2:00,2.743999958,2.743999958,3.9366135329354486
3/8/2018 3:00,4.221000195,4.221000195,3.93339969505376
3/8/2018 4:00,3.799000025,3.799000025,3.894537758284093
3/8/2018 5:00,4.150000095,4.150000095,3.894537758284093
3/8/2018 6:00,2.884000063,2.884000063,3.899620934709168
3/8/2018 7:00,4.010000229,4.010000229,3.899620934709168
3/8/2018 8:00,3.377000093,3.377000093,3.8974279022432623
3/8/2018 9:00,3.377000093,3.377000093,3.8974279022432623
3/8/2018 10:00,3.657999992,3.657999992,3.8974279022432623
3/8/2018 11:00,4.150000095,4.150000095,3.8974279022432623
3/8/2018 12:00,4.501999855,4.501999855,3.899620934709168
3/8/2018 13:00,4.854000092,4.854000092,3.887458488477235
3/8/2018 14:00,5.416999817,5.416999817,3.887458488477235
3/8/2018 15:00,4.572999954,4.572999954,3.8974279022432623
3/8/2018 16:00,4.572999954,4.572999954,4.683507016395909
3/8/2018 17:00,4.501999855,4.501999855,4.767620264139744
3/8/2018 18:00,4.712999821,4.712999821,4.7761760775818844
3/8/2018 19:00,4.712999821,4.712999821,4.700367997314224
3/8/2018 20:00,4.712999821,4.712999821,4.758531626360301
3/8/2018 21:00,5.065000057,5.065000057,4.719670409144425
3/8/2018 22:00,4.712999821,4.712999821,4.744445359006402
3/8/2018 23:00,4.643000126,4.643000126,4.756719994501544
3/9/2018 0:00,4.501999855,4.501999855,4.733216660546176
3/9/2018 1:00,5.205999851,5.205999851,4.641130983708269
3/9/2018 2:00,4.923999786,4.923999786,4.629895218840304
3/9/2018 3:00,5.276000023,5.276000023,4.55621772947851
3/9/2018 4:00,4.150000095,4.150000095,4.600168690337606
3/9/2018 5:00,4.150000095,4.150000095,4.6224275852104215
3/9/2018 6:00,3.799000025,3.799000025,4.6102347140056255
3/9/2018 7:00,4.010000229,4.010000229,4.726490318595224
3/9/2018 8:00,4.643000126,4.643000126,4.900236845950194
3/9/2018 9:00,4.079999924,4.079999924,5.061041747331669
3/9/2018 10:00,5.697999954,5.697999954,5.215734645601212
3/9/2018 11:00,5.697999954,5.697999954,5.173632201343766
3/9/2018 12:00,5.205999851,5.205999851,5.058932199778934
3/9/2018 13:00,5.486999989,5.486999989,5.125884931588267
3/9/2018 14:00,6.612999916,6.612999916,5.139156352087538
3/9/2018 15:00,6.964000225,6.964000225,5.0940616421773806
3/9/2018 16:00,6.964000225,6.964000225,5.010066284465472
3/9/2018 17:00,7.034999847,7.034999847,4.824521925163256
3/9/2018 18:00,6.612999916,6.612999916,4.861930503581197
3/9/2018 19:00,5.697999954,5.697999954,4.664998286090723
3/9/2018 20:00,5.486999989,5.486999989,4.470841923042873
3/9/2018 21:00,5.135000229,5.135000229,4.412636670393905
3/9/2018 22:00,5.346000195,5.346000195,4.2919661690550335
3/9/2018 23:00,4.78399992,4.78399992,4.268227551481595
3/10/2018 0:00,4.854000092,4.854000092,4.170463693890795
3/10/2018 1:00,5.065000057,5.065000057,3.872799410706595
3/10/2018 2:00,4.643000126,4.643000126,3.808835369921112
3/10/2018 3:00,4.78399992,4.78399992,3.776835370498946
3/10/2018 4:00,4.643000126,4.643000126,3.758159961265788
3/10/2018 5:00,4.501999855,4.501999855,3.6638082101504055
3/10/2018 6:00,4.43200016,4.43200016,3.635086951660933
3/10/2018 7:00,4.572999954,4.572999954,3.805455597077577
3/10/2018 8:00,5.276000023,5.276000023,3.994756056928525
3/10/2018 9:00,5.55700016,5.55700016,4.046045808226082
3/10/2018 10:00,6.964000225,6.964000225,4.148038632162325
3/10/2018 11:00,6.472000122,6.472000122,4.062981070666075
3/10/2018 12:00,6.541999817,6.541999817,3.993062893142111
3/10/2018 13:00,7.245999813,7.245999813,4.002915362451934
3/10/2018 14:00,9.355999947,9.355999947,4.020316187143768
3/10/2018 15:00,8.512000084,8.512000084,3.99211822354856
3/10/2018 16:00,9.355999947,9.355999947,3.957788067573051
3/10/2018 17:00,9.708000183,9.708000183,3.999834194405751
3/10/2018 18:00,8.86400032,8.86400032,3.988227274142832
3/10/2018 19:00,8.020000458,8.020000458,3.8872176404034704
3/10/2018 20:00,7.034999847,7.034999847,3.9062772837743314
3/10/2018 21:00,6.823999882,6.823999882,3.8798399915739537
3/10/2018 22:00,6.612999916,6.612999916,3.87616028048598
3/10/2018 23:00,6.40199995,6.40199995,3.913202175090144
3/11/2018 0:00,6.683000088,6.683000088,3.882622392918534
3/11/2018 1:00,6.823999882,6.823999882,3.896874833610956
3/11/2018 2:00,6.894000053,6.894000053,3.90496440702068
3/11/2018 3:00,6.894000053,6.894000053,3.901785815498236
3/11/2018 4:00,6.330999851,6.330999851,3.899571200042757
3/11/2018 5:00,6.330999851,6.330999851,3.957463822497425
3/11/2018 6:00,6.612999916,6.612999916,3.980870398132516
3/11/2018 7:00,5.627999783,5.627999783,4.06141220952824
3/11/2018 8:00,5.839000225,5.839000225,4.163699481674367
3/11/2018 9:00,5.697999954,5.697999954,4.0952330461989925
3/11/2018 10:00,7.034999847,7.034999847,4.156045127400267
3/11/2018 11:00,6.683000088,6.683000088,4.049834371295897
3/11/2018 12:00,7.737999916,7.737999916,4.050552317123626
3/11/2018 13:00,8.300999641,8.300999641,4.005082428503827
3/11/2018 14:00,10.3409996,10.3409996,4.001019141588444
3/11/2018 15:00,9.918999672,9.918999672,3.93981376730045
3/11/2018 16:00,9.708000183,9.708000183,3.905990607846851
3/11/2018 17:00,9.708000183,9.708000183,3.813191266273241
3/11/2018 18:00,8.934000015,8.934000015,3.797618699683301
3/11/2018 19:00,8.512000084,8.512000084,3.850814362906557
3/11/2018 20:00,8.37100029,8.37100029,3.882522131073435
3/11/2018 21:00,7.879000187,7.879000187,3.8059190859307135
3/11/2018 22:00,7.52699995,7.52699995,3.837151903909033
3/11/2018 23:00,7.668000221,7.668000221,3.837385478414296
3/12/2018 0:00,8.020000458,8.020000458,3.837385478414296
3/12/2018 1:00,7.948999882,7.948999882,3.86504974047136
3/12/2018 2:00,7.597000122,7.597000122,3.86504974047136
3/12/2018 3:00,7.668000221,7.668000221,3.86504974047136
3/12/2018 4:00,7.948999882,7.948999882,3.871281122215128
3/12/2018 5:00,8.159999847,8.159999847,3.875236047149425
3/12/2018 6:00,7.668000221,7.668000221,3.89382573221048
3/12/2018 7:00,7.456999779,7.456999779,3.875236047149425
3/12/2018 8:00,8.020000458,8.020000458,3.871719475091744
3/12/2018 9:00,8.300999641,8.300999641,3.877950856835512
3/12/2018 10:00,8.86400032,8.86400032,3.914334638660968
3/12/2018 11:00,8.722999573,8.722999573,3.924915305596779
3/12/2018 12:00,9.00399971,9.00399971,3.902857179942944
3/12/2018 13:00,9.355999947,9.355999947,3.91284197301651
3/12/2018 14:00,10.55200005,10.55200005,3.9595502300241248
3/12/2018 15:00,10.13000011,10.13000011,3.922699561897576
3/12/2018 16:00,10.48200035,10.48200035,3.955223806732521
3/12/2018 17:00,11.18500042,11.18500042,3.9374057954183175
3/12/2018 18:00,10.97399998,10.97399998,3.935340825083291
3/12/2018 19:00,9.918999672,9.918999672,3.935340825083291
3/12/2018 20:00,9.848999977,9.848999977,3.935340825083291
3/12/2018 21:00,9.425999641,9.425999641,3.935340825083291
3/12/2018 22:00,9.286000252,9.286000252,3.931320084463418
3/12/2018 23:00,9.215000153,9.215000153,3.927679303024916
3/13/2018 0:00,9.00399971,9.00399971,3.93200572631652
3/13/2018 1:00,8.722999573,8.722999573,3.93200572631652
3/13/2018 2:00,8.86400032,8.86400032,4.000490266463202
3/13/2018 3:00,8.793000221,8.793000221,3.922020933242954
3/13/2018 4:00,8.722999573,8.722999573,3.941290508270379
3/13/2018 5:00,8.722999573,8.722999573,3.941290508270379
3/13/2018 6:00,8.581999779,8.581999779,3.929795085192625
3/13/2018 7:00,8.230999947,8.230999947,3.929795085192625
3/13/2018 8:00,8.159999847,8.159999847,3.929795085192625
3/13/2018 9:00,9.286000252,9.286000252,3.929795085192625
3/13/2018 10:00,10.97399998,10.97399998,3.929795085192625
3/13/2018 11:00,10.83300018,10.83300018,3.9093842750534447
3/13/2018 12:00,10.90400028,10.90400028,3.9093842750534447
3/13/2018 13:00,11.60700035,11.60700035,3.9093842750534447
3/13/2018 14:00,12.6619997,12.6619997,3.917396874191263
3/13/2018 15:00,11.74800014,11.74800014,3.9093842750534447
3/13/2018 16:00,11.32600021,11.32600021,3.917396874191263
3/13/2018 17:00,11.5369997,11.5369997,3.919973304599916
3/13/2018 18:00,12.31099987,12.31099987,3.90266920754002
3/13/2018 19:00,11.88899994,11.88899994,3.9093842750534447
3/13/2018 20:00,11.32600021,11.32600021,3.9073149565010583
3/13/2018 21:00,11.04399967,11.04399967,3.9073149565010583
3/13/2018 22:00,10.90400028,10.90400028,3.884940664571718
3/13/2018 23:00,10.62199974,10.62199974,3.881554098877456
3/14/2018 0:00,10.62199974,10.62199974,3.881554098877456
3/14/2018 1:00,10.48200035,10.48200035,3.881554098877456
3/14/2018 2:00,10.69299984,10.69299984,3.881554098877456
3/14/2018 3:00,10.76299953,10.76299953,3.908171961071928
3/14/2018 4:00,10.76299953,10.76299953,3.905538620733177
3/14/2018 5:00,9.98900032,9.98900032,3.8768238605038343
3/14/2018 6:00,10.62199974,10.62199974,3.8768238605038343
3/14/2018 7:00,10.19999981,10.19999981,3.879457200842586
3/14/2018 8:00,10.48200035,10.48200035,3.880990077091091
3/14/2018 9:00,10.83300018,10.83300018,3.879457200842586
3/14/2018 10:00,10.76299953,10.76299953,3.86947240776902
3/14/2018 11:00,10.76299953,10.76299953,3.8647697488778823
3/14/2018 12:00,10.83300018,10.83300018,3.874754541951449
3/14/2018 13:00,9.496999741,9.496999741,3.8567940833237127
3/14/2018 14:00,10.62199974,10.62199974,3.8567940833237127
3/14/2018 15:00,10.69299984,10.69299984,3.8647697488778823
3/14/2018 16:00,10.76299953,10.76299953,3.8608148239435858
3/14/2018 17:00,10.19999981,10.19999981,3.8607490082580096
3/14/2018 18:00,10.48200035,10.48200035,3.8647697488778823
3/14/2018 19:00,9.777999878,9.777999878,3.8647697488778823
3/14/2018 20:00,9.637999535,9.637999535,3.8558733350936585
3/14/2018 21:00,9.496999741,9.496999741,3.8558733350936585
3/14/2018 22:00,9.567000389,9.567000389,3.8558733350936585
3/14/2018 23:00,9.425999641,9.425999641,3.857942653646045
3/15/2018 0:00,9.708000183,9.708000183,3.857942653646045
3/15/2018 1:00,9.708000183,9.708000183,3.857942653646045
3/15/2018 2:00,9.567000389,9.567000389,3.857942653646045
3/15/2018 3:00,9.496999741,9.496999741,3.857942653646045
3/15/2018 4:00,9.637999535,9.637999535,3.857942653646045
3/15/2018 5:00,9.777999878,9.777999878,3.857942653646045
3/15/2018 6:00,9.918999672,9.918999672,3.8613292193403055
3/15/2018 7:00,9.637999535,9.637999535,3.8702374162511255
3/15/2018 8:00,10.13000011,10.13000011,3.8702374162511255
3/15/2018 9:00,10.13000011,10.13000011,3.8702374162511255
3/15/2018 10:00,9.918999672,9.918999672,3.882532404310334
3/15/2018 11:00,9.708000183,9.708000183,3.9164673275950057
3/15/2018 12:00,10.62199974,10.62199974,3.8702374162511255
3/15/2018 13:00,10.83300018,10.83300018,3.874710676333693
3/15/2018 14:00,10.90400028,10.90400028,3.874710676333693
3/15/2018 15:00,10.83300018,10.83300018,3.874710676333693
3/15/2018 16:00,11.67800045,11.67800045,10.949660130497405
3/15/2018 17:00,11.88899994,11.88899994,10.890097174499347
3/15/2018 18:00,11.60700035,11.60700035,10.806017619031795
3/15/2018 19:00,7.668000221,7.668000221,10.78995816336536
3/15/2018 20:00,2.321000099,2.321000099,10.572806429463782
3/15/2018 21:00,0.985000014,0.985000014,10.33954451419232
3/15/2018 22:00,2.884000063,2.884000063,10.091309493274656
3/15/2018 23:00,1.687999964,1.687999964,9.930762811415706
3/16/2018 0:00,2.743999958,2.743999958,9.716491469984174
3/16/2018 1:00,2.250999928,2.250999928,9.577085254090314
3/16/2018 2:00,1.828999996,1.828999996,9.615248360712226
3/16/2018 3:00,2.602999926,2.602999926,9.5862917398857
3/16/2018 4:00,3.377000093,3.377000093,9.540279083068356
3/16/2018 5:00,3.165999889,3.165999889,9.52744526045135
3/16/2018 6:00,3.305999994,3.305999994,9.601620405601285
3/16/2018 7:00,2.743999958,2.743999958,9.587485492679036
3/16/2018 8:00,1.899000049,1.899000049,9.683461497364537
3/16/2018 9:00,2.109999895,2.109999895,9.783292115058458
3/16/2018 10:00,2.109999895,2.109999895,9.95535774321893
3/16/2018 11:00,3.025000095,3.025000095,10.093534493614676
3/16/2018 12:00,3.657999992,3.657999992,10.176905271980091
3/16/2018 13:00,4.010000229,4.010000229,10.265958503577588
3/16/2018 14:00,3.799000025,3.799000025,10.181979944429228
3/16/2018 15:00,3.868999958,3.868999958,10.260919900343271
3/16/2018 16:00,4.290999889,4.290999889,10.181886458136104
3/16/2018 17:00,4.501999855,4.501999855,10.098492843491629
3/16/2018 18:00,4.78399992,4.78399992,9.956618587151723
3/16/2018 19:00,4.994999886,4.994999886,9.87322611303168
3/16/2018 20:00,5.205999851,5.205999851,9.728439259519448
3/16/2018 21:00,5.346000195,5.346000195,9.569406137557095
3/16/2018 22:00,4.923999786,4.923999786,9.528541623212446
3/16/2018 23:00,4.150000095,4.150000095,9.543469882880098
3/17/2018 0:00,3.377000093,3.377000093,9.542434262308369
3/17/2018 1:00,3.165999889,3.165999889,9.616167060141755
3/17/2018 2:00,2.743999958,2.743999958,9.679876967567902
3/17/2018 3:00,3.025000095,3.025000095,9.67230244220246
3/17/2018 4:00,2.813999891,2.813999891,9.58320029903144
3/17/2018 5:00,2.743999958,2.743999958,9.569783085751968
3/17/2018 6:00,2.743999958,2.743999958,9.599667925182382
3/17/2018 7:00,2.321000099,2.321000099,9.61761269130762
3/17/2018 8:00,2.813999891,2.813999891,9.623194275735758
3/17/2018 9:00,3.095000029,3.095000029,9.62844949298484
3/17/2018 10:00,3.868999958,3.868999958,9.813807475153428
3/17/2018 11:00,4.43200016,4.43200016,9.841514817416586
3/17/2018 12:00,5.135000229,5.135000229,9.886330299920562
3/17/2018 13:00,5.276000023,5.276000023,9.864805738359834
3/17/2018 14:00,6.119999886,6.119999886,9.863079116795635
3/17/2018 15:00,6.472000122,6.472000122,9.8353720533497
3/17/2018 16:00,6.050000191,6.050000191,9.770453129974298
3/17/2018 17:00,5.839000225,5.839000225,9.757478516444722
3/17/2018 18:00,5.768000126,5.768000126,9.750266064018753
3/17/2018 19:00,5.627999783,5.627999783,9.72303718370362
3/17/2018 20:00,5.486999989,5.486999989,9.559249049461732
3/17/2018 21:00,5.486999989,5.486999989,9.559249049461732
3/17/2018 22:00,5.276000023,5.276000023,9.549325647282751
3/17/2018 23:00,3.51699996,3.51699996,9.549325647282751
3/18/2018 0:00,4.712999821,4.712999821,9.56017714579465
3/18/2018 1:00,4.854000092,4.854000092,9.567714291224837
3/18/2018 2:00,5.55700016,5.55700016,9.573402456770587
3/18/2018 3:00,5.90899992,5.90899992,9.595490114589689
3/18/2018 4:00,4.923999786,4.923999786,9.57316218258096
3/18/2018 5:00,3.799000025,3.799000025,9.58252882496454
3/18/2018 6:00,5.839000225,5.839000225,9.592725137110843
3/18/2018 7:00,7.737999916,7.737999916,9.611669355528552
3/18/2018 8:00,8.090000153,8.090000153,9.62279136527218
3/18/2018 9:00,7.105000019,7.105000019,9.64704061197848
3/18/2018 10:00,7.597000122,7.597000122,9.669312808637669
3/18/2018 11:00,7.948999882,7.948999882,9.718959506702738
3/18/2018 12:00,6.964000225,6.964000225,9.668208913961324
3/18/2018 13:00,7.809000015,7.809000015,9.67918575040793
3/18/2018 14:00,6.261000156,6.261000156,9.658717245110005
3/18/2018 15:00,5.697999954,5.697999954,9.633365309513923
3/18/2018 16:00,5.486999989,5.486999989,9.643288711692904
3/18/2018 17:00,5.416999817,5.416999817,9.590021051732464
3/18/2018 18:00,5.979000092,5.979000092,9.566612621096883
3/18/2018 19:00,5.486999989,5.486999989,9.531757729550462
3/18/2018 20:00,4.43200016,4.43200016,9.570099857415247
3/18/2018 21:00,5.979000092,5.979000092,9.549689261114455
3/18/2018 22:00,5.979000092,5.979000092,9.549325647282751
3/18/2018 23:00,5.768000126,5.768000126,9.546131535500626
3/19/2018 0:00,5.90899992,5.90899992,9.531757729550462
3/19/2018 1:00,6.119999886,6.119999886,9.600924901532723
3/19/2018 2:00,6.752999783,6.752999783,9.562279552715372
3/19/2018 3:00,4.854000092,4.854000092,9.57538554622828
3/19/2018 4:00,4.78399992,4.78399992,9.636738746822669
3/19/2018 5:00,4.361999989,4.361999989,9.636738746822669
3/19/2018 6:00,5.839000225,5.839000225,9.636738746822669
3/19/2018 7:00,4.854000092,4.854000092,9.65119763780559
3/19/2018 8:00,4.854000092,4.854000092,9.642820882091254
3/19/2018 9:00,5.276000023,5.276000023,9.69550773176318
3/19/2018 10:00,5.55700016,5.55700016,9.69550773176318
3/19/2018 11:00,5.135000229,5.135000229,9.713748223842993
3/19/2018 12:00,6.261000156,6.261000156,9.660087511644743
3/19/2018 13:00,5.205999851,5.205999851,9.793997275397045
3/19/2018 14:00,5.346000195,5.346000195,9.851117055960028
3/19/2018 15:00,5.416999817,5.416999817,9.83509657841819
3/19/2018 16:00,5.065000057,5.065000057,9.805907758402812
3/19/2018 17:00,6.050000191,6.050000191,9.84774898127944
3/19/2018 18:00,3.165999889,3.165999889,9.807859525878367
3/19/2018 19:00,3.868999958,3.868999958,9.807859525878367
3/19/2018 20:00,4.643000126,4.643000126,9.790707603005742
3/19/2018 21:00,4.572999954,4.572999954,9.790707603005742
3/19/2018 22:00,4.643000126,4.643000126,9.77784952000033
3/19/2018 23:00,4.079999924,4.079999924,9.77038655549848
3/20/2018 0:00,3.095000029,3.095000029,9.784218501030212
3/20/2018 1:00,3.236000061,3.236000061,9.787779945942354
3/20/2018 2:00,4.010000229,4.010000229,9.787779945942354
3/20/2018 3:00,3.727999926,3.727999926,9.79615670165669
3/20/2018 4:00,4.290999889,4.290999889,9.781697810673768
3/20/2018 5:00,4.643000126,4.643000126,9.781697810673768
3/20/2018 6:00,4.43200016,4.43200016,9.788851193723907
3/20/2018 7:00,3.165999889,3.165999889,9.800081760400534
3/20/2018 8:00,2.954999924,2.954999924,9.800081760400534
3/20/2018 9:00,3.727999926,3.727999926,9.800081760400534
3/20/2018 10:00,4.150000095,4.150000095,9.800081760400534
3/20/2018 11:00,3.588000059,3.588000059,9.800081760400534
3/20/2018 12:00,3.868999958,3.868999958,9.800081760400534
3/20/2018 13:00,3.447000027,3.447000027,9.788851193723907
3/20/2018 14:00,3.51699996,3.51699996,9.780474438009572
3/20/2018 15:00,3.51699996,3.51699996,9.780474438009572
3/20/2018 16:00,3.095000029,3.095000029,9.780474438009572
3/20/2018 17:00,2.461999893,2.461999893,9.780474438009572
3/20/2018 18:00,2.532000065,2.532000065,9.780474438009572
3/20/2018 19:00,2.884000063,2.884000063,9.780474438009572
3/20/2018 20:00,2.532000065,2.532000065,9.77654937926573
3/20/2018 21:00,2.602999926,2.602999926,9.76662597708675
3/20/2018 22:00,3.377000093,3.377000093,9.787779945942354
3/20/2018 23:00,3.377000093,3.377000093,9.787779945942354
3/21/2018 0:00,3.447000027,3.447000027,9.784926134980063
3/21/2018 1:00,2.743999958,2.743999958,9.800081760400534
3/21/2018 2:00,3.447000027,3.447000027,9.800081760400534
3/21/2018 3:00,3.799000025,3.799000025,9.800081760400534
3/21/2018 4:00,3.868999958,3.868999958,9.788851193723907
3/21/2018 5:00,4.079999924,4.079999924,9.800081760400534
3/21/2018 6:00,3.938999891,3.938999891,9.805394640277992
3/21/2018 7:00,4.010000229,4.010000229,9.800081760400534
3/21/2018 8:00,4.290999889,4.290999889,9.800081760400534
3/21/2018 9:00,3.165999889,3.165999889,9.800081760400534
3/21/2018 10:00,5.416999817,5.416999817,9.800081760400534
3/21/2018 11:00,5.205999851,5.205999851,9.791705004686198
3/21/2018 12:00,5.065000057,5.065000057,9.791705004686198
3/21/2018 13:00,6.190999985,6.190999985,9.791705004686198
3/21/2018 14:00,5.90899992,5.90899992,9.791705004686198
3/21/2018 15:00,6.683000088,6.683000088,9.791705004686198
3/21/2018 16:00,6.683000088,6.683000088,9.791705004686198
3/21/2018 17:00,6.40199995,6.40199995,9.780474438009572
3/21/2018 18:00,6.894000053,6.894000053,9.780474438009572
3/21/2018 19:00,7.034999847,7.034999847,9.780474438009572
3/21/2018 20:00,6.752999783,6.752999783,9.780474438009572
3/21/2018 21:00,6.752999783,6.752999783,9.778073666145948
3/21/2018 22:00,6.683000088,6.683000088,9.778073666145948
3/21/2018 23:00,6.683000088,6.683000088,9.780474438009572
3/22/2018 0:00,6.612999916,6.612999916,9.778073666145948
3/22/2018 1:00,6.330999851,6.330999851,9.780474438009572
3/22/2018 2:00,6.752999783,6.752999783,9.791705004686198
3/22/2018 3:00,6.261000156,6.261000156,9.791705004686198
3/22/2018 4:00,6.261000156,6.261000156,9.791705004686198
3/22/2018 5:00,6.472000122,6.472000122,9.791705004686198
3/22/2018 6:00,6.472000122,6.472000122,9.791705004686198
3/22/2018 7:00,6.119999886,6.119999886,9.791705004686198
3/22/2018 8:00,6.964000225,6.964000225,9.791705004686198
3/22/2018 9:00,7.948999882,7.948999882,9.791705004686198
3/22/2018 10:00,8.512000084,8.512000084,9.791705004686198
3/22/2018 11:00,7.456999779,7.456999779,9.791705004686198
3/22/2018 12:00,8.159999847,8.159999847,9.791705004686198
3/22/2018 13:00,9.425999641,9.425999641,9.780474438009572
3/22/2018 14:00,9.00399971,9.00399971,9.780474438009572
3/22/2018 15:00,8.512000084,8.512000084,9.780474438009572
3/22/2018 16:00,8.793000221,8.793000221,8.43830953107988
3/22/2018 17:00,8.581999779,8.581999779,8.158075274958565
3/22/2018 18:00,9.708000183,9.708000183,7.835288583000415
3/22/2018 19:00,9.215000153,9.215000153,7.617987087817776
3/22/2018 20:00,8.512000084,8.512000084,7.454467761591627
3/22/2018 21:00,8.37100029,8.37100029,7.298203500020898
3/22/2018 22:00,8.512000084,8.512000084,7.17729556317158
3/22/2018 23:00,8.37100029,8.37100029,7.103928384275649
3/23/2018 0:00,8.442000389,8.442000389,7.015572357678049
3/23/2018 1:00,8.159999847,8.159999847,6.807808132527252
3/23/2018 2:00,8.300999641,8.300999641,6.7772449500678045
3/23/2018 3:00,8.722999573,8.722999573,6.541526586368034
3/23/2018 4:00,8.300999641,8.300999641,6.507183869898359
3/23/2018 5:00,8.020000458,8.020000458,6.4745958392176
3/23/2018 6:00,8.159999847,8.159999847,6.573862399588736
3/23/2018 7:00,8.230999947,8.230999947,6.555878443855331
3/23/2018 8:00,8.581999779,8.581999779,6.5408216630173
3/23/2018 9:00,8.230999947,8.230999947,6.592520444352309
3/23/2018 10:00,9.918999672,9.918999672,6.592407447754495
3/23/2018 11:00,9.98900032,9.98900032,6.601747346594081
3/23/2018 12:00,9.708000183,9.708000183,6.607249619508143
3/23/2018 13:00,10.27099991,10.27099991,6.536725151987344
3/23/2018 14:00,11.60700035,11.60700035,6.567196031711927
3/23/2018 15:00,12.52200031,12.52200031,6.638435600326824
3/23/2018 16:00,12.38099957,12.38099957,6.618850140479828
3/23/2018 17:00,12.7329998,12.7329998,6.515945698183308
3/23/2018 18:00,12.02900028,12.02900028,6.537016974205105
3/23/2018 19:00,10.83300018,10.83300018,6.439262155649934
3/23/2018 20:00,10.62199974,10.62199974,6.517179087566566
3/23/2018 21:00,9.425999641,9.425999641,6.428165911272469
3/23/2018 22:00,9.00399971,9.00399971,6.4051584240984925
3/23/2018 23:00,9.286000252,9.286000252,6.408554766635379
3/24/2018 0:00,9.145000458,9.145000458,6.370409771462851
3/24/2018 1:00,9.496999741,9.496999741,6.329488132994847
3/24/2018 2:00,9.848999977,9.848999977,6.237626999812537
3/24/2018 3:00,9.286000252,9.286000252,6.226888156472441
3/24/2018 4:00,9.355999947,9.355999947,6.24302921630371
3/24/2018 5:00,9.074999809,9.074999809,6.282118285087798
3/24/2018 6:00,9.00399971,9.00399971,6.273228925775847
3/24/2018 7:00,10.62199974,10.62199974,6.379507198031291
3/24/2018 8:00,9.496999741,9.496999741,6.492797958675346
3/24/2018 9:00,9.848999977,9.848999977,6.544789666514966
3/24/2018 10:00,9.918999672,9.918999672,6.641192954539013
3/24/2018 11:00,10.27099991,10.27099991,6.489785938901793
3/24/2018 12:00,10.69299984,10.69299984,6.520669239776413
3/24/2018 13:00,10.69299984,10.69299984,6.5691617584641495
3/24/2018 14:00,11.67800045,11.67800045,6.465973349776381
3/24/2018 15:00,12.7329998,12.7329998,6.427294902783908
3/24/2018 16:00,12.94400024,12.94400024,6.447447501904403
3/24/2018 17:00,13.29599953,13.29599953,6.446011171789232
3/24/2018 18:00,12.6619997,12.6619997,6.404253922365998
3/24/2018 19:00,12.02900028,12.02900028,6.3952221816063215
3/24/2018 20:00,11.46700001,11.46700001,6.384347194689119
3/24/2018 21:00,11.11499977,11.11499977,6.350925534933808
3/24/2018 22:00,10.97399998,10.97399998,6.12663287580664
3/24/2018 23:00,10.62199974,10.62199974,6.0282656343405625
3/25/2018 0:00,10.69299984,10.69299984,5.7547895118372505
3/25/2018 1:00,9.777999878,9.777999878,5.730764817692538
3/25/2018 2:00,9.286000252,9.286000252,5.645816041318681
3/25/2018 3:00,10.55200005,10.55200005,5.549324427963009
3/25/2018 4:00,10.3409996,10.3409996,5.584697771703816
3/25/2018 5:00,10.69299984,10.69299984,5.614026904863126
3/25/2018 6:00,10.41100025,10.41100025,5.603342098733841
3/25/2018 7:00,9.98900032,9.98900032,5.641297280975391
3/25/2018 8:00,10.62199974,10.62199974,5.674219637611579
3/25/2018 9:00,10.97399998,10.97399998,5.74538990119017
3/25/2018 10:00,10.27099991,10.27099991,5.917110558734626
3/25/2018 11:00,9.98900032,9.98900032,5.942864769795957
3/25/2018 12:00,10.62199974,10.62199974,5.950285731146197
3/25/2018 13:00,10.3409996,10.3409996,5.950000106178784
3/25/2018 14:00,10.76299953,10.76299953,5.905561405300036
3/25/2018 15:00,10.90400028,10.90400028,5.95042592363275
3/25/2018 16:00,10.83300018,10.83300018,5.950269773529871
3/25/2018 17:00,10.97399998,10.97399998,5.886207574537275
3/25/2018 18:00,11.46700001,11.46700001,5.798195254676469
3/25/2018 19:00,10.3409996,10.3409996,5.804948690219954
3/25/2018 20:00,10.62199974,10.62199974,5.732479542840674
3/25/2018 21:00,10.55200005,10.55200005,5.598358476324336
3/25/2018 22:00,10.48200035,10.48200035,5.434691438220465
3/25/2018 23:00,10.48200035,10.48200035,5.346078075801047
3/26/2018 0:00,10.13000011,10.13000011,5.373362447559206
3/26/2018 1:00,9.918999672,9.918999672,5.392785929036036
3/26/2018 2:00,10.83300018,10.83300018,5.412967920048717
3/26/2018 3:00,10.3409996,10.3409996,5.407788139795535
3/26/2018 4:00,10.06000042,10.06000042,5.405563821545687
3/26/2018 5:00,10.76299953,10.76299953,5.426301280514402
3/26/2018 6:00,10.76299953,10.76299953,5.49754132606379
3/26/2018 7:00,10.76299953,10.76299953,5.486455659196339
3/26/2018 8:00,11.04399967,11.04399967,5.521675209976514
3/26/2018 9:00,10.62199974,10.62199974,5.5178812240147375
3/26/2018 10:00,11.60700035,11.60700035,5.488466052228568
3/26/2018 11:00,10.19999981,10.19999981,5.433527814991416
3/26/2018 12:00,11.11499977,11.11499977,5.432415327341274
3/26/2018 13:00,12.23999977,12.23999977,5.419232749849392
3/26/2018 14:00,13.50699997,13.50699997,5.380609073095084
3/26/2018 15:00,13.36600018,13.36600018,5.353361392734512
3/26/2018 16:00,13.78800011,13.78800011,5.347248154287902
3/26/2018 17:00,13.71800041,13.71800041,5.385045805948843
3/26/2018 18:00,13.64700031,13.64700031,5.34152666128051
3/26/2018 19:00,12.45100021,12.45100021,5.348348868007403
3/26/2018 20:00,11.74800014,11.74800014,5.33926247948691
3/26/2018 21:00,11.60700035,11.60700035,5.333830438076828
3/26/2018 22:00,11.04399967,11.04399967,5.331191784072354
3/26/2018 23:00,10.83300018,10.83300018,5.341666125521005
3/27/2018 0:00,10.62199974,10.62199974,5.299411636105349
3/27/2018 1:00,10.69299984,10.69299984,5.112588513646986
3/27/2018 2:00,10.3409996,10.3409996,5.084319766091349
3/27/2018 3:00,10.62199974,10.62199974,5.086273964596483
3/27/2018 4:00,10.48200035,10.48200035,5.058259746190191
3/27/2018 5:00,10.27099991,10.27099991,5.058259746190191
3/27/2018 6:00,10.48200035,10.48200035,5.052222902362843
3/27/2018 7:00,10.3409996,10.3409996,5.085951444570486
3/27/2018 8:00,11.32600021,11.32600021,5.073135661412918
3/27/2018 9:00,11.04399967,11.04399967,5.081247381854524
3/27/2018 10:00,11.88899994,11.88899994,5.080550997494506
3/27/2018 11:00,12.02900028,12.02900028,5.078108485056493
3/27/2018 12:00,11.5369997,11.5369997,5.104768750386722
3/27/2018 13:00,11.5369997,11.5369997,5.1127535397370325
3/27/2018 14:00,13.01399994,13.01399994,5.086093274406804
3/27/2018 15:00,13.08500004,13.08500004,5.1297557144924655
3/27/2018 16:00,13.57699966,13.57699966,5.113906831444374
3/27/2018 17:00,13.64700031,13.64700031,5.075768380236179
3/27/2018 18:00,12.8739996,12.8739996,5.074487823908557
3/27/2018 19:00,11.5369997,11.5369997,5.078169251370736
3/27/2018 20:00,10.83300018,10.83300018,5.08851614507136
3/27/2018 21:00,10.48200035,10.48200035,5.058942653672329
3/27/2018 22:00,10.19999981,10.19999981,5.052377839173626
3/27/2018 23:00,9.708000183,9.708000183,5.029899708450717
3/28/2018 0:00,9.496999741,9.496999741,4.878596059967369
3/28/2018 1:00,8.86400032,8.86400032,4.750731513442884
3/28/2018 2:00,8.86400032,8.86400032,4.716302818687747
3/28/2018 3:00,8.934000015,8.934000015,4.6879144971218
3/28/2018 4:00,8.442000389,8.442000389,4.678090038317982
3/28/2018 5:00,8.581999779,8.581999779,4.710958004853062
3/28/2018 6:00,8.159999847,8.159999847,4.733567839008943
3/28/2018 7:00,8.934000015,8.934000015,4.797975990376123
3/28/2018 8:00,9.848999977,9.848999977,4.805581042965712
3/28/2018 9:00,9.98900032,9.98900032,4.801523439797798
3/28/2018 10:00,11.11499977,11.11499977,4.8656651319423885
3/28/2018 11:00,10.3409996,10.3409996,4.9057609816235495
3/28/2018 12:00,9.918999672,9.918999672,4.997564753543719
3/28/2018 13:00,10.83300018,10.83300018,5.022655988094145
3/28/2018 14:00,12.10000038,12.10000038,5.005196182120748
3/28/2018 15:00,12.59200001,12.59200001,5.016969327578078
3/28/2018 16:00,13.08500004,13.08500004,4.991045598151345
3/28/2018 17:00,13.08500004,13.08500004,4.991045598151345
3/28/2018 18:00,12.23999977,12.23999977,5.005196182120748
3/28/2018 19:00,11.32600021,11.32600021,4.991045598151345
3/28/2018 20:00,10.90400028,10.90400028,4.992357563840075
3/28/2018 21:00,9.848999977,9.848999977,4.992357563840075
3/28/2018 22:00,9.496999741,9.496999741,5.004130709297406
3/28/2018 23:00,9.567000389,9.567000389,5.022660056042664
3/29/2018 0:00,9.496999741,9.496999741,5.005333212148139
3/29/2018 1:00,9.074999809,9.074999809,5.018281293266808
3/29/2018 2:00,9.286000252,9.286000252,5.019613922122197
3/29/2018 3:00,9.567000389,9.567000389,5.009795100515689
3/29/2018 4:00,9.074999809,9.074999809,5.009795100515689
3/29/2018 5:00,8.581999779,8.581999779,5.041384629631986
3/29/2018 6:00,8.159999847,8.159999847,5.203048217623183
3/29/2018 7:00,8.020000458,8.020000458,5.191135139333334
3/29/2018 8:00,8.652999878,8.652999878,5.285149296678242
3/29/2018 9:00,8.512000084,8.512000084,5.30734003326714
3/29/2018 10:00,9.145000458,9.145000458,5.345547902337977
3/29/2018 11:00,8.86400032,8.86400032,5.497685138126424
3/29/2018 12:00,9.145000458,9.145000458,5.471228866544084
3/29/2018 13:00,9.637999535,9.637999535,5.465780523858037
3/29/2018 14:00,10.13000011,10.13000011,5.408100256809686
3/29/2018 15:00,10.69299984,10.69299984,5.412589536804188
3/29/2018 16:00,10.48200035,10.48200035,10.935684127792353
3/29/2018 17:00,10.3409996,10.3409996,10.964140279620151
3/29/2018 18:00,9.637999535,9.637999535,10.823993670748877
3/29/2018 19:00,9.355999947,9.355999947,10.787401361226095
3/29/2018 20:00,9.425999641,9.425999641,10.604739683734657
3/29/2018 21:00,8.230999947,8.230999947,10.27229556124091
3/29/2018 22:00,7.809000015,7.809000015,9.980904479594392
3/29/2018 23:00,7.315999985,7.315999985,9.862902995082717
3/30/2018 0:00,6.612999916,6.612999916,9.642995399350978
3/30/2018 1:00,6.823999882,6.823999882,9.550734046685518
3/30/2018 2:00,6.472000122,6.472000122,9.576070324381613
3/30/2018 3:00,6.119999886,6.119999886,9.590208753151668
3/30/2018 4:00,6.119999886,6.119999886,9.607992525903018
3/30/2018 5:00,5.839000225,5.839000225,9.627334433275855
3/30/2018 6:00,5.276000023,5.276000023,9.633153687513314
3/30/2018 7:00,5.205999851,5.205999851,9.715103317891952
3/30/2018 8:00,5.55700016,5.55700016,9.77824899288904
3/30/2018 9:00,5.768000126,5.768000126,9.913751063791112
3/30/2018 10:00,6.261000156,6.261000156,9.992952501441072
3/30/2018 11:00,6.261000156,6.261000156,10.278646792639934
3/30/2018 12:00,6.330999851,6.330999851,10.48507295227133
3/30/2018 13:00,7.034999847,7.034999847,10.694741977218062
3/30/2018 14:00,7.034999847,7.034999847,11.007368234004502
3/30/2018 15:00,7.386000156,7.386000156,11.113126850377082
3/30/2018 16:00,7.315999985,7.315999985,11.060114098901366
3/30/2018 17:00,7.809000015,7.809000015,11.001301509099196
3/30/2018 18:00,6.683000088,6.683000088,10.722334158967769
3/30/2018 19:00,5.768000126,5.768000126,10.481924344677468
3/30/2018 20:00,6.330999851,6.330999851,10.222378833266385
3/30/2018 21:00,6.40199995,6.40199995,9.925244025841335
3/30/2018 22:00,6.261000156,6.261000156,9.684408836639609
3/30/2018 23:00,5.979000092,5.979000092,9.51632376300138
3/31/2018 0:00,5.768000126,5.768000126,9.503464882313049
3/31/2018 1:00,5.768000126,5.768000126,9.595651489555737
3/31/2018 2:00,5.768000126,5.768000126,9.595651489555737
3/31/2018 3:00,5.768000126,5.768000126,9.595651489555737
3/31/2018 4:00,5.768000126,5.768000126,9.61559647409377
3/31/2018 5:00,5.768000126,5.768000126,9.642822217505
3/31/2018 6:00,5.768000126,5.768000126,9.66495494889017
3/31/2018 7:00,5.768000126,5.768000126,9.663957134228324
3/31/2018 8:00,5.768000126,5.768000126,9.67067203883768
3/31/2018 9:00,5.768000126,5.768000126,9.736585660251896
3/31/2018 10:00,5.768000126,5.768000126,9.825101271102616
3/31/2018 11:00,5.768000126,5.768000126,10.095933940233452
3/31/2018 12:00,5.768000126,5.768000126,10.293293319738549
3/31/2018 13:00,5.768000126,5.768000126,10.31456091881288
3/31/2018 14:00,5.768000126,5.768000126,10.392734277047998
3/31/2018 15:00,5.768000126,5.768000126,10.345423663349044
3/31/2018 16:00,5.768000126,5.768000126,10.198981338324634
3/31/2018 17:00,5.768000126,5.768000126,10.110429790890516
3/31/2018 18:00,5.768000126,5.768000126,9.9560588075242
3/31/2018 19:00,5.768000126,5.768000126,9.918015954508284
3/31/2018 20:00,5.768000126,5.768000126,9.72290538798625
3/31/2018 21:00,5.768000126,5.768000126,9.549776610830936
3/31/2018 22:00,5.768000126,5.768000126,9.54080709912926
3/31/2018 23:00,5.768000126,5.768000126,9.54080709912926
4/1/2018 0:00,9.00399971,9.00399971,9.5690238264021
4/1/2018 1:00,9.215000153,9.215000153,9.55679954487571
4/1/2018 2:00,9.00399971,9.00399971,9.583575439836162
4/1/2018 3:00,8.652999878,8.652999878,9.595651489555737
4/1/2018 4:00,9.215000153,9.215000153,9.599828889963142
4/1/2018 5:00,9.215000153,9.215000153,9.624234883033324
4/1/2018 6:00,9.425999641,9.425999641,9.637862860947935
4/1/2018 7:00,9.567000389,9.567000389,9.609835208844617
4/1/2018 8:00,10.19999981,10.19999981,9.663911601256125
4/1/2018 9:00,10.69299984,10.69299984,9.686503109469598
4/1/2018 10:00,11.11499977,11.11499977,9.743664653817866
4/1/2018 11:00,10.97399998,10.97399998,9.919281482941708
4/1/2018 12:00,10.76299953,10.76299953,9.959311402048966
4/1/2018 13:00,11.60700035,11.60700035,10.160735089265112
4/1/2018 14:00,11.25599957,11.25599957,10.162778193463415
4/1/2018 15:00,12.94400024,12.94400024,10.070826494022436
4/1/2018 16:00,12.7329998,12.7329998,10.12102021694905
4/1/2018 17:00,11.81799984,11.81799984,10.05281050525955
4/1/2018 18:00,11.74800014,11.74800014,10.006685900609815
4/1/2018 19:00,10.76299953,10.76299953,9.91659719862938
4/1/2018 20:00,10.69299984,10.69299984,9.737730646961298
4/1/2018 21:00,10.55200005,10.55200005,9.584920761213525
4/1/2018 22:00,10.48200035,10.48200035,9.564696121547712
4/1/2018 23:00,10.13000011,10.13000011,9.576772171267285
4/2/2018 0:00,9.708000183,9.708000183,9.588929676254226
4/2/2018 1:00,10.19999981,10.19999981,9.595651489555737
4/2/2018 2:00,10.48200035,10.48200035,9.595651489555737
4/2/2018 3:00,10.83300018,10.83300018,9.596878338228754
4/2/2018 4:00,10.3409996,10.3409996,9.609298580324127
4/2/2018 5:00,10.3409996,10.3409996,9.609298580324127
4/2/2018 6:00,10.06000042,10.06000042,9.63733649230301
4/2/2018 7:00,10.48200035,10.48200035,9.643277369903924
4/2/2018 8:00,9.637999535,9.637999535,9.660795571208634
4/2/2018 9:00,10.55200005,10.55200005,9.730308549578906
4/2/2018 10:00,10.48200035,10.48200035,9.747090652907032
4/2/2018 11:00,10.13000011,10.13000011,9.887074469432283
4/2/2018 12:00,10.19999981,10.19999981,9.90381508161219
4/2/2018 13:00,11.67800045,11.67800045,9.944374834446796
4/2/2018 14:00,12.02900028,12.02900028,9.910162083838271
4/2/2018 15:00,12.10000038,12.10000038,9.882268087203949
4/2/2018 16:00,12.17000008,12.17000008,9.945318319863308
4/2/2018 17:00,12.02900028,12.02900028,9.879054367423414
4/2/2018 18:00,11.25599957,11.25599957,9.776707996793458
4/2/2018 19:00,10.97399998,10.97399998,9.691060835044617
4/2/2018 20:00,10.55200005,10.55200005,9.572177616331231
4/2/2018 21:00,10.19999981,10.19999981,9.550262608000862
4/2/2018 22:00,10.3409996,10.3409996,9.558159184672864
4/2/2018 23:00,9.848999977,9.848999977,9.568339469521923
4/3/2018 0:00,9.425999641,9.425999641,9.589114552680886
4/3/2018 1:00,9.355999947,9.355999947,9.609835208844617
4/3/2018 2:00,9.215000153,9.215000153,9.611062057517636
4/3/2018 3:00,9.145000458,9.145000458,9.611062057517636
4/3/2018 4:00,9.145000458,9.145000458,9.62388812674016
4/3/2018 5:00,9.425999641,9.425999641,9.62388812674016
4/3/2018 6:00,9.286000252,9.286000252,9.636252207880482
4/3/2018 7:00,9.496999741,9.496999741,9.645973978441845
4/3/2018 8:00,9.848999977,9.848999977,9.645973978441845
4/3/2018 9:00,10.69299984,10.69299984,9.67500947241922
4/3/2018 10:00,11.39599991,11.39599991,9.682876185084677
4/3/2018 11:00,11.32600021,11.32600021,9.682876185084677
4/3/2018 12:00,11.39599991,11.39599991,9.670050115862152
4/3/2018 13:00,11.32600021,11.32600021,9.688286910394307
4/3/2018 14:00,12.7329998,12.7329998,9.79036040418842
4/3/2018 15:00,12.94400024,12.94400024,9.90865850187136
4/3/2018 16:00,13.43599987,13.43599987,9.862807938377166
4/3/2018 17:00,13.71800041,13.71800041,9.837574224794013
4/3/2018 18:00,12.23999977,12.23999977,9.789780520138883
4/3/2018 19:00,12.17000008,12.17000008,9.774950271925436
4/3/2018 20:00,11.60700035,11.60700035,9.746714057096044
4/3/2018 21:00,11.32600021,11.32600021,9.729848388709089
4/3/2018 22:00,10.97399998,10.97399998,9.603298271969768
4/3/2018 23:00,10.90400028,10.90400028,9.577038502961312
4/4/2018 0:00,9.918999672,9.918999672,9.603298271969768
4/4/2018 1:00,8.86400032,8.86400032,9.603298271969768
4/4/2018 2:00,8.934000015,8.934000015,9.603298271969768
4/4/2018 3:00,7.809000015,7.809000015,9.601844863964942
4/4/2018 4:00,6.823999882,6.823999882,9.62388812674016
4/4/2018 5:00,7.105000019,7.105000019,9.632026032459777
4/4/2018 6:00,6.612999916,6.612999916,9.64021271319269
4/4/2018 7:00,5.135000229,5.135000229,9.64021271319269
4/4/2018 8:00,5.346000195,5.346000195,9.64021271319269
4/4/2018 9:00,5.065000057,5.065000057,9.64021271319269
4/4/2018 10:00,5.276000023,5.276000023,9.64021271319269
4/4/2018 11:00,5.276000023,5.276000023,9.656422137947542
4/4/2018 12:00,5.065000057,5.065000057,9.655195289274523
4/4/2018 13:00,4.572999954,4.572999954,9.617973114564233
4/4/2018 14:00,4.290999889,4.290999889,9.626700877231574
4/4/2018 15:00,4.43200016,4.43200016,9.617973114564233
4/4/2018 16:00,4.221000195,4.221000195,9.617973114564233
4/4/2018 17:00,4.079999924,4.079999924,9.620163940356726
4/4/2018 18:00,3.799000025,3.799000025,9.620163940356726
4/4/2018 19:00,3.657999992,3.657999992,9.620163940356726
4/4/2018 20:00,3.799000025,3.799000025,9.620163940356726
4/4/2018 21:00,3.799000025,3.799000025,9.620163940356726
4/4/2018 22:00,3.868999958,3.868999958,9.620163940356726
4/4/2018 23:00,3.938999891,3.938999891,9.61202603463711
4/5/2018 0:00,3.657999992,3.657999992,9.61202603463711
4/5/2018 1:00,3.799000025,3.799000025,9.618562971511958
4/5/2018 2:00,3.868999958,3.868999958,9.611062057517636
4/5/2018 3:00,3.799000025,3.799000025,9.616113469350486
4/5/2018 4:00,4.361999989,4.361999989,9.622434718735333
4/5/2018 5:00,3.657999992,3.657999992,9.632074807473074
4/5/2018 6:00,4.221000195,4.221000195,9.64021271319269
4/5/2018 7:00,3.51699996,3.51699996,9.64021271319269
4/5/2018 8:00,3.095000029,3.095000029,9.627386643970167
4/5/2018 9:00,0.421999991,0.421999991,9.627386643970167
4/5/2018 10:00,0.0,0.0,9.619199963237252
4/5/2018 11:00,-0.633000016,-0.633000016,9.62337736364466
4/5/2018 12:00,-0.703000009,-0.703000009,9.62337736364466
4/5/2018 13:00,0.0,0.0,9.619199963237252
4/5/2018 14:00,-0.633000016,-0.633000016,9.617973114564233
4/5/2018 15:00,-0.915000021,-0.915000021,9.611436177689384
4/5/2018 16:00,0.0,0.0,-0.5546859930869826
4/5/2018 17:00,0.563000023,0.563000023,-0.5694417298297777
4/5/2018 18:00,1.758999944,1.758999944,-0.797863937344947
4/5/2018 19:00,0.563000023,0.563000023,-0.8468361875951207
4/5/2018 20:00,0.0,0.0,-0.8943225831775071
4/5/2018 21:00,2.039999962,2.039999962,-0.7235711679800901
4/5/2018 22:00,0.492000014,0.492000014,-0.8401568754421969
4/5/2018 23:00,1.126000047,1.126000047,-0.7597919932139772
4/6/2018 0:00,0.985000014,0.985000014,-0.7229642482755115
4/6/2018 1:00,0.0,0.0,-0.7428279649094729
4/6/2018 2:00,0.563000023,0.563000023,-0.7467267060221305
4/6/2018 3:00,1.970000029,1.970000029,-0.8057958019659746
4/6/2018 4:00,2.39199996,2.39199996,-0.7121924046070092
4/6/2018 5:00,1.476999998,1.476999998,-0.7705412675838256
4/6/2018 6:00,1.337000012,1.337000012,-0.8530180306896525
4/6/2018 7:00,1.054999948,1.054999948,-0.9862253340724146
4/6/2018 8:00,1.054999948,1.054999948,-0.6419681016502682
4/6/2018 9:00,1.337000012,1.337000012,-0.6961512360217785
4/6/2018 10:00,1.828999996,1.828999996,-0.6155013920535995
4/6/2018 11:00,3.095000029,3.095000029,-0.8553468276973151
4/6/2018 12:00,4.010000229,4.010000229,-0.7024920186891531
4/6/2018 13:00,4.643000126,4.643000126,-0.8237534007766751
4/6/2018 14:00,4.994999886,4.994999886,-0.7236885959215946
4/6/2018 15:00,4.994999886,4.994999886,-0.6094196987438504
4/6/2018 16:00,5.346000195,5.346000195,-0.6816927891730326
4/6/2018 17:00,5.486999989,5.486999989,-0.8250890450863355
4/6/2018 18:00,5.346000195,5.346000195,-0.820278680387616
4/6/2018 19:00,5.346000195,5.346000195,-0.7965358433588237
4/6/2018 20:00,5.346000195,5.346000195,-0.7535047143714052
4/6/2018 21:00,4.221000195,4.221000195,-0.8396499465974513
4/6/2018 22:00,5.276000023,5.276000023,-0.8396499465974513
4/6/2018 23:00,4.854000092,4.854000092,-0.8230834748084489
4/7/2018 0:00,4.501999855,4.501999855,-0.7393764604687643
4/7/2018 1:00,4.221000195,4.221000195,-0.8115034153192806
4/7/2018 2:00,4.150000095,4.150000095,-0.8012425726534563
4/7/2018 3:00,4.221000195,4.221000195,-0.7682762941150741
4/7/2018 4:00,4.221000195,4.221000195,-0.9183012336450328
4/7/2018 5:00,4.150000095,4.150000095,-0.9034575606440588
4/7/2018 6:00,3.727999926,3.727999926,-0.9660327497743936
4/7/2018 7:00,4.994999886,4.994999886,-0.9498856958960232
4/7/2018 8:00,4.221000195,4.221000195,-0.9269056634504386
4/7/2018 9:00,3.727999926,3.727999926,-0.9188686484694698
4/7/2018 10:00,5.346000195,5.346000195,-0.8260356768820143
4/7/2018 11:00,3.305999994,3.305999994,-0.8150596525722364
4/7/2018 12:00,3.236000061,3.236000061,-0.8090524260758029
4/7/2018 13:00,3.51699996,3.51699996,-0.8311742270863958
4/7/2018 14:00,4.501999855,4.501999855,-0.7959553402576374
4/7/2018 15:00,4.994999886,4.994999886,-0.7659011663156676
4/7/2018 16:00,5.276000023,5.276000023,-0.735196722113491
4/7/2018 17:00,5.768000126,5.768000126,-0.7159431241693756
4/7/2018 18:00,6.050000191,6.050000191,-0.6826605630254621
4/7/2018 19:00,5.697999954,5.697999954,-0.7382394871644554
4/7/2018 20:00,5.346000195,5.346000195,-0.8153243671100026
4/7/2018 21:00,4.923999786,4.923999786,-0.7695684068757657
4/7/2018 22:00,4.854000092,4.854000092,-0.7695684068757657
4/7/2018 23:00,5.065000057,5.065000057,-0.7555678945536941
4/8/2018 0:00,4.572999954,4.572999954,-0.7631590577434311
4/8/2018 1:00,4.712999821,4.712999821,-0.8261133780198783
4/8/2018 2:00,4.501999855,4.501999855,-0.8581721398569488
4/8/2018 3:00,4.501999855,4.501999855,-0.8563873169694667
4/8/2018 4:00,4.501999855,4.501999855,-0.8393115208231383
4/8/2018 5:00,4.643000126,4.643000126,-0.8967044761359391
4/8/2018 6:00,4.572999954,4.572999954,-0.8880572008468478
4/8/2018 7:00,5.697999954,5.697999954,-0.8052532614438507
4/8/2018 8:00,5.768000126,5.768000126,-0.7994610699626999
4/8/2018 9:00,5.627999783,5.627999783,-0.8126999923210053
4/8/2018 10:00,5.416999817,5.416999817,-0.8236664046496426
4/8/2018 11:00,5.697999954,5.697999954,-0.8744087639580268
4/8/2018 12:00,5.627999783,5.627999783,-0.8724273446869005
4/8/2018 13:00,6.261000156,6.261000156,-0.8719617856216468
4/8/2018 14:00,7.105000019,7.105000019,-0.8800681438440082
4/8/2018 15:00,7.668000221,7.668000221,-0.8820857389512543
4/8/2018 16:00,7.809000015,7.809000015,-0.8917760528962836
4/8/2018 17:00,7.879000187,7.879000187,-0.9014891817438108
4/8/2018 18:00,7.597000122,7.597000122,-0.8966327615133725
4/8/2018 19:00,8.230999947,8.230999947,-0.9759076933416128
4/8/2018 20:00,8.300999641,8.300999641,-0.9884233594170848
4/8/2018 21:00,7.879000187,7.879000187,-0.9973007557361524
4/8/2018 22:00,7.737999916,7.737999916,-0.9973007557361524
4/8/2018 23:00,7.245999813,7.245999813,-0.9826361278900588
4/9/2018 0:00,7.386000156,7.386000156,-1.0048919189258898
4/9/2018 1:00,7.668000221,7.668000221,-0.9969070410582468
4/9/2018 2:00,7.737999916,7.737999916,-1.0094725181490485
4/9/2018 3:00,7.456999779,7.456999779,-0.9459612211235428
4/9/2018 4:00,7.456999779,7.456999779,-0.9796255639234808
4/9/2018 5:00,7.245999813,7.245999813,-0.9431239862756468
4/9/2018 6:00,6.894000053,6.894000053,-0.9592710401540172
4/9/2018 7:00,8.020000458,8.020000458,-0.9592710401540172
4/9/2018 8:00,8.652999878,8.652999878,-0.9534788486728666
4/9/2018 9:00,9.425999641,9.425999641,-0.9131852796591976
4/9/2018 10:00,10.55200005,10.55200005,-0.9091024700925427
4/9/2018 11:00,9.777999878,9.777999878,-0.9493960391062116
4/9/2018 12:00,9.286000252,9.286000252,-0.9271152585009088
4/9/2018 13:00,9.98900032,9.98900032,-0.8622926017584444
4/9/2018 14:00,11.32600021,11.32600021,-0.8680847932395951
4/9/2018 15:00,10.90400028,10.90400028,-0.866828030917319
4/9/2018 16:00,12.10000038,12.10000038,-0.85919943320296
4/9/2018 17:00,12.45100021,12.45100021,-0.891922121610514
4/9/2018 18:00,12.02900028,12.02900028,-0.8836521531930005
4/9/2018 19:00,10.48200035,10.48200035,-0.8431207117626671
4/9/2018 20:00,9.918999672,9.918999672,-0.8468784194574686
4/9/2018 21:00,9.708000183,9.708000183,-0.8490048012549324
4/9/2018 22:00,9.496999741,9.496999741,-0.8454233912671535
4/9/2018 23:00,9.215000153,9.215000153,-0.8530145544568903
4/10/2018 0:00,8.86400032,8.86400032,-0.8530145544568903
4/10/2018 1:00,8.722999573,8.722999573,-0.837239210385165
4/10/2018 2:00,8.652999878,8.652999878,-0.8531512907793998
4/10/2018 3:00,8.722999573,8.722999573,-0.8549861616562203
4/10/2018 4:00,8.442000389,8.442000389,-0.9166634664333388
4/10/2018 5:00,8.581999779,8.581999779,-0.8878265411753424
4/10/2018 6:00,8.652999878,8.652999878,-0.916692736859106
4/10/2018 7:00,9.215000153,9.215000153,-0.8828665336879502
4/10/2018 8:00,9.918999672,9.918999672,-0.812301221580156
4/10/2018 9:00,10.48200035,10.48200035,-0.812301221580156
4/10/2018 10:00,9.215000153,9.215000153,-0.7475950951582481
4/10/2018 11:00,9.567000389,9.567000389,-0.8054585301298888
4/10/2018 12:00,8.934000015,8.934000015,-0.7236583935586415
4/10/2018 13:00,9.425999641,9.425999641,-0.7815218285302822
4/10/2018 14:00,10.55200005,10.55200005,-0.804222314072845
4/10/2018 15:00,10.62199974,10.62199974,-0.7577482431028529
4/10/2018 16:00,11.18500042,11.18500042,-0.7326021433282682
4/10/2018 17:00,10.90400028,10.90400028,-0.7360925416984592
4/10/2018 18:00,12.02900028,12.02900028,-0.733366887699791
4/10/2018 19:00,11.60700035,11.60700035,-0.7061127888710992
4/10/2018 20:00,11.18500042,11.18500042,-0.7688766307253125
4/10/2018 21:00,11.04399967,11.04399967,-0.7585953072981423
4/10/2018 22:00,10.55200005,10.55200005,-0.7951002311081585
4/10/2018 23:00,11.04399967,11.04399967,-0.8152271539783883
4/11/2018 0:00,10.3409996,10.3409996,-0.7973348411835653
4/11/2018 1:00,10.48200035,10.48200035,-0.8061939363482065
4/11/2018 2:00,10.55200005,10.55200005,-0.8361736891755664
4/11/2018 3:00,10.41100025,10.41100025,-0.8246614065985711
4/11/2018 4:00,10.55200005,10.55200005,-0.8703840705917014
4/11/2018 5:00,10.55200005,10.55200005,-0.8223083189875948
4/11/2018 6:00,9.777999878,9.777999878,-0.8606680725814524
4/11/2018 7:00,9.918999672,9.918999672,-0.8306883197540922
4/11/2018 8:00,9.918999672,9.918999672,-0.8306883197540922
4/11/2018 9:00,9.708000183,9.708000183,-0.8185750272217149
4/11/2018 10:00,10.3409996,10.3409996,-0.8185750272217149
4/11/2018 11:00,10.13000011,10.13000011,-0.7881753335594598
4/11/2018 12:00,10.27099991,10.27099991,-0.7881753335594598
4/11/2018 13:00,10.3409996,10.3409996,-0.7881753335594598
4/11/2018 14:00,10.97399998,10.97399998,-0.7881753335594598
4/11/2018 15:00,10.97399998,10.97399998,-0.7881753335594598
4/11/2018 16:00,10.76299953,10.76299953,-0.7434967349638735
4/11/2018 17:00,9.777999878,9.777999878,-0.7434967349638735
4/11/2018 18:00,9.425999641,9.425999641,-0.7434967349638735
4/11/2018 19:00,8.722999573,8.722999573,-0.7434967349638735
4/11/2018 20:00,7.879000187,7.879000187,-0.7434967349638735
4/11/2018 21:00,7.668000221,7.668000221,-0.7434967349638735
4/11/2018 22:00,7.386000156,7.386000156,-0.7434967349638735
4/11/2018 23:00,6.964000225,6.964000225,-0.7434967349638735
4/12/2018 0:00,6.964000225,6.964000225,-0.7434967349638735
4/12/2018 1:00,6.612999916,6.612999916,-0.7434967349638735
4/12/2018 2:00,6.612999916,6.612999916,-0.7434967349638735
4/12/2018 3:00,6.050000191,6.050000191,-0.784712877568967
4/12/2018 4:00,6.40199995,6.40199995,-0.7434967349638735
4/12/2018 5:00,5.90899992,5.90899992,-0.784712877568967
4/12/2018 6:00,5.768000126,5.768000126,-0.7434967349638735
4/12/2018 7:00,5.627999783,5.627999783,-0.7434967349638735
4/12/2018 8:00,5.90899992,5.90899992,-0.7434967349638735
4/12/2018 9:00,5.90899992,5.90899992,-0.7434967349638735
4/12/2018 10:00,5.979000092,5.979000092,-0.7434967349638735
4/12/2018 11:00,6.330999851,6.330999851,-0.7434967349638735
4/12/2018 12:00,6.472000122,6.472000122,-0.7434967349638735
4/12/2018 13:00,6.050000191,6.050000191,-0.7434967349638735
4/12/2018 14:00,6.541999817,6.541999817,-0.7434967349638735
4/12/2018 15:00,6.472000122,6.472000122,-0.7434967349638735
4/12/2018 16:00,6.330999851,6.330999851,6.474294952075915
4/12/2018 17:00,5.768000126,5.768000126,6.46478914423571
4/12/2018 18:00,5.627999783,5.627999783,6.482791758688925
4/12/2018 19:00,5.346000195,5.346000195,6.4164008058584265
4/12/2018 20:00,4.854000092,4.854000092,6.272214123704744
4/12/2018 21:00,5.135000229,5.135000229,6.124315747712249
4/12/2018 22:00,4.994999886,4.994999886,6.026953799000395
4/12/2018 23:00,4.643000126,4.643000126,5.712012452806089
4/13/2018 0:00,4.994999886,4.994999886,5.586917645285928
4/13/2018 1:00,4.923999786,4.923999786,5.385856069545049
4/13/2018 2:00,4.78399992,4.78399992,5.317666177782764
4/13/2018 3:00,4.854000092,4.854000092,5.302668438970565
4/13/2018 4:00,4.854000092,4.854000092,5.191261205983972
4/13/2018 5:00,4.78399992,4.78399992,5.154165708318767
4/13/2018 6:00,4.712999821,4.712999821,5.157376900717257
4/13/2018 7:00,4.572999954,4.572999954,5.222684025297244
4/13/2018 8:00,4.290999889,4.290999889,5.21882894340762
4/13/2018 9:00,4.290999889,4.290999889,5.208905759781635
4/13/2018 10:00,4.361999989,4.361999989,5.285534656120235
4/13/2018 11:00,4.572999954,4.572999954,5.277336579504117
4/13/2018 12:00,5.065000057,5.065000057,5.3855770825612375
4/13/2018 13:00,4.643000126,4.643000126,5.538581899154698
4/13/2018 14:00,4.854000092,4.854000092,5.587837925797441
4/13/2018 15:00,5.276000023,5.276000023,5.726452275322319
4/13/2018 16:00,4.854000092,4.854000092,5.636388401471906
4/13/2018 17:00,5.839000225,5.839000225,5.5167635060056615
4/13/2018 18:00,4.572999954,4.572999954,5.285762326163442
4/13/2018 19:00,3.095000029,3.095000029,5.150776206919297
4/13/2018 20:00,3.799000025,3.799000025,5.080171160073534
4/13/2018 21:00,4.854000092,4.854000092,4.965041323870041
4/13/2018 22:00,3.095000029,3.095000029,4.851797273185034
4/13/2018 23:00,3.588000059,3.588000059,4.69130664002866
4/14/2018 0:00,4.290999889,4.290999889,4.663601849324694
4/14/2018 1:00,4.361999989,4.361999989,4.493862192442294
4/14/2018 2:00,4.150000095,4.150000095,4.502937453997509
4/14/2018 3:00,4.643000126,4.643000126,4.479864063668424
4/14/2018 4:00,5.205999851,5.205999851,4.5199833093144095
4/14/2018 5:00,4.854000092,4.854000092,4.577891858027129
4/14/2018 6:00,5.205999851,5.205999851,4.525965190922551
4/14/2018 7:00,4.854000092,4.854000092,4.582499821309661
4/14/2018 8:00,4.923999786,4.923999786,4.537315337641685
4/14/2018 9:00,3.447000027,3.447000027,4.659902685886061
4/14/2018 10:00,4.361999989,4.361999989,4.6735664216257
4/14/2018 11:00,3.799000025,3.799000025,4.705130321338223
4/14/2018 12:00,3.799000025,3.799000025,4.862505388963407
4/14/2018 13:00,3.938999891,3.938999891,4.990878913844705
4/14/2018 14:00,4.010000229,4.010000229,5.087508573474889
4/14/2018 15:00,4.43200016,4.43200016,5.18175619112492
4/14/2018 16:00,5.346000195,5.346000195,5.1234487860965725
4/14/2018 17:00,5.205999851,5.205999851,5.158470562007113
4/14/2018 18:00,5.416999817,5.416999817,5.081607857141011
4/14/2018 19:00,5.065000057,5.065000057,5.083788524234547
4/14/2018 20:00,4.923999786,4.923999786,5.085418784751077
4/14/2018 21:00,3.868999958,3.868999958,5.01636878897285
4/14/2018 22:00,4.361999989,4.361999989,4.875393712061193
4/14/2018 23:00,4.501999855,4.501999855,4.761007053949341
4/15/2018 0:00,4.854000092,4.854000092,4.695920463663541
4/15/2018 1:00,5.346000195,5.346000195,4.704783842039266
4/15/2018 2:00,4.643000126,4.643000126,4.704444441320998
4/15/2018 3:00,4.854000092,4.854000092,4.7644153193529375
4/15/2018 4:00,5.135000229,5.135000229,4.854405595785785
4/15/2018 5:00,5.276000023,5.276000023,4.9115436650782245
4/15/2018 6:00,5.135000229,5.135000229,4.9716969582364845
4/15/2018 7:00,5.768000126,5.768000126,4.991880289946756
4/15/2018 8:00,4.854000092,4.854000092,4.991880289946756
4/15/2018 9:00,5.979000092,5.979000092,5.052743458532144
4/15/2018 10:00,6.261000156,6.261000156,5.3277875310440255
4/15/2018 11:00,6.190999985,6.190999985,5.387595072541366
4/15/2018 12:00,6.612999916,6.612999916,5.591035845035445
4/15/2018 13:00,6.823999882,6.823999882,5.739640884443794
4/15/2018 14:00,8.300999641,8.300999641,5.993395236414717
4/15/2018 15:00,8.722999573,8.722999573,5.874677571310211
4/15/2018 16:00,9.425999641,9.425999641,5.883182516306502
4/15/2018 17:00,9.355999947,9.355999947,5.835678290937811
4/15/2018 18:00,8.722999573,8.722999573,5.792482866880173
4/15/2018 19:00,7.809000015,7.809000015,5.805508346781479
4/15/2018 20:00,6.964000225,6.964000225,5.793144722027133
4/15/2018 21:00,6.261000156,6.261000156,5.798844214227402
4/15/2018 22:00,6.050000191,6.050000191,5.774314327606015
4/15/2018 23:00,6.050000191,6.050000191,5.76542335907844
4/16/2018 0:00,6.823999882,6.823999882,5.787126461485179
4/16/2018 1:00,6.472000122,6.472000122,5.745378815230514
4/16/2018 2:00,6.612999916,6.612999916,5.763485674648448
4/16/2018 3:00,6.541999817,6.541999817,5.801455554630575
4/16/2018 4:00,6.40199995,6.40199995,5.7991191319292525
4/16/2018 5:00,5.90899992,5.90899992,5.848962431765025
4/16/2018 6:00,6.190999985,6.190999985,5.889849957434911
4/16/2018 7:00,6.330999851,6.330999851,5.90071930589736
4/16/2018 8:00,6.541999817,6.541999817,5.920724952653695
4/16/2018 9:00,6.683000088,6.683000088,5.889255039887108
4/16/2018 10:00,6.964000225,6.964000225,5.958348374237333
4/16/2018 11:00,7.315999985,7.315999985,5.9783830337311725
4/16/2018 12:00,6.964000225,6.964000225,6.007988208153235
4/16/2018 13:00,7.245999813,7.245999813,5.965896260098462
4/16/2018 14:00,8.020000458,8.020000458,6.007596745082791
4/16/2018 15:00,8.652999878,8.652999878,6.010324011867174
4/16/2018 16:00,9.00399971,9.00399971,5.992716153084431
4/16/2018 17:00,8.512000084,8.512000084,5.959318924284877
4/16/2018 18:00,7.737999916,7.737999916,5.943297913410052
4/16/2018 19:00,7.668000221,7.668000221,5.89154742182703
4/16/2018 20:00,6.894000053,6.894000053,5.842449854954597
4/16/2018 21:00,6.823999882,6.823999882,5.802701304537938
4/16/2018 22:00,6.894000053,6.894000053,5.81846866918031
4/16/2018 23:00,6.190999985,6.190999985,5.841707013256408
4/17/2018 0:00,5.90899992,5.90899992,5.825002804042232
4/17/2018 1:00,6.261000156,6.261000156,5.870373609274284
4/17/2018 2:00,6.261000156,6.261000156,5.859299046357196
4/17/2018 3:00,5.90899992,5.90899992,5.845583290487249
4/17/2018 4:00,6.261000156,6.261000156,5.845583290487249
4/17/2018 5:00,5.768000126,5.768000126,5.846838658791001
4/17/2018 6:00,5.768000126,5.768000126,5.871593551698956
4/17/2018 7:00,6.683000088,6.683000088,5.854780366111083
4/17/2018 8:00,7.245999813,7.245999813,5.8766639434130346
4/17/2018 9:00,8.159999847,8.159999847,5.900618866758988
4/17/2018 10:00,8.86400032,8.86400032,5.877797726599191
4/17/2018 11:00,7.879000187,7.879000187,5.894428538816658
4/17/2018 12:00,8.090000153,8.090000153,5.884906306541936
4/17/2018 13:00,8.934000015,8.934000015,5.873010895870456
4/17/2018 14:00,9.567000389,9.567000389,5.913657520393327
4/17/2018 15:00,10.27099991,10.27099991,5.889849852216591
4/17/2018 16:00,10.90400028,10.90400028,5.899617315096519
4/17/2018 17:00,10.90400028,10.90400028,5.899617315096519
4/17/2018 18:00,10.62199974,10.62199974,5.873090458436632
4/17/2018 19:00,8.934000015,8.934000015,5.898696368322301
4/17/2018 20:00,8.090000153,8.090000153,5.875404351741362
4/17/2018 21:00,8.159999847,8.159999847,5.860689707946814
4/17/2018 22:00,7.948999882,7.948999882,5.884030980142685
4/17/2018 23:00,7.668000221,7.668000221,5.861358253796936
4/18/2018 0:00,7.456999779,7.456999779,5.8915035626963785
4/18/2018 1:00,7.245999813,7.245999813,5.8854502895359655
4/18/2018 2:00,7.386000156,7.386000156,5.878042923652496
4/18/2018 3:00,7.245999813,7.245999813,5.892083128949304
4/18/2018 4:00,7.245999813,7.245999813,5.899209348980747
4/18/2018 5:00,7.245999813,7.245999813,5.895127351846848
4/18/2018 6:00,6.964000225,6.964000225,5.920433919144105
4/18/2018 7:00,7.737999916,7.737999916,5.933778602281195
4/18/2018 8:00,9.145000458,9.145000458,5.9504828114953705
4/18/2018 9:00,8.722999573,8.722999573,5.987295466882878
4/18/2018 10:00,9.637999535,9.637999535,5.970960933083707
4/18/2018 11:00,9.215000153,9.215000153,5.987295466882878
4/18/2018 12:00,9.286000252,9.286000252,5.984859395663434
4/18/2018 13:00,9.98900032,9.98900032,5.957940303845185
4/18/2018 14:00,11.18500042,11.18500042,5.964696522282455
4/18/2018 15:00,11.5369997,11.5369997,5.925443281204669
4/18/2018 16:00,12.31099987,12.31099987,5.870534148686713
4/18/2018 17:00,12.6619997,12.6619997,5.810021661691345
4/18/2018 18:00,11.81799984,11.81799984,5.766182427896947
4/18/2018 19:00,10.13000011,10.13000011,5.766182427896947
4/18/2018 20:00,9.98900032,9.98900032,5.766182427896947
4/18/2018 21:00,9.355999947,9.355999947,5.759867456565152
4/18/2018 22:00,9.00399971,9.00399971,5.759821577056215
4/18/2018 23:00,8.934000015,8.934000015,5.759821577056215
4/19/2018 0:00,8.512000084,8.512000084,5.753673861599298
4/19/2018 1:00,8.442000389,8.442000389,5.759821577056215
4/19/2018 2:00,8.37100029,8.37100029,5.747341377463922
4/19/2018 3:00,8.230999947,8.230999947,5.747341377463922
4/19/2018 4:00,8.020000458,8.020000458,5.747341377463922
4/19/2018 5:00,8.020000458,8.020000458,5.747341377463922
4/19/2018 6:00,7.52699995,7.52699995,5.747341377463922
4/19/2018 7:00,8.090000153,8.090000153,5.787948647100178
4/19/2018 8:00,9.074999809,9.074999809,5.777761828757926
4/19/2018 9:00,9.286000252,9.286000252,5.791116061821109
4/19/2018 10:00,9.918999672,9.918999672,5.781281452004265
4/19/2018 11:00,9.777999878,9.777999878,5.787429167461182
4/19/2018 12:00,10.27099991,10.27099991,5.787429167461182
4/19/2018 13:00,11.04399967,11.04399967,5.79024840058425
4/19/2018 14:00,11.88899994,11.88899994,5.79024840058425
4/19/2018 15:00,12.59200001,12.59200001,5.79024840058425
4/19/2018 16:00,12.52200031,12.52200031,12.449144054421977
4/19/2018 17:00,12.17000008,12.17000008,12.1588385457328
4/19/2018 18:00,11.60700035,11.60700035,11.819109469888703
4/19/2018 19:00,10.41100025,10.41100025,11.54224848394733
4/19/2018 20:00,9.848999977,9.848999977,11.28868017129687
4/19/2018 21:00,9.355999947,9.355999947,10.997200692095907
4/19/2018 22:00,8.934000015,8.934000015,10.7002326555671
4/19/2018 23:00,8.512000084,8.512000084,10.510331989042418
4/20/2018 0:00,8.512000084,8.512000084,10.210826073994546
4/20/2018 1:00,8.652999878,8.652999878,9.980081609273377
4/20/2018 2:00,8.793000221,8.793000221,9.93033465475347
4/20/2018 3:00,8.37100029,8.37100029,9.744714758091035
4/20/2018 4:00,8.300999641,8.300999641,9.746450230917295
4/20/2018 5:00,8.090000153,8.090000153,9.77925756906654
4/20/2018 6:00,8.37100029,8.37100029,9.843263579860125
4/20/2018 7:00,9.145000458,9.145000458,9.861638545484432
4/20/2018 8:00,9.00399971,9.00399971,9.856475752026435
4/20/2018 9:00,8.86400032,8.86400032,9.878392774112909
4/20/2018 10:00,9.496999741,9.496999741,9.975459586779133
4/20/2018 11:00,9.98900032,9.98900032,10.233438594244587
4/20/2018 12:00,10.3409996,10.3409996,10.410959703663014
4/20/2018 13:00,11.74800014,11.74800014,10.702009228741604
4/20/2018 14:00,12.38099957,12.38099957,10.92562724118708
4/20/2018 15:00,12.94400024,12.94400024,11.169550834930437
4/20/2018 16:00,13.43599987,13.43599987,11.254636574505506
4/20/2018 17:00,12.8739996,12.8739996,11.146969504538342
4/20/2018 18:00,12.23999977,12.23999977,10.633198594296172
4/20/2018 19:00,11.74800014,11.74800014,10.17009250100268
4/20/2018 20:00,11.25599957,11.25599957,9.875224474495738
4/20/2018 21:00,11.88899994,11.88899994,9.648337808738694
4/20/2018 22:00,11.04399967,11.04399967,9.511327494162831
4/20/2018 23:00,10.90400028,10.90400028,9.483019644575476
4/21/2018 0:00,10.97399998,10.97399998,9.436220479327586
4/21/2018 1:00,10.90400028,10.90400028,9.21085677932482
4/21/2018 2:00,11.32600021,11.32600021,9.074771284101743
4/21/2018 3:00,10.3409996,10.3409996,9.071896788908523
4/21/2018 4:00,9.567000389,9.567000389,9.141682791916448
4/21/2018 5:00,10.27099991,10.27099991,9.164148936684942
4/21/2018 6:00,10.3409996,10.3409996,9.161254833776042
4/21/2018 7:00,10.3409996,10.3409996,9.16088097687172
4/21/2018 8:00,10.06000042,10.06000042,9.185561806619209
4/21/2018 9:00,10.62199974,10.62199974,9.232478920331465
4/21/2018 10:00,10.76299953,10.76299953,9.300929293283753
4/21/2018 11:00,10.48200035,10.48200035,9.537447452052314
4/21/2018 12:00,11.25599957,11.25599957,9.793642894790686
4/21/2018 13:00,11.25599957,11.25599957,10.201542550335242
4/21/2018 14:00,9.777999878,9.777999878,10.508371137210048
4/21/2018 15:00,10.27099991,10.27099991,10.640740988098171
4/21/2018 16:00,9.848999977,9.848999977,10.487178981243767
4/21/2018 17:00,9.567000389,9.567000389,10.308333097847058
4/21/2018 18:00,9.425999641,9.425999641,9.992975496355934
4/21/2018 19:00,9.355999947,9.355999947,9.782939810502116
4/21/2018 20:00,9.496999741,9.496999741,9.587567991639608
4/21/2018 21:00,9.00399971,9.00399971,9.414979993621742
4/21/2018 22:00,9.215000153,9.215000153,9.275054593991785
4/21/2018 23:00,9.145000458,9.145000458,9.249763457514131
4/22/2018 0:00,9.567000389,9.567000389,9.099453118028316
4/22/2018 1:00,9.708000183,9.708000183,9.045788936969496
4/22/2018 2:00,9.637999535,9.637999535,9.059805282744414
4/22/2018 3:00,9.708000183,9.708000183,9.07370084075667
4/22/2018 4:00,7.034999847,7.034999847,9.064823798002008
4/22/2018 5:00,8.652999878,8.652999878,9.10402600984196
4/22/2018 6:00,9.355999947,9.355999947,9.112129003803672
4/22/2018 7:00,8.512000084,8.512000084,9.117800960443446
4/22/2018 8:00,9.98900032,9.98900032,9.12413388383528
4/22/2018 9:00,10.3409996,10.3409996,9.161336794745148
4/22/2018 10:00,9.918999672,9.918999672,9.235129245283591
4/22/2018 11:00,9.425999641,9.425999641,9.353345016415007
4/22/2018 12:00,9.637999535,9.637999535,9.632864765818786
4/22/2018 13:00,9.496999741,9.496999741,9.794156437296277
4/22/2018 14:00,9.355999947,9.355999947,9.89428274674752
4/22/2018 15:00,9.918999672,9.918999672,9.811908757101191
4/22/2018 16:00,10.06000042,10.06000042,9.780168613145555
4/22/2018 17:00,10.27099991,10.27099991,9.71456844444169
4/22/2018 18:00,10.06000042,10.06000042,9.513100913890945
4/22/2018 19:00,9.98900032,9.98900032,9.510437987970006
4/22/2018 20:00,8.37100029,8.37100029,9.503708528143424
4/22/2018 21:00,8.442000389,8.442000389,9.478364416832608
4/22/2018 22:00,7.737999916,7.737999916,9.469972000811229
4/22/2018 23:00,7.105000019,7.105000019,9.464964676616102
4/23/2018 0:00,6.752999783,6.752999783,9.480521209409115
4/23/2018 1:00,6.40199995,6.40199995,9.518307454967625
4/23/2018 2:00,5.839000225,5.839000225,9.54540073540857
4/23/2018 3:00,5.90899992,5.90899992,9.565211680570057
4/23/2018 4:00,5.416999817,5.416999817,9.57143110932338
4/23/2018 5:00,4.994999886,4.994999886,9.585889897377784
4/23/2018 6:00,5.135000229,5.135000229,9.592463591240003
4/23/2018 7:00,4.643000126,4.643000126,9.784297405505924
4/23/2018 8:00,4.361999989,4.361999989,9.798865425579558
4/23/2018 9:00,4.290999889,4.290999889,9.804662881925566
4/23/2018 10:00,3.657999992,3.657999992,9.852078013061767
4/23/2018 11:00,3.165999889,3.165999889,9.852078013061767
4/23/2018 12:00,3.51699996,3.51699996,9.83940612519168
4/23/2018 13:00,3.236000061,3.236000061,9.831273630647884
4/23/2018 14:00,3.236000061,3.236000061,9.79729601271148
4/23/2018 15:00,3.727999926,3.727999926,9.791104288599309
4/23/2018 16:00,5.205999851,5.205999851,9.782040157802587
4/23/2018 17:00,5.697999954,5.697999954,9.760186491106854
4/23/2018 18:00,5.205999851,5.205999851,9.754817599133569
4/23/2018 19:00,5.55700016,5.55700016,9.724458771869037
4/23/2018 20:00,4.643000126,4.643000126,9.526294397253118
4/23/2018 21:00,5.486999989,5.486999989,9.485383753976434
4/23/2018 22:00,6.050000191,6.050000191,9.475319615499128
4/23/2018 23:00,5.135000229,5.135000229,9.50445930730867
4/24/2018 0:00,6.261000156,6.261000156,9.531491824774973
4/24/2018 1:00,6.40199995,6.40199995,9.57001126845412
4/24/2018 2:00,6.612999916,6.612999916,9.594598938814547
4/24/2018 3:00,6.261000156,6.261000156,9.609057726868947
4/24/2018 4:00,6.683000088,6.683000088,9.60976282741203
4/24/2018 5:00,6.330999851,6.330999851,9.64092813244926
4/24/2018 6:00,6.752999783,6.752999783,9.667947213066268
4/24/2018 7:00,6.541999817,6.541999817,9.63358068440114
4/24/2018 8:00,6.261000156,6.261000156,9.667947213066268
4/24/2018 9:00,6.964000225,6.964000225,9.667947213066268
4/24/2018 10:00,6.472000122,6.472000122,9.789790567554936
4/24/2018 11:00,7.105000019,7.105000019,9.957653844153173
4/24/2018 12:00,7.175000191,7.175000191,10.115581360744978
4/24/2018 13:00,8.020000458,8.020000458,10.166467848859623
4/24/2018 14:00,8.159999847,8.159999847,10.288032249920466
4/24/2018 15:00,8.652999878,8.652999878,10.330084611173008
4/24/2018 16:00,8.230999947,8.230999947,10.4013044733764
4/24/2018 17:00,7.668000221,7.668000221,10.39050674782289
4/24/2018 18:00,8.442000389,8.442000389,10.352260233453777
4/24/2018 19:00,7.948999882,7.948999882,10.081808855992035
4/24/2018 20:00,7.809000015,7.809000015,9.93695719985979
4/24/2018 21:00,7.737999916,7.737999916,9.6884047415021
4/24/2018 22:00,7.386000156,7.386000156,9.562199798239265
4/24/2018 23:00,7.668000221,7.668000221,9.555470705640332
4/25/2018 0:00,7.456999779,7.456999779,9.57314418517241
4/25/2018 1:00,7.315999985,7.315999985,9.587602973226812
4/25/2018 2:00,7.809000015,7.809000015,9.592856850600263
4/25/2018 3:00,7.52699995,7.52699995,9.616811761964051
4/25/2018 4:00,6.541999817,6.541999817,9.638146378043668
4/25/2018 5:00,7.034999847,7.034999847,9.638009323668989
4/25/2018 6:00,7.879000187,7.879000187,9.649372248944756
4/25/2018 7:00,9.074999809,9.074999809,9.649372248944756
4/25/2018 8:00,8.020000458,8.020000458,9.649372248944756
4/25/2018 9:00,8.512000084,8.512000084,9.703946550803312
4/25/2018 10:00,9.496999741,9.496999741,9.723987936499537
4/25/2018 11:00,9.145000458,9.145000458,9.77795516653924
4/25/2018 12:00,9.567000389,9.567000389,9.953590138849894
4/25/2018 13:00,8.86400032,8.86400032,9.966484997060729
4/25/2018 14:00,9.848999977,9.848999977,10.21933868612292
4/25/2018 15:00,10.19999981,10.19999981,10.24872857623545
4/25/2018 16:00,9.98900032,9.98900032,10.185344600023928
4/25/2018 17:00,10.55200005,10.55200005,10.152334253320278
4/25/2018 18:00,10.27099991,10.27099991,10.021318424513709
4/25/2018 19:00,9.425999641,9.425999641,9.97416274186336
4/25/2018 20:00,8.512000084,8.512000084,9.96934979913182
4/25/2018 21:00,9.074999809,9.074999809,9.96118979492247
4/25/2018 22:00,8.934000015,8.934000015,9.952525978237828
4/25/2018 23:00,8.512000084,8.512000084,9.7688170206949
4/26/2018 0:00,8.722999573,8.722999573,9.76895407506958
4/26/2018 1:00,8.512000084,8.512000084,9.767593874443936
4/26/2018 2:00,9.215000153,9.215000153,9.74625925836432
4/26/2018 3:00,9.425999641,9.425999641,9.782052662498335
4/26/2018 4:00,9.355999947,9.355999947,9.787306539871793
4/26/2018 5:00,9.567000389,9.567000389,9.793260290617264
4/26/2018 6:00,9.074999809,9.074999809,9.793260290617264
4/26/2018 7:00,9.848999977,9.848999977,9.799128883936405
4/26/2018 8:00,10.27099991,10.27099991,9.799088983252489
4/26/2018 9:00,9.848999977,9.848999977,9.80882290039243
4/26/2018 10:00,9.98900032,9.98900032,9.794364112338029
4/26/2018 11:00,10.69299984,10.69299984,9.86539375417177
4/26/2018 12:00,10.83300018,10.83300018,9.855563065214154
4/26/2018 13:00,10.62199974,10.62199974,9.862292157813084
4/26/2018 14:00,11.11499977,11.11499977,9.818500672226458
4/26/2018 15:00,10.48200035,10.48200035,9.789448790217657
4/26/2018 16:00,11.60700035,11.60700035,10.500122878201898
4/26/2018 17:00,11.32600021,11.32600021,10.446107848763978
4/26/2018 18:00,10.06000042,10.06000042,10.386868093164216
4/26/2018 19:00,10.3409996,10.3409996,10.359526959212252
4/26/2018 20:00,9.777999878,9.777999878,10.10209657892108
4/26/2018 21:00,10.13000011,10.13000011,9.990870266625686
4/26/2018 22:00,10.48200035,10.48200035,9.903621345345368
4/26/2018 23:00,9.848999977,9.848999977,9.708427901422432
4/27/2018 0:00,9.777999878,9.777999878,9.505006439831186
4/27/2018 1:00,9.918999672,9.918999672,9.513924937838643
4/27/2018 2:00,9.918999672,9.918999672,9.53462733414174
4/27/2018 3:00,9.425999641,9.425999641,9.543618513664844
4/27/2018 4:00,9.496999741,9.496999741,9.5627757391125
4/27/2018 5:00,9.637999535,9.637999535,9.68299876787216
4/27/2018 6:00,9.777999878,9.777999878,9.620010140124087
4/27/2018 7:00,10.3409996,10.3409996,9.672100814486702
4/27/2018 8:00,11.18500042,11.18500042,9.77164500141216
4/27/2018 9:00,11.25599957,11.25599957,9.901065977764285
4/27/2018 10:00,11.67800045,11.67800045,9.898832788228674
4/27/2018 11:00,11.32600021,11.32600021,9.95106600039949
4/27/2018 12:00,11.60700035,11.60700035,9.81525391963791
4/27/2018 13:00,12.7329998,12.7329998,9.832046123494658
4/27/2018 14:00,13.08500004,13.08500004,9.783111353740855
4/27/2018 15:00,13.9989996,13.9989996,9.79275894795544
4/27/2018 16:00,14.21000004,14.21000004,9.773312432758464
4/27/2018 17:00,13.9989996,13.9989996,9.73453117213396
4/27/2018 18:00,13.71800041,13.71800041,9.57835979863534
4/27/2018 19:00,12.45100021,12.45100021,9.57964611308601
4/27/2018 20:00,11.67800045,11.67800045,9.570996020809163
4/27/2018 21:00,11.32600021,11.32600021,9.60061657373556
4/27/2018 22:00,11.04399967,11.04399967,9.565266331158387
4/27/2018 23:00,10.97399998,10.97399998,9.567296954104435
4/28/2018 0:00,10.83300018,10.83300018,9.549734435264355
4/28/2018 1:00,10.69299984,10.69299984,9.556473826612605
4/28/2018 2:00,10.97399998,10.97399998,9.595014687859882
4/28/2018 3:00,9.567000389,9.567000389,9.590141056945969
4/28/2018 4:00,9.567000389,9.567000389,9.619376498991867
4/28/2018 5:00,9.496999741,9.496999741,9.60972890477728
4/28/2018 6:00,9.496999741,9.496999741,9.590955986665511
4/28/2018 7:00,9.637999535,9.637999535,9.660305564032504
4/28/2018 8:00,10.19999981,10.19999981,9.67007423509333
4/28/2018 9:00,10.06000042,10.06000042,9.674488376610372
4/28/2018 10:00,10.83300018,10.83300018,9.682950164054844
4/28/2018 11:00,10.83300018,10.83300018,9.715645282265188
4/28/2018 12:00,11.32600021,11.32600021,9.663608675554094
4/28/2018 13:00,11.81799984,11.81799984,9.678289182572655
4/28/2018 14:00,12.80300045,12.80300045,9.665297514877135
4/28/2018 15:00,13.22500038,13.22500038,9.614021376474597
4/28/2018 16:00,13.9289999,13.9289999,9.637021117049636
4/28/2018 17:00,13.08500004,13.08500004,9.636798289969487
4/28/2018 18:00,12.59200001,12.59200001,9.617238357659712
4/28/2018 19:00,11.81799984,11.81799984,9.68183072556578
4/28/2018 20:00,11.5369997,11.5369997,9.53232937445948
4/28/2018 21:00,11.11499977,11.11499977,9.6533249151755
4/28/2018 22:00,10.83300018,10.83300018,9.647462232445529
4/28/2018 23:00,10.69299984,10.69299984,9.55502370788492
4/29/2018 0:00,10.90400028,10.90400028,9.563195379353504
4/29/2018 1:00,11.60700035,11.60700035,9.549675477287826
4/29/2018 2:00,11.60700035,11.60700035,9.532331318270137
4/29/2018 3:00,11.18500042,11.18500042,9.55151889752119
4/29/2018 4:00,11.74800014,11.74800014,9.605214319009075
4/29/2018 5:00,11.60700035,11.60700035,9.6358956341383
4/29/2018 6:00,11.32600021,11.32600021,9.6429706049408
4/29/2018 7:00,11.95899963,11.95899963,9.640368487749509
4/29/2018 8:00,12.59200001,12.59200001,9.625584778296872
4/29/2018 9:00,12.6619997,12.6619997,9.654454332167084
4/29/2018 10:00,12.59200001,12.59200001,9.668318833626842
4/29/2018 11:00,12.02900028,12.02900028,9.495350071177509
4/29/2018 12:00,12.52200031,12.52200031,9.57312421979493
4/29/2018 13:00,11.95899963,11.95899963,9.596338338242454
4/29/2018 14:00,12.80300045,12.80300045,9.470094946647803
4/29/2018 15:00,12.6619997,12.6619997,9.54490846144467
4/29/2018 16:00,12.45100021,12.45100021,9.58148289396956
4/29/2018 17:00,13.29599953,13.29599953,9.593426344122848
4/29/2018 18:00,12.94400024,12.94400024,9.583237096498216
4/29/2018 19:00,12.7329998,12.7329998,9.567335773153175
4/29/2018 20:00,12.6619997,12.6619997,9.577075472257146
4/29/2018 21:00,12.45100021,12.45100021,9.58492516834818
4/29/2018 22:00,12.52200031,12.52200031,9.580685217703063
4/29/2018 23:00,12.38099957,12.38099957,9.565066993051897
4/30/2018 0:00,12.7329998,12.7329998,9.565066993051897
4/30/2018 1:00,12.52200031,12.52200031,9.553765691511714
4/30/2018 2:00,12.10000038,12.10000038,9.554288893438487
4/30/2018 3:00,11.67800045,11.67800045,9.553862049848856
4/30/2018 4:00,11.88899994,11.88899994,9.594575902331568
4/30/2018 5:00,12.59200001,12.59200001,9.574132405184931
4/30/2018 6:00,12.7329998,12.7329998,9.60764309651172
4/30/2018 7:00,12.94400024,12.94400024,9.594545388068658
4/30/2018 8:00,12.8739996,12.8739996,9.584315199038487
4/30/2018 9:00,12.52200031,12.52200031,9.590320876922284
4/30/2018 10:00,13.71800041,13.71800041,9.56051290446282
4/30/2018 11:00,13.64700031,13.64700031,9.614634808449456
4/30/2018 12:00,14.56200027,14.56200027,9.56259770371847
4/30/2018 13:00,14.84300041,14.84300041,9.58866339497598
4/30/2018 14:00,15.0539999,15.0539999,9.563466606885168
4/30/2018 15:00,15.89799976,15.89799976,9.595842235976749
4/30/2018 16:00,16.81299973,16.81299973,9.562748467943926
4/30/2018 17:00,15.82800007,15.82800007,9.5649273444761
4/30/2018 18:00,14.77299976,14.77299976,9.564716911556818
4/30/2018 19:00,14.49100018,14.49100018,9.549398677597598
4/30/2018 20:00,13.57699966,13.57699966,9.553796577284862
4/30/2018 21:00,13.22500038,13.22500038,9.57267679498616
4/30/2018 22:00,13.50699997,13.50699997,9.58193458773644
4/30/2018 23:00,13.36600018,13.36600018,9.585115572878085
5/1/2018 0:00,13.43599987,13.43599987,9.603764282630044
5/1/2018 1:00,13.43599987,13.43599987,9.598078895566475
5/1/2018 2:00,13.57699966,13.57699966,9.598078895566475
5/1/2018 3:00,13.43599987,13.43599987,9.618392174956425
5/1/2018 4:00,13.08500004,13.08500004,9.576024201487526
5/1/2018 5:00,13.64700031,13.64700031,9.63938092913093
5/1/2018 6:00,13.78800011,13.78800011,9.601520735007815
5/1/2018 7:00,13.9989996,13.9989996,9.618942534067845
5/1/2018 8:00,14.06900024,14.06900024,9.631430122386124
5/1/2018 9:00,13.43599987,13.43599987,9.625674500217
5/1/2018 10:00,13.57699966,13.57699966,9.648895702399685
5/1/2018 11:00,12.8739996,12.8739996,9.610369312448316
5/1/2018 12:00,12.8739996,12.8739996,9.602640936968312
5/1/2018 13:00,12.38099957,12.38099957,9.571999499543857
5/1/2018 14:00,12.7329998,12.7329998,9.578258325572913
5/1/2018 15:00,13.50699997,13.50699997,9.571999499543857
5/1/2018 16:00,13.43599987,13.43599987,9.565789863530306
5/1/2018 17:00,13.64700031,13.64700031,9.565789863530306
5/1/2018 18:00,7.52699995,7.52699995,9.571098610847818
5/1/2018 19:00,5.768000126,5.768000126,9.567076181682026
5/1/2018 20:00,8.020000458,8.020000458,9.583586199166096
5/1/2018 21:00,9.777999878,9.777999878,9.583586199166096
5/1/2018 22:00,10.83300018,10.83300018,9.579563770000306
5/1/2018 23:00,10.48200035,10.48200035,9.59657533616944
5/2/2018 0:00,10.48200035,10.48200035,9.59657533616944
5/2/2018 1:00,10.3409996,10.3409996,9.592552907003649
5/2/2018 2:00,10.19999981,10.19999981,9.592552907003649
5/2/2018 3:00,10.06000042,10.06000042,9.609043798212047
5/2/2018 4:00,9.567000389,9.567000389,9.6152534342256
5/2/2018 5:00,9.637999535,9.637999535,9.6152534342256
5/2/2018 6:00,10.13000011,10.13000011,9.621701181869684
5/2/2018 7:00,9.215000153,9.215000153,9.6152534342256
5/2/2018 8:00,9.215000153,9.215000153,9.621701181869684
5/2/2018 9:00,9.708000183,9.708000183,9.6152534342256
5/2/2018 10:00,9.286000252,9.286000252,9.650397377481845
5/2/2018 11:00,9.425999641,9.425999641,9.621701181869684
5/2/2018 12:00,9.918999672,9.918999672,9.621701181869684
5/2/2018 13:00,9.918999672,9.918999672,9.616392434552171
5/2/2018 14:00,9.918999672,9.918999672,9.621701181869684
5/2/2018 15:00,10.27099991,10.27099991,9.609213593551404
5/2/2018 16:00,10.48200035,10.48200035,9.6152534342256
5/2/2018 17:00,10.62199974,10.62199974,9.6152534342256
5/2/2018 18:00,10.83300018,10.83300018,9.609944686908086
5/2/2018 19:00,10.06000042,10.06000042,9.6152534342256
5/2/2018 20:00,10.13000011,10.13000011,9.60276584590732
5/2/2018 21:00,9.074999809,9.074999809,9.6152534342256
5/2/2018 22:00,8.020000458,8.020000458,9.616784722842045
5/2/2018 23:00,7.737999916,7.737999916,9.616784722842045
5/3/2018 0:00,8.230999947,8.230999947,9.616784722842045
5/3/2018 1:00,7.809000015,7.809000015,9.616784722842045
5/3/2018 2:00,8.230999947,8.230999947,9.6152534342256
5/3/2018 3:00,8.722999573,8.722999573,9.616784722842045
5/3/2018 4:00,8.581999779,8.581999779,9.621701181869684
5/3/2018 5:00,8.37100029,8.37100029,9.621701181869684
5/3/2018 6:00,8.652999878,8.652999878,9.621701181869684
5/3/2018 7:00,9.637999535,9.637999535,9.616392434552171
5/3/2018 8:00,9.918999672,9.918999672,9.621701181869684
5/3/2018 9:00,9.708000183,9.708000183,9.615080155943827
5/3/2018 10:00,9.496999741,9.496999741,9.616392434552171
5/3/2018 11:00,9.215000153,9.215000153,9.621701181869684
5/3/2018 12:00,9.777999878,9.777999878,9.603904846233892
5/3/2018 13:00,10.62199974,10.62199974,9.621701181869684
5/3/2018 14:00,12.02900028,12.02900028,9.603904846233892
5/3/2018 15:00,12.94400024,12.94400024,9.616392434552171
5/3/2018 16:00,13.8579998,13.8579998,12.67371275732667
5/3/2018 17:00,12.94400024,12.94400024,12.518090372608276
5/3/2018 18:00,13.29599953,13.29599953,12.320946956825518
5/3/2018 19:00,11.5369997,11.5369997,12.151398810815792
5/3/2018 20:00,11.39599991,11.39599991,11.847539401347616
5/3/2018 21:00,11.32600021,11.32600021,11.582167755470868
5/3/2018 22:00,10.97399998,10.97399998,11.3430708398874
5/3/2018 23:00,10.90400028,10.90400028,11.118675640343936
5/4/2018 0:00,10.41100025,10.41100025,10.798231355656068
5/4/2018 1:00,10.3409996,10.3409996,10.908478894301323
5/4/2018 2:00,10.13000011,10.13000011,10.881130308885522
5/4/2018 3:00,10.06000042,10.06000042,10.923844978466416
5/4/2018 4:00,10.19999981,10.19999981,10.953757147371196
5/4/2018 5:00,10.27099991,10.27099991,10.94487710703718
5/4/2018 6:00,10.19999981,10.19999981,10.97018912724634
5/4/2018 7:00,11.04399967,11.04399967,10.93138728501024
5/4/2018 8:00,11.5369997,11.5369997,10.888546842207338
5/4/2018 9:00,10.97399998,10.97399998,10.893008585932686
5/4/2018 10:00,11.32600021,11.32600021,11.02027561159393
5/4/2018 11:00,12.02900028,12.02900028,11.173953306389556
5/4/2018 12:00,12.31099987,12.31099987,11.270465777442356
5/4/2018 13:00,13.15499973,13.15499973,11.431557871482129
5/4/2018 14:00,14.21000004,14.21000004,11.657562931494546
5/4/2018 15:00,14.49100018,14.49100018,11.819565779314686
5/4/2018 16:00,15.54699993,15.54699993,11.941809456838536
5/4/2018 17:00,13.78800011,13.78800011,12.210893063914114
5/4/2018 18:00,13.50699997,13.50699997,12.080390198548564
5/4/2018 19:00,12.6619997,12.6619997,11.989732644910289
5/4/2018 20:00,12.6619997,12.6619997,11.909547480016345
5/4/2018 21:00,12.6619997,12.6619997,11.757895715252616
5/4/2018 22:00,12.45100021,12.45100021,11.60257123587921
5/4/2018 23:00,12.52200031,12.52200031,11.456504845238078
5/5/2018 0:00,11.95899963,11.95899963,11.34658884118458
5/5/2018 1:00,12.23999977,12.23999977,11.15840971376618
5/5/2018 2:00,12.10000038,12.10000038,11.054924547612316
5/5/2018 3:00,11.88899994,11.88899994,10.844283583424078
5/5/2018 4:00,11.46700001,11.46700001,10.88276076863387
5/5/2018 5:00,8.722999573,8.722999573,10.927483583728955
5/5/2018 6:00,10.83300018,10.83300018,10.94264845001693
5/5/2018 7:00,7.315999985,7.315999985,11.095909180165789
5/5/2018 8:00,9.708000183,9.708000183,11.15099588873172
5/5/2018 9:00,6.683000088,6.683000088,11.286724060645708
5/5/2018 10:00,8.86400032,8.86400032,11.297009019915771
5/5/2018 11:00,10.13000011,10.13000011,11.438398941413304
5/5/2018 12:00,11.04399967,11.04399967,11.583185766191251
5/5/2018 13:00,11.18500042,11.18500042,11.714084606079831
5/5/2018 14:00,11.04399967,11.04399967,12.00300191316177
5/5/2018 15:00,11.32600021,11.32600021,12.27155954311246
5/5/2018 16:00,11.60700035,11.60700035,12.324506881852384
5/5/2018 17:00,11.60700035,11.60700035,12.47586686820988
5/5/2018 18:00,11.5369997,11.5369997,12.3935471012875
5/5/2018 19:00,11.5369997,11.5369997,12.375163332643048
5/5/2018 20:00,11.81799984,11.81799984,12.336529875926464
5/5/2018 21:00,11.5369997,11.5369997,12.274888035537172
5/5/2018 22:00,11.67800045,11.67800045,12.002753263420274
5/5/2018 23:00,11.74800014,11.74800014,11.896202577234153
5/6/2018 0:00,11.74800014,11.74800014,11.820789227465754
5/6/2018 1:00,12.02900028,12.02900028,11.646665093741166
5/6/2018 2:00,12.23999977,12.23999977,11.571362527389036
5/6/2018 3:00,12.23999977,12.23999977,11.478420105097111
5/6/2018 4:00,11.81799984,11.81799984,11.549542857022212
5/6/2018 5:00,12.45100021,12.45100021,11.65256747502603
5/6/2018 6:00,12.23999977,12.23999977,11.840730278160926
5/6/2018 7:00,12.38099957,12.38099957,11.904849952017322
5/6/2018 8:00,12.02900028,12.02900028,12.04856465623836
5/6/2018 9:00,10.69299984,10.69299984,12.223613760112356
5/6/2018 10:00,11.88899994,11.88899994,12.333654431379546
5/6/2018 11:00,10.90400028,10.90400028,12.593347428279776
5/6/2018 12:00,7.105000019,7.105000019,12.774874204278696
5/6/2018 13:00,8.934000015,8.934000015,12.93781244066841
5/6/2018 14:00,9.286000252,9.286000252,12.948514773630878
5/6/2018 15:00,9.074999809,9.074999809,12.9175442721579
5/6/2018 16:00,9.567000389,9.567000389,12.979026430806186
5/6/2018 17:00,7.668000221,7.668000221,13.12835314870416
5/6/2018 18:00,9.567000389,9.567000389,13.349443628093132
5/6/2018 19:00,8.934000015,8.934000015,13.48124313597813
5/6/2018 20:00,5.697999954,5.697999954,13.412258953448395
5/6/2018 21:00,8.020000458,8.020000458,13.405830909469625
5/6/2018 22:00,7.456999779,7.456999779,13.383608576440215
5/6/2018 23:00,7.597000122,7.597000122,13.386681689327627
5/7/2018 0:00,7.948999882,7.948999882,13.372117908707716
5/7/2018 1:00,7.456999779,7.456999779,13.342401317570936
5/7/2018 2:00,7.456999779,7.456999779,13.361268215302726
5/7/2018 3:00,7.668000221,7.668000221,13.38808845377686
5/7/2018 4:00,8.090000153,8.090000153,13.464163675690353
5/7/2018 5:00,8.442000389,8.442000389,13.479063086875236
5/7/2018 6:00,8.652999878,8.652999878,13.495123772508762
5/7/2018 7:00,8.512000084,8.512000084,13.479063086875236
5/7/2018 8:00,8.300999641,8.300999641,13.548819836001286
5/7/2018 9:00,7.948999882,7.948999882,13.571365236169024
5/7/2018 10:00,8.159999847,8.159999847,13.550086651820312
5/7/2018 11:00,8.230999947,8.230999947,13.50874629941425
5/7/2018 12:00,8.722999573,8.722999573,13.436333083765389
5/7/2018 13:00,8.230999947,8.230999947,13.525805741878928
5/7/2018 14:00,8.159999847,8.159999847,13.46141467844015
5/7/2018 15:00,7.737999916,7.737999916,13.52042606914467
5/7/2018 16:00,7.386000156,7.386000156,13.534697435559526
5/7/2018 17:00,7.315999985,7.315999985,13.345040779256792
5/7/2018 18:00,7.737999916,7.737999916,13.385949900914795
5/7/2018 19:00,8.722999573,8.722999573,13.315231402106807
5/7/2018 20:00,8.86400032,8.86400032,13.219998302965736
5/7/2018 21:00,9.074999809,9.074999809,13.115908471406051
5/7/2018 22:00,8.442000389,8.442000389,12.893783383058423
5/7/2018 23:00,8.300999641,8.300999641,12.717775061636871
5/8/2018 0:00,8.512000084,8.512000084,12.69483030947751
5/8/2018 1:00,8.020000458,8.020000458,12.582532449546791
5/8/2018 2:00,7.737999916,7.737999916,12.570417177913606
5/8/2018 3:00,7.245999813,7.245999813,12.605919145658648
5/8/2018 4:00,7.105000019,7.105000019,12.609790187825444
5/8/2018 5:00,7.597000122,7.597000122,12.609790187825444
5/8/2018 6:00,8.300999641,8.300999641,12.627122364524205
5/8/2018 7:00,6.964000225,6.964000225,12.630302968911128
5/8/2018 8:00,7.456999779,7.456999779,12.630302968911128
5/8/2018 9:00,7.809000015,7.809000015,12.683704020438851
5/8/2018 10:00,8.300999641,8.300999641,12.68802750977228
5/8/2018 11:00,8.581999779,8.581999779,12.713206511988608
5/8/2018 12:00,8.934000015,8.934000015,12.851727992614425
5/8/2018 13:00,10.13000011,10.13000011,12.899110321252792
5/8/2018 14:00,10.41100025,10.41100025,12.808712580941943
5/8/2018 15:00,11.88899994,11.88899994,12.730376784030687
5/8/2018 16:00,12.59200001,12.59200001,12.710445021579597
5/8/2018 17:00,12.31099987,12.31099987,12.748768068002418
5/8/2018 18:00,11.74800014,11.74800014,12.702922342175546
5/8/2018 19:00,10.62199974,10.62199974,12.65562061603462
5/8/2018 20:00,10.19999981,10.19999981,12.58588464115509
5/8/2018 21:00,9.496999741,9.496999741,12.5986127239118
5/8/2018 22:00,9.708000183,9.708000183,12.582704036768169
5/8/2018 23:00,9.074999809,9.074999809,12.600718853447294
5/9/2018 0:00,8.581999779,8.581999779,12.600718853447294
5/9/2018 1:00,8.230999947,8.230999947,12.5932894049093
5/9/2018 2:00,8.159999847,8.159999847,12.624601213093946
5/9/2018 3:00,7.809000015,7.809000015,12.670394533564238
5/9/2018 4:00,7.175000191,7.175000191,12.655327772127416
5/9/2018 5:00,7.034999847,7.034999847,12.673324897361232
5/9/2018 6:00,7.034999847,7.034999847,12.672176561062578
5/9/2018 7:00,7.879000187,7.879000187,12.66306963276931
5/9/2018 8:00,8.230999947,8.230999947,12.666940674936107
5/9/2018 9:00,8.230999947,8.230999947,12.66306963276931
5/9/2018 10:00,8.581999779,8.581999779,12.688159836122136
5/9/2018 11:00,9.074999809,9.074999809,12.69990921925297
5/9/2018 12:00,9.567000389,9.567000389,12.802384030448012
5/9/2018 13:00,10.3409996,10.3409996,12.876602470145786
5/9/2018 14:00,11.60700035,11.60700035,12.929091347707494
5/9/2018 15:00,12.38099957,12.38099957,12.908279605329827
5/9/2018 16:00,12.6619997,12.6619997,12.878582939085032
5/9/2018 17:00,12.8739996,12.8739996,12.841187669500345
5/9/2018 18:00,12.23999977,12.23999977,12.7860580944062
5/9/2018 19:00,11.60700035,11.60700035,12.7738868747329
5/9/2018 20:00,10.76299953,10.76299953,12.712911888061075
5/9/2018 21:00,9.708000183,9.708000183,12.6916700114831
5/9/2018 22:00,9.425999641,9.425999641,12.586603174742566
5/9/2018 23:00,8.722999573,8.722999573,12.60074816051196
5/10/2018 0:00,7.948999882,7.948999882,12.60074816051196
5/10/2018 1:00,7.668000221,7.668000221,12.608177609049957
5/10/2018 2:00,7.315999985,7.315999985,12.61110797284695
5/10/2018 3:00,6.752999783,6.752999783,12.666253584152289
5/10/2018 4:00,6.330999851,6.330999851,12.666253584152289
5/10/2018 5:00,6.119999886,6.119999886,12.65016733122978
5/10/2018 6:00,6.050000191,6.050000191,12.676576014936682
5/10/2018 7:00,6.40199995,6.40199995,12.687261392675335
5/10/2018 8:00,6.612999916,6.612999916,12.69018241463213
5/10/2018 9:00,6.683000088,6.683000088,12.693569149366864
5/10/2018 10:00,7.456999779,7.456999779,12.695587268557746
5/10/2018 11:00,7.105000019,7.105000019,12.695587268557746
5/10/2018 12:00,8.159999847,8.159999847,12.695587268557746
5/10/2018 13:00,8.512000084,8.512000084,12.701085395392171
5/10/2018 14:00,9.637999535,9.637999535,12.801645690987192
5/10/2018 15:00,10.13000011,10.13000011,12.821190306863963
5/10/2018 16:00,10.06000042,10.06000042,10.223946139642647
5/10/2018 17:00,9.918999672,9.918999672,10.171258008540242
5/10/2018 18:00,9.567000389,9.567000389,10.13949824283594
5/10/2018 19:00,9.286000252,9.286000252,10.050111538191922
5/10/2018 20:00,8.581999779,8.581999779,9.9771348595615
5/10/2018 21:00,8.230999947,8.230999947,9.892119691215376
5/10/2018 22:00,8.37100029,8.37100029,9.681351542796396
5/10/2018 23:00,7.948999882,7.948999882,9.452755242677965
5/11/2018 0:00,7.809000015,7.809000015,9.27542136276692
5/11/2018 1:00,7.597000122,7.597000122,9.222776439247053
5/11/2018 2:00,7.809000015,7.809000015,8.990237782660023
5/11/2018 3:00,7.737999916,7.737999916,8.70521788429699
5/11/2018 4:00,7.809000015,7.809000015,8.656894423300189
5/11/2018 5:00,8.300999641,8.300999641,8.533338612621028
5/11/2018 6:00,8.652999878,8.652999878,8.56352163864417
5/11/2018 7:00,8.793000221,8.793000221,8.742903279340563
5/11/2018 8:00,8.722999573,8.722999573,8.85045402820973
5/11/2018 9:00,9.496999741,9.496999741,8.994945893652876
5/11/2018 10:00,10.48200035,10.48200035,9.05288134256216
5/11/2018 11:00,11.04399967,11.04399967,9.353850109294989
5/11/2018 12:00,11.60700035,11.60700035,9.630792838858405
5/11/2018 13:00,12.10000038,12.10000038,9.847412501516471
5/11/2018 14:00,11.25599957,11.25599957,10.09512474132144
5/11/2018 15:00,10.97399998,10.97399998,10.21680660181187
5/11/2018 16:00,11.39599991,11.39599991,10.296245857227843
5/11/2018 17:00,11.11499977,11.11499977,10.168407971409218
5/11/2018 18:00,10.69299984,10.69299984,10.16621206925356
5/11/2018 19:00,10.76299953,10.76299953,10.161092279144524
5/11/2018 20:00,11.46700001,11.46700001,9.98335534688737
5/11/2018 21:00,11.39599991,11.39599991,9.942966796980398
5/11/2018 22:00,11.88899994,11.88899994,9.707120840940924
5/11/2018 23:00,11.88899994,11.88899994,9.50248963160789
5/12/2018 0:00,11.81799984,11.81799984,9.570499305130042
5/12/2018 1:00,11.46700001,11.46700001,9.60376825520779
5/12/2018 2:00,11.60700035,11.60700035,9.530911716317112
5/12/2018 3:00,9.848999977,9.848999977,9.550667397123815
5/12/2018 4:00,8.37100029,8.37100029,9.639712868652456
5/12/2018 5:00,10.13000011,10.13000011,9.58867118690378
5/12/2018 6:00,10.76299953,10.76299953,9.65417119784533
5/12/2018 7:00,8.442000389,8.442000389,9.62249041136626
5/12/2018 8:00,8.300999641,8.300999641,9.686239298657544
5/12/2018 9:00,9.777999878,9.777999878,9.71362954994845
5/12/2018 10:00,10.55200005,10.55200005,9.750513168389286
5/12/2018 11:00,10.90400028,10.90400028,10.010212005280254
5/12/2018 12:00,11.04399967,11.04399967,10.153163579423824
5/12/2018 13:00,10.62199974,10.62199974,10.13607770564239
5/12/2018 14:00,10.83300018,10.83300018,10.153005835940805
5/12/2018 15:00,10.69299984,10.69299984,10.158964505797536
5/12/2018 16:00,10.90400028,10.90400028,10.073773655934778
5/12/2018 17:00,10.55200005,10.55200005,10.017922115895862
5/12/2018 18:00,11.11499977,11.11499977,10.004137956503689
5/12/2018 19:00,11.04399967,11.04399967,9.913567608248092
5/12/2018 20:00,10.69299984,10.69299984,9.620871724068952
5/12/2018 21:00,10.27099991,10.27099991,9.659531010844889
5/12/2018 22:00,10.13000011,10.13000011,9.507582684573396
5/12/2018 23:00,10.3409996,10.3409996,9.479481658343705
5/13/2018 0:00,10.48200035,10.48200035,9.524489889277634
5/13/2018 1:00,10.3409996,10.3409996,9.562068542942436
5/13/2018 2:00,9.918999672,9.918999672,9.59116566067578
5/13/2018 3:00,9.98900032,9.98900032,9.588930023573973
5/13/2018 4:00,10.19999981,10.19999981,9.5717177089502
5/13/2018 5:00,9.98900032,9.98900032,9.583046203738888
5/13/2018 6:00,10.27099991,10.27099991,9.63460623011909
5/13/2018 7:00,10.83300018,10.83300018,9.692912975180104
5/13/2018 8:00,10.55200005,10.55200005,9.687611638095792
5/13/2018 9:00,11.32600021,11.32600021,9.687431885873472
5/13/2018 10:00,11.5369997,11.5369997,9.708099358180318
5/13/2018 11:00,12.38099957,12.38099957,9.735431829354212
5/13/2018 12:00,12.45100021,12.45100021,9.726512259054092
5/13/2018 13:00,13.08500004,13.08500004,9.731920415615289
5/13/2018 14:00,13.36600018,13.36600018,9.659044471291896
5/13/2018 15:00,14.49100018,14.49100018,9.63513951057572
5/13/2018 16:00,15.26500034,15.26500034,9.609468270751371
5/13/2018 17:00,15.54699993,15.54699993,9.576901883705723
5/13/2018 18:00,14.42099953,14.42099953,9.545534465695962
5/13/2018 19:00,13.43599987,13.43599987,9.54562596141557
5/13/2018 20:00,13.29599953,13.29599953,9.54166516974024
5/13/2018 21:00,12.94400024,12.94400024,9.515942975300248
5/13/2018 22:00,12.6619997,12.6619997,9.49255536723449
5/13/2018 23:00,12.52200031,12.52200031,9.449312894262263
5/14/2018 0:00,12.45100021,12.45100021,9.29554615141715
5/14/2018 1:00,12.52200031,12.52200031,9.241164798580368
5/14/2018 2:00,12.7329998,12.7329998,9.126147409486029
5/14/2018 3:00,12.7329998,12.7329998,9.07566908309378
5/14/2018 4:00,12.59200001,12.59200001,9.079641129890463
5/14/2018 5:00,12.45100021,12.45100021,9.072335813040446
5/14/2018 6:00,12.7329998,12.7329998,9.092750175982935
5/14/2018 7:00,12.45100021,12.45100021,9.100785943896922
5/14/2018 8:00,13.22500038,13.22500038,9.124963918934103
5/14/2018 9:00,13.36600018,13.36600018,9.182856983799695
5/14/2018 10:00,13.71800041,13.71800041,9.24217409406294
5/14/2018 11:00,14.70300007,14.70300007,9.35431096045787
5/14/2018 12:00,13.9989996,13.9989996,9.521496690088169
5/14/2018 13:00,14.70300007,14.70300007,9.672011718653708
5/14/2018 14:00,15.0539999,15.0539999,9.769427094613455
5/14/2018 15:00,16.81299973,16.81299973,9.994796258923628
5/14/2018 16:00,16.32099915,16.32099915,10.163500156638612
5/14/2018 17:00,16.60199928,16.60199928,9.999011128744275
5/14/2018 18:00,16.18000031,16.18000031,9.965576892238246
5/14/2018 19:00,15.75800037,15.75800037,9.917420006298356
5/14/2018 20:00,15.33600044,15.33600044,9.624978633983126
5/14/2018 21:00,15.33600044,15.33600044,9.455153589199304
5/14/2018 22:00,14.98400021,14.98400021,9.278042098243844
5/14/2018 23:00,14.70300007,14.70300007,9.257749465884531
5/15/2018 0:00,14.56200027,14.56200027,9.281426820195955
5/15/2018 1:00,14.14000034,14.14000034,9.313560002366843
5/15/2018 2:00,14.49100018,14.49100018,9.34041739570224
5/15/2018 3:00,14.56200027,14.56200027,9.356122216029496
5/15/2018 4:00,14.27999973,14.27999973,9.351446351573973
5/15/2018 5:00,14.14000034,14.14000034,9.391150053335238
5/15/2018 6:00,14.35099983,14.35099983,9.393429719589578
5/15/2018 7:00,14.56200027,14.56200027,9.419018927092086
5/15/2018 8:00,16.03899956,16.03899956,9.364517664671164
5/15/2018 9:00,16.46100044,16.46100044,9.43477599890712
5/15/2018 10:00,15.19499969,15.19499969,9.520246531984702
5/15/2018 11:00,14.14000034,14.14000034,9.6893429800888
5/15/2018 12:00,15.40600014,15.40600014,9.74538221763412
5/15/2018 13:00,14.42099953,14.42099953,9.92941409839053
5/15/2018 14:00,15.75800037,15.75800037,10.066947336916924
5/15/2018 15:00,16.18000031,16.18000031,10.231395022781888
5/15/2018 16:00,16.88299942,16.88299942,10.32405700093516
5/15/2018 17:00,16.25,16.25,10.35213964539718
5/15/2018 18:00,17.16500092,17.16500092,10.226962091620242
5/15/2018 19:00,16.88299942,16.88299942,10.113344025108916
5/15/2018 20:00,16.32099915,16.32099915,9.968287166202757
5/15/2018 21:00,15.96899986,15.96899986,9.942295771747954
5/15/2018 22:00,15.89799976,15.89799976,9.750525889841978
5/15/2018 23:00,15.68700027,15.68700027,9.748246223587635
5/16/2018 0:00,15.96899986,15.96899986,9.745965900994914
5/16/2018 1:00,16.25,16.25,9.753407065786911
5/16/2018 2:00,16.10899925,16.10899925,9.789752180502251
5/16/2018 3:00,16.10899925,16.10899925,9.791104264271882
5/16/2018 4:00,16.25,16.25,9.829828535685518
5/16/2018 5:00,16.46100044,16.46100044,9.774241100792688
5/16/2018 6:00,16.88299942,16.88299942,9.823216434096294
5/16/2018 7:00,16.67200089,16.67200089,9.82669977035633
5/16/2018 8:00,15.68700027,15.68700027,9.853598798558332
5/16/2018 9:00,14.84300041,14.84300041,9.854095371225894
5/16/2018 10:00,15.33600044,15.33600044,9.867541084288824
5/16/2018 11:00,14.98400021,14.98400021,9.869903949223902
5/16/2018 12:00,14.70300007,14.70300007,9.88497689217696
5/16/2018 13:00,14.98400021,14.98400021,9.896516808231874
5/16/2018 14:00,15.68700027,15.68700027,9.896516808231874
5/16/2018 15:00,16.74300003,16.74300003,9.884480319509398
5/16/2018 16:00,16.10899925,16.10899925,9.84908035438498
5/16/2018 17:00,16.32099915,16.32099915,9.826438627893491
5/16/2018 18:00,15.82800007,15.82800007,9.814322728353073
5/16/2018 19:00,15.54699993,15.54699993,9.75807160797426
5/16/2018 20:00,16.32099915,16.32099915,9.74559063097049
5/16/2018 21:00,16.03899956,16.03899956,9.731490580924174
5/16/2018 22:00,16.67200089,16.67200089,9.525126390736355
5/16/2018 23:00,15.0539999,15.0539999,9.479666280582537
5/17/2018 0:00,16.10899925,16.10899925,9.492308467882212
5/17/2018 1:00,16.60199928,16.60199928,9.484537422070185
5/17/2018 2:00,14.63199997,14.63199997,9.530683122107842
5/17/2018 3:00,12.23999977,12.23999977,9.539685004948856
5/17/2018 4:00,9.708000183,9.708000183,9.57442046445369
5/17/2018 5:00,8.652999878,8.652999878,9.598326099312814
5/17/2018 6:00,9.98900032,9.98900032,9.598326099312814
5/17/2018 7:00,10.97399998,10.97399998,9.598326099312814
5/17/2018 8:00,8.090000153,8.090000153,9.600605765567154
5/17/2018 9:00,11.32600021,11.32600021,9.602886088159876
5/17/2018 10:00,12.38099957,12.38099957,9.619463421714794
5/17/2018 11:00,13.15499973,13.15499973,9.619463421714794
5/17/2018 12:00,12.52200031,12.52200031,9.619463421714794
5/17/2018 13:00,13.01399994,13.01399994,9.619463421714794
5/17/2018 14:00,13.50699997,13.50699997,9.630839580064652
5/17/2018 15:00,13.50699997,13.50699997,9.621842535094606
5/17/2018 16:00,13.9989996,13.9989996,13.560483444836615
5/17/2018 17:00,13.78800011,13.78800011,13.49568501704826
5/17/2018 18:00,14.14000034,14.14000034,13.47908634036829
5/17/2018 19:00,13.78800011,13.78800011,13.470454754390929
5/17/2018 20:00,13.50699997,13.50699997,13.476607220883846
5/17/2018 21:00,13.15499973,13.15499973,13.396434351206205
5/17/2018 22:00,13.43599987,13.43599987,13.375188780265114
5/17/2018 23:00,13.36600018,13.36600018,13.2746390949999
5/18/2018 0:00,12.94400024,12.94400024,13.175523183150458
5/18/2018 1:00,12.94400024,12.94400024,12.9996243473024
5/18/2018 2:00,13.36600018,13.36600018,12.86788575539005
5/18/2018 3:00,13.08500004,13.08500004,12.58197537703624
5/18/2018 4:00,13.08500004,13.08500004,12.57662270576921
5/18/2018 5:00,12.80300045,12.80300045,12.578270994694762
5/18/2018 6:00,13.01399994,13.01399994,12.642487449358084
5/18/2018 7:00,12.94400024,12.94400024,12.741546733835191
5/18/2018 8:00,12.8739996,12.8739996,12.805960566807412
5/18/2018 9:00,12.52200031,12.52200031,12.8608558768005
5/18/2018 10:00,12.52200031,12.52200031,12.992702157262222
5/18/2018 11:00,12.7329998,12.7329998,13.198818497613203
5/18/2018 12:00,12.80300045,12.80300045,13.40847137922397
5/18/2018 13:00,12.59200001,12.59200001,13.516838574154418
5/18/2018 14:00,12.8739996,12.8739996,13.620085563237138
5/18/2018 15:00,12.7329998,12.7329998,13.801252529560095
5/18/2018 16:00,9.425999641,9.425999641,13.678072979232534
5/18/2018 17:00,8.090000153,8.090000153,13.711694843402972
5/18/2018 18:00,6.330999851,6.330999851,13.62481364542631
5/18/2018 19:00,5.346000195,5.346000195,13.512427624566811
5/18/2018 20:00,6.40199995,6.40199995,13.275388033596668
5/18/2018 21:00,8.300999641,8.300999641,13.181371309440737
5/18/2018 22:00,8.652999878,8.652999878,13.07427580136473
5/18/2018 23:00,8.512000084,8.512000084,12.992457900997122
5/19/2018 0:00,8.512000084,8.512000084,12.957387684261326
5/19/2018 1:00,8.512000084,8.512000084,12.751692445422
5/19/2018 2:00,8.230999947,8.230999947,12.678378075570455
5/19/2018 3:00,8.512000084,8.512000084,12.638991513265166
5/19/2018 4:00,7.809000015,7.809000015,12.672546805252058
5/19/2018 5:00,7.737999916,7.737999916,12.677489014138022
5/19/2018 6:00,7.737999916,7.737999916,12.697815103510962
5/19/2018 7:00,7.948999882,7.948999882,12.779670596832547
5/19/2018 8:00,7.879000187,7.879000187,12.83658196859923
5/19/2018 9:00,7.105000019,7.105000019,12.881529042725337
5/19/2018 10:00,7.597000122,7.597000122,12.953875331067128
5/19/2018 11:00,7.456999779,7.456999779,12.971948726749352
5/19/2018 12:00,7.809000015,7.809000015,12.97937683009887
5/19/2018 13:00,7.879000187,7.879000187,13.25204594339327
5/19/2018 14:00,8.020000458,8.020000458,13.4885792672772
5/19/2018 15:00,7.668000221,7.668000221,13.599567010875592
5/19/2018 16:00,7.456999779,7.456999779,13.50495814325352
5/19/2018 17:00,7.034999847,7.034999847,13.549165863590112
5/19/2018 18:00,7.175000191,7.175000191,13.462468233433857
5/19/2018 19:00,7.034999847,7.034999847,13.425922797485072
5/19/2018 20:00,6.894000053,6.894000053,13.397659883552608
5/19/2018 21:00,7.386000156,7.386000156,13.345525649502417
5/19/2018 22:00,7.315999985,7.315999985,13.385631451677916
5/19/2018 23:00,7.105000019,7.105000019,13.39067301735906
5/20/2018 0:00,7.105000019,7.105000019,13.387663247837668
5/20/2018 1:00,7.105000019,7.105000019,13.442326888819242
5/20/2018 2:00,6.964000225,6.964000225,13.419291510162378
5/20/2018 3:00,6.752999783,6.752999783,13.394353286039845
5/20/2018 4:00,6.823999882,6.823999882,13.394353286039845
5/20/2018 5:00,6.823999882,6.823999882,13.37625114805062
5/20/2018 6:00,6.752999783,6.752999783,13.369252230967966
5/20/2018 7:00,6.823999882,6.823999882,13.42772795501138
5/20/2018 8:00,7.105000019,7.105000019,13.46450954672932
5/20/2018 9:00,7.245999813,7.245999813,13.475656217178436
5/20/2018 10:00,7.386000156,7.386000156,13.564188557913528
5/20/2018 11:00,7.175000191,7.175000191,13.52779486275096
5/20/2018 12:00,6.964000225,6.964000225,13.541080910000414
5/20/2018 13:00,6.823999882,6.823999882,13.479818320720682
5/20/2018 14:00,6.683000088,6.683000088,13.528293266083928
5/20/2018 15:00,6.330999851,6.330999851,13.447317746058385
5/20/2018 16:00,6.541999817,6.541999817,13.394984756875596
5/20/2018 17:00,4.361999989,4.361999989,13.491598785653736
5/20/2018 18:00,5.55700016,5.55700016,13.38948809989524
5/20/2018 19:00,5.627999783,5.627999783,13.307926270011764
5/20/2018 20:00,5.979000092,5.979000092,13.203002520464326
5/20/2018 21:00,5.697999954,5.697999954,13.176659591407402
5/20/2018 22:00,5.90899992,5.90899992,13.295450127530652
5/20/2018 23:00,5.768000126,5.768000126,13.395914949343403
5/21/2018 0:00,5.697999954,5.697999954,13.366141240358427
5/21/2018 1:00,5.416999817,5.416999817,13.333701823957606
5/21/2018 2:00,5.768000126,5.768000126,13.337216655699406
5/21/2018 3:00,5.627999783,5.627999783,13.407211613316088
5/21/2018 4:00,5.697999954,5.697999954,13.334772686028922
5/21/2018 5:00,6.050000191,6.050000191,13.459012089355571
5/21/2018 6:00,5.90899992,5.90899992,13.519741510883998
5/21/2018 7:00,5.979000092,5.979000092,13.494291332409288
5/21/2018 8:00,6.050000191,6.050000191,13.478966520773184
5/21/2018 9:00,6.472000122,6.472000122,13.483328032848156
5/21/2018 10:00,6.40199995,6.40199995,13.48485722489584
5/21/2018 11:00,6.40199995,6.40199995,13.505410819186228
5/21/2018 12:00,6.752999783,6.752999783,13.53673336886173
5/21/2018 13:00,7.105000019,7.105000019,13.521537033468602
5/21/2018 14:00,7.175000191,7.175000191,13.602225759635788
5/21/2018 15:00,7.315999985,7.315999985,13.575510125477344
5/21/2018 16:00,5.627999783,5.627999783,13.556553612042842
5/21/2018 17:00,4.43200016,4.43200016,13.522650057968674
5/21/2018 18:00,6.472000122,6.472000122,13.489404237489012
5/21/2018 19:00,6.472000122,6.472000122,13.502811278812151
5/21/2018 20:00,6.894000053,6.894000053,13.520145371525738
5/21/2018 21:00,6.612999916,6.612999916,13.5321416977291
5/21/2018 22:00,6.894000053,6.894000053,13.46907457381079
5/21/2018 23:00,6.683000088,6.683000088,13.478765454320031
5/22/2018 0:00,6.964000225,6.964000225,13.38410139149889
5/22/2018 1:00,7.315999985,7.315999985,13.377180790558215
5/22/2018 2:00,7.456999779,7.456999779,13.376694061270682
5/22/2018 3:00,7.879000187,7.879000187,13.405479089909775
5/22/2018 4:00,8.300999641,8.300999641,13.405479089909775
5/22/2018 5:00,9.00399971,9.00399971,13.52680392473455
5/22/2018 6:00,9.145000458,9.145000458,13.523651479197037
5/22/2018 7:00,7.456999779,7.456999779,13.50024015831345
5/22/2018 8:00,6.823999882,6.823999882,13.604420433769496
5/22/2018 9:00,6.683000088,6.683000088,13.485081016091788
5/22/2018 10:00,6.40199995,6.40199995,13.566108016235956
5/22/2018 11:00,3.727999926,3.727999926,13.64274711772072
5/22/2018 12:00,4.150000095,4.150000095,13.809668398135276
5/22/2018 13:00,6.541999817,6.541999817,13.801666486415012
5/22/2018 14:00,6.964000225,6.964000225,13.778809242047185
5/22/2018 15:00,6.261000156,6.261000156,13.750374900643363
5/22/2018 16:00,6.119999886,6.119999886,13.727596381452353
5/22/2018 17:00,6.894000053,6.894000053,13.723380184882744
5/22/2018 18:00,6.261000156,6.261000156,13.706016636500369
5/22/2018 19:00,7.034999847,7.034999847,13.745481903228518
5/22/2018 20:00,7.52699995,7.52699995,13.740702314835742
5/22/2018 21:00,7.737999916,7.737999916,13.75288684011574
5/22/2018 22:00,7.809000015,7.809000015,13.745302699912866
5/22/2018 23:00,6.752999783,6.752999783,13.70497768729931
5/23/2018 0:00,7.105000019,7.105000019,13.658065073032056
5/23/2018 1:00,6.612999916,6.612999916,13.646701791748711
5/23/2018 2:00,6.823999882,6.823999882,13.512781717593116
5/23/2018 3:00,6.472000122,6.472000122,13.264294396339164
5/23/2018 4:00,7.597000122,7.597000122,13.25921836874102
5/23/2018 5:00,6.894000053,6.894000053,13.19744665400287
5/23/2018 6:00,7.668000221,7.668000221,13.212372871871391
5/23/2018 7:00,9.215000153,9.215000153,13.186143115842636
5/23/2018 8:00,9.848999977,9.848999977,13.190239566130938
5/23/2018 9:00,9.00399971,9.00399971,13.289542379233366
5/23/2018 10:00,9.286000252,9.286000252,13.3983221032585
5/23/2018 11:00,9.567000389,9.567000389,13.441271417713674
5/23/2018 12:00,9.215000153,9.215000153,13.49999803589622
5/23/2018 13:00,9.215000153,9.215000153,13.59608961731866
5/23/2018 14:00,10.48200035,10.48200035,13.49027739731498
5/23/2018 15:00,11.95899963,11.95899963,13.519412410345147
5/23/2018 16:00,11.67800045,11.67800045,13.557245320272264
5/23/2018 17:00,11.67800045,11.67800045,13.46043802106339
5/23/2018 18:00,11.46700001,11.46700001,13.475656127067
5/23/2018 19:00,9.918999672,9.918999672,13.457214979529873
5/23/2018 20:00,9.496999741,9.496999741,13.466070367747228
5/23/2018 21:00,9.425999641,9.425999641,13.466800738849646
5/23/2018 22:00,9.286000252,9.286000252,13.466070367747228
5/23/2018 23:00,8.793000221,8.793000221,13.435749304141988
5/24/2018 0:00,8.442000389,8.442000389,13.430551894684056
5/24/2018 1:00,8.722999573,8.722999573,13.42687971388067
5/24/2018 2:00,8.37100029,8.37100029,13.380522973750516
5/24/2018 3:00,8.300999641,8.300999641,13.40718605859633
5/24/2018 4:00,8.230999947,8.230999947,13.407019518024963
5/24/2018 5:00,8.159999847,8.159999847,13.414349677587774
5/24/2018 6:00,8.512000084,8.512000084,13.472133027569042
5/24/2018 7:00,9.145000458,9.145000458,13.472133027569042
5/24/2018 8:00,9.286000252,9.286000252,13.472133027569042
5/24/2018 9:00,9.637999535,9.637999535,13.472133027569042
5/24/2018 10:00,8.86400032,8.86400032,13.472133027569042
5/24/2018 11:00,9.567000389,9.567000389,13.472133027569042
5/24/2018 12:00,9.496999741,9.496999741,13.468036577280738
5/24/2018 13:00,9.074999809,9.074999809,13.468036577280738
5/24/2018 14:00,9.777999878,9.777999878,13.468036577280738
5/24/2018 15:00,11.18500042,11.18500042,13.468036577280738
5/24/2018 16:00,10.76299953,10.76299953,10.957638072293252
5/24/2018 17:00,9.918999672,9.918999672,10.81380055705144
5/24/2018 18:00,10.3409996,10.3409996,10.731966750831656
5/24/2018 19:00,9.918999672,9.918999672,10.662319430425896
5/24/2018 20:00,9.918999672,9.918999672,10.66492977650527
5/24/2018 21:00,9.425999641,9.425999641,10.61573299160159
5/24/2018 22:00,9.355999947,9.355999947,10.487402826209893
5/24/2018 23:00,9.215000153,9.215000153,10.400265386897845
5/25/2018 0:00,8.722999573,8.722999573,10.463232767846485
5/25/2018 1:00,8.512000084,8.512000084,10.47364504029808
5/25/2018 2:00,8.652999878,8.652999878,10.405310379723655
5/25/2018 3:00,7.737999916,7.737999916,10.41571530600803
5/25/2018 4:00,8.512000084,8.512000084,10.40968017958773
5/25/2018 5:00,9.00399971,9.00399971,10.410913648674054
5/25/2018 6:00,9.145000458,9.145000458,10.453213925567184
5/25/2018 7:00,9.425999641,9.425999641,10.453629832926683
5/25/2018 8:00,9.145000458,9.145000458,10.469540693999283
5/25/2018 9:00,9.777999878,9.777999878,10.496936621232818
5/25/2018 10:00,9.918999672,9.918999672,10.472368229123296
5/25/2018 11:00,9.425999641,9.425999641,10.529048250788616
5/25/2018 12:00,9.215000153,9.215000153,10.662524925995235
5/25/2018 13:00,9.215000153,9.215000153,10.834485487934128
5/25/2018 14:00,8.86400032,8.86400032,10.886945279470522
5/25/2018 15:00,8.652999878,8.652999878,10.889150094274644
5/25/2018 16:00,8.512000084,8.512000084,10.90459438558981
5/25/2018 17:00,8.86400032,8.86400032,10.86338166046313
5/25/2018 18:00,5.979000092,5.979000092,10.813202851811294
5/25/2018 19:00,6.823999882,6.823999882,10.732321208113175
5/25/2018 20:00,5.768000126,5.768000126,10.602099442881755
5/25/2018 21:00,6.261000156,6.261000156,10.410207805482052
5/25/2018 22:00,5.697999954,5.697999954,10.401917238808831
5/25/2018 23:00,6.261000156,6.261000156,10.308692381267592
5/26/2018 0:00,7.52699995,7.52699995,10.13412406911554
5/26/2018 1:00,8.090000153,8.090000153,9.96980137940502
5/26/2018 2:00,7.456999779,7.456999779,9.983816547432909
5/26/2018 3:00,7.52699995,7.52699995,9.995118070507305
5/26/2018 4:00,8.230999947,8.230999947,10.01920627969428
5/26/2018 5:00,8.512000084,8.512000084,9.96057248800112
5/26/2018 6:00,8.512000084,8.512000084,9.966179163596385
5/26/2018 7:00,8.37100029,8.37100029,9.99049782255447
5/26/2018 8:00,7.597000122,7.597000122,9.966033332623038
5/26/2018 9:00,8.442000389,8.442000389,10.087471756759829
5/26/2018 10:00,8.159999847,8.159999847,10.056343497808548
5/26/2018 11:00,8.300999641,8.300999641,10.089656536208258
5/26/2018 12:00,8.722999573,8.722999573,10.105241504856044
5/26/2018 13:00,9.425999641,9.425999641,10.120811553058305
5/26/2018 14:00,9.215000153,9.215000153,10.14789768381456
5/26/2018 15:00,9.355999947,9.355999947,10.057028361358036
5/26/2018 16:00,9.425999641,9.425999641,10.134539412587142
5/26/2018 17:00,9.074999809,9.074999809,10.109328558905233
5/26/2018 18:00,8.86400032,8.86400032,9.918720898750404
5/26/2018 19:00,8.934000015,8.934000015,9.747073253458352
5/26/2018 20:00,8.37100029,8.37100029,9.768106943598948
5/26/2018 21:00,9.425999641,9.425999641,9.810990569552793
5/26/2018 22:00,8.86400032,8.86400032,9.700573842754212
5/26/2018 23:00,9.00399971,9.00399971,9.483021362542766
5/27/2018 0:00,8.37100029,8.37100029,9.474184522840437
5/27/2018 1:00,8.86400032,8.86400032,9.480030194972022
5/27/2018 2:00,9.425999641,9.425999641,9.54559550028316
5/27/2018 3:00,9.215000153,9.215000153,9.51240546084581
5/27/2018 4:00,9.425999641,9.425999641,9.512467656983626
5/27/2018 5:00,9.355999947,9.355999947,9.510371310382755
5/27/2018 6:00,9.918999672,9.918999672,9.524060530223831
5/27/2018 7:00,9.777999878,9.777999878,9.535627197735051
5/27/2018 8:00,9.286000252,9.286000252,9.539673997839468
5/27/2018 9:00,9.567000389,9.567000389,9.569703399913
5/27/2018 10:00,9.567000389,9.567000389,9.545798324073749
5/27/2018 11:00,9.215000153,9.215000153,9.53694000877903
5/27/2018 12:00,10.13000011,10.13000011,9.52743808130606
5/27/2018 13:00,10.76299953,10.76299953,9.542021218972948
5/27/2018 14:00,10.62199974,10.62199974,9.589290653402893
5/27/2018 15:00,11.5369997,11.5369997,9.61513082189616
5/27/2018 16:00,11.60700035,11.60700035,9.617836580174032
5/27/2018 17:00,11.32600021,11.32600021,9.563791886925449
5/27/2018 18:00,11.46700001,11.46700001,9.494104234409876
5/27/2018 19:00,10.48200035,10.48200035,9.473663697692274
5/27/2018 20:00,10.13000011,10.13000011,9.549186951760891
5/27/2018 21:00,9.918999672,9.918999672,9.498562222478805
5/27/2018 22:00,9.848999977,9.848999977,9.568818921850225
5/27/2018 23:00,10.19999981,10.19999981,9.455312526204535
5/28/2018 0:00,10.06000042,10.06000042,9.291090173706833
5/28/2018 1:00,10.13000011,10.13000011,9.292095751968128
5/28/2018 2:00,10.13000011,10.13000011,9.292095751968128
5/28/2018 3:00,9.918999672,9.918999672,9.287933123696682
5/28/2018 4:00,9.708000183,9.708000183,9.290801543561416
5/28/2018 5:00,9.918999672,9.918999672,9.295164108784954
5/28/2018 6:00,10.19999981,10.19999981,9.27419366512233
5/28/2018 7:00,10.97399998,10.97399998,9.308109879455197
5/28/2018 8:00,10.48200035,10.48200035,9.333823910285746
5/28/2018 9:00,10.41100025,10.41100025,9.321687773464738
5/28/2018 10:00,10.27099991,10.27099991,9.310454000209136
5/28/2018 11:00,10.69299984,10.69299984,9.305649548086697
5/28/2018 12:00,10.55200005,10.55200005,9.303837242560167
5/28/2018 13:00,10.69299984,10.69299984,9.326332103955773
5/28/2018 14:00,11.32600021,11.32600021,9.378636409245209
5/28/2018 15:00,11.95899963,11.95899963,9.344526711274073
5/28/2018 16:00,11.5369997,11.5369997,9.344526711274073
5/28/2018 17:00,11.46700001,11.46700001,9.41440515471135
5/28/2018 18:00,11.25599957,11.25599957,9.31265313727541
5/28/2018 19:00,11.11499977,11.11499977,9.342675627990324
5/28/2018 20:00,10.76299953,10.76299953,9.216510663596768
5/28/2018 21:00,10.69299984,10.69299984,9.113542912562313
5/28/2018 22:00,10.76299953,10.76299953,9.025509915697404
5/28/2018 23:00,10.55200005,10.55200005,8.79513696795126
5/29/2018 0:00,10.62199974,10.62199974,8.855924247558171
5/29/2018 1:00,10.48200035,10.48200035,8.851921175074363
5/29/2018 2:00,10.48200035,10.48200035,8.873945039415778
5/29/2018 3:00,10.69299984,10.69299984,8.860762111501568
5/29/2018 4:00,10.83300018,10.83300018,8.905530646228744
5/29/2018 5:00,10.69299984,10.69299984,8.873321994486686
5/29/2018 6:00,10.76299953,10.76299953,8.886696015349946
5/29/2018 7:00,10.69299984,10.69299984,8.860828703321609
5/29/2018 8:00,11.67800045,11.67800045,8.865047754116395
5/29/2018 9:00,11.74800014,11.74800014,8.873321994486686
5/29/2018 10:00,11.81799984,11.81799984,8.873321994486686
5/29/2018 11:00,11.88899994,11.88899994,8.975726263929579
5/29/2018 12:00,12.02900028,12.02900028,8.975726263929579
5/29/2018 13:00,11.81799984,11.81799984,8.983041029295983
5/29/2018 14:00,12.38099957,12.38099957,8.998999215110336
5/29/2018 15:00,11.60700035,11.60700035,8.886857258834342
5/29/2018 16:00,11.32600021,11.32600021,8.886857258834342
5/29/2018 17:00,11.60700035,11.60700035,8.871228852891678
5/29/2018 18:00,10.90400028,10.90400028,8.849686948096783
5/29/2018 19:00,10.76299953,10.76299953,8.849686948096783
5/29/2018 20:00,10.3409996,10.3409996,8.83598965161849
5/29/2018 21:00,9.637999535,9.637999535,8.832965267874709
5/29/2018 22:00,10.41100025,10.41100025,8.832965267874709
5/29/2018 23:00,10.13000011,10.13000011,8.847929582248172
5/30/2018 0:00,9.918999672,9.918999672,8.840675659700311
5/30/2018 1:00,10.13000011,10.13000011,8.849894247963555
5/30/2018 2:00,9.777999878,9.777999878,8.858842892115266
5/30/2018 3:00,10.19999981,10.19999981,8.880695703611176
5/30/2018 4:00,9.777999878,9.777999878,8.905156961171043
5/30/2018 5:00,9.145000458,9.145000458,8.911694382429157
5/30/2018 6:00,9.98900032,9.98900032,8.929287454087204
5/30/2018 7:00,10.55200005,10.55200005,8.925774416572871
5/30/2018 8:00,10.90400028,10.90400028,8.936948332953591
5/30/2018 9:00,11.46700001,11.46700001,8.929287454087204
5/30/2018 10:00,11.5369997,11.5369997,8.933104413557317
5/30/2018 11:00,11.60700035,11.60700035,9.0016859813132
5/30/2018 12:00,11.67800045,11.67800045,8.972650442826092
5/30/2018 13:00,11.5369997,11.5369997,8.972650442826092
5/30/2018 14:00,11.67800045,11.67800045,8.976095896564239
5/30/2018 15:00,12.02900028,12.02900028,8.976095896564239
5/30/2018 16:00,11.32600021,11.32600021,8.973071512820457
5/30/2018 17:00,11.25599957,11.25599957,8.963136046943625
5/30/2018 18:00,10.55200005,10.55200005,8.932186340604767
5/30/2018 19:00,10.62199974,10.62199974,8.929161956860986
5/30/2018 20:00,10.97399998,10.97399998,8.932186340604767
5/30/2018 21:00,10.3409996,10.3409996,8.915745719553751
5/30/2018 22:00,10.13000011,10.13000011,8.906787126706076
5/30/2018 23:00,9.918999672,9.918999672,8.897732123345756
5/31/2018 0:00,10.41100025,10.41100025,8.884315886038522
5/31/2018 1:00,10.41100025,10.41100025,8.873428857771016
5/31/2018 2:00,10.41100025,10.41100025,8.893546717981295
5/31/2018 3:00,10.41100025,10.41100025,8.883199958474053
5/31/2018 4:00,10.41100025,10.41100025,8.883199958474053
5/31/2018 5:00,10.41100025,10.41100025,8.87968692095972
5/31/2018 6:00,10.41100025,10.41100025,8.883199958474053
5/31/2018 7:00,10.41100025,10.41100025,8.882756398759714
5/31/2018 8:00,10.41100025,10.41100025,8.87968692095972
5/31/2018 9:00,10.41100025,10.41100025,8.885452507931188
5/31/2018 10:00,10.41100025,10.41100025,8.890041301687948
5/31/2018 11:00,10.41100025,10.41100025,8.892293851145082
5/31/2018 12:00,10.41100025,10.41100025,8.885008948216848
5/31/2018 13:00,10.41100025,10.41100025,8.891940767495239
5/31/2018 14:00,10.41100025,10.41100025,8.894193316952373
5/31/2018 15:00,10.41100025,10.41100025,8.894193316952373
5/31/2018 16:00,10.41100025,10.41100025,10.341210070642186
5/31/2018 17:00,10.41100025,10.41100025,10.035154169532136
5/31/2018 18:00,10.41100025,10.41100025,9.88983726626448
5/31/2018 19:00,10.41100025,10.41100025,9.69170858517906
5/31/2018 20:00,10.41100025,10.41100025,9.446023332037878
5/31/2018 21:00,10.41100025,10.41100025,9.382586549917466
5/31/2018 22:00,10.41100025,10.41100025,9.403811598623973
5/31/2018 23:00,10.41100025,10.41100025,9.348815648108916
6/1/2018 0:00,8.512000084,8.512000084,9.45512008142585
6/1/2018 1:00,8.512000084,8.512000084,9.46959378102747
6/1/2018 2:00,8.230999947,8.230999947,9.817476935869587
6/1/2018 3:00,8.300999641,8.300999641,10.14770714211027
6/1/2018 4:00,8.37100029,8.37100029,10.397770638643925
6/1/2018 5:00,8.230999947,8.230999947,10.832857133525774
6/1/2018 6:00,8.581999779,8.581999779,11.303022499021653
6/1/2018 7:00,9.425999641,9.425999641,11.61004051285189
6/1/2018 8:00,10.83300018,10.83300018,11.677102346946528
6/1/2018 9:00,10.48200035,10.48200035,11.824915489487225
6/1/2018 10:00,9.777999878,9.777999878,11.86495678663021
6/1/2018 11:00,9.848999977,9.848999977,11.973839740810426
6/1/2018 12:00,9.918999672,9.918999672,12.097159392529033
6/1/2018 13:00,10.41100025,10.41100025,11.929188951520514
6/1/2018 14:00,10.90400028,10.90400028,11.87978610783671
6/1/2018 15:00,11.67800045,11.67800045,11.719649531759886
6/1/2018 16:00,12.02900028,12.02900028,11.575278522243774
6/1/2018 17:00,11.88899994,11.88899994,11.318942849957049
6/1/2018 18:00,11.32600021,11.32600021,11.058953321205856
6/1/2018 19:00,10.90400028,10.90400028,10.713730722181268
6/1/2018 20:00,10.83300018,10.83300018,10.538858300773882
6/1/2018 21:00,10.48200035,10.48200035,10.333968937748589
6/1/2018 22:00,10.41100025,10.41100025,10.084984875724832
6/1/2018 23:00,10.27099991,10.27099991,9.965040006754103
6/2/2018 0:00,9.98900032,9.98900032,9.94851092483325
6/2/2018 1:00,9.567000389,9.567000389,9.764588215621249
6/2/2018 2:00,9.215000153,9.215000153,9.901334908288389
6/2/2018 3:00,9.215000153,9.215000153,9.90741795662135
6/2/2018 4:00,8.512000084,8.512000084,9.963711416597826
6/2/2018 5:00,8.934000015,8.934000015,10.19158338943311
6/2/2018 6:00,8.934000015,8.934000015,10.305800933383209
6/2/2018 7:00,8.652999878,8.652999878,10.353528873567342
6/2/2018 8:00,8.722999573,8.722999573,10.427788895732666
6/2/2018 9:00,8.722999573,8.722999573,10.718096498490905
6/2/2018 10:00,9.215000153,9.215000153,10.987678307787046
6/2/2018 11:00,9.637999535,9.637999535,11.18832175364391
6/2/2018 12:00,10.48200035,10.48200035,11.373699926722889
6/2/2018 13:00,10.19999981,10.19999981,11.507086163528603
6/2/2018 14:00,10.3409996,10.3409996,11.595451983418304
6/2/2018 15:00,10.19999981,10.19999981,11.520477181455067
6/2/2018 16:00,11.11499977,11.11499977,11.379933540892424
6/2/2018 17:00,10.48200035,10.48200035,11.244602866278452
6/2/2018 18:00,10.06000042,10.06000042,11.078302900328389
6/2/2018 19:00,9.567000389,9.567000389,10.733586120193715
6/2/2018 20:00,9.425999641,9.425999641,10.513513255688649
6/2/2018 21:00,9.567000389,9.567000389,10.288589954165843
6/2/2018 22:00,9.848999977,9.848999977,10.038221146851503
6/2/2018 23:00,9.637999535,9.637999535,9.974646325235875
6/3/2018 0:00,9.286000252,9.286000252,9.924233419032722
6/3/2018 1:00,9.496999741,9.496999741,9.68441101293495
6/3/2018 2:00,9.496999741,9.496999741,9.555906825025357
6/3/2018 3:00,9.637999535,9.637999535,9.561781355643344
6/3/2018 4:00,9.567000389,9.567000389,9.586106031496143
6/3/2018 5:00,9.848999977,9.848999977,9.556726844654298
6/3/2018 6:00,9.567000389,9.567000389,9.722703643097958
6/3/2018 7:00,9.355999947,9.355999947,9.730599408128583
6/3/2018 8:00,9.425999641,9.425999641,9.769558046050255
6/3/2018 9:00,9.637999535,9.637999535,9.96404346500834
6/3/2018 10:00,9.918999672,9.918999672,10.0723797654578
6/3/2018 11:00,10.62199974,10.62199974,10.095581527592014
6/3/2018 12:00,10.69299984,10.69299984,10.047593285797692
6/3/2018 13:00,10.97399998,10.97399998,10.026338784692408
6/3/2018 14:00,12.23999977,12.23999977,9.969470205010786
6/3/2018 15:00,12.6619997,12.6619997,9.949794904297192
6/3/2018 16:00,13.43599987,13.43599987,9.70908530849559
6/3/2018 17:00,13.08500004,13.08500004,9.445676561716766
6/3/2018 18:00,11.67800045,11.67800045,9.236957258971394
6/3/2018 19:00,11.04399967,11.04399967,9.107157937434794
6/3/2018 20:00,10.55200005,10.55200005,9.033945347286112
6/3/2018 21:00,9.567000389,9.567000389,8.80509799602922
6/3/2018 22:00,9.425999641,9.425999641,8.80509799602922
6/3/2018 23:00,8.722999573,8.722999573,8.797845113766533
6/4/2018 0:00,8.442000389,8.442000389,8.800877531576106
6/4/2018 1:00,9.215000153,9.215000153,8.82399344331272
6/4/2018 2:00,9.425999641,9.425999641,8.854859376456792
6/4/2018 3:00,9.637999535,9.637999535,8.856072095992477
6/4/2018 4:00,9.708000183,9.708000183,8.89944926544495
6/4/2018 5:00,9.425999641,9.425999641,8.993972214716305
6/4/2018 6:00,9.567000389,9.567000389,9.02727720263115
6/4/2018 7:00,9.777999878,9.777999878,9.02727720263115
6/4/2018 8:00,10.76299953,10.76299953,9.042972285171578
6/4/2018 9:00,11.18500042,11.18500042,9.38710016275614
6/4/2018 10:00,11.18500042,11.18500042,9.59830043468672
6/4/2018 11:00,11.18500042,11.18500042,9.733894670946702
6/4/2018 12:00,11.81799984,11.81799984,9.647106742801189
6/4/2018 13:00,11.67800045,11.67800045,9.66229220663346
6/4/2018 14:00,12.23999977,12.23999977,9.53788786592392
6/4/2018 15:00,12.38099957,12.38099957,9.41818370851458
6/4/2018 16:00,11.60700035,11.60700035,9.269075201297168
6/4/2018 17:00,10.76299953,10.76299953,9.246930341852218
6/4/2018 18:00,10.06000042,10.06000042,9.02546244806866
6/4/2018 19:00,9.637999535,9.637999535,8.728356631882267
6/4/2018 20:00,9.708000183,9.708000183,8.60826398292002
6/4/2018 21:00,9.848999977,9.848999977,8.52112382494084
6/4/2018 22:00,10.27099991,10.27099991,8.48103229845079
6/4/2018 23:00,10.13000011,10.13000011,8.483118102422479
6/5/2018 0:00,9.918999672,9.918999672,8.497933960370428
6/5/2018 1:00,9.637999535,9.637999535,8.50606152042227
6/5/2018 2:00,9.425999641,9.425999641,8.511823304927868
6/5/2018 3:00,9.708000183,9.708000183,8.545323454058876
6/5/2018 4:00,9.918999672,9.918999672,8.628402757187233
6/5/2018 5:00,9.848999977,9.848999977,8.81787351807338
6/5/2018 6:00,9.848999977,9.848999977,9.045822433926892
6/5/2018 7:00,10.06000042,10.06000042,9.228962057412412
6/5/2018 8:00,9.918999672,9.918999672,9.300938855808
6/5/2018 9:00,10.13000011,10.13000011,9.43677837408528
6/5/2018 10:00,9.848999977,9.848999977,9.435533186963765
6/5/2018 11:00,9.918999672,9.918999672,9.435533186963765
6/5/2018 12:00,9.777999878,9.777999878,9.411670623494103
6/5/2018 13:00,10.13000011,10.13000011,9.42886771913394
6/5/2018 14:00,10.76299953,10.76299953,9.364961810410842
6/5/2018 15:00,10.90400028,10.90400028,9.331912700426326
6/5/2018 16:00,10.97399998,10.97399998,9.28870407727014
6/5/2018 17:00,10.83300018,10.83300018,9.272632035533515
6/5/2018 18:00,10.27099991,10.27099991,9.3142336108418
6/5/2018 19:00,9.567000389,9.567000389,9.307669893330452
6/5/2018 20:00,9.286000252,9.286000252,9.33000764767258
6/5/2018 21:00,9.215000153,9.215000153,9.347562963663105
6/5/2018 22:00,8.934000015,8.934000015,9.38863643324551
6/5/2018 23:00,8.934000015,8.934000015,9.386396176242432
6/6/2018 0:00,8.581999779,8.581999779,9.47476759039249
6/6/2018 1:00,8.581999779,8.581999779,9.69651835784904
6/6/2018 2:00,8.581999779,8.581999779,9.729491694773476
6/6/2018 3:00,8.512000084,8.512000084,9.771932597575947
6/6/2018 4:00,8.37100029,8.37100029,9.93117450494073
6/6/2018 5:00,8.159999847,8.159999847,9.911043621479084
6/6/2018 6:00,8.512000084,8.512000084,9.900091012637503
6/6/2018 7:00,9.496999741,9.496999741,9.84373421037382
6/6/2018 8:00,10.19999981,10.19999981,9.946689660800605
6/6/2018 9:00,10.27099991,10.27099991,9.927991975326496
6/6/2018 10:00,9.98900032,9.98900032,9.846044956278842
6/6/2018 11:00,10.13000011,10.13000011,9.817073192579857
6/6/2018 12:00,10.06000042,10.06000042,9.795407458849146
6/6/2018 13:00,10.55200005,10.55200005,9.803881318554795
6/6/2018 14:00,12.02900028,12.02900028,9.731453444421517
6/6/2018 15:00,13.15499973,13.15499973,9.478276417503114
6/6/2018 16:00,13.29599953,13.29599953,9.523571716821152
6/6/2018 17:00,12.94400024,12.94400024,9.441833968590172
6/6/2018 18:00,13.22500038,13.22500038,9.26281179479986
6/6/2018 19:00,11.39599991,11.39599991,9.262734604693245
6/6/2018 20:00,10.90400028,10.90400028,9.28343489133325
6/6/2018 21:00,11.04399967,11.04399967,9.304565749211276
6/6/2018 22:00,10.55200005,10.55200005,9.320292002431746
6/6/2018 23:00,10.27099991,10.27099991,9.350108629644204
6/7/2018 0:00,9.777999878,9.777999878,9.361074471678462
6/7/2018 1:00,10.13000011,10.13000011,9.379062324487014
6/7/2018 2:00,10.13000011,10.13000011,9.412128358584436
6/7/2018 3:00,9.848999977,9.848999977,9.420380182426523
6/7/2018 4:00,9.98900032,9.98900032,9.435434283700744
6/7/2018 5:00,9.918999672,9.918999672,9.435434283700744
6/7/2018 6:00,10.13000011,10.13000011,9.445420797246443
6/7/2018 7:00,10.48200035,10.48200035,9.445420797246443
6/7/2018 8:00,10.69299984,10.69299984,9.4518549230655
6/7/2018 9:00,10.83300018,10.83300018,9.4518549230655
6/7/2018 10:00,11.11499977,11.11499977,9.4518549230655
6/7/2018 11:00,11.5369997,11.5369997,9.462345994204936
6/7/2018 12:00,11.95899963,11.95899963,9.596783142588096
6/7/2018 13:00,12.02900028,12.02900028,9.6189739436326
6/7/2018 14:00,12.80300045,12.80300045,9.597372769040438
6/7/2018 15:00,12.7329998,12.7329998,9.549808596983006
6/7/2018 16:00,12.6619997,12.6619997,12.576057770155623
6/7/2018 17:00,12.6619997,12.6619997,12.46641097648286
6/7/2018 18:00,12.02900028,12.02900028,12.227908252046063
6/7/2018 19:00,11.67800045,11.67800045,11.978445562796775
6/7/2018 20:00,11.39599991,11.39599991,11.787311033628631
6/7/2018 21:00,10.83300018,10.83300018,11.54775915008195
6/7/2018 22:00,10.83300018,10.83300018,11.313686374518037
6/7/2018 23:00,10.3409996,10.3409996,11.04341195962505
6/8/2018 0:00,10.48200035,10.48200035,10.781260049382183
6/8/2018 1:00,10.41100025,10.41100025,10.611590306426944
6/8/2018 2:00,10.13000011,10.13000011,10.399683027764114
6/8/2018 3:00,10.06000042,10.06000042,10.411708251590351
6/8/2018 4:00,9.98900032,9.98900032,10.441823108440236
6/8/2018 5:00,9.708000183,9.708000183,10.567683333690022
6/8/2018 6:00,9.425999641,9.425999641,10.598022964977456
6/8/2018 7:00,9.777999878,9.777999878,10.608312880208876
6/8/2018 8:00,10.13000011,10.13000011,10.628692434675129
6/8/2018 9:00,10.19999981,10.19999981,10.67300169360692
6/8/2018 10:00,10.06000042,10.06000042,10.93601658674163
6/8/2018 11:00,10.3409996,10.3409996,11.138381880015594
6/8/2018 12:00,10.13000011,10.13000011,11.180111918108617
6/8/2018 13:00,9.918999672,9.918999672,11.385006322527104
6/8/2018 14:00,10.19999981,10.19999981,11.65550569800367
6/8/2018 15:00,10.3409996,10.3409996,11.825373924767282
6/8/2018 16:00,10.13000011,10.13000011,11.902838637059665
6/8/2018 17:00,9.918999672,9.918999672,11.917518598143566
6/8/2018 18:00,8.934000015,8.934000015,11.729747407537811
6/8/2018 19:00,9.00399971,9.00399971,11.528156765313668
6/8/2018 20:00,9.355999947,9.355999947,11.22574021093793
6/8/2018 21:00,8.86400032,8.86400032,10.9634957028429
6/8/2018 22:00,9.074999809,9.074999809,10.702347277653743
6/8/2018 23:00,8.722999573,8.722999573,10.53335509177426
6/9/2018 0:00,8.86400032,8.86400032,10.323601172827448
6/9/2018 1:00,8.86400032,8.86400032,10.055789406803076
6/9/2018 2:00,8.300999641,8.300999641,9.981777722922764
6/9/2018 3:00,8.020000458,8.020000458,10.037780804978205
6/9/2018 4:00,8.020000458,8.020000458,10.05496657906211
6/9/2018 5:00,8.159999847,8.159999847,10.08025808744534
6/9/2018 6:00,8.159999847,8.159999847,10.089200399481609
6/9/2018 7:00,8.159999847,8.159999847,10.164113407359428
6/9/2018 8:00,8.512000084,8.512000084,10.18419419190994
6/9/2018 9:00,8.442000389,8.442000389,10.32543849395389
6/9/2018 10:00,6.823999882,6.823999882,10.49552361088058
6/9/2018 11:00,3.025000095,3.025000095,10.704801374688223
6/9/2018 12:00,4.150000095,4.150000095,10.965403882920633
6/9/2018 13:00,3.938999891,3.938999891,11.105525879362204
6/9/2018 14:00,4.78399992,4.78399992,11.135654528492909
6/9/2018 15:00,5.768000126,5.768000126,11.069539457983744
6/9/2018 16:00,6.683000088,6.683000088,10.97480108943605
6/9/2018 17:00,6.894000053,6.894000053,10.810541454547892
6/9/2018 18:00,7.034999847,7.034999847,10.757641400026635
6/9/2018 19:00,6.40199995,6.40199995,10.54326896342472
6/9/2018 20:00,6.330999851,6.330999851,10.229443569537246
6/9/2018 21:00,6.050000191,6.050000191,9.956396217731344
6/9/2018 22:00,6.894000053,6.894000053,9.855058785432304
6/9/2018 23:00,7.245999813,7.245999813,9.65062914214648
6/10/2018 0:00,6.261000156,6.261000156,9.477168508108
6/10/2018 1:00,6.823999882,6.823999882,9.51794881441293
6/10/2018 2:00,7.315999985,7.315999985,9.530460486803564
6/10/2018 3:00,7.668000221,7.668000221,9.5491617957341
6/10/2018 4:00,7.737999916,7.737999916,9.580715723935022
6/10/2018 5:00,7.456999779,7.456999779,9.678642272654669
6/10/2018 6:00,7.668000221,7.668000221,9.704901023847556
6/10/2018 7:00,8.020000458,8.020000458,9.681612887109768
6/10/2018 8:00,8.300999641,8.300999641,9.8147924557094
6/10/2018 9:00,8.159999847,8.159999847,10.098428486240747
6/10/2018 10:00,8.090000153,8.090000153,10.276504363125994
6/10/2018 11:00,8.090000153,8.090000153,10.381407143483289
6/10/2018 12:00,8.37100029,8.37100029,10.72042297344517
6/10/2018 13:00,8.934000015,8.934000015,10.927308943879575
6/10/2018 14:00,9.425999641,9.425999641,11.071955713703373
6/10/2018 15:00,9.567000389,9.567000389,10.978136539657374
6/10/2018 16:00,9.98900032,9.98900032,10.827181295994269
6/10/2018 17:00,9.286000252,9.286000252,10.69291926114744
6/10/2018 18:00,9.286000252,9.286000252,10.582999852171351
6/10/2018 19:00,9.145000458,9.145000458,10.274161295513265
6/10/2018 20:00,8.442000389,8.442000389,9.986417934674993
6/10/2018 21:00,8.722999573,8.722999573,9.887970791286309
6/10/2018 22:00,8.442000389,8.442000389,9.671769236135152
6/10/2018 23:00,8.230999947,8.230999947,9.473905203483993
6/11/2018 0:00,8.300999641,8.300999641,9.473905203483993
6/11/2018 1:00,7.879000187,7.879000187,9.505784516393652
6/11/2018 2:00,7.809000015,7.809000015,9.522284452611387
6/11/2018 3:00,7.809000015,7.809000015,9.545903984756524
6/11/2018 4:00,7.948999882,7.948999882,9.558403860730602
6/11/2018 5:00,7.948999882,7.948999882,9.558403860730602
6/11/2018 6:00,8.159999847,8.159999847,9.56436321194412
6/11/2018 7:00,8.512000084,8.512000084,9.62435623698146
6/11/2018 8:00,9.074999809,9.074999809,9.671539310940464
6/11/2018 9:00,9.074999809,9.074999809,9.818874460045912
6/11/2018 10:00,9.00399971,9.00399971,10.062569904216504
6/11/2018 11:00,9.074999809,9.074999809,10.252959948965255
6/11/2018 12:00,9.567000389,9.567000389,10.348983901532533
6/11/2018 13:00,10.19999981,10.19999981,10.3940044445613
6/11/2018 14:00,11.04399967,11.04399967,10.66693271956812
6/11/2018 15:00,12.02900028,12.02900028,10.813135980854872
6/11/2018 16:00,12.17000008,12.17000008,10.83928207590452
6/11/2018 17:00,12.31099987,12.31099987,10.758303340092798
6/11/2018 18:00,10.55200005,10.55200005,10.580865809968545
6/11/2018 19:00,10.90400028,10.90400028,10.250683951738228
6/11/2018 20:00,10.27099991,10.27099991,9.940691337432542
6/11/2018 21:00,10.27099991,10.27099991,9.667803038459738
6/11/2018 22:00,9.777999878,9.777999878,9.407479161095662
6/11/2018 23:00,9.848999977,9.848999977,9.233069956180437
6/12/2018 0:00,10.06000042,10.06000042,9.119421935755655
6/12/2018 1:00,9.777999878,9.777999878,9.052395680650914
6/12/2018 2:00,9.496999741,9.496999741,9.060115254665812
6/12/2018 3:00,9.848999977,9.848999977,9.091554507696026
6/12/2018 4:00,9.708000183,9.708000183,9.13669056323214
6/12/2018 5:00,9.496999741,9.496999741,9.13669056323214
6/12/2018 6:00,9.567000389,9.567000389,9.146026992036374
6/12/2018 7:00,10.3409996,10.3409996,9.181715706238965
6/12/2018 8:00,10.41100025,10.41100025,9.324079185604862
6/12/2018 9:00,10.62199974,10.62199974,9.5051104671142
6/12/2018 10:00,10.27099991,10.27099991,9.768792387444453
6/12/2018 11:00,10.3409996,10.3409996,10.165448788637308
6/12/2018 12:00,10.83300018,10.83300018,10.47662157074451
6/12/2018 13:00,11.5369997,11.5369997,10.77263233215322
6/12/2018 14:00,12.10000038,12.10000038,11.03213167354901
6/12/2018 15:00,13.57699966,13.57699966,11.052317281233574
6/12/2018 16:00,14.27999973,14.27999973,10.91687072053088
6/12/2018 17:00,13.50699997,13.50699997,10.854250024639644
6/12/2018 18:00,13.9289999,13.9289999,10.598113340497298
6/12/2018 19:00,12.02900028,12.02900028,10.250648031098994
6/12/2018 20:00,11.67800045,11.67800045,9.967736759330936
6/12/2018 21:00,11.04399967,11.04399967,9.892100757742746
6/12/2018 22:00,10.90400028,10.90400028,9.685010155486191
6/12/2018 23:00,11.18500042,11.18500042,9.46420414164002
6/13/2018 0:00,11.18500042,11.18500042,9.479753335744046
6/13/2018 1:00,10.76299953,10.76299953,9.483653408326427
6/13/2018 2:00,10.90400028,10.90400028,9.516355899960738
6/13/2018 3:00,10.83300018,10.83300018,9.557108712269663
6/13/2018 4:00,10.83300018,10.83300018,9.559719709732944
6/13/2018 5:00,10.62199974,10.62199974,9.591824237002548
6/13/2018 6:00,10.97399998,10.97399998,9.639713251670733
6/13/2018 7:00,11.46700001,11.46700001,9.654617489004918
6/13/2018 8:00,11.81799984,11.81799984,9.698737416947449
6/13/2018 9:00,11.18500042,11.18500042,9.713762646785996
6/13/2018 10:00,11.18500042,11.18500042,9.901494773536006
6/13/2018 11:00,11.5369997,11.5369997,10.136304498795168
6/13/2018 12:00,11.32600021,11.32600021,10.314380375680416
6/13/2018 13:00,12.31099987,12.31099987,10.441906592602692
6/13/2018 14:00,13.29599953,13.29599953,10.693418868071738
6/13/2018 15:00,14.14000034,14.14000034,10.912103831838325
6/13/2018 16:00,14.35099983,14.35099983,10.959409203217016
6/13/2018 17:00,13.64700031,13.64700031,10.897575349184551
6/13/2018 18:00,12.59200001,12.59200001,10.850305312026324
6/13/2018 19:00,11.67800045,11.67800045,10.700599599602878
6/13/2018 20:00,10.90400028,10.90400028,10.551474996769082
6/13/2018 21:00,10.69299984,10.69299984,10.291810140093974
6/13/2018 22:00,10.55200005,10.55200005,9.985463562073278
6/13/2018 23:00,10.55200005,10.55200005,9.857040262394747
6/14/2018 0:00,10.90400028,10.90400028,9.70196956522413
6/14/2018 1:00,10.90400028,10.90400028,9.503470692765545
6/14/2018 2:00,10.69299984,10.69299984,9.513065985629414
6/14/2018 3:00,10.97399998,10.97399998,9.54712077283892
6/14/2018 4:00,11.11499977,11.11499977,9.56992229556257
6/14/2018 5:00,10.83300018,10.83300018,9.58961987931105
6/14/2018 6:00,10.97399998,10.97399998,9.619735161802964
6/14/2018 7:00,10.90400028,10.90400028,9.661954721708796
6/14/2018 8:00,11.11499977,11.11499977,9.66983505599532
6/14/2018 9:00,11.11499977,11.11499977,9.716460936726572
6/14/2018 10:00,11.18500042,11.18500042,9.73709272917906
6/14/2018 11:00,11.25599957,11.25599957,9.87027229777869
6/14/2018 12:00,11.18500042,11.18500042,10.096041610698595
6/14/2018 13:00,11.81799984,11.81799984,10.279918808477063
6/14/2018 14:00,13.29599953,13.29599953,10.342449628223358
6/14/2018 15:00,13.57699966,13.57699966,10.353035084224537
6/14/2018 16:00,13.22500038,13.22500038,13.448097815536531
6/14/2018 17:00,13.08500004,13.08500004,13.291338045663798
6/14/2018 18:00,11.46700001,11.46700001,13.167629917323346
6/14/2018 19:00,11.32600021,11.32600021,12.994886244464972
6/14/2018 20:00,11.32600021,11.32600021,12.754322116250416
6/14/2018 21:00,11.18500042,11.18500042,12.457334498586215
6/14/2018 22:00,11.32600021,11.32600021,12.183302070710448
6/14/2018 23:00,10.62199974,10.62199974,11.967127445271258
6/15/2018 0:00,10.19999981,10.19999981,12.012585440666918
6/15/2018 1:00,10.19999981,10.19999981,11.970937118015152
6/15/2018 2:00,9.848999977,9.848999977,11.985789042404363
6/15/2018 3:00,10.13000011,10.13000011,11.998411740062023
6/15/2018 4:00,10.97399998,10.97399998,11.996554686160083
6/15/2018 5:00,10.19999981,10.19999981,12.00849230103652
6/15/2018 6:00,10.83300018,10.83300018,12.010941072492006
6/15/2018 7:00,11.11499977,11.11499977,12.04813565242262
6/15/2018 8:00,11.5369997,11.5369997,12.065624479317824
6/15/2018 9:00,10.55200005,10.55200005,12.115559401914082
6/15/2018 10:00,10.48200035,10.48200035,12.201235039162007
6/15/2018 11:00,10.3409996,10.3409996,12.271711230640063
6/15/2018 12:00,10.90400028,10.90400028,12.352257079417017
6/15/2018 13:00,11.11499977,11.11499977,12.62227237544558
6/15/2018 14:00,11.25599957,11.25599957,12.9422911728562
6/15/2018 15:00,11.81799984,11.81799984,13.007268300174898
6/15/2018 16:00,12.38099957,12.38099957,13.201423692709993
6/15/2018 17:00,11.95899963,11.95899963,13.256396762328698
6/15/2018 18:00,11.74800014,11.74800014,13.168493086308697
6/15/2018 19:00,10.48200035,10.48200035,13.178126447764772
6/15/2018 20:00,9.848999977,9.848999977,12.961310801937794
6/15/2018 21:00,9.425999641,9.425999641,12.573879302663045
6/15/2018 22:00,9.496999741,9.496999741,12.545991721981062
6/15/2018 23:00,9.425999641,9.425999641,12.315457641468086
6/16/2018 0:00,9.215000153,9.215000153,12.277897840522144
6/16/2018 1:00,9.286000252,9.286000252,12.314461919829006
6/16/2018 2:00,9.00399971,9.00399971,12.369339228675928
6/16/2018 3:00,8.86400032,8.86400032,12.384116314946732
6/16/2018 4:00,8.512000084,8.512000084,12.383677468539217
6/16/2018 5:00,8.512000084,8.512000084,12.467107437439758
6/16/2018 6:00,8.581999779,8.581999779,12.468456375760487
6/16/2018 7:00,8.793000221,8.793000221,12.435635404355397
6/16/2018 8:00,9.425999641,9.425999641,12.443248169805967
6/16/2018 9:00,8.722999573,8.722999573,12.470053235557284
6/16/2018 10:00,9.145000458,9.145000458,12.550270027131544
6/16/2018 11:00,9.00399971,9.00399971,12.5234435447487
6/16/2018 12:00,9.215000153,9.215000153,12.487050913922609
6/16/2018 13:00,9.425999641,9.425999641,12.542884283221882
6/16/2018 14:00,10.13000011,10.13000011,12.573455732692032
6/16/2018 15:00,10.76299953,10.76299953,12.715540088890195
6/16/2018 16:00,10.55200005,10.55200005,12.669555563995996
6/16/2018 17:00,9.918999672,9.918999672,12.57880368914378
6/16/2018 18:00,9.355999947,9.355999947,12.550452924759332
6/16/2018 19:00,9.215000153,9.215000153,12.303781976352283
6/16/2018 20:00,9.215000153,9.215000153,12.26669648729396
6/16/2018 21:00,8.442000389,8.442000389,12.005260445544828
6/16/2018 22:00,8.512000084,8.512000084,11.947302602475874
6/16/2018 23:00,8.300999641,8.300999641,11.96219247862846
6/17/2018 0:00,8.159999847,8.159999847,11.972682007495724
6/17/2018 1:00,8.512000084,8.512000084,12.065221410951636
6/17/2018 2:00,8.020000458,8.020000458,12.105273685170031
6/17/2018 3:00,8.020000458,8.020000458,12.118628923164469
6/17/2018 4:00,8.020000458,8.020000458,12.121840624679072
6/17/2018 5:00,7.948999882,7.948999882,12.108103551770858
6/17/2018 6:00,7.668000221,7.668000221,12.113718869168974
6/17/2018 7:00,7.948999882,7.948999882,12.12267897371178
6/17/2018 8:00,8.230999947,8.230999947,12.129458285353538
6/17/2018 9:00,8.37100029,8.37100029,12.175790655167674
6/17/2018 10:00,8.442000389,8.442000389,12.229329477525065
6/17/2018 11:00,8.652999878,8.652999878,12.353406013830442
6/17/2018 12:00,9.286000252,9.286000252,12.610132471473738
6/17/2018 13:00,10.27099991,10.27099991,12.788975752021168
6/17/2018 14:00,11.32600021,11.32600021,12.868504711727894
6/17/2018 15:00,12.45100021,12.45100021,13.024526176251674
6/17/2018 16:00,12.38099957,12.38099957,13.170088416329714
6/17/2018 17:00,11.5369997,11.5369997,13.18092049486684
6/17/2018 18:00,11.32600021,11.32600021,12.929352790417513
6/17/2018 19:00,10.83300018,10.83300018,12.542668117249166
6/17/2018 20:00,10.27099991,10.27099991,12.16985328804076
6/17/2018 21:00,10.19999981,10.19999981,11.877530183053466
6/17/2018 22:00,9.637999535,9.637999535,11.786333967154182
6/17/2018 23:00,9.567000389,9.567000389,11.658854171931136
6/18/2018 0:00,9.286000252,9.286000252,11.545372817198237
6/18/2018 1:00,9.215000153,9.215000153,11.352328503262116
6/18/2018 2:00,9.215000153,9.215000153,11.114585717977464
6/18/2018 3:00,8.86400032,8.86400032,10.826914300426589
6/18/2018 4:00,9.074999809,9.074999809,10.763049277166488
6/18/2018 5:00,9.00399971,9.00399971,10.69049302495448
6/18/2018 6:00,9.215000153,9.215000153,10.678932326738371
6/18/2018 7:00,9.286000252,9.286000252,10.699325391388602
6/18/2018 8:00,9.145000458,9.145000458,10.722719858693791
6/18/2018 9:00,9.777999878,9.777999878,10.773437260175765
6/18/2018 10:00,9.98900032,9.98900032,10.798064934735132
6/18/2018 11:00,10.06000042,10.06000042,10.891916788265856
6/18/2018 12:00,10.83300018,10.83300018,10.971174101612991
6/18/2018 13:00,11.18500042,11.18500042,10.925899485607388
6/18/2018 14:00,11.95899963,11.95899963,11.16259302878763
6/18/2018 15:00,13.08500004,13.08500004,11.35839990893988
6/18/2018 16:00,11.95899963,11.95899963,11.328178672278751
6/18/2018 17:00,12.02900028,12.02900028,11.22608240221037
6/18/2018 18:00,12.02900028,12.02900028,11.120281984031124
6/18/2018 19:00,11.81799984,11.81799984,10.817760582364912
6/18/2018 20:00,10.62199974,10.62199974,10.687845787556284
6/18/2018 21:00,10.19999981,10.19999981,10.58878046557705
6/18/2018 22:00,10.13000011,10.13000011,10.367375372080485
6/18/2018 23:00,10.27099991,10.27099991,10.10036572231021
6/19/2018 0:00,9.777999878,9.777999878,9.937645388749754
6/19/2018 1:00,9.215000153,9.215000153,9.747759673502788
6/19/2018 2:00,9.215000153,9.215000153,9.789950679469069
6/19/2018 3:00,9.074999809,9.074999809,9.843648723648222
6/19/2018 4:00,9.00399971,9.00399971,9.855634780876931
6/19/2018 5:00,9.145000458,9.145000458,9.845715428293422
6/19/2018 6:00,9.637999535,9.637999535,9.847146911941444
6/19/2018 7:00,9.496999741,9.496999741,9.855467240351542
6/19/2018 8:00,9.074999809,9.074999809,9.855467240351542
6/19/2018 9:00,9.355999947,9.355999947,9.873117873968251
6/19/2018 10:00,9.777999878,9.777999878,9.93062138898012
6/19/2018 11:00,9.848999977,9.848999977,9.959919328981714
6/19/2018 12:00,10.13000011,10.13000011,10.15716619833063
6/19/2018 13:00,9.777999878,9.777999878,10.171095750785284
6/19/2018 14:00,5.55700016,5.55700016,10.356932501329888
6/19/2018 15:00,5.627999783,5.627999783,10.425831812464557
6/19/2018 16:00,4.643000126,4.643000126,10.605087850449117
6/19/2018 17:00,5.276000023,5.276000023,10.573043031826524
6/19/2018 18:00,6.683000088,6.683000088,10.355303386840308
6/19/2018 19:00,6.752999783,6.752999783,9.983771471082902
6/19/2018 20:00,7.105000019,7.105000019,9.873551779701454
6/19/2018 21:00,4.572999954,4.572999954,9.658706027222284
6/19/2018 22:00,5.135000229,5.135000229,9.392857536318736
6/19/2018 23:00,5.90899992,5.90899992,9.181491300603575
6/20/2018 0:00,6.541999817,6.541999817,9.084200936778384
6/20/2018 1:00,7.315999985,7.315999985,8.992111175433848
6/20/2018 2:00,6.964000225,6.964000225,8.803867928811295
6/20/2018 3:00,7.105000019,7.105000019,8.718764225899045
6/20/2018 4:00,7.105000019,7.105000019,8.722105421669433
6/20/2018 5:00,7.105000019,7.105000019,8.73189132283365
6/20/2018 6:00,7.315999985,7.315999985,8.742725756651312
6/20/2018 7:00,7.456999779,7.456999779,8.759291858943659
6/20/2018 8:00,7.105000019,7.105000019,8.810003742107511
6/20/2018 9:00,7.456999779,7.456999779,8.838981227580149
6/20/2018 10:00,8.090000153,8.090000153,8.869370569282491
6/20/2018 11:00,8.090000153,8.090000153,8.88075365746522
6/20/2018 12:00,8.512000084,8.512000084,8.898552075060934
6/20/2018 13:00,8.37100029,8.37100029,8.997365982566471
6/20/2018 14:00,8.934000015,8.934000015,8.951569663632672
6/20/2018 15:00,8.722999573,8.722999573,8.921674928270336
6/20/2018 16:00,8.86400032,8.86400032,8.880346372496454
6/20/2018 17:00,9.286000252,9.286000252,8.855114177649156
6/20/2018 18:00,9.145000458,9.145000458,8.834430793213997
6/20/2018 19:00,9.286000252,9.286000252,8.807400728693992
6/20/2018 20:00,9.215000153,9.215000153,8.81763436080502
6/20/2018 21:00,8.652999878,8.652999878,8.79791648201718
6/20/2018 22:00,8.722999573,8.722999573,8.79791648201718
6/20/2018 23:00,9.00399971,9.00399971,8.811709083514886
6/21/2018 0:00,9.00399971,9.00399971,8.820120263503574
6/21/2018 1:00,8.934000015,8.934000015,8.807006363490693
6/21/2018 2:00,8.581999779,8.581999779,8.825489681279242
6/21/2018 3:00,8.37100029,8.37100029,8.77013148546835
6/21/2018 4:00,8.512000084,8.512000084,8.8048010045178
6/21/2018 5:00,8.512000084,8.512000084,8.8048010045178
6/21/2018 6:00,8.86400032,8.86400032,8.84756442406038
6/21/2018 7:00,8.300999641,8.300999641,8.877270680284061
6/21/2018 8:00,8.86400032,8.86400032,8.883683537313786
6/21/2018 9:00,8.512000084,8.512000084,8.90625449117259
6/21/2018 10:00,8.37100029,8.37100029,8.999915157141517
6/21/2018 11:00,8.512000084,8.512000084,9.01729745237528
6/21/2018 12:00,8.442000389,8.442000389,9.027290271812344
6/21/2018 13:00,8.86400032,8.86400032,9.01729745237528
6/21/2018 14:00,9.567000389,9.567000389,9.01729745237528
6/21/2018 15:00,9.918999672,9.918999672,8.994726498516478
6/21/2018 16:00,10.06000042,10.06000042,9.8909439901486
6/21/2018 17:00,9.848999977,9.848999977,9.87031191293913
6/21/2018 18:00,9.637999535,9.637999535,9.817412935607113
6/21/2018 19:00,9.00399971,9.00399971,9.785803422576734
6/21/2018 20:00,8.652999878,8.652999878,9.72910048955159
6/21/2018 21:00,8.37100029,8.37100029,9.543620640894249
6/21/2018 22:00,8.159999847,8.159999847,9.57369654288343
6/21/2018 23:00,8.090000153,8.090000153,9.567111771874073
6/22/2018 0:00,8.230999947,8.230999947,9.571217828878018
6/22/2018 1:00,8.37100029,8.37100029,9.582291664170874
6/22/2018 2:00,8.159999847,8.159999847,9.597640583797771
6/22/2018 3:00,8.020000458,8.020000458,9.606312179908404
6/22/2018 4:00,7.809000015,7.809000015,9.628195534479016
6/22/2018 5:00,7.668000221,7.668000221,9.606718890978472
6/22/2018 6:00,5.627999783,5.627999783,9.604902579387923
6/22/2018 7:00,7.034999847,7.034999847,9.588066691569116
6/22/2018 8:00,4.854000092,4.854000092,9.603265905780336
6/22/2018 9:00,6.683000088,6.683000088,9.665559437230687
6/22/2018 10:00,6.40199995,6.40199995,9.669127089009594
6/22/2018 11:00,6.752999783,6.752999783,9.705238747191798
6/22/2018 12:00,3.657999992,3.657999992,9.627248239094293
6/22/2018 13:00,3.657999992,3.657999992,9.71468307989342
6/22/2018 14:00,4.150000095,4.150000095,9.640904755302278
6/22/2018 15:00,4.643000126,4.643000126,9.703401424302124
6/22/2018 16:00,5.979000092,5.979000092,9.698484375461996
6/22/2018 17:00,4.361999989,4.361999989,9.66020594469783
6/22/2018 18:00,4.643000126,4.643000126,9.654092579235938
6/22/2018 19:00,5.839000225,5.839000225,9.56115372208295
6/22/2018 20:00,5.90899992,5.90899992,9.537846391833774
6/22/2018 21:00,5.979000092,5.979000092,9.521400330115236
6/22/2018 22:00,5.839000225,5.839000225,9.54348864186906
6/22/2018 23:00,5.839000225,5.839000225,9.537646991688884
6/23/2018 0:00,5.346000195,5.346000195,9.537646991688884
6/23/2018 1:00,5.416999817,5.416999817,9.549392126777937
6/23/2018 2:00,5.416999817,5.416999817,9.553542767718978
6/23/2018 3:00,5.768000126,5.768000126,9.559342596977324
6/23/2018 4:00,5.90899992,5.90899992,9.55055212780073
6/23/2018 5:00,6.261000156,6.261000156,9.589031359658811
6/23/2018 6:00,6.683000088,6.683000088,9.597316003139062
6/23/2018 7:00,6.472000122,6.472000122,9.608059128517242
6/23/2018 8:00,6.40199995,6.40199995,9.609471158453236
6/23/2018 9:00,6.964000225,6.964000225,9.658208159850878
6/23/2018 10:00,7.52699995,7.52699995,9.748420508699969
6/23/2018 11:00,7.737999916,7.737999916,9.893806017078
6/23/2018 12:00,7.809000015,7.809000015,9.956492583671771
6/23/2018 13:00,7.668000221,7.668000221,10.12917889983684
6/23/2018 14:00,8.159999847,8.159999847,10.07081753987911
6/23/2018 15:00,7.809000015,7.809000015,10.01831701584402
6/23/2018 16:00,8.159999847,8.159999847,10.00946596760171
6/23/2018 17:00,7.809000015,7.809000015,9.97504098298204
6/23/2018 18:00,8.300999641,8.300999641,9.95461678123358
6/23/2018 19:00,8.020000458,8.020000458,9.93944266644951
6/23/2018 20:00,7.668000221,7.668000221,9.730732597341223
6/23/2018 21:00,7.386000156,7.386000156,9.525037622994008
6/23/2018 22:00,7.315999985,7.315999985,9.515915204288978
6/23/2018 23:00,7.175000191,7.175000191,9.534046640443409
6/24/2018 0:00,6.894000053,6.894000053,9.550102554644244
6/24/2018 1:00,6.612999916,6.612999916,9.55940771714349
6/24/2018 2:00,6.40199995,6.40199995,9.543599025727255
6/24/2018 3:00,6.541999817,6.541999817,9.546560033944449
6/24/2018 4:00,6.964000225,6.964000225,9.541882613121722
6/24/2018 5:00,6.894000053,6.894000053,9.555950628170397
6/24/2018 6:00,7.456999779,7.456999779,9.60316881046822
6/24/2018 7:00,7.456999779,7.456999779,9.622956145407848
6/24/2018 8:00,8.442000389,8.442000389,9.590978873589076
6/24/2018 9:00,7.948999882,7.948999882,9.609805755835827
6/24/2018 10:00,8.512000084,8.512000084,9.629690285065475
6/24/2018 11:00,9.00399971,9.00399971,9.638713141325642
6/24/2018 12:00,9.286000252,9.286000252,9.637435107448876
6/24/2018 13:00,9.215000153,9.215000153,9.650319820445386
6/24/2018 14:00,9.286000252,9.286000252,9.728196317770172
6/24/2018 15:00,9.355999947,9.355999947,9.68479442687328
6/24/2018 16:00,9.496999741,9.496999741,9.633409018266322
6/24/2018 17:00,9.215000153,9.215000153,9.628435961297066
6/24/2018 18:00,9.145000458,9.145000458,9.629810690282568
6/24/2018 19:00,9.074999809,9.074999809,9.614680902772482
6/24/2018 20:00,8.86400032,8.86400032,9.593244395962598
6/24/2018 21:00,8.37100029,8.37100029,9.595767233807631
6/24/2018 22:00,8.37100029,8.37100029,9.594656604525936
6/24/2018 23:00,8.512000084,8.512000084,9.594656604525936
6/25/2018 0:00,8.722999573,8.722999573,9.594656604525936
6/25/2018 1:00,9.00399971,9.00399971,9.635381788193
6/25/2018 2:00,9.567000389,9.567000389,9.62915771712317
6/25/2018 3:00,9.567000389,9.567000389,9.579591182452688
6/25/2018 4:00,8.512000084,8.512000084,9.61046657664114
6/25/2018 5:00,8.652999878,8.652999878,9.607407797864298
6/25/2018 6:00,8.934000015,8.934000015,9.64924141618746
6/25/2018 7:00,9.567000389,9.567000389,9.608553262546977
6/25/2018 8:00,10.97399998,10.97399998,9.621639754050364
6/25/2018 9:00,11.46700001,11.46700001,9.621639754050364
6/25/2018 10:00,11.18500042,11.18500042,9.647514600377267
6/25/2018 11:00,10.69299984,10.69299984,9.625909903958306
6/25/2018 12:00,10.27099991,10.27099991,9.621639754050364
6/25/2018 13:00,10.62199974,10.62199974,9.627647110856431
6/25/2018 14:00,11.25599957,11.25599957,9.632808830756288
6/25/2018 15:00,11.60700035,11.60700035,9.62680147395022
6/25/2018 16:00,12.38099957,12.38099957,9.62680147395022
6/25/2018 17:00,11.46700001,11.46700001,9.62680147395022
6/25/2018 18:00,11.18500042,11.18500042,9.765633594167042
6/25/2018 19:00,10.55200005,10.55200005,9.803346001074264
6/25/2018 20:00,9.98900032,9.98900032,9.757902825466942
6/25/2018 21:00,9.98900032,9.98900032,9.768898004930104
6/25/2018 22:00,9.567000389,9.567000389,9.730474685576215
6/25/2018 23:00,9.425999641,9.425999641,9.53580352731018
6/26/2018 0:00,9.708000183,9.708000183,9.642215048179963
6/26/2018 1:00,9.637999535,9.637999535,9.550930048559623
6/26/2018 2:00,9.777999878,9.777999878,9.550179056137887
6/26/2018 3:00,9.567000389,9.567000389,9.62057062610088
6/26/2018 4:00,9.425999641,9.425999641,9.580791223679476
6/26/2018 5:00,9.286000252,9.286000252,9.62534104668126
6/26/2018 6:00,9.286000252,9.286000252,9.62534104668126
6/26/2018 7:00,9.637999535,9.637999535,9.62534104668126
6/26/2018 8:00,9.425999641,9.425999641,9.66279358515389
6/26/2018 9:00,9.074999809,9.074999809,9.61532753773892
6/26/2018 10:00,8.934000015,8.934000015,9.599404993009278
6/26/2018 11:00,9.215000153,9.215000153,9.584895016427774
6/26/2018 12:00,9.215000153,9.215000153,9.572159269040872
6/26/2018 13:00,9.425999641,9.425999641,9.584895016427774
6/26/2018 14:00,10.19999981,10.19999981,9.564950865185498
6/26/2018 15:00,10.90400028,10.90400028,9.56211072135798
6/26/2018 16:00,11.04399967,11.04399967,9.56211072135798
6/26/2018 17:00,10.27099991,10.27099991,9.562472311688149
6/26/2018 18:00,9.777999878,9.777999878,9.562472311688149
6/26/2018 19:00,9.567000389,9.567000389,9.55924643516748
