date,OT,actual,forecast
2/1/2018 16:00,3.799000025,3.799000025,4.2671247
2/1/2018 17:00,3.588000059,3.588000059,4.039226
2/1/2018 18:00,3.799000025,3.799000025,3.7718415
2/1/2018 19:00,3.588000059,3.588000059,4.0546317
2/1/2018 20:00,3.305999994,3.305999994,3.8446908
2/1/2018 21:00,3.657999992,3.657999992,3.4486303
2/1/2018 22:00,4.290999889,4.290999889,3.7058997
2/1/2018 23:00,3.938999891,3.938999891,4.3507648
2/2/2018 0:00,3.799000025,3.799000025,4.107493
2/2/2018 1:00,4.361999989,4.361999989,4.0282774
2/2/2018 2:00,4.643000126,4.643000126,4.3648086
2/2/2018 3:00,4.221000195,4.221000195,4.833904
2/2/2018 4:00,4.079999924,4.079999924,4.435586
2/2/2018 5:00,3.868999958,3.868999958,4.037661
2/2/2018 6:00,3.938999891,3.938999891,4.0150466
2/2/2018 7:00,3.727999926,3.727999926,4.0306673
2/2/2018 8:00,3.868999958,3.868999958,3.8346498
2/2/2018 9:00,4.43200016,4.43200016,4.041743
2/2/2018 10:00,3.377000093,3.377000093,4.3532233
2/2/2018 11:00,4.079999924,4.079999924,3.4918346
2/2/2018 12:00,3.588000059,3.588000059,4.0461335
2/2/2018 13:00,3.447000027,3.447000027,3.8660069
2/2/2018 14:00,3.305999994,3.305999994,3.4650652
2/2/2018 15:00,3.868999958,3.868999958,3.4487567
2/2/2018 16:00,3.305999994,3.305999994,3.9287384
2/2/2018 17:00,3.51699996,3.51699996,3.4600997
2/2/2018 18:00,2.321000099,2.321000099,3.7183697
2/2/2018 19:00,2.039999962,2.039999962,2.7434587
2/2/2018 20:00,1.899000049,1.899000049,2.458921
2/2/2018 21:00,2.461999893,2.461999893,2.045438
2/2/2018 22:00,2.532000065,2.532000065,2.8161983
2/2/2018 23:00,2.039999962,2.039999962,2.8708982
2/3/2018 0:00,2.039999962,2.039999962,2.3954563
2/3/2018 1:00,0.843999982,0.843999982,2.274629
2/3/2018 2:00,0.703000009,0.703000009,0.8521396
2/3/2018 3:00,0.703000009,0.703000009,0.64969134
2/3/2018 4:00,1.337000012,1.337000012,0.30983856
2/3/2018 5:00,0.773999989,0.773999989,1.2787269
2/3/2018 6:00,0.0,0.0,0.5859271
2/3/2018 7:00,0.0,0.0,0.4610909
2/3/2018 8:00,0.0,0.0,0.37395433
2/3/2018 9:00,0.773999989,0.773999989,0.3166753
2/3/2018 10:00,1.406999946,1.406999946,0.32428423
2/3/2018 11:00,2.039999962,2.039999962,1.3041755
2/3/2018 12:00,1.266000032,1.266000032,2.0862138
2/3/2018 13:00,1.970000029,1.970000029,1.659488
2/3/2018 14:00,3.447000027,3.447000027,2.0892138
2/3/2018 15:00,3.447000027,3.447000027,3.2968614
2/3/2018 16:00,3.657999992,3.657999992,3.472926
2/3/2018 17:00,3.236000061,3.236000061,3.600953
2/3/2018 18:00,2.461999893,2.461999893,3.4607038
2/3/2018 19:00,2.39199996,2.39199996,2.8544807
2/3/2018 20:00,1.687999964,1.687999964,2.5071852
2/3/2018 21:00,1.266000032,1.266000032,2.0715969
2/3/2018 22:00,2.180999994,2.180999994,1.7193949
2/3/2018 23:00,0.773999989,0.773999989,2.4912505
2/4/2018 0:00,1.899000049,1.899000049,0.80609083
2/4/2018 1:00,1.828999996,1.828999996,1.8517007
2/4/2018 2:00,2.250999928,2.250999928,1.9469202
2/4/2018 3:00,2.039999962,2.039999962,2.526812
2/4/2018 4:00,2.180999994,2.180999994,2.1242197
2/4/2018 5:00,2.39199996,2.39199996,2.4387217
2/4/2018 6:00,1.687999964,1.687999964,2.4355075
2/4/2018 7:00,1.547999978,1.547999978,2.0373116
2/4/2018 8:00,1.899000049,1.899000049,1.7007201
2/4/2018 9:00,2.673000097,2.673000097,2.0790694
2/4/2018 10:00,2.884000063,2.884000063,2.7121997
2/4/2018 11:00,3.799000025,3.799000025,3.0367215
2/4/2018 12:00,2.954999924,2.954999924,3.821528
2/4/2018 13:00,3.377000093,3.377000093,3.176615
2/4/2018 14:00,4.43200016,4.43200016,3.2888598
2/4/2018 15:00,3.868999958,3.868999958,4.19878
2/4/2018 16:00,4.150000095,4.150000095,4.0437016
2/4/2018 17:00,4.150000095,4.150000095,4.047183
2/4/2018 18:00,3.236000061,3.236000061,4.021881
2/4/2018 19:00,2.884000063,2.884000063,3.5051405
2/4/2018 20:00,2.461999893,2.461999893,3.251706
2/4/2018 21:00,3.447000027,3.447000027,2.8494864
2/4/2018 22:00,4.079999924,4.079999924,3.3647494
2/4/2018 23:00,3.588000059,3.588000059,4.1254606
2/5/2018 0:00,4.290999889,4.290999889,3.722064
2/5/2018 1:00,3.799000025,3.799000025,4.2262707
2/5/2018 2:00,3.165999889,3.165999889,4.2085
2/5/2018 3:00,4.079999924,4.079999924,3.404739
2/5/2018 4:00,3.095000029,3.095000029,3.996254
2/5/2018 5:00,3.588000059,3.588000059,3.4833386
2/5/2018 6:00,2.884000063,2.884000063,3.5428338
2/5/2018 7:00,3.025000095,3.025000095,3.2743976
2/5/2018 8:00,3.588000059,3.588000059,3.133681
2/5/2018 9:00,3.447000027,3.447000027,3.5869973
2/5/2018 10:00,2.884000063,2.884000063,3.5219889
2/5/2018 11:00,3.868999958,3.868999958,3.2371752
2/5/2018 12:00,2.884000063,2.884000063,3.949002
2/5/2018 13:00,3.305999994,3.305999994,3.2547462
2/5/2018 14:00,4.501999855,4.501999855,3.4259253
2/5/2018 15:00,4.010000229,4.010000229,4.5616684
2/5/2018 16:00,4.079999924,4.079999924,4.23011
2/5/2018 17:00,5.205999851,5.205999851,4.1004505
2/5/2018 18:00,4.290999889,4.290999889,5.2838926
2/5/2018 19:00,4.290999889,4.290999889,4.325274
2/5/2018 20:00,3.938999891,3.938999891,4.4088035
2/5/2018 21:00,4.221000195,4.221000195,4.1533966
2/5/2018 22:00,4.290999889,4.290999889,4.0811257
2/5/2018 23:00,3.799000025,3.799000025,4.280395
2/6/2018 0:00,3.938999891,3.938999891,4.208191
2/6/2018 1:00,4.221000195,4.221000195,4.1127295
2/6/2018 2:00,3.799000025,3.799000025,4.1369553
2/6/2018 3:00,3.51699996,3.51699996,4.126805
2/6/2018 4:00,4.290999889,4.290999889,3.7397635
2/6/2018 5:00,4.010000229,4.010000229,4.295901
2/6/2018 6:00,4.010000229,4.010000229,4.158928
2/6/2018 7:00,1.547999978,1.547999978,4.1161213
2/6/2018 8:00,1.19599998,1.19599998,1.9465024
2/6/2018 9:00,1.126000047,1.126000047,1.4236839
2/6/2018 10:00,1.476999998,1.476999998,1.4575287
2/6/2018 11:00,1.687999964,1.687999964,1.7874616
2/6/2018 12:00,1.758999944,1.758999944,2.1107621
2/6/2018 13:00,2.461999893,2.461999893,2.0914862
2/6/2018 14:00,4.501999855,4.501999855,2.8493705
2/6/2018 15:00,3.799000025,3.799000025,4.562875
2/6/2018 16:00,2.673000097,2.673000097,4.087234
2/6/2018 17:00,2.673000097,2.673000097,2.9303458
2/6/2018 18:00,2.602999926,2.602999926,2.8030143
2/6/2018 19:00,2.250999928,2.250999928,2.783527
2/6/2018 20:00,2.180999994,2.180999994,2.4436321
2/6/2018 21:00,2.532000065,2.532000065,2.3998485
2/6/2018 22:00,2.602999926,2.602999926,2.7819679
2/6/2018 23:00,2.250999928,2.250999928,2.7860808
2/7/2018 0:00,1.828999996,1.828999996,2.4275591
2/7/2018 1:00,2.039999962,2.039999962,2.1239607
2/7/2018 2:00,1.970000029,1.970000029,2.1866832
2/7/2018 3:00,2.461999893,2.461999893,2.2411404
2/7/2018 4:00,2.250999928,2.250999928,2.7949815
2/7/2018 5:00,2.321000099,2.321000099,2.3662107
2/7/2018 6:00,2.461999893,2.461999893,2.3639028
2/7/2018 7:00,2.602999926,2.602999926,2.8297117
2/7/2018 8:00,2.884000063,2.884000063,2.8421504
2/7/2018 9:00,3.588000059,3.588000059,2.9945579
2/7/2018 10:00,4.150000095,4.150000095,3.459639
2/7/2018 11:00,4.501999855,4.501999855,3.9923258
2/7/2018 12:00,4.010000229,4.010000229,4.6339617
2/7/2018 13:00,4.290999889,4.290999889,4.1317816
2/7/2018 14:00,4.572999954,4.572999954,4.1832113
2/7/2018 15:00,4.923999786,4.923999786,4.711811
2/7/2018 16:00,4.643000126,4.643000126,4.94185
2/7/2018 17:00,5.065000057,5.065000057,4.8493013
2/7/2018 18:00,4.994999886,4.994999886,5.278478
2/7/2018 19:00,5.135000229,5.135000229,4.997506
2/7/2018 20:00,5.135000229,5.135000229,5.297907
2/7/2018 21:00,4.643000126,4.643000126,5.3084216
2/7/2018 22:00,4.643000126,4.643000126,4.861802
2/7/2018 23:00,3.588000059,3.588000059,4.838347
2/8/2018 0:00,1.899000049,1.899000049,3.8191931
2/8/2018 1:00,2.109999895,2.109999895,2.3201182
2/8/2018 2:00,4.150000095,4.150000095,2.2347186
2/8/2018 3:00,4.221000195,4.221000195,3.959732
2/8/2018 4:00,3.727999926,3.727999926,4.302122
2/8/2018 5:00,3.588000059,3.588000059,3.6368084
2/8/2018 6:00,3.727999926,3.727999926,3.6642163
2/8/2018 7:00,3.165999889,3.165999889,3.6869223
2/8/2018 8:00,3.025000095,3.025000095,3.5452778
2/8/2018 9:00,2.180999994,2.180999994,3.1377952
2/8/2018 10:00,2.532000065,2.532000065,2.4007814
2/8/2018 11:00,2.884000063,2.884000063,2.7656543
2/8/2018 12:00,3.025000095,3.025000095,3.193092
2/8/2018 13:00,2.884000063,2.884000063,3.1173515
2/8/2018 14:00,3.938999891,3.938999891,3.1529157
2/8/2018 15:00,3.588000059,3.588000059,3.9268887
2/8/2018 16:00,3.447000027,3.447000027,3.6763456
2/8/2018 17:00,3.868999958,3.868999958,3.6367893
2/8/2018 18:00,3.377000093,3.377000093,4.044985
2/8/2018 19:00,2.813999891,2.813999891,3.5938506
2/8/2018 20:00,2.743999958,2.743999958,3.0645096
2/8/2018 21:00,2.884000063,2.884000063,2.9637666
2/8/2018 22:00,2.813999891,2.813999891,3.2243035
2/8/2018 23:00,2.602999926,2.602999926,2.9943075
2/9/2018 0:00,2.813999891,2.813999891,2.8371177
2/9/2018 1:00,2.602999926,2.602999926,2.9686105
2/9/2018 2:00,2.954999924,2.954999924,2.8332193
2/9/2018 3:00,2.884000063,2.884000063,3.1857445
2/9/2018 4:00,3.377000093,3.377000093,3.200982
2/9/2018 5:00,3.305999994,3.305999994,3.544641
2/9/2018 6:00,3.305999994,3.305999994,3.6545794
2/9/2018 7:00,3.305999994,3.305999994,3.532249
2/9/2018 8:00,3.377000093,3.377000093,3.5236073
2/9/2018 9:00,3.588000059,3.588000059,3.516033
2/9/2018 10:00,3.727999926,3.727999926,3.6957064
2/9/2018 11:00,4.643000126,4.643000126,3.7093432
2/9/2018 12:00,5.697999954,5.697999954,4.655012
2/9/2018 13:00,5.486999989,5.486999989,5.7053633
2/9/2018 14:00,5.768000126,5.768000126,5.421957
2/9/2018 15:00,5.768000126,5.768000126,5.8590965
2/9/2018 16:00,5.768000126,5.768000126,5.8554573
2/9/2018 17:00,5.768000126,5.768000126,5.8541894
2/9/2018 18:00,5.627999783,5.627999783,5.858644
2/9/2018 19:00,5.346000195,5.346000195,5.759751
2/9/2018 20:00,5.839000225,5.839000225,5.411803
2/9/2018 21:00,5.697999954,5.697999954,5.893706
2/9/2018 22:00,5.416999817,5.416999817,5.8060136
2/9/2018 23:00,5.768000126,5.768000126,5.443511
2/10/2018 0:00,5.839000225,5.839000225,5.91082
2/10/2018 1:00,5.90899992,5.90899992,5.8903403
2/10/2018 2:00,6.190999985,6.190999985,6.0178833
2/10/2018 3:00,5.697999954,5.697999954,6.3404574
2/10/2018 4:00,4.712999821,4.712999821,5.9090147
2/10/2018 5:00,4.643000126,4.643000126,5.154863
2/10/2018 6:00,3.095000029,3.095000029,4.6454735
2/10/2018 7:00,2.813999891,2.813999891,3.4679627
2/10/2018 8:00,3.447000027,3.447000027,3.1706884
2/10/2018 9:00,2.321000099,2.321000099,3.5405061
2/10/2018 10:00,1.899000049,1.899000049,2.5998209
2/10/2018 11:00,2.250999928,2.250999928,2.2115214
2/10/2018 12:00,3.025000095,3.025000095,2.4945838
2/10/2018 13:00,3.025000095,3.025000095,3.2575428
2/10/2018 14:00,3.938999891,3.938999891,3.1784327
2/10/2018 15:00,3.236000061,3.236000061,3.9185672
2/10/2018 16:00,3.727999926,3.727999926,3.3171878
2/10/2018 17:00,4.150000095,4.150000095,3.557207
2/10/2018 18:00,4.221000195,4.221000195,4.0758486
2/10/2018 19:00,3.727999926,3.727999926,4.203642
2/10/2018 20:00,3.799000025,3.799000025,3.6477902
2/10/2018 21:00,3.868999958,3.868999958,4.0344
2/10/2018 22:00,3.095000029,3.095000029,4.0642457
2/10/2018 23:00,1.337000012,1.337000012,3.276245
2/11/2018 0:00,2.532000065,2.532000065,1.7937998
2/11/2018 1:00,3.095000029,3.095000029,2.847114
2/11/2018 2:00,4.290999889,4.290999889,3.1791356
2/11/2018 3:00,3.938999891,3.938999891,4.1556973
2/11/2018 4:00,3.868999958,3.868999958,3.9857767
2/11/2018 5:00,3.657999992,3.657999992,3.9706635
2/11/2018 6:00,2.673000097,2.673000097,3.9323692
2/11/2018 7:00,3.095000029,3.095000029,3.0636806
2/11/2018 8:00,4.079999924,4.079999924,3.1702893
2/11/2018 9:00,3.377000093,3.377000093,3.800402
2/11/2018 10:00,2.813999891,2.813999891,3.5804641
2/11/2018 11:00,3.377000093,3.377000093,3.204291
2/11/2018 12:00,2.954999924,2.954999924,3.5014338
2/11/2018 13:00,2.743999958,2.743999958,3.2443287
2/11/2018 14:00,3.447000027,3.447000027,2.9506838
2/11/2018 15:00,3.095000029,3.095000029,3.3974144
2/11/2018 16:00,3.095000029,3.095000029,3.3300493
2/11/2018 17:00,2.461999893,2.461999893,3.197437
2/11/2018 18:00,1.970000029,1.970000029,2.8179307
2/11/2018 19:00,3.095000029,3.095000029,2.2596138
2/11/2018 20:00,1.899000049,1.899000049,3.3455126
2/11/2018 21:00,2.743999958,2.743999958,2.2803538
2/11/2018 22:00,3.657999992,3.657999992,2.9803796
2/11/2018 23:00,3.165999889,3.165999889,3.5180135
2/12/2018 0:00,3.095000029,3.095000029,3.381365
2/12/2018 1:00,3.095000029,3.095000029,3.210298
2/12/2018 2:00,2.743999958,2.743999958,3.2662878
2/12/2018 3:00,2.743999958,2.743999958,2.926652
2/12/2018 4:00,2.884000063,2.884000063,2.9238315
2/12/2018 5:00,2.884000063,2.884000063,3.230169
2/12/2018 6:00,2.673000097,2.673000097,3.185736
2/12/2018 7:00,2.532000065,2.532000065,2.999879
2/12/2018 8:00,1.618000031,1.618000031,2.818249
2/12/2018 9:00,1.758999944,1.758999944,1.8312172
2/12/2018 10:00,1.054999948,1.054999948,2.2403612
2/12/2018 11:00,1.618000031,1.618000031,1.4326836
2/12/2018 12:00,1.337000012,1.337000012,1.8173952
2/12/2018 13:00,1.899000049,1.899000049,1.7461128
2/12/2018 14:00,3.236000061,3.236000061,2.2703133
2/12/2018 15:00,2.602999926,2.602999926,3.2075217
2/12/2018 16:00,2.532000065,2.532000065,2.7988887
2/12/2018 17:00,2.180999994,2.180999994,2.7380066
2/12/2018 18:00,2.532000065,2.532000065,2.2884932
2/12/2018 19:00,3.095000029,3.095000029,2.8061557
2/12/2018 20:00,3.51699996,3.51699996,3.1443362
2/12/2018 21:00,3.799000025,3.799000025,3.4275055
2/12/2018 22:00,3.799000025,3.799000025,3.9341376
2/12/2018 23:00,4.150000095,4.150000095,4.005186
2/13/2018 0:00,4.290999889,4.290999889,4.0528135
2/13/2018 1:00,4.290999889,4.290999889,4.283969
2/13/2018 2:00,4.079999924,4.079999924,4.367104
2/13/2018 3:00,3.305999994,3.305999994,4.111138
2/13/2018 4:00,3.799000025,3.799000025,3.5545406
2/13/2018 5:00,3.447000027,3.447000027,4.034487
2/13/2018 6:00,3.588000059,3.588000059,3.558959
2/13/2018 7:00,3.305999994,3.305999994,3.6074116
2/13/2018 8:00,3.588000059,3.588000059,3.546208
2/13/2018 9:00,4.079999924,4.079999924,3.6337738
2/13/2018 10:00,4.923999786,4.923999786,4.0173497
2/13/2018 11:00,5.697999954,5.697999954,4.8418107
2/13/2018 12:00,4.994999886,4.994999886,5.647405
2/13/2018 13:00,4.994999886,4.994999886,4.9936275
2/13/2018 14:00,5.768000126,5.768000126,4.989697
2/13/2018 15:00,6.190999985,6.190999985,5.9395676
2/13/2018 16:00,6.330999851,6.330999851,6.234713
2/13/2018 17:00,6.050000191,6.050000191,6.3488636
2/13/2018 18:00,6.612999916,6.612999916,6.068543
2/13/2018 19:00,6.050000191,6.050000191,6.52222
2/13/2018 20:00,5.697999954,5.697999954,6.1170278
2/13/2018 21:00,6.119999886,6.119999886,5.7350354
2/13/2018 22:00,6.050000191,6.050000191,6.0771446
2/13/2018 23:00,6.472000122,6.472000122,6.0506425
2/14/2018 0:00,6.40199995,6.40199995,6.405843
2/14/2018 1:00,6.472000122,6.472000122,6.4696875
2/14/2018 2:00,5.55700016,5.55700016,6.4651814
2/14/2018 3:00,6.40199995,6.40199995,5.7762794
2/14/2018 4:00,6.261000156,6.261000156,6.368725
2/14/2018 5:00,5.55700016,5.55700016,6.3425007
2/14/2018 6:00,5.627999783,5.627999783,5.8234754
2/14/2018 7:00,4.923999786,4.923999786,5.690241
2/14/2018 8:00,5.90899992,5.90899992,5.0594316
2/14/2018 9:00,6.472000122,6.472000122,6.02236
2/14/2018 10:00,6.752999783,6.752999783,6.3844657
2/14/2018 11:00,6.964000225,6.964000225,6.735603
2/14/2018 12:00,6.752999783,6.752999783,6.9196615
2/14/2018 13:00,7.668000221,7.668000221,6.7395573
2/14/2018 14:00,7.386000156,7.386000156,7.7102985
2/14/2018 15:00,7.456999779,7.456999779,7.4087315
2/14/2018 16:00,7.456999779,7.456999779,7.398213
2/14/2018 17:00,7.456999779,7.456999779,7.472965
2/14/2018 18:00,6.40199995,6.40199995,7.4623914
2/14/2018 19:00,7.105000019,7.105000019,6.610897
2/14/2018 20:00,7.315999985,7.315999985,7.1359634
2/14/2018 21:00,7.315999985,7.315999985,7.3366237
2/14/2018 22:00,7.175000191,7.175000191,7.395711
2/14/2018 23:00,6.683000088,6.683000088,7.156769
2/15/2018 0:00,7.386000156,7.386000156,6.8629365
2/15/2018 1:00,5.90899992,5.90899992,7.3764925
2/15/2018 2:00,3.799000025,3.799000025,6.073273
2/15/2018 3:00,3.727999926,3.727999926,4.429834
2/15/2018 4:00,3.236000061,3.236000061,3.7297504
2/15/2018 5:00,3.588000059,3.588000059,3.4396777
2/15/2018 6:00,3.447000027,3.447000027,3.6111588
2/15/2018 7:00,3.236000061,3.236000061,3.630471
2/15/2018 8:00,2.884000063,2.884000063,3.6069808
2/15/2018 9:00,2.884000063,2.884000063,3.2662911
2/15/2018 10:00,2.884000063,2.884000063,3.2273152
2/15/2018 11:00,2.813999891,2.813999891,3.2069094
2/15/2018 12:00,2.813999891,2.813999891,3.1083722
2/15/2018 13:00,3.095000029,3.095000029,3.050088
2/15/2018 14:00,3.095000029,3.095000029,3.2697232
2/15/2018 15:00,3.165999889,3.165999889,3.2697644
2/15/2018 16:00,3.657999992,3.657999992,3.2829971
2/15/2018 17:00,3.236000061,3.236000061,3.5333786
2/15/2018 18:00,2.602999926,2.602999926,3.5254257
2/15/2018 19:00,2.532000065,2.532000065,2.8172178
2/15/2018 20:00,3.025000095,3.025000095,2.8149962
2/15/2018 21:00,3.236000061,3.236000061,3.1466932
2/15/2018 22:00,3.447000027,3.447000027,3.2376592
2/15/2018 23:00,3.305999994,3.305999994,3.5513117
2/16/2018 0:00,3.025000095,3.025000095,3.507487
2/16/2018 1:00,3.447000027,3.447000027,3.1701884
2/16/2018 2:00,3.305999994,3.305999994,3.4172373
2/16/2018 3:00,3.657999992,3.657999992,3.519112
2/16/2018 4:00,3.447000027,3.447000027,3.64603
2/16/2018 5:00,3.305999994,3.305999994,3.520753
2/16/2018 6:00,3.799000025,3.799000025,3.5321467
2/16/2018 7:00,4.150000095,4.150000095,3.9483452
2/16/2018 8:00,3.095000029,3.095000029,3.961969
2/16/2018 9:00,3.51699996,3.51699996,3.4791682
2/16/2018 10:00,3.377000093,3.377000093,3.5401566
2/16/2018 11:00,4.43200016,4.43200016,3.5675805
2/16/2018 12:00,5.135000229,5.135000229,4.257438
2/16/2018 13:00,5.416999817,5.416999817,5.1584387
2/16/2018 14:00,5.697999954,5.697999954,5.5421824
2/16/2018 15:00,5.697999954,5.697999954,5.573128
2/16/2018 16:00,5.55700016,5.55700016,5.5839434
2/16/2018 17:00,5.205999851,5.205999851,5.553056
2/16/2018 18:00,5.416999817,5.416999817,5.190364
2/16/2018 19:00,5.135000229,5.135000229,5.53874
2/16/2018 20:00,4.923999786,4.923999786,5.3160257
2/16/2018 21:00,4.994999886,4.994999886,5.1316814
2/16/2018 22:00,4.923999786,4.923999786,5.1387625
2/16/2018 23:00,5.135000229,5.135000229,5.153593
2/17/2018 0:00,4.572999954,4.572999954,5.3711376
2/17/2018 1:00,4.010000229,4.010000229,4.856223
2/17/2018 2:00,4.150000095,4.150000095,4.1521115
2/17/2018 3:00,4.994999886,4.994999886,4.131329
2/17/2018 4:00,4.361999989,4.361999989,4.94643
2/17/2018 5:00,4.221000195,4.221000195,4.4059505
2/17/2018 6:00,3.377000093,3.377000093,4.2580614
2/17/2018 7:00,2.039999962,2.039999962,3.5548391
2/17/2018 8:00,2.250999928,2.250999928,2.510603
2/17/2018 9:00,1.828999996,1.828999996,2.4218462
2/17/2018 10:00,2.180999994,2.180999994,2.2165556
2/17/2018 11:00,2.954999924,2.954999924,2.4234357
2/17/2018 12:00,2.884000063,2.884000063,3.147856
2/17/2018 13:00,3.377000093,3.377000093,3.0970435
2/17/2018 14:00,4.290999889,4.290999889,3.2900462
2/17/2018 15:00,4.221000195,4.221000195,4.248619
2/17/2018 16:00,4.150000095,4.150000095,4.11837
2/17/2018 17:00,3.236000061,3.236000061,3.9828238
2/17/2018 18:00,2.743999958,2.743999958,3.2786725
2/17/2018 19:00,2.602999926,2.602999926,3.045654
2/17/2018 20:00,2.602999926,2.602999926,2.780897
2/17/2018 21:00,2.532000065,2.532000065,2.8231602
2/17/2018 22:00,2.461999893,2.461999893,2.844891
2/17/2018 23:00,2.39199996,2.39199996,2.747684
2/18/2018 0:00,2.109999895,2.109999895,2.7039673
2/18/2018 1:00,2.180999994,2.180999994,2.236546
2/18/2018 2:00,2.250999928,2.250999928,2.5670652
2/18/2018 3:00,2.532000065,2.532000065,2.567392
2/18/2018 4:00,3.095000029,3.095000029,2.787928
2/18/2018 5:00,3.799000025,3.799000025,3.200438
2/18/2018 6:00,2.250999928,2.250999928,3.8994691
2/18/2018 7:00,4.150000095,4.150000095,2.5739923
2/18/2018 8:00,4.290999889,4.290999889,3.8611703
2/18/2018 9:00,4.854000092,4.854000092,4.2352214
2/18/2018 10:00,5.065000057,5.065000057,4.9232006
2/18/2018 11:00,4.994999886,4.994999886,5.1331797
2/18/2018 12:00,4.643000126,4.643000126,5.1012964
2/18/2018 13:00,4.501999855,4.501999855,4.820012
2/18/2018 14:00,2.743999958,2.743999958,4.760379
2/18/2018 15:00,2.39199996,2.39199996,3.325384
2/18/2018 16:00,3.025000095,3.025000095,2.6187737
2/18/2018 17:00,1.547999978,1.547999978,3.2237775
2/18/2018 18:00,2.039999962,2.039999962,1.8018732
2/18/2018 19:00,2.673000097,2.673000097,2.2550757
2/18/2018 20:00,2.602999926,2.602999926,2.7833078
2/18/2018 21:00,2.250999928,2.250999928,2.8045382
2/18/2018 22:00,2.039999962,2.039999962,2.477049
2/18/2018 23:00,1.337000012,1.337000012,2.4157405
2/19/2018 0:00,2.039999962,2.039999962,1.8616847
2/19/2018 1:00,2.321000099,2.321000099,2.3669643
2/19/2018 2:00,2.954999924,2.954999924,2.6599207
2/19/2018 3:00,3.727999926,3.727999926,3.08649
2/19/2018 4:00,3.236000061,3.236000061,3.7773006
2/19/2018 5:00,2.954999924,2.954999924,3.464116
2/19/2018 6:00,3.095000029,3.095000029,3.154973
2/19/2018 7:00,2.39199996,2.39199996,3.1946702
2/19/2018 8:00,2.39199996,2.39199996,2.5955584
2/19/2018 9:00,1.547999978,1.547999978,2.6147528
2/19/2018 10:00,0.563000023,0.563000023,1.7456101
2/19/2018 11:00,0.773999989,0.773999989,0.8038809
2/19/2018 12:00,2.39199996,2.39199996,0.6023129
2/19/2018 13:00,2.109999895,2.109999895,2.1295192
2/19/2018 14:00,2.954999924,2.954999924,2.0794804
2/19/2018 15:00,2.954999924,2.954999924,3.1156356
2/19/2018 16:00,2.884000063,2.884000063,3.1152575
2/19/2018 17:00,3.025000095,3.025000095,3.1169758
2/19/2018 18:00,3.025000095,3.025000095,3.0899744
2/19/2018 19:00,3.51699996,3.51699996,3.0268803
2/19/2018 20:00,3.305999994,3.305999994,3.4316025
2/19/2018 21:00,3.657999992,3.657999992,3.532752
2/19/2018 22:00,3.447000027,3.447000027,3.5936625
2/19/2018 23:00,3.727999926,3.727999926,3.5484695
2/20/2018 0:00,3.799000025,3.799000025,3.9129717
2/20/2018 1:00,4.079999924,4.079999924,3.891853
2/20/2018 2:00,3.447000027,3.447000027,3.9534764
2/20/2018 3:00,3.657999992,3.657999992,3.5810754
2/20/2018 4:00,3.236000061,3.236000061,3.6258862
2/20/2018 5:00,3.51699996,3.51699996,3.3830242
2/20/2018 6:00,2.813999891,2.813999891,3.5005493
2/20/2018 7:00,2.461999893,2.461999893,3.2712195
2/20/2018 8:00,2.673000097,2.673000097,2.8351095
2/20/2018 9:00,2.673000097,2.673000097,2.859332
2/20/2018 10:00,1.970000029,1.970000029,2.853889
2/20/2018 11:00,0.703000009,0.703000009,2.2541132
2/20/2018 12:00,0.0,0.0,0.8967456
2/20/2018 13:00,0.0,0.0,0.62148476
2/20/2018 14:00,0.0,0.0,0.47709405
2/20/2018 15:00,0.633000016,0.633000016,0.4063835
2/20/2018 16:00,0.0,0.0,0.4346945
2/20/2018 17:00,0.0,0.0,0.42738864
2/20/2018 18:00,0.0,0.0,0.3688538
2/20/2018 19:00,0.0,0.0,0.34952733
2/20/2018 20:00,0.0,0.0,0.30377406
2/20/2018 21:00,1.899000049,1.899000049,0.29003423
2/20/2018 22:00,2.180999994,2.180999994,1.7808703
2/20/2018 23:00,2.321000099,2.321000099,2.0723214
2/21/2018 0:00,2.532000065,2.532000065,2.5761564
2/21/2018 1:00,2.461999893,2.461999893,2.6897047
2/21/2018 2:00,2.813999891,2.813999891,2.7362146
2/21/2018 3:00,2.461999893,2.461999893,2.8462431
2/21/2018 4:00,2.602999926,2.602999926,2.6977866
2/21/2018 5:00,2.532000065,2.532000065,2.6942234
2/21/2018 6:00,2.461999893,2.461999893,2.7099848
2/21/2018 7:00,2.673000097,2.673000097,2.6966217
2/21/2018 8:00,2.813999891,2.813999891,2.7566817
2/21/2018 9:00,2.743999958,2.743999958,2.981758
2/21/2018 10:00,2.743999958,2.743999958,3.0494032
2/21/2018 11:00,2.884000063,2.884000063,3.02327
2/21/2018 12:00,2.602999926,2.602999926,3.1474326
2/21/2018 13:00,2.743999958,2.743999958,2.8146858
2/21/2018 14:00,2.532000065,2.532000065,3.0667894
2/21/2018 15:00,2.954999924,2.954999924,2.80126
2/21/2018 16:00,2.884000063,2.884000063,3.1402593
2/21/2018 17:00,3.165999889,3.165999889,3.165932
2/21/2018 18:00,3.236000061,3.236000061,3.3752246
2/21/2018 19:00,3.868999958,3.868999958,3.409177
2/21/2018 20:00,4.221000195,4.221000195,3.8917913
2/21/2018 21:00,5.346000195,5.346000195,4.313887
2/21/2018 22:00,5.346000195,5.346000195,5.459105
2/21/2018 23:00,5.205999851,5.205999851,5.580791
2/22/2018 0:00,5.205999851,5.205999851,5.24229
2/22/2018 1:00,5.486999989,5.486999989,5.243553
2/22/2018 2:00,5.205999851,5.205999851,5.5081363
2/22/2018 3:00,4.854000092,4.854000092,5.3024144
2/22/2018 4:00,4.923999786,4.923999786,4.986775
2/22/2018 5:00,4.994999886,4.994999886,4.9592032
2/22/2018 6:00,4.78399992,4.78399992,4.97055
2/22/2018 7:00,4.78399992,4.78399992,4.9486976
2/22/2018 8:00,5.205999851,5.205999851,4.9466205
2/22/2018 9:00,5.276000023,5.276000023,5.3263783
2/22/2018 10:00,4.643000126,4.643000126,5.325028
2/22/2018 11:00,5.346000195,5.346000195,4.8060975
2/22/2018 12:00,4.923999786,4.923999786,5.4978514
2/22/2018 13:00,4.361999989,4.361999989,4.990894
2/22/2018 14:00,5.55700016,5.55700016,4.381466
2/22/2018 15:00,4.78399992,4.78399992,5.4856663
2/22/2018 16:00,4.43200016,4.43200016,5.0995207
2/22/2018 17:00,4.43200016,4.43200016,4.422155
2/22/2018 18:00,5.55700016,5.55700016,4.3644757
2/22/2018 19:00,4.643000126,4.643000126,5.4851117
2/22/2018 20:00,4.854000092,4.854000092,4.8544674
2/22/2018 21:00,5.416999817,5.416999817,4.8424673
2/22/2018 22:00,5.276000023,5.276000023,5.5506616
2/22/2018 23:00,5.697999954,5.697999954,5.210974
2/23/2018 0:00,5.697999954,5.697999954,5.605575
2/23/2018 1:00,4.994999886,4.994999886,5.6092415
2/23/2018 2:00,4.994999886,4.994999886,5.2536044
2/23/2018 3:00,5.276000023,5.276000023,5.2270136
2/23/2018 4:00,4.501999855,4.501999855,5.18652
2/23/2018 5:00,4.501999855,4.501999855,4.7479634
2/23/2018 6:00,4.221000195,4.221000195,4.676745
2/23/2018 7:00,3.938999891,3.938999891,4.364359
2/23/2018 8:00,4.854000092,4.854000092,4.057446
2/23/2018 9:00,4.643000126,4.643000126,4.7532806
2/23/2018 10:00,5.839000225,5.839000225,4.8278203
2/23/2018 11:00,5.768000126,5.768000126,5.868209
2/23/2018 12:00,5.627999783,5.627999783,6.017872
2/23/2018 13:00,4.854000092,4.854000092,5.635233
2/23/2018 14:00,8.37100029,8.37100029,4.9273744
2/23/2018 15:00,6.894000053,6.894000053,7.9633856
2/23/2018 16:00,7.386000156,7.386000156,7.0586433
2/23/2018 17:00,7.105000019,7.105000019,7.1875086
2/23/2018 18:00,7.737999916,7.737999916,7.157023
2/23/2018 19:00,6.894000053,6.894000053,7.6331763
2/23/2018 20:00,6.119999886,6.119999886,7.0426655
2/23/2018 21:00,5.768000126,5.768000126,6.440718
2/23/2018 22:00,5.346000195,5.346000195,6.0806293
2/23/2018 23:00,5.135000229,5.135000229,5.4316154
2/24/2018 0:00,5.486999989,5.486999989,5.4661717
2/24/2018 1:00,4.994999886,4.994999886,5.6701283
2/24/2018 2:00,5.065000057,5.065000057,5.1680627
2/24/2018 3:00,4.923999786,4.923999786,5.1270695
2/24/2018 4:00,4.854000092,4.854000092,5.097352
2/24/2018 5:00,4.854000092,4.854000092,5.0671263
2/24/2018 6:00,5.416999817,5.416999817,5.0535107
2/24/2018 7:00,4.361999989,4.361999989,5.4589133
2/24/2018 8:00,5.135000229,5.135000229,4.4946322
2/24/2018 9:00,5.346000195,5.346000195,5.392608
2/24/2018 10:00,6.330999851,6.330999851,5.410966
2/24/2018 11:00,5.205999851,5.205999851,6.2648244
2/24/2018 12:00,4.572999954,4.572999954,5.6035876
2/24/2018 13:00,4.361999989,4.361999989,4.888204
2/24/2018 14:00,4.994999886,4.994999886,4.3680787
2/24/2018 15:00,4.994999886,4.994999886,4.9487796
2/24/2018 16:00,4.43200016,4.43200016,5.039388
2/24/2018 17:00,4.78399992,4.78399992,4.437261
2/24/2018 18:00,5.979000092,5.979000092,4.866847
2/24/2018 19:00,5.768000126,5.768000126,5.7820582
2/24/2018 20:00,5.627999783,5.627999783,5.8786635
2/24/2018 21:00,5.486999989,5.486999989,5.540058
2/24/2018 22:00,4.361999989,4.361999989,5.5092707
2/24/2018 23:00,4.643000126,4.643000126,4.469412
2/25/2018 0:00,3.868999958,3.868999958,4.754505
2/25/2018 1:00,3.868999958,3.868999958,4.1167617
2/25/2018 2:00,3.305999994,3.305999994,4.026239
2/25/2018 3:00,3.447000027,3.447000027,3.5661726
2/25/2018 4:00,3.305999994,3.305999994,3.457871
2/25/2018 5:00,2.743999958,2.743999958,3.523972
2/25/2018 6:00,3.165999889,3.165999889,2.942928
2/25/2018 7:00,4.079999924,4.079999924,3.402146
2/25/2018 8:00,3.657999992,3.657999992,3.944102
2/25/2018 9:00,2.813999891,2.813999891,3.6502547
2/25/2018 10:00,3.305999994,3.305999994,3.1265078
2/25/2018 11:00,4.43200016,4.43200016,3.3943691
2/25/2018 12:00,5.205999851,5.205999851,4.203026
2/25/2018 13:00,4.994999886,4.994999886,5.0904975
2/25/2018 14:00,5.276000023,5.276000023,4.9523964
2/25/2018 15:00,5.205999851,5.205999851,5.205656
2/25/2018 16:00,4.854000092,4.854000092,5.2057085
2/25/2018 17:00,5.55700016,5.55700016,4.900553
2/25/2018 18:00,5.979000092,5.979000092,5.4915404
2/25/2018 19:00,4.994999886,4.994999886,5.927749
2/25/2018 20:00,5.346000195,5.346000195,5.2983813
2/25/2018 21:00,5.205999851,5.205999851,5.4600897
2/25/2018 22:00,5.135000229,5.135000229,5.381334
2/25/2018 23:00,4.923999786,4.923999786,5.383129
2/26/2018 0:00,5.135000229,5.135000229,4.9856987
2/26/2018 1:00,4.643000126,4.643000126,5.346965
2/26/2018 2:00,4.501999855,4.501999855,4.848095
2/26/2018 3:00,4.572999954,4.572999954,4.799431
2/26/2018 4:00,4.643000126,4.643000126,4.7743025
2/26/2018 5:00,4.501999855,4.501999855,4.7905984
2/26/2018 6:00,4.150000095,4.150000095,4.8189187
2/26/2018 7:00,4.572999954,4.572999954,4.1054244
2/26/2018 8:00,4.712999821,4.712999821,4.719343
2/26/2018 9:00,5.346000195,5.346000195,4.8008857
2/26/2018 10:00,6.190999985,6.190999985,5.362481
2/26/2018 11:00,6.330999851,6.330999851,6.1892853
2/26/2018 12:00,5.979000092,5.979000092,6.287851
2/26/2018 13:00,6.752999783,6.752999783,5.9695635
2/26/2018 14:00,7.809000015,7.809000015,6.5397186
2/26/2018 15:00,8.159999847,8.159999847,7.7576566
2/26/2018 16:00,8.230999947,8.230999947,7.9654875
2/26/2018 17:00,8.37100029,8.37100029,8.189774
2/26/2018 18:00,8.159999847,8.159999847,8.269609
2/26/2018 19:00,7.315999985,7.315999985,8.154795
2/26/2018 20:00,6.40199995,6.40199995,7.365574
2/26/2018 21:00,6.119999886,6.119999886,6.5534306
2/26/2018 22:00,5.768000126,5.768000126,6.3839083
2/26/2018 23:00,5.839000225,5.839000225,6.0288167
2/27/2018 0:00,5.697999954,5.697999954,5.942021
2/27/2018 1:00,5.416999817,5.416999817,5.688128
2/27/2018 2:00,5.768000126,5.768000126,5.5749116
2/27/2018 3:00,5.346000195,5.346000195,5.96227
2/27/2018 4:00,5.627999783,5.627999783,5.563591
2/27/2018 5:00,4.994999886,4.994999886,5.6508036
2/27/2018 6:00,5.205999851,5.205999851,5.1067038
2/27/2018 7:00,5.135000229,5.135000229,5.373308
2/27/2018 8:00,5.55700016,5.55700016,5.353148
2/27/2018 9:00,5.135000229,5.135000229,5.465194
2/27/2018 10:00,5.346000195,5.346000195,5.412703
2/27/2018 11:00,5.346000195,5.346000195,5.4762287
2/27/2018 12:00,6.330999851,6.330999851,5.501254
2/27/2018 13:00,7.456999779,7.456999779,6.2404113
2/27/2018 14:00,7.245999813,7.245999813,7.4164376
2/27/2018 15:00,7.315999985,7.315999985,7.360642
2/27/2018 16:00,7.668000221,7.668000221,7.3315215
2/27/2018 17:00,7.315999985,7.315999985,7.467437
2/27/2018 18:00,5.697999954,5.697999954,7.4099293
2/27/2018 19:00,4.854000092,4.854000092,5.7798743
2/27/2018 20:00,3.165999889,3.165999889,5.1055393
2/27/2018 21:00,1.828999996,1.828999996,3.6638944
2/27/2018 22:00,1.476999998,1.476999998,2.247975
2/27/2018 23:00,2.39199996,2.39199996,1.7590458
2/28/2018 0:00,2.39199996,2.39199996,2.7845676
2/28/2018 1:00,2.884000063,2.884000063,2.785353
2/28/2018 2:00,3.588000059,3.588000059,3.1540835
2/28/2018 3:00,3.377000093,3.377000093,3.4803276
2/28/2018 4:00,2.743999958,2.743999958,3.5785336
2/28/2018 5:00,3.165999889,3.165999889,3.1612704
2/28/2018 6:00,3.095000029,3.095000029,3.4275
2/28/2018 7:00,3.025000095,3.025000095,3.105084
2/28/2018 8:00,2.109999895,2.109999895,3.0942936
2/28/2018 9:00,1.266000032,1.266000032,2.2004602
2/28/2018 10:00,2.039999962,2.039999962,1.7013149
2/28/2018 11:00,1.970000029,1.970000029,2.27513
2/28/2018 12:00,2.743999958,2.743999958,2.3094563
2/28/2018 13:00,3.025000095,3.025000095,2.9191468
2/28/2018 14:00,3.025000095,3.025000095,3.208411
2/28/2018 15:00,3.868999958,3.868999958,3.1965394
2/28/2018 16:00,4.501999855,4.501999855,3.9099271
2/28/2018 17:00,5.205999851,5.205999851,4.692658
2/28/2018 18:00,5.839000225,5.839000225,5.228365
2/28/2018 19:00,5.768000126,5.768000126,5.8138356
2/28/2018 20:00,5.276000023,5.276000023,5.875656
2/28/2018 21:00,4.994999886,4.994999886,5.27061
2/28/2018 22:00,5.697999954,5.697999954,4.9538627
2/28/2018 23:00,5.979000092,5.979000092,5.737857
3/1/2018 0:00,5.486999989,5.486999989,5.8213224
3/1/2018 1:00,5.346000195,5.346000195,5.566113
3/1/2018 2:00,5.627999783,5.627999783,5.4954414
3/1/2018 3:00,5.768000126,5.768000126,5.490922
3/1/2018 4:00,4.923999786,4.923999786,5.818312
3/1/2018 5:00,5.697999954,5.697999954,5.0400224
3/1/2018 6:00,5.839000225,5.839000225,5.8032856
3/1/2018 7:00,4.150000095,4.150000095,5.8267913
3/1/2018 8:00,4.361999989,4.361999989,4.287309
3/1/2018 9:00,4.572999954,4.572999954,4.2771435
3/1/2018 10:00,4.43200016,4.43200016,4.764537
3/1/2018 11:00,4.572999954,4.572999954,4.368962
3/1/2018 12:00,4.221000195,4.221000195,4.768873
3/1/2018 13:00,3.51699996,3.51699996,4.365185
3/1/2018 14:00,3.236000061,3.236000061,3.5282176
3/1/2018 15:00,3.095000029,3.095000029,3.530386
3/1/2018 16:00,2.884000063,2.884000063,3.1701803
3/1/2018 17:00,2.602999926,2.602999926,3.1800632
3/1/2018 18:00,2.954999924,2.954999924,2.8524745
3/1/2018 19:00,2.461999893,2.461999893,3.1626968
3/1/2018 20:00,2.743999958,2.743999958,2.8417892
3/1/2018 21:00,2.109999895,2.109999895,3.0454535
3/1/2018 22:00,2.321000099,2.321000099,2.3044453
3/1/2018 23:00,2.673000097,2.673000097,2.6505702
3/2/2018 0:00,2.180999994,2.180999994,2.8498545
3/2/2018 1:00,0.0,0.0,2.287806
3/2/2018 2:00,0.843999982,0.843999982,0.849286
3/2/2018 3:00,-0.492000014,-0.492000014,1.2037638
3/2/2018 4:00,0.985000014,0.985000014,0.06869839
3/2/2018 5:00,2.039999962,2.039999962,0.9790652
3/2/2018 6:00,2.039999962,2.039999962,2.0794232
3/2/2018 7:00,1.687999964,1.687999964,2.167514
3/2/2018 8:00,1.758999944,1.758999944,2.0018096
3/2/2018 9:00,1.899000049,1.899000049,2.036709
3/2/2018 10:00,2.321000099,2.321000099,2.1486988
3/2/2018 11:00,2.321000099,2.321000099,2.4720888
3/2/2018 12:00,2.884000063,2.884000063,2.3693101
3/2/2018 13:00,3.165999889,3.165999889,3.0876346
3/2/2018 14:00,3.165999889,3.165999889,3.216227
3/2/2018 15:00,3.236000061,3.236000061,3.230516
3/2/2018 16:00,3.727999926,3.727999926,3.24173
3/2/2018 17:00,3.657999992,3.657999992,3.5904746
3/2/2018 18:00,4.150000095,4.150000095,3.6900806
3/2/2018 19:00,4.361999989,4.361999989,4.0343513
3/2/2018 20:00,4.150000095,4.150000095,4.2713356
3/2/2018 21:00,4.150000095,4.150000095,4.08835
3/2/2018 22:00,4.501999855,4.501999855,4.095092
3/2/2018 23:00,4.079999924,4.079999924,4.633676
3/3/2018 0:00,1.19599998,1.19599998,4.1033177
3/3/2018 1:00,1.476999998,1.476999998,1.4993281
3/3/2018 2:00,3.51699996,3.51699996,1.7386228
3/3/2018 3:00,4.923999786,4.923999786,3.6592653
3/3/2018 4:00,5.065000057,5.065000057,4.9267144
3/3/2018 5:00,4.994999886,4.994999886,5.298539
3/3/2018 6:00,4.221000195,4.221000195,4.956979
3/3/2018 7:00,4.43200016,4.43200016,4.4006124
3/3/2018 8:00,4.643000126,4.643000126,4.3494487
3/3/2018 9:00,5.205999851,5.205999851,4.7007575
3/3/2018 10:00,5.697999954,5.697999954,5.2699666
3/3/2018 11:00,6.823999882,6.823999882,5.4804835
3/3/2018 12:00,6.964000225,6.964000225,6.7492414
3/3/2018 13:00,7.597000122,7.597000122,6.921214
3/3/2018 14:00,8.020000458,8.020000458,7.600515
3/3/2018 15:00,7.668000221,7.668000221,7.99216
3/3/2018 16:00,7.52699995,7.52699995,7.6945195
3/3/2018 17:00,7.456999779,7.456999779,7.682951
3/3/2018 18:00,6.964000225,6.964000225,7.509334
3/3/2018 19:00,6.330999851,6.330999851,7.0303617
3/3/2018 20:00,6.330999851,6.330999851,6.3782625
3/3/2018 21:00,6.190999985,6.190999985,6.406306
3/3/2018 22:00,5.768000126,5.768000126,6.368725
3/3/2018 23:00,5.486999989,5.486999989,6.0148435
3/4/2018 0:00,5.90899992,5.90899992,5.578663
3/4/2018 1:00,5.768000126,5.768000126,5.9568143
3/4/2018 2:00,5.065000057,5.065000057,6.0305347
3/4/2018 3:00,5.135000229,5.135000229,5.485678
3/4/2018 4:00,5.135000229,5.135000229,5.4519906
3/4/2018 5:00,5.065000057,5.065000057,5.3870215
3/4/2018 6:00,4.78399992,4.78399992,5.3950734
3/4/2018 7:00,5.065000057,5.065000057,5.0129623
3/4/2018 8:00,5.627999783,5.627999783,5.2893243
3/4/2018 9:00,6.472000122,6.472000122,5.553079
3/4/2018 10:00,8.090000153,8.090000153,6.365553
3/4/2018 11:00,9.145000458,9.145000458,7.843272
3/4/2018 12:00,9.708000183,9.708000183,8.9301815
3/4/2018 13:00,9.496999741,9.496999741,9.6563635
3/4/2018 14:00,8.722999573,8.722999573,9.656309
3/4/2018 15:00,7.879000187,7.879000187,8.798574
3/4/2018 16:00,7.456999779,7.456999779,7.892104
3/4/2018 17:00,6.612999916,6.612999916,7.493494
3/4/2018 18:00,5.205999851,5.205999851,6.76528
3/4/2018 19:00,4.501999855,4.501999855,5.5309973
3/4/2018 20:00,1.547999978,1.547999978,4.8563704
3/4/2018 21:00,0.0,0.0,2.0044498
3/4/2018 22:00,3.588000059,3.588000059,0.7651571
3/4/2018 23:00,1.337000012,1.337000012,3.2818072
3/5/2018 0:00,0.773999989,0.773999989,1.9119388
3/5/2018 1:00,0.0,0.0,1.4950603
3/5/2018 2:00,1.970000029,1.970000029,0.9200277
3/5/2018 3:00,2.250999928,2.250999928,1.9654934
3/5/2018 4:00,1.406999946,1.406999946,2.3301377
3/5/2018 5:00,1.337000012,1.337000012,1.8310788
3/5/2018 6:00,2.321000099,2.321000099,1.801677
3/5/2018 7:00,2.532000065,2.532000065,2.387365
3/5/2018 8:00,1.899000049,1.899000049,2.739831
3/5/2018 9:00,1.970000029,1.970000029,2.2172637
3/5/2018 10:00,2.884000063,2.884000063,2.1674542
3/5/2018 11:00,3.588000059,3.588000059,3.089311
3/5/2018 12:00,3.727999926,3.727999926,3.6068711
3/5/2018 13:00,3.938999891,3.938999891,3.747363
3/5/2018 14:00,5.205999851,5.205999851,3.9471154
3/5/2018 15:00,4.854000092,4.854000092,5.1988893
3/5/2018 16:00,4.501999855,4.501999855,4.9365587
3/5/2018 17:00,4.290999889,4.290999889,4.741008
3/5/2018 18:00,4.923999786,4.923999786,4.2971177
3/5/2018 19:00,4.712999821,4.712999821,4.879032
3/5/2018 20:00,3.588000059,3.588000059,4.95889
3/5/2018 21:00,3.377000093,3.377000093,3.8024473
3/5/2018 22:00,3.305999994,3.305999994,3.4251442
3/5/2018 23:00,3.025000095,3.025000095,3.4326885
3/6/2018 0:00,3.025000095,3.025000095,3.2375863
3/6/2018 1:00,2.673000097,2.673000097,3.1293445
3/6/2018 2:00,2.39199996,2.39199996,2.780536
3/6/2018 3:00,1.899000049,1.899000049,2.7855797
3/6/2018 4:00,2.109999895,2.109999895,2.2714899
3/6/2018 5:00,1.970000029,1.970000029,2.2850118
3/6/2018 6:00,2.461999893,2.461999893,2.2518399
3/6/2018 7:00,1.970000029,1.970000029,2.752127
3/6/2018 8:00,1.406999946,1.406999946,2.2645252
3/6/2018 9:00,1.406999946,1.406999946,1.8743955
3/6/2018 10:00,2.180999994,2.180999994,1.8566058
3/6/2018 11:00,1.828999996,1.828999996,2.4037523
3/6/2018 12:00,2.250999928,2.250999928,2.2413864
3/6/2018 13:00,2.321000099,2.321000099,2.354657
3/6/2018 14:00,2.532000065,2.532000065,2.5782013
3/6/2018 15:00,3.025000095,3.025000095,2.7787106
3/6/2018 16:00,2.954999924,2.954999924,3.1187267
3/6/2018 17:00,2.884000063,2.884000063,3.1310613
3/6/2018 18:00,2.813999891,2.813999891,3.1035547
3/6/2018 19:00,2.109999895,2.109999895,2.9903858
3/6/2018 20:00,1.828999996,1.828999996,2.1954014
3/6/2018 21:00,1.476999998,1.476999998,2.254742
3/6/2018 22:00,1.758999944,1.758999944,1.8307137
3/6/2018 23:00,1.828999996,1.828999996,1.9238447
3/7/2018 0:00,1.970000029,1.970000029,2.237844
3/7/2018 1:00,1.899000049,1.899000049,2.204523
3/7/2018 2:00,0.773999989,0.773999989,2.220141
3/7/2018 3:00,-0.843999982,-0.843999982,1.428024
3/7/2018 4:00,-0.633000016,-0.633000016,0.20225684
3/7/2018 5:00,-0.915000021,-0.915000021,-0.29066032
3/7/2018 6:00,0.0,0.0,-0.50879204
3/7/2018 7:00,-0.492000014,-0.492000014,0.1740959
3/7/2018 8:00,-0.773999989,-0.773999989,-0.30846658
3/7/2018 9:00,-0.563000023,-0.563000023,-0.4457622
3/7/2018 10:00,0.0,0.0,-0.42177713
3/7/2018 11:00,1.19599998,1.19599998,0.19690503
3/7/2018 12:00,0.0,0.0,1.3833708
3/7/2018 13:00,0.633000016,0.633000016,0.63578063
3/7/2018 14:00,1.828999996,1.828999996,0.45251814
3/7/2018 15:00,1.547999978,1.547999978,1.6674616
3/7/2018 16:00,1.828999996,1.828999996,1.7047198
3/7/2018 17:00,1.687999964,1.687999964,2.0872192
3/7/2018 18:00,2.109999895,2.109999895,1.8557171
3/7/2018 19:00,1.828999996,1.828999996,2.2018557
3/7/2018 20:00,2.180999994,2.180999994,2.1224563
3/7/2018 21:00,2.180999994,2.180999994,2.2017186
3/7/2018 22:00,2.039999962,2.039999962,2.21449
3/7/2018 23:00,2.743999958,2.743999958,2.2114475
3/8/2018 0:00,2.673000097,2.673000097,2.9522858
3/8/2018 1:00,2.532000065,2.532000065,2.72758
3/8/2018 2:00,2.743999958,2.743999958,2.7348936
3/8/2018 3:00,4.221000195,4.221000195,2.9350758
3/8/2018 4:00,3.799000025,3.799000025,4.1366067
3/8/2018 5:00,4.150000095,4.150000095,3.9339454
3/8/2018 6:00,2.884000063,2.884000063,4.008801
3/8/2018 7:00,4.010000229,4.010000229,3.2314892
3/8/2018 8:00,3.377000093,3.377000093,3.9028156
3/8/2018 9:00,3.377000093,3.377000093,3.3974376
3/8/2018 10:00,3.657999992,3.657999992,3.431852
3/8/2018 11:00,4.150000095,4.150000095,3.7477188
3/8/2018 12:00,4.501999855,4.501999855,4.0355887
3/8/2018 13:00,4.854000092,4.854000092,4.6193485
3/8/2018 14:00,5.416999817,5.416999817,4.921164
3/8/2018 15:00,4.572999954,4.572999954,5.4193597
3/8/2018 16:00,4.572999954,4.572999954,4.745431
3/8/2018 17:00,4.501999855,4.501999855,4.6883535
3/8/2018 18:00,4.712999821,4.712999821,4.6767163
3/8/2018 19:00,4.712999821,4.712999821,4.9367347
3/8/2018 20:00,4.712999821,4.712999821,4.913658
3/8/2018 21:00,5.065000057,5.065000057,4.919961
3/8/2018 22:00,4.712999821,4.712999821,5.295755
3/8/2018 23:00,4.643000126,4.643000126,4.834901
3/9/2018 0:00,4.501999855,4.501999855,4.6993203
3/9/2018 1:00,5.205999851,5.205999851,4.6992097
3/9/2018 2:00,4.923999786,4.923999786,5.1981735
3/9/2018 3:00,5.276000023,5.276000023,5.1975045
3/9/2018 4:00,4.150000095,4.150000095,5.17472
3/9/2018 5:00,4.150000095,4.150000095,4.117842
3/9/2018 6:00,3.799000025,3.799000025,4.032975
3/9/2018 7:00,4.010000229,4.010000229,4.020979
3/9/2018 8:00,4.643000126,4.643000126,4.008348
3/9/2018 9:00,4.079999924,4.079999924,4.655576
3/9/2018 10:00,5.697999954,5.697999954,4.0999813
3/9/2018 11:00,5.697999954,5.697999954,5.6369553
3/9/2018 12:00,5.205999851,5.205999851,5.700151
3/9/2018 13:00,5.486999989,5.486999989,5.197299
3/9/2018 14:00,6.612999916,6.612999916,5.3851633
3/9/2018 15:00,6.964000225,6.964000225,6.3982825
3/9/2018 16:00,6.964000225,6.964000225,6.918018
3/9/2018 17:00,7.034999847,7.034999847,6.9368267
3/9/2018 18:00,6.612999916,6.612999916,6.9773645
3/9/2018 19:00,5.697999954,5.697999954,6.594555
3/9/2018 20:00,5.486999989,5.486999989,5.892781
3/9/2018 21:00,5.135000229,5.135000229,5.4192357
3/9/2018 22:00,5.346000195,5.346000195,5.2237024
3/9/2018 23:00,4.78399992,4.78399992,5.432543
3/10/2018 0:00,4.854000092,4.854000092,4.881652
3/10/2018 1:00,5.065000057,5.065000057,4.857216
3/10/2018 2:00,4.643000126,4.643000126,5.2277055
3/10/2018 3:00,4.78399992,4.78399992,4.7811804
3/10/2018 4:00,4.643000126,4.643000126,4.866373
3/10/2018 5:00,4.501999855,4.501999855,4.7456136
3/10/2018 6:00,4.43200016,4.43200016,4.723984
3/10/2018 7:00,4.572999954,4.572999954,4.494677
3/10/2018 8:00,5.276000023,5.276000023,4.7220354
3/10/2018 9:00,5.55700016,5.55700016,5.182041
3/10/2018 10:00,6.964000225,6.964000225,5.4854393
3/10/2018 11:00,6.472000122,6.472000122,6.7400002
3/10/2018 12:00,6.541999817,6.541999817,6.4616027
3/10/2018 13:00,7.245999813,7.245999813,6.6336117
3/10/2018 14:00,9.355999947,9.355999947,7.284548
3/10/2018 15:00,8.512000084,8.512000084,9.036012
3/10/2018 16:00,9.355999947,9.355999947,8.68125
3/10/2018 17:00,9.708000183,9.708000183,9.296368
3/10/2018 18:00,8.86400032,8.86400032,9.578782
3/10/2018 19:00,8.020000458,8.020000458,8.845863
3/10/2018 20:00,7.034999847,7.034999847,8.038697
3/10/2018 21:00,6.823999882,6.823999882,7.0990467
3/10/2018 22:00,6.612999916,6.612999916,6.8356924
3/10/2018 23:00,6.40199995,6.40199995,6.6644745
3/11/2018 0:00,6.683000088,6.683000088,6.5401344
3/11/2018 1:00,6.823999882,6.823999882,6.7625346
3/11/2018 2:00,6.894000053,6.894000053,7.025878
3/11/2018 3:00,6.894000053,6.894000053,7.0183825
3/11/2018 4:00,6.330999851,6.330999851,7.0066953
3/11/2018 5:00,6.330999851,6.330999851,6.498899
3/11/2018 6:00,6.612999916,6.612999916,6.492786
3/11/2018 7:00,5.627999783,5.627999783,6.659585
3/11/2018 8:00,5.839000225,5.839000225,5.6681786
3/11/2018 9:00,5.697999954,5.697999954,6.0246058
3/11/2018 10:00,7.034999847,7.034999847,5.796442
3/11/2018 11:00,6.683000088,6.683000088,6.8498135
3/11/2018 12:00,7.737999916,7.737999916,6.7848544
3/11/2018 13:00,8.300999641,8.300999641,7.671824
3/11/2018 14:00,10.3409996,10.3409996,8.234183
3/11/2018 15:00,9.918999672,9.918999672,10.068573
3/11/2018 16:00,9.708000183,9.708000183,9.854251
3/11/2018 17:00,9.708000183,9.708000183,9.647492
3/11/2018 18:00,8.934000015,8.934000015,9.670987
3/11/2018 19:00,8.512000084,8.512000084,8.791606
3/11/2018 20:00,8.37100029,8.37100029,8.784062
3/11/2018 21:00,7.879000187,7.879000187,8.406757
3/11/2018 22:00,7.52699995,7.52699995,7.8947873
3/11/2018 23:00,7.668000221,7.668000221,7.595449
3/12/2018 0:00,8.020000458,8.020000458,7.807434
3/12/2018 1:00,7.948999882,7.948999882,8.116156
3/12/2018 2:00,7.597000122,7.597000122,8.10326
3/12/2018 3:00,7.668000221,7.668000221,7.795245
3/12/2018 4:00,7.948999882,7.948999882,7.7943788
3/12/2018 5:00,8.159999847,8.159999847,8.102884
3/12/2018 6:00,7.668000221,7.668000221,8.085004
3/12/2018 7:00,7.456999779,7.456999779,7.784078
3/12/2018 8:00,8.020000458,8.020000458,7.6110554
3/12/2018 9:00,8.300999641,8.300999641,8.084658
3/12/2018 10:00,8.86400032,8.86400032,8.264694
3/12/2018 11:00,8.722999573,8.722999573,8.814455
3/12/2018 12:00,9.00399971,9.00399971,8.8242035
3/12/2018 13:00,9.355999947,9.355999947,8.871325
3/12/2018 14:00,10.55200005,10.55200005,9.390387
3/12/2018 15:00,10.13000011,10.13000011,10.46024
3/12/2018 16:00,10.48200035,10.48200035,10.092988
3/12/2018 17:00,11.18500042,11.18500042,10.457466
3/12/2018 18:00,10.97399998,10.97399998,11.01877
3/12/2018 19:00,9.918999672,9.918999672,10.998158
3/12/2018 20:00,9.848999977,9.848999977,9.937293
3/12/2018 21:00,9.425999641,9.425999641,9.829476
3/12/2018 22:00,9.286000252,9.286000252,9.378095
3/12/2018 23:00,9.215000153,9.215000153,9.377806
3/13/2018 0:00,9.00399971,9.00399971,9.265634
3/13/2018 1:00,8.722999573,8.722999573,8.895777
3/13/2018 2:00,8.86400032,8.86400032,8.903079
3/13/2018 3:00,8.793000221,8.793000221,8.873555
3/13/2018 4:00,8.722999573,8.722999573,8.916516
3/13/2018 5:00,8.722999573,8.722999573,8.954894
3/13/2018 6:00,8.581999779,8.581999779,8.954793
3/13/2018 7:00,8.230999947,8.230999947,8.831106
3/13/2018 8:00,8.159999847,8.159999847,8.496195
3/13/2018 9:00,9.286000252,9.286000252,8.197831
3/13/2018 10:00,10.97399998,10.97399998,9.069929
3/13/2018 11:00,10.83300018,10.83300018,10.888212
3/13/2018 12:00,10.90400028,10.90400028,11.009768
3/13/2018 13:00,11.60700035,11.60700035,11.009713
3/13/2018 14:00,12.6619997,12.6619997,11.541541
3/13/2018 15:00,11.74800014,11.74800014,12.711408
3/13/2018 16:00,11.32600021,11.32600021,11.828755
3/13/2018 17:00,11.5369997,11.5369997,11.208066
3/13/2018 18:00,12.31099987,12.31099987,11.587869
3/13/2018 19:00,11.88899994,11.88899994,12.182437
3/13/2018 20:00,11.32600021,11.32600021,11.81871
3/13/2018 21:00,11.04399967,11.04399967,11.236814
3/13/2018 22:00,10.90400028,10.90400028,11.020532
3/13/2018 23:00,10.62199974,10.62199974,10.968727
3/14/2018 0:00,10.62199974,10.62199974,10.554205
3/14/2018 1:00,10.48200035,10.48200035,10.548061
3/14/2018 2:00,10.69299984,10.69299984,10.543197
3/14/2018 3:00,10.76299953,10.76299953,10.790651
3/14/2018 4:00,10.76299953,10.76299953,10.814513
3/14/2018 5:00,9.98900032,9.98900032,10.8144865
3/14/2018 6:00,10.62199974,10.62199974,10.158926
3/14/2018 7:00,10.19999981,10.19999981,10.465129
3/14/2018 8:00,10.48200035,10.48200035,10.310833
3/14/2018 9:00,10.83300018,10.83300018,10.495665
3/14/2018 10:00,10.76299953,10.76299953,10.9148245
3/14/2018 11:00,10.76299953,10.76299953,10.813002
3/14/2018 12:00,10.83300018,10.83300018,10.778998
3/14/2018 13:00,9.496999741,9.496999741,10.94508
3/14/2018 14:00,10.62199974,10.62199974,9.7380085
3/14/2018 15:00,10.69299984,10.69299984,10.467257
3/14/2018 16:00,10.76299953,10.76299953,10.748674
3/14/2018 17:00,10.19999981,10.19999981,10.737301
3/14/2018 18:00,10.48200035,10.48200035,10.180327
3/14/2018 19:00,9.777999878,9.777999878,10.50312
3/14/2018 20:00,9.637999535,9.637999535,9.945389
3/14/2018 21:00,9.496999741,9.496999741,9.685103
3/14/2018 22:00,9.567000389,9.567000389,9.684974
3/14/2018 23:00,9.425999641,9.425999641,9.674374
3/15/2018 0:00,9.708000183,9.708000183,9.426633
3/15/2018 1:00,9.708000183,9.708000183,9.677276
3/15/2018 2:00,9.567000389,9.567000389,9.668949
3/15/2018 3:00,9.496999741,9.496999741,9.6804285
3/15/2018 4:00,9.637999535,9.637999535,9.681219
3/15/2018 5:00,9.777999878,9.777999878,9.66154
3/15/2018 6:00,9.918999672,9.918999672,9.879725
3/15/2018 7:00,9.637999535,9.637999535,9.873905
3/15/2018 8:00,10.13000011,10.13000011,9.6607895
3/15/2018 9:00,10.13000011,10.13000011,10.0915785
3/15/2018 10:00,9.918999672,9.918999672,10.1201105
3/15/2018 11:00,9.708000183,9.708000183,9.915455
3/15/2018 12:00,10.62199974,10.62199974,9.658263
3/15/2018 13:00,10.83300018,10.83300018,10.43422
3/15/2018 14:00,10.90400028,10.90400028,10.932207
3/15/2018 15:00,10.83300018,10.83300018,10.977698
3/15/2018 16:00,11.67800045,11.67800045,10.959373
3/15/2018 17:00,11.88899994,11.88899994,11.765113
3/15/2018 18:00,11.60700035,11.60700035,11.839628
3/15/2018 19:00,7.668000221,7.668000221,11.558961
3/15/2018 20:00,2.321000099,2.321000099,8.062616
3/15/2018 21:00,0.985000014,0.985000014,3.3504262
3/15/2018 22:00,2.884000063,2.884000063,1.3122993
3/15/2018 23:00,1.687999964,1.687999964,3.2874458
3/16/2018 0:00,2.743999958,2.743999958,2.1476617
3/16/2018 1:00,2.250999928,2.250999928,3.140569
3/16/2018 2:00,1.828999996,1.828999996,2.5665913
3/16/2018 3:00,2.602999926,2.602999926,2.057864
3/16/2018 4:00,3.377000093,3.377000093,2.777977
3/16/2018 5:00,3.165999889,3.165999889,3.4183085
3/16/2018 6:00,3.305999994,3.305999994,3.3634834
3/16/2018 7:00,2.743999958,2.743999958,3.3427575
3/16/2018 8:00,1.899000049,1.899000049,3.1539679
3/16/2018 9:00,2.109999895,2.109999895,2.10901
3/16/2018 10:00,2.109999895,2.109999895,2.2163885
3/16/2018 11:00,3.025000095,3.025000095,2.2060387
3/16/2018 12:00,3.657999992,3.657999992,3.1240764
3/16/2018 13:00,4.010000229,4.010000229,3.5885272
3/16/2018 14:00,3.799000025,3.799000025,3.972583
3/16/2018 15:00,3.868999958,3.868999958,4.0114336
3/16/2018 16:00,4.290999889,4.290999889,4.0230665
3/16/2018 17:00,4.501999855,4.501999855,4.4038033
3/16/2018 18:00,4.78399992,4.78399992,4.700217
3/16/2018 19:00,4.994999886,4.994999886,4.7876945
3/16/2018 20:00,5.205999851,5.205999851,5.190045
3/16/2018 21:00,5.346000195,5.346000195,5.184835
3/16/2018 22:00,4.923999786,4.923999786,5.481978
3/16/2018 23:00,4.150000095,4.150000095,5.212596
3/17/2018 0:00,3.377000093,3.377000093,4.0920053
3/17/2018 1:00,3.165999889,3.165999889,3.6327555
3/17/2018 2:00,2.743999958,2.743999958,3.2903259
3/17/2018 3:00,3.025000095,3.025000095,3.0382495
3/17/2018 4:00,2.813999891,2.813999891,3.1878676
3/17/2018 5:00,2.743999958,2.743999958,2.9885945
3/17/2018 6:00,2.743999958,2.743999958,3.0285769
3/17/2018 7:00,2.321000099,2.321000099,3.0284767
3/17/2018 8:00,2.813999891,2.813999891,2.4875903
3/17/2018 9:00,3.095000029,3.095000029,2.9670355
3/17/2018 10:00,3.868999958,3.868999958,3.1841636
3/17/2018 11:00,4.43200016,4.43200016,3.9342477
3/17/2018 12:00,5.135000229,5.135000229,4.5670714
3/17/2018 13:00,5.276000023,5.276000023,5.2988358
3/17/2018 14:00,6.119999886,6.119999886,5.3042297
3/17/2018 15:00,6.472000122,6.472000122,6.080743
3/17/2018 16:00,6.050000191,6.050000191,6.470722
3/17/2018 17:00,5.839000225,5.839000225,6.2175217
3/17/2018 18:00,5.768000126,5.768000126,5.9626355
3/17/2018 19:00,5.627999783,5.627999783,5.8933096
3/17/2018 20:00,5.486999989,5.486999989,5.744009
3/17/2018 21:00,5.486999989,5.486999989,5.4776077
3/17/2018 22:00,5.276000023,5.276000023,5.4423594
3/17/2018 23:00,3.51699996,3.51699996,5.382532
3/18/2018 0:00,4.712999821,4.712999821,3.867514
3/18/2018 1:00,4.854000092,4.854000092,4.8781934
3/18/2018 2:00,5.55700016,5.55700016,4.950581
3/18/2018 3:00,5.90899992,5.90899992,5.4003954
3/18/2018 4:00,4.923999786,4.923999786,5.9048815
3/18/2018 5:00,3.799000025,3.799000025,5.074711
3/18/2018 6:00,5.839000225,5.839000225,4.0592036
3/18/2018 7:00,7.737999916,7.737999916,5.826016
3/18/2018 8:00,8.090000153,8.090000153,7.6728096
3/18/2018 9:00,7.105000019,7.105000019,7.931916
3/18/2018 10:00,7.597000122,7.597000122,7.194885
3/18/2018 11:00,7.948999882,7.948999882,7.380795
3/18/2018 12:00,6.964000225,6.964000225,8.004335
3/18/2018 13:00,7.809000015,7.809000015,6.894239
3/18/2018 14:00,6.261000156,6.261000156,7.7693105
3/18/2018 15:00,5.697999954,5.697999954,6.4494786
3/18/2018 16:00,5.486999989,5.486999989,5.8908563
3/18/2018 17:00,5.416999817,5.416999817,5.4680014
3/18/2018 18:00,5.979000092,5.979000092,5.4992905
3/18/2018 19:00,5.486999989,5.486999989,5.9837375
3/18/2018 20:00,4.43200016,4.43200016,5.5506926
3/18/2018 21:00,5.979000092,5.979000092,4.718057
3/18/2018 22:00,5.979000092,5.979000092,5.963196
3/18/2018 23:00,5.768000126,5.768000126,6.067343
3/19/2018 0:00,5.90899992,5.90899992,5.896841
3/19/2018 1:00,6.119999886,6.119999886,6.048716
3/19/2018 2:00,6.752999783,6.752999783,6.3189697
3/19/2018 3:00,4.854000092,4.854000092,6.6434655
3/19/2018 4:00,4.78399992,4.78399992,5.1186867
3/19/2018 5:00,4.361999989,4.361999989,4.9039426
3/19/2018 6:00,5.839000225,5.839000225,4.6828713
3/19/2018 7:00,4.854000092,4.854000092,5.8396
3/19/2018 8:00,4.854000092,4.854000092,5.046193
3/19/2018 9:00,5.276000023,5.276000023,4.9682136
3/19/2018 10:00,5.55700016,5.55700016,5.2747545
3/19/2018 11:00,5.135000229,5.135000229,5.503718
3/19/2018 12:00,6.261000156,6.261000156,5.2261963
3/19/2018 13:00,5.205999851,5.205999851,6.2647576
3/19/2018 14:00,5.346000195,5.346000195,5.4654145
3/19/2018 15:00,5.416999817,5.416999817,5.4344726
3/19/2018 16:00,5.065000057,5.065000057,5.4225383
3/19/2018 17:00,6.050000191,6.050000191,5.339544
3/19/2018 18:00,3.165999889,3.165999889,6.0762057
3/19/2018 19:00,3.868999958,3.868999958,3.482063
3/19/2018 20:00,4.643000126,4.643000126,3.9498727
3/19/2018 21:00,4.572999954,4.572999954,4.632633
3/19/2018 22:00,4.643000126,4.643000126,4.6938906
3/19/2018 23:00,4.079999924,4.079999924,4.644641
3/20/2018 0:00,3.095000029,3.095000029,4.1135674
3/20/2018 1:00,3.236000061,3.236000061,3.3933437
3/20/2018 2:00,4.010000229,4.010000229,3.3706958
3/20/2018 3:00,3.727999926,3.727999926,3.953622
3/20/2018 4:00,4.290999889,4.290999889,3.6966436
3/20/2018 5:00,4.643000126,4.643000126,4.4605713
3/20/2018 6:00,4.43200016,4.43200016,4.6359386
3/20/2018 7:00,3.165999889,3.165999889,4.492193
3/20/2018 8:00,2.954999924,2.954999924,3.3615932
3/20/2018 9:00,3.727999926,3.727999926,3.2064955
3/20/2018 10:00,4.150000095,4.150000095,3.6134627
3/20/2018 11:00,3.588000059,3.588000059,4.053411
3/20/2018 12:00,3.868999958,3.868999958,3.6718187
3/20/2018 13:00,3.447000027,3.447000027,4.043926
3/20/2018 14:00,3.51699996,3.51699996,3.540888
3/20/2018 15:00,3.51699996,3.51699996,3.6558936
3/20/2018 16:00,3.095000029,3.095000029,3.6610746
3/20/2018 17:00,2.461999893,2.461999893,3.3242683
3/20/2018 18:00,2.532000065,2.532000065,2.8331914
3/20/2018 19:00,2.884000063,2.884000063,2.7923617
3/20/2018 20:00,2.532000065,2.532000065,3.1749105
3/20/2018 21:00,2.602999926,2.602999926,2.8236363
3/20/2018 22:00,3.377000093,3.377000093,2.802044
3/20/2018 23:00,3.377000093,3.377000093,3.3319602
3/21/2018 0:00,3.447000027,3.447000027,3.507156
3/21/2018 1:00,2.743999958,2.743999958,3.507289
3/21/2018 2:00,3.447000027,3.447000027,3.0646546
3/21/2018 3:00,3.799000025,3.799000025,3.4420307
3/21/2018 4:00,3.868999958,3.868999958,4.0523486
3/21/2018 5:00,4.079999924,4.079999924,4.0522604
3/21/2018 6:00,3.938999891,3.938999891,4.0490117
3/21/2018 7:00,4.010000229,4.010000229,4.0594025
3/21/2018 8:00,4.290999889,4.290999889,4.056689
3/21/2018 9:00,3.165999889,3.165999889,4.232
3/21/2018 10:00,5.416999817,5.416999817,3.3083837
3/21/2018 11:00,5.205999851,5.205999851,5.349385
3/21/2018 12:00,5.065000057,5.065000057,5.196991
3/21/2018 13:00,6.190999985,6.190999985,5.1739435
3/21/2018 14:00,5.90899992,5.90899992,6.0313706
3/21/2018 15:00,6.683000088,6.683000088,5.8301535
3/21/2018 16:00,6.683000088,6.683000088,6.6180644
3/21/2018 17:00,6.40199995,6.40199995,6.65502
3/21/2018 18:00,6.894000053,6.894000053,6.44317
3/21/2018 19:00,7.034999847,7.034999847,6.8662176
3/21/2018 20:00,6.752999783,6.752999783,6.924321
3/21/2018 21:00,6.752999783,6.752999783,6.698875
3/21/2018 22:00,6.683000088,6.683000088,6.6952405
3/21/2018 23:00,6.683000088,6.683000088,6.6602926
3/22/2018 0:00,6.612999916,6.612999916,6.6695027
3/22/2018 1:00,6.330999851,6.330999851,6.597602
3/22/2018 2:00,6.752999783,6.752999783,6.319251
3/22/2018 3:00,6.261000156,6.261000156,6.7409453
3/22/2018 4:00,6.261000156,6.261000156,6.3265796
3/22/2018 5:00,6.472000122,6.472000122,6.347713
3/22/2018 6:00,6.472000122,6.472000122,6.637436
3/22/2018 7:00,6.119999886,6.119999886,6.638458
3/22/2018 8:00,6.964000225,6.964000225,6.25288
3/22/2018 9:00,7.948999882,7.948999882,6.886159
3/22/2018 10:00,8.512000084,8.512000084,7.6605206
3/22/2018 11:00,7.456999779,7.456999779,8.620503
3/22/2018 12:00,8.159999847,8.159999847,7.585823
3/22/2018 13:00,9.425999641,9.425999641,8.066164
3/22/2018 14:00,9.00399971,9.00399971,9.287775
3/22/2018 15:00,8.512000084,8.512000084,8.873921
3/22/2018 16:00,8.793000221,8.793000221,8.671712
3/22/2018 17:00,8.581999779,8.581999779,8.871104
3/22/2018 18:00,9.708000183,9.708000183,8.639273
3/22/2018 19:00,9.215000153,9.215000153,9.672384
3/22/2018 20:00,8.512000084,8.512000084,9.251212
3/22/2018 21:00,8.37100029,8.37100029,8.671466
3/22/2018 22:00,8.512000084,8.512000084,8.649406
3/22/2018 23:00,8.37100029,8.37100029,8.821359
3/23/2018 0:00,8.442000389,8.442000389,8.572369
3/23/2018 1:00,8.159999847,8.159999847,8.559202
3/23/2018 2:00,8.300999641,8.300999641,8.182346
3/23/2018 3:00,8.722999573,8.722999573,8.450756
3/23/2018 4:00,8.300999641,8.300999641,8.81715
3/23/2018 5:00,8.020000458,8.020000458,8.590392
3/23/2018 6:00,8.159999847,8.159999847,8.16262
3/23/2018 7:00,8.230999947,8.230999947,8.056677
3/23/2018 8:00,8.581999779,8.581999779,8.072537
3/23/2018 9:00,8.230999947,8.230999947,8.741754
3/23/2018 10:00,9.918999672,9.918999672,8.202862
3/23/2018 11:00,9.98900032,9.98900032,9.685503
3/23/2018 12:00,9.708000183,9.708000183,10.006906
3/23/2018 13:00,10.27099991,10.27099991,9.662688
3/23/2018 14:00,11.60700035,11.60700035,10.108279
3/23/2018 15:00,12.52200031,12.52200031,11.571001
3/23/2018 16:00,12.38099957,12.38099957,12.42401
3/23/2018 17:00,12.7329998,12.7329998,12.430626
3/23/2018 18:00,12.02900028,12.02900028,12.69986
3/23/2018 19:00,10.83300018,10.83300018,12.261024
3/23/2018 20:00,10.62199974,10.62199974,10.934007
3/23/2018 21:00,9.425999641,9.425999641,10.480364
3/23/2018 22:00,9.00399971,9.00399971,9.545956
3/23/2018 23:00,9.286000252,9.286000252,8.894724
3/24/2018 0:00,9.145000458,9.145000458,9.196662
3/24/2018 1:00,9.496999741,9.496999741,9.20953
3/24/2018 2:00,9.848999977,9.848999977,9.788384
3/24/2018 3:00,9.286000252,9.286000252,9.825939
3/24/2018 4:00,9.355999947,9.355999947,9.213197
3/24/2018 5:00,9.074999809,9.074999809,9.496839
3/24/2018 6:00,9.00399971,9.00399971,9.213126
3/24/2018 7:00,10.62199974,10.62199974,8.8955555
3/24/2018 8:00,9.496999741,9.496999741,10.475082
3/24/2018 9:00,9.848999977,9.848999977,9.765569
3/24/2018 10:00,9.918999672,9.918999672,9.790937
3/24/2018 11:00,10.27099991,10.27099991,9.760261
3/24/2018 12:00,10.69299984,10.69299984,10.129312
3/24/2018 13:00,10.69299984,10.69299984,10.7229595
3/24/2018 14:00,11.67800045,11.67800045,10.748789
3/24/2018 15:00,12.7329998,12.7329998,11.64305
3/24/2018 16:00,12.94400024,12.94400024,12.744017
3/24/2018 17:00,13.29599953,13.29599953,12.741733
3/24/2018 18:00,12.6619997,12.6619997,13.295574
3/24/2018 19:00,12.02900028,12.02900028,12.780343
3/24/2018 20:00,11.46700001,11.46700001,12.1751795
3/24/2018 21:00,11.11499977,11.11499977,11.469609
3/24/2018 22:00,10.97399998,10.97399998,10.952827
3/24/2018 23:00,10.62199974,10.62199974,10.978623
3/25/2018 0:00,10.69299984,10.69299984,10.534096
3/25/2018 1:00,9.777999878,9.777999878,10.758076
3/25/2018 2:00,9.286000252,9.286000252,9.861628
3/25/2018 3:00,10.55200005,10.55200005,9.242292
3/25/2018 4:00,10.3409996,10.3409996,10.489043
3/25/2018 5:00,10.69299984,10.69299984,10.395584
3/25/2018 6:00,10.41100025,10.41100025,10.757173
3/25/2018 7:00,9.98900032,9.98900032,10.337578
3/25/2018 8:00,10.62199974,10.62199974,10.14006
3/25/2018 9:00,10.97399998,10.97399998,10.45984
3/25/2018 10:00,10.27099991,10.27099991,10.981864
3/25/2018 11:00,9.98900032,9.98900032,10.205266
3/25/2018 12:00,10.62199974,10.62199974,10.11445
3/25/2018 13:00,10.3409996,10.3409996,10.455531
3/25/2018 14:00,10.76299953,10.76299953,10.32627
3/25/2018 15:00,10.90400028,10.90400028,10.939001
3/25/2018 16:00,10.83300018,10.83300018,10.972289
3/25/2018 17:00,10.97399998,10.97399998,10.972159
3/25/2018 18:00,11.46700001,11.46700001,10.994934
3/25/2018 19:00,10.3409996,10.3409996,11.515789
3/25/2018 20:00,10.62199974,10.62199974,10.283423
3/25/2018 21:00,10.55200005,10.55200005,10.478145
3/25/2018 22:00,10.48200035,10.48200035,10.533933
3/25/2018 23:00,10.48200035,10.48200035,10.526332
3/26/2018 0:00,10.13000011,10.13000011,10.50365
3/26/2018 1:00,9.918999672,9.918999672,10.110537
3/26/2018 2:00,10.83300018,10.83300018,9.811084
3/26/2018 3:00,10.3409996,10.3409996,10.85806
3/26/2018 4:00,10.06000042,10.06000042,10.34352
3/26/2018 5:00,10.76299953,10.76299953,10.130593
3/26/2018 6:00,10.76299953,10.76299953,10.745244
3/26/2018 7:00,10.76299953,10.76299953,10.7892685
3/26/2018 8:00,11.04399967,11.04399967,10.78913
3/26/2018 9:00,10.62199974,10.62199974,10.993374
3/26/2018 10:00,11.60700035,11.60700035,10.495642
3/26/2018 11:00,10.19999981,10.19999981,11.594425
3/26/2018 12:00,11.11499977,11.11499977,10.21345
3/26/2018 13:00,12.23999977,12.23999977,10.939417
3/26/2018 14:00,13.50699997,13.50699997,12.189672
3/26/2018 15:00,13.36600018,13.36600018,13.3263035
3/26/2018 16:00,13.78800011,13.78800011,13.347484
3/26/2018 17:00,13.71800041,13.71800041,13.732649
3/26/2018 18:00,13.64700031,13.64700031,13.728911
3/26/2018 19:00,12.45100021,12.45100021,13.71921
3/26/2018 20:00,11.74800014,11.74800014,12.464906
3/26/2018 21:00,11.60700035,11.60700035,11.870827
3/26/2018 22:00,11.04399967,11.04399967,11.496894
3/26/2018 23:00,10.83300018,10.83300018,10.968488
3/27/2018 0:00,10.62199974,10.62199974,10.94846
3/27/2018 1:00,10.69299984,10.69299984,10.561944
3/27/2018 2:00,10.3409996,10.3409996,10.781262
3/27/2018 3:00,10.62199974,10.62199974,10.381443
3/27/2018 4:00,10.48200035,10.48200035,10.6099415
3/27/2018 5:00,10.27099991,10.27099991,10.596433
3/27/2018 6:00,10.48200035,10.48200035,10.30731
3/27/2018 7:00,10.3409996,10.3409996,10.511029
3/27/2018 8:00,11.32600021,11.32600021,10.300871
3/27/2018 9:00,11.04399967,11.04399967,11.135393
3/27/2018 10:00,11.88899994,11.88899994,11.018837
3/27/2018 11:00,12.02900028,12.02900028,11.859995
3/27/2018 12:00,11.5369997,11.5369997,12.244624
3/27/2018 13:00,11.5369997,11.5369997,11.525436
3/27/2018 14:00,13.01399994,13.01399994,11.509243
3/27/2018 15:00,13.08500004,13.08500004,13.038903
3/27/2018 16:00,13.57699966,13.57699966,13.0264015
3/27/2018 17:00,13.64700031,13.64700031,13.4427
3/27/2018 18:00,12.8739996,12.8739996,13.6825695
3/27/2018 19:00,11.5369997,11.5369997,12.760874
3/27/2018 20:00,10.83300018,10.83300018,11.537409
3/27/2018 21:00,10.48200035,10.48200035,11.0283785
3/27/2018 22:00,10.19999981,10.19999981,10.515339
3/27/2018 23:00,9.708000183,9.708000183,10.289905
3/28/2018 0:00,9.496999741,9.496999741,9.643636
3/28/2018 1:00,8.86400032,8.86400032,9.523038
3/28/2018 2:00,8.86400032,8.86400032,9.028386
3/28/2018 3:00,8.934000015,8.934000015,8.987128
3/28/2018 4:00,8.442000389,8.442000389,8.981146
3/28/2018 5:00,8.581999779,8.581999779,8.649024
3/28/2018 6:00,8.159999847,8.159999847,8.771291
3/28/2018 7:00,8.934000015,8.934000015,8.200526
3/28/2018 8:00,9.848999977,9.848999977,8.716164
3/28/2018 9:00,9.98900032,9.98900032,9.885267
3/28/2018 10:00,11.11499977,11.11499977,10.02836
3/28/2018 11:00,10.3409996,10.3409996,10.869359
3/28/2018 12:00,9.918999672,9.918999672,10.375055
3/28/2018 13:00,10.83300018,10.83300018,9.9121895
3/28/2018 14:00,12.10000038,12.10000038,10.873871
3/28/2018 15:00,12.59200001,12.59200001,12.2041
3/28/2018 16:00,13.08500004,13.08500004,12.558274
3/28/2018 17:00,13.08500004,13.08500004,13.027035
3/28/2018 18:00,12.23999977,12.23999977,13.106692
3/28/2018 19:00,11.32600021,11.32600021,12.2309265
3/28/2018 20:00,10.90400028,10.90400028,11.167112
3/28/2018 21:00,9.848999977,9.848999977,10.975795
3/28/2018 22:00,9.496999741,9.496999741,9.969262
3/28/2018 23:00,9.567000389,9.567000389,9.561623
3/29/2018 0:00,9.496999741,9.496999741,9.618497
3/29/2018 1:00,9.074999809,9.074999809,9.563358
3/29/2018 2:00,9.286000252,9.286000252,9.279355
3/29/2018 3:00,9.567000389,9.567000389,9.301273
3/29/2018 4:00,9.074999809,9.074999809,9.694725
3/29/2018 5:00,8.581999779,8.581999779,9.300569
3/29/2018 6:00,8.159999847,8.159999847,8.664136
3/29/2018 7:00,8.020000458,8.020000458,8.207039
3/29/2018 8:00,8.652999878,8.652999878,8.05338
3/29/2018 9:00,8.512000084,8.512000084,8.49486
3/29/2018 10:00,9.145000458,9.145000458,8.636775
3/29/2018 11:00,8.86400032,8.86400032,9.169426
3/29/2018 12:00,9.145000458,9.145000458,9.017613
3/29/2018 13:00,9.637999535,9.637999535,9.173806
3/29/2018 14:00,10.13000011,10.13000011,9.720313
3/29/2018 15:00,10.69299984,10.69299984,10.01085
3/29/2018 16:00,10.48200035,10.48200035,10.72636
3/29/2018 17:00,10.3409996,10.3409996,10.517461
3/29/2018 18:00,9.637999535,9.637999535,10.381182
3/29/2018 19:00,9.355999947,9.355999947,9.776258
3/29/2018 20:00,9.425999641,9.425999641,9.432157
3/29/2018 21:00,8.230999947,8.230999947,9.436776
3/29/2018 22:00,7.809000015,7.809000015,8.260501
3/29/2018 23:00,7.315999985,7.315999985,7.793064
3/30/2018 0:00,6.612999916,6.612999916,7.4786754
3/30/2018 1:00,6.823999882,6.823999882,6.781062
3/30/2018 2:00,6.472000122,6.472000122,6.815836
3/30/2018 3:00,6.119999886,6.119999886,6.5710173
3/30/2018 4:00,6.119999886,6.119999886,6.340014
3/30/2018 5:00,5.839000225,5.839000225,6.278586
3/30/2018 6:00,5.276000023,5.276000023,6.041024
3/30/2018 7:00,5.205999851,5.205999851,5.391698
3/30/2018 8:00,5.55700016,5.55700016,5.4208765
3/30/2018 9:00,5.768000126,5.768000126,5.5904155
3/30/2018 10:00,6.261000156,6.261000156,5.8976817
3/30/2018 11:00,6.261000156,6.261000156,6.329301
3/30/2018 12:00,6.330999851,6.330999851,6.4316945
3/30/2018 13:00,7.034999847,7.034999847,6.390882
3/30/2018 14:00,7.034999847,7.034999847,6.980418
3/30/2018 15:00,7.386000156,7.386000156,6.981806
3/30/2018 16:00,7.315999985,7.315999985,7.3732247
3/30/2018 17:00,7.809000015,7.809000015,7.313763
3/30/2018 18:00,6.683000088,6.683000088,7.771455
3/30/2018 19:00,5.768000126,5.768000126,6.830819
3/30/2018 20:00,6.330999851,6.330999851,5.8860497
3/30/2018 21:00,6.40199995,6.40199995,6.2178884
3/30/2018 22:00,6.261000156,6.261000156,6.485342
3/30/2018 23:00,5.979000092,5.979000092,6.3602257
3/31/2018 0:00,5.768000126,5.768000126,6.054621
3/31/2018 1:00,5.768000126,5.768000126,6.276561
3/31/2018 2:00,5.768000126,5.768000126,6.2765527
3/31/2018 3:00,5.768000126,5.768000126,6.422928
3/31/2018 4:00,5.768000126,5.768000126,6.5801215
3/31/2018 5:00,5.768000126,5.768000126,6.6188545
3/31/2018 6:00,5.768000126,5.768000126,6.710399
3/31/2018 7:00,5.768000126,5.768000126,6.9265804
3/31/2018 8:00,5.768000126,5.768000126,6.9551654
3/31/2018 9:00,5.768000126,5.768000126,6.9776993
3/31/2018 10:00,5.768000126,5.768000126,7.178881
3/31/2018 11:00,5.768000126,5.768000126,7.141613
3/31/2018 12:00,5.768000126,5.768000126,7.1926446
3/31/2018 13:00,5.768000126,5.768000126,7.6046124
3/31/2018 14:00,5.768000126,5.768000126,7.6538744
3/31/2018 15:00,5.768000126,5.768000126,7.690216
3/31/2018 16:00,5.768000126,5.768000126,7.68051
3/31/2018 17:00,5.768000126,5.768000126,7.9807696
3/31/2018 18:00,5.768000126,5.768000126,8.017062
3/31/2018 19:00,5.768000126,5.768000126,8.175111
3/31/2018 20:00,5.768000126,5.768000126,8.640293
3/31/2018 21:00,5.768000126,5.768000126,8.638823
3/31/2018 22:00,5.768000126,5.768000126,8.661922
3/31/2018 23:00,5.768000126,5.768000126,8.899529
4/1/2018 0:00,9.00399971,9.00399971,8.88501
4/1/2018 1:00,9.215000153,9.215000153,8.892731
4/1/2018 2:00,9.00399971,9.00399971,9.281363
4/1/2018 3:00,8.652999878,8.652999878,8.900811
4/1/2018 4:00,9.215000153,9.215000153,8.663076
4/1/2018 5:00,9.215000153,9.215000153,9.270342
4/1/2018 6:00,9.425999641,9.425999641,9.270259
4/1/2018 7:00,9.567000389,9.567000389,9.417726
4/1/2018 8:00,10.19999981,10.19999981,9.644868
4/1/2018 9:00,10.69299984,10.69299984,10.197885
4/1/2018 10:00,11.11499977,11.11499977,10.686952
4/1/2018 11:00,10.97399998,10.97399998,11.004377
4/1/2018 12:00,10.76299953,10.76299953,10.985288
4/1/2018 13:00,11.60700035,11.60700035,10.726961
4/1/2018 14:00,11.25599957,11.25599957,11.48055
4/1/2018 15:00,12.94400024,12.94400024,11.11595
4/1/2018 16:00,12.7329998,12.7329998,12.75128
4/1/2018 17:00,11.81799984,11.81799984,12.727134
4/1/2018 18:00,11.74800014,11.74800014,11.808209
4/1/2018 19:00,10.76299953,10.76299953,11.782281
4/1/2018 20:00,10.69299984,10.69299984,10.76123
4/1/2018 21:00,10.55200005,10.55200005,10.760942
4/1/2018 22:00,10.48200035,10.48200035,10.499326
4/1/2018 23:00,10.13000011,10.13000011,10.49625
4/2/2018 0:00,9.708000183,9.708000183,10.152565
4/2/2018 1:00,10.19999981,10.19999981,9.742481
4/2/2018 2:00,10.48200035,10.48200035,10.168324
4/2/2018 3:00,10.83300018,10.83300018,10.566651
4/2/2018 4:00,10.3409996,10.3409996,10.961342
4/2/2018 5:00,10.3409996,10.3409996,10.283907
4/2/2018 6:00,10.06000042,10.06000042,10.255582
4/2/2018 7:00,10.48200035,10.48200035,9.992279
4/2/2018 8:00,9.637999535,9.637999535,10.43937
4/2/2018 9:00,10.55200005,10.55200005,9.719564
4/2/2018 10:00,10.48200035,10.48200035,10.454239
4/2/2018 11:00,10.13000011,10.13000011,10.495135
4/2/2018 12:00,10.19999981,10.19999981,10.048905
4/2/2018 13:00,11.67800045,11.67800045,10.227829
4/2/2018 14:00,12.02900028,12.02900028,11.6429825
4/2/2018 15:00,12.10000038,12.10000038,12.219435
4/2/2018 16:00,12.17000008,12.17000008,12.219325
4/2/2018 17:00,12.02900028,12.02900028,12.209145
4/2/2018 18:00,11.25599957,11.25599957,12.189563
4/2/2018 19:00,10.97399998,10.97399998,11.143503
4/2/2018 20:00,10.55200005,10.55200005,10.949213
4/2/2018 21:00,10.19999981,10.19999981,10.50996
4/2/2018 22:00,10.3409996,10.3409996,10.295005
4/2/2018 23:00,9.848999977,9.848999977,10.26578
4/3/2018 0:00,9.425999641,9.425999641,9.961145
4/3/2018 1:00,9.355999947,9.355999947,9.501375
4/3/2018 2:00,9.215000153,9.215000153,9.483549
4/3/2018 3:00,9.145000458,9.145000458,9.248835
4/3/2018 4:00,9.145000458,9.145000458,9.243134
4/3/2018 5:00,9.425999641,9.425999641,9.272253
4/3/2018 6:00,9.286000252,9.286000252,9.378775
4/3/2018 7:00,9.496999741,9.496999741,9.303743
4/3/2018 8:00,9.848999977,9.848999977,9.68117
4/3/2018 9:00,10.69299984,10.69299984,9.9148245
4/3/2018 10:00,11.39599991,11.39599991,10.60801
4/3/2018 11:00,11.32600021,11.32600021,11.453368
4/3/2018 12:00,11.39599991,11.39599991,11.144159
4/3/2018 13:00,11.32600021,11.32600021,11.475411
4/3/2018 14:00,12.7329998,12.7329998,11.138723
4/3/2018 15:00,12.94400024,12.94400024,12.722318
4/3/2018 16:00,13.43599987,13.43599987,12.683341
4/3/2018 17:00,13.71800041,13.71800041,13.287148
4/3/2018 18:00,12.23999977,12.23999977,13.641284
4/3/2018 19:00,12.17000008,12.17000008,12.245681
4/3/2018 20:00,11.60700035,11.60700035,12.219734
4/3/2018 21:00,11.32600021,11.32600021,11.521592
4/3/2018 22:00,10.97399998,10.97399998,11.159714
4/3/2018 23:00,10.90400028,10.90400028,11.009811
4/4/2018 0:00,9.918999672,9.918999672,11.004074
4/4/2018 1:00,8.86400032,8.86400032,10.008171
4/4/2018 2:00,8.934000015,8.934000015,8.917727
4/4/2018 3:00,7.809000015,7.809000015,8.899969
4/4/2018 4:00,6.823999882,6.823999882,7.897364
4/4/2018 5:00,7.105000019,7.105000019,7.1546493
4/4/2018 6:00,6.612999916,6.612999916,7.183703
4/4/2018 7:00,5.135000229,5.135000229,6.7522197
4/4/2018 8:00,5.346000195,5.346000195,5.667196
4/4/2018 9:00,5.065000057,5.065000057,5.5458965
4/4/2018 10:00,5.276000023,5.276000023,5.4624596
4/4/2018 11:00,5.276000023,5.276000023,5.3734875
4/4/2018 12:00,5.065000057,5.065000057,5.3940735
4/4/2018 13:00,4.572999954,4.572999954,5.3939266
4/4/2018 14:00,4.290999889,4.290999889,4.7605534
4/4/2018 15:00,4.43200016,4.43200016,4.5858684
4/4/2018 16:00,4.221000195,4.221000195,4.53406
4/4/2018 17:00,4.079999924,4.079999924,4.125129
4/4/2018 18:00,3.799000025,3.799000025,4.0693007
4/4/2018 19:00,3.657999992,3.657999992,4.0366297
4/4/2018 20:00,3.799000025,3.799000025,3.696101
4/4/2018 21:00,3.799000025,3.799000025,4.0258756
4/4/2018 22:00,3.868999958,3.868999958,4.029666
4/4/2018 23:00,3.938999891,3.938999891,4.037658
4/5/2018 0:00,3.657999992,3.657999992,3.9901228
4/5/2018 1:00,3.799000025,3.799000025,3.8139858
4/5/2018 2:00,3.868999958,3.868999958,4.003201
4/5/2018 3:00,3.799000025,3.799000025,4.0286193
4/5/2018 4:00,4.361999989,4.361999989,4.0031266
4/5/2018 5:00,3.657999992,3.657999992,4.578616
4/5/2018 6:00,4.221000195,4.221000195,3.877265
4/5/2018 7:00,3.51699996,3.51699996,4.191332
4/5/2018 8:00,3.095000029,3.095000029,3.589905
4/5/2018 9:00,0.421999991,0.421999991,3.1741734
4/5/2018 10:00,0.0,0.0,0.89642715
4/5/2018 11:00,-0.633000016,-0.633000016,0.5225836
4/5/2018 12:00,-0.703000009,-0.703000009,-0.20507461
4/5/2018 13:00,0.0,0.0,-0.24629249
4/5/2018 14:00,-0.633000016,-0.633000016,0.3422013
4/5/2018 15:00,-0.915000021,-0.915000021,-0.25815272
4/5/2018 16:00,0.0,0.0,-1.0713408
4/5/2018 17:00,0.563000023,0.563000023,0.13412696
4/5/2018 18:00,1.758999944,1.758999944,0.29498342
4/5/2018 19:00,0.563000023,0.563000023,1.4481897
4/5/2018 20:00,0.0,0.0,0.61774915
4/5/2018 21:00,2.039999962,2.039999962,0.4685861
4/5/2018 22:00,0.492000014,0.492000014,1.7573136
4/5/2018 23:00,1.126000047,1.126000047,0.5924696
4/6/2018 0:00,0.985000014,0.985000014,1.4220842
4/6/2018 1:00,0.0,0.0,1.1205093
4/6/2018 2:00,0.563000023,0.563000023,0.810286
4/6/2018 3:00,1.970000029,1.970000029,0.48775813
4/6/2018 4:00,2.39199996,2.39199996,1.7326597
4/6/2018 5:00,1.476999998,1.476999998,2.3632607
4/6/2018 6:00,1.337000012,1.337000012,1.8617368
4/6/2018 7:00,1.054999948,1.054999948,1.7663559
4/6/2018 8:00,1.054999948,1.054999948,1.2658467
4/6/2018 9:00,1.337000012,1.337000012,1.1730759
4/6/2018 10:00,1.828999996,1.828999996,1.7885388
4/6/2018 11:00,3.095000029,3.095000029,2.0752344
4/6/2018 12:00,4.010000229,4.010000229,3.183433
4/6/2018 13:00,4.643000126,4.643000126,3.902693
4/6/2018 14:00,4.994999886,4.994999886,4.6549773
4/6/2018 15:00,4.994999886,4.994999886,4.902548
4/6/2018 16:00,5.346000195,5.346000195,4.8991103
4/6/2018 17:00,5.486999989,5.486999989,5.4829607
4/6/2018 18:00,5.346000195,5.346000195,5.538239
4/6/2018 19:00,5.346000195,5.346000195,5.542347
4/6/2018 20:00,5.346000195,5.346000195,5.4462385
4/6/2018 21:00,4.221000195,4.221000195,5.4021893
4/6/2018 22:00,5.276000023,5.276000023,4.1853786
4/6/2018 23:00,4.854000092,4.854000092,5.181731
4/7/2018 0:00,4.501999855,4.501999855,4.97271
4/7/2018 1:00,4.221000195,4.221000195,4.700501
4/7/2018 2:00,4.150000095,4.150000095,4.1782174
4/7/2018 3:00,4.221000195,4.221000195,4.1045923
4/7/2018 4:00,4.221000195,4.221000195,4.100044
4/7/2018 5:00,4.150000095,4.150000095,4.1091747
4/7/2018 6:00,3.727999926,3.727999926,4.07985
4/7/2018 7:00,4.994999886,4.994999886,3.71554
4/7/2018 8:00,4.221000195,4.221000195,4.883952
4/7/2018 9:00,3.727999926,3.727999926,4.170538
4/7/2018 10:00,5.346000195,5.346000195,4.0001674
4/7/2018 11:00,3.305999994,3.305999994,5.2934003
4/7/2018 12:00,3.236000061,3.236000061,3.540675
4/7/2018 13:00,3.51699996,3.51699996,3.4548655
4/7/2018 14:00,4.501999855,4.501999855,3.524835
4/7/2018 15:00,4.994999886,4.994999886,4.563437
4/7/2018 16:00,5.276000023,5.276000023,4.9595823
4/7/2018 17:00,5.768000126,5.768000126,5.2783027
4/7/2018 18:00,6.050000191,6.050000191,5.9235764
4/7/2018 19:00,5.697999954,5.697999954,6.1665
4/7/2018 20:00,5.346000195,5.346000195,5.757418
4/7/2018 21:00,4.923999786,4.923999786,5.428324
4/7/2018 22:00,4.854000092,4.854000092,5.0283556
4/7/2018 23:00,5.065000057,5.065000057,4.939792
4/8/2018 0:00,4.572999954,4.572999954,5.2697396
4/8/2018 1:00,4.712999821,4.712999821,4.676317
4/8/2018 2:00,4.501999855,4.501999855,4.9095883
4/8/2018 3:00,4.501999855,4.501999855,4.679714
4/8/2018 4:00,4.501999855,4.501999855,4.6937857
4/8/2018 5:00,4.643000126,4.643000126,4.6920443
4/8/2018 6:00,4.572999954,4.572999954,4.706209
4/8/2018 7:00,5.697999954,5.697999954,4.6793194
4/8/2018 8:00,5.768000126,5.768000126,5.664026
4/8/2018 9:00,5.627999783,5.627999783,5.8242693
4/8/2018 10:00,5.416999817,5.416999817,5.7425694
4/8/2018 11:00,5.697999954,5.697999954,5.4349337
4/8/2018 12:00,5.627999783,5.627999783,5.727951
4/8/2018 13:00,6.261000156,6.261000156,5.7387247
4/8/2018 14:00,7.105000019,7.105000019,6.2320137
4/8/2018 15:00,7.668000221,7.668000221,7.0299945
4/8/2018 16:00,7.809000015,7.809000015,7.5524416
4/8/2018 17:00,7.879000187,7.879000187,7.6296415
4/8/2018 18:00,7.597000122,7.597000122,7.664824
4/8/2018 19:00,8.230999947,8.230999947,7.663216
4/8/2018 20:00,8.300999641,8.300999641,7.9968147
4/8/2018 21:00,7.879000187,7.879000187,8.514346
4/8/2018 22:00,7.737999916,7.737999916,7.6839905
4/8/2018 23:00,7.245999813,7.245999813,7.6431203
4/9/2018 0:00,7.386000156,7.386000156,7.3602657
4/9/2018 1:00,7.668000221,7.668000221,7.292797
4/9/2018 2:00,7.737999916,7.737999916,7.6349263
4/9/2018 3:00,7.456999779,7.456999779,7.713034
4/9/2018 4:00,7.456999779,7.456999779,7.544147
4/9/2018 5:00,7.245999813,7.245999813,7.549056
4/9/2018 6:00,6.894000053,6.894000053,7.397954
4/9/2018 7:00,8.020000458,8.020000458,7.0638666
4/9/2018 8:00,8.652999878,8.652999878,8.0390415
4/9/2018 9:00,9.425999641,9.425999641,8.539293
4/9/2018 10:00,10.55200005,10.55200005,9.480812
4/9/2018 11:00,9.777999878,9.777999878,10.454948
4/9/2018 12:00,9.286000252,9.286000252,9.913733
4/9/2018 13:00,9.98900032,9.98900032,9.381563
4/9/2018 14:00,11.32600021,11.32600021,10.05066
4/9/2018 15:00,10.90400028,10.90400028,11.134466
4/9/2018 16:00,12.10000038,12.10000038,10.94801
4/9/2018 17:00,12.45100021,12.45100021,12.191236
4/9/2018 18:00,12.02900028,12.02900028,12.381361
4/9/2018 19:00,10.48200035,10.48200035,12.2212
4/9/2018 20:00,9.918999672,9.918999672,10.530841
4/9/2018 21:00,9.708000183,9.708000183,9.962785
4/9/2018 22:00,9.496999741,9.496999741,9.662754
4/9/2018 23:00,9.215000153,9.215000153,9.650163
4/10/2018 0:00,8.86400032,8.86400032,9.232839
4/10/2018 1:00,8.722999573,8.722999573,8.915434
4/10/2018 2:00,8.652999878,8.652999878,8.897007
4/10/2018 3:00,8.722999573,8.722999573,8.733284
4/10/2018 4:00,8.442000389,8.442000389,8.957602
4/10/2018 5:00,8.581999779,8.581999779,8.60613
4/10/2018 6:00,8.652999878,8.652999878,8.712995
4/10/2018 7:00,9.215000153,9.215000153,8.730396
4/10/2018 8:00,9.918999672,9.918999672,9.235713
4/10/2018 9:00,10.48200035,10.48200035,9.835
4/10/2018 10:00,9.215000153,9.215000153,10.468574
4/10/2018 11:00,9.567000389,9.567000389,9.282302
4/10/2018 12:00,8.934000015,8.934000015,9.632695
4/10/2018 13:00,9.425999641,9.425999641,8.878805
4/10/2018 14:00,10.55200005,10.55200005,9.504035
4/10/2018 15:00,10.62199974,10.62199974,10.422351
4/10/2018 16:00,11.18500042,11.18500042,10.497675
4/10/2018 17:00,10.90400028,10.90400028,11.067401
4/10/2018 18:00,12.02900028,12.02900028,10.967458
4/10/2018 19:00,11.60700035,11.60700035,12.150031
4/10/2018 20:00,11.18500042,11.18500042,11.534743
4/10/2018 21:00,11.04399967,11.04399967,11.141022
4/10/2018 22:00,10.55200005,10.55200005,10.951495
4/10/2018 23:00,11.04399967,11.04399967,10.505226
4/11/2018 0:00,10.3409996,10.3409996,10.923846
4/11/2018 1:00,10.48200035,10.48200035,10.341149
4/11/2018 2:00,10.55200005,10.55200005,10.47276
4/11/2018 3:00,10.41100025,10.41100025,10.480124
4/11/2018 4:00,10.55200005,10.55200005,10.300198
4/11/2018 5:00,10.55200005,10.55200005,10.473267
4/11/2018 6:00,9.777999878,9.777999878,10.510362
4/11/2018 7:00,9.918999672,9.918999672,9.894325
4/11/2018 8:00,9.918999672,9.918999672,9.867581
4/11/2018 9:00,9.708000183,9.708000183,9.85409
4/11/2018 10:00,10.3409996,10.3409996,9.612399
4/11/2018 11:00,10.13000011,10.13000011,10.306845
4/11/2018 12:00,10.27099991,10.27099991,10.165259
4/11/2018 13:00,10.3409996,10.3409996,10.227145
4/11/2018 14:00,10.97399998,10.97399998,10.3265705
4/11/2018 15:00,10.97399998,10.97399998,10.964435
4/11/2018 16:00,10.76299953,10.76299953,10.958389
4/11/2018 17:00,9.777999878,9.777999878,10.94749
4/11/2018 18:00,9.425999641,9.425999641,9.954478
4/11/2018 19:00,8.722999573,8.722999573,9.51776
4/11/2018 20:00,7.879000187,7.879000187,8.940568
4/11/2018 21:00,7.668000221,7.668000221,8.131371
4/11/2018 22:00,7.386000156,7.386000156,7.732915
4/11/2018 23:00,6.964000225,6.964000225,7.3335953
4/12/2018 0:00,6.964000225,6.964000225,7.0331154
4/12/2018 1:00,6.612999916,6.612999916,7.0003223
4/12/2018 2:00,6.612999916,6.612999916,6.7314005
4/12/2018 3:00,6.050000191,6.050000191,6.7448153
4/12/2018 4:00,6.40199995,6.40199995,6.2713075
4/12/2018 5:00,5.90899992,5.90899992,6.525725
4/12/2018 6:00,5.768000126,5.768000126,6.0870876
4/12/2018 7:00,5.627999783,5.627999783,6.0764947
4/12/2018 8:00,5.90899992,5.90899992,5.762902
4/12/2018 9:00,5.90899992,5.90899992,5.9797726
4/12/2018 10:00,5.979000092,5.979000092,6.0092797
4/12/2018 11:00,6.330999851,6.330999851,6.007798
4/12/2018 12:00,6.472000122,6.472000122,6.3510094
4/12/2018 13:00,6.050000191,6.050000191,6.4593296
4/12/2018 14:00,6.541999817,6.541999817,6.1331882
4/12/2018 15:00,6.472000122,6.472000122,6.6260457
4/12/2018 16:00,6.330999851,6.330999851,6.485709
4/12/2018 17:00,5.768000126,5.768000126,6.3283243
4/12/2018 18:00,5.627999783,5.627999783,6.022182
4/12/2018 19:00,5.346000195,5.346000195,5.728712
4/12/2018 20:00,4.854000092,4.854000092,5.4210386
4/12/2018 21:00,5.135000229,5.135000229,5.058784
4/12/2018 22:00,4.994999886,4.994999886,5.2788653
4/12/2018 23:00,4.643000126,4.643000126,5.0226965
4/13/2018 0:00,4.994999886,4.994999886,4.6932697
4/13/2018 1:00,4.923999786,4.923999786,5.042755
4/13/2018 2:00,4.78399992,4.78399992,5.0409503
4/13/2018 3:00,4.854000092,4.854000092,5.0136313
4/13/2018 4:00,4.854000092,4.854000092,4.862777
4/13/2018 5:00,4.78399992,4.78399992,4.8418164
4/13/2018 6:00,4.712999821,4.712999821,4.8418803
4/13/2018 7:00,4.572999954,4.572999954,4.842188
4/13/2018 8:00,4.290999889,4.290999889,4.708576
4/13/2018 9:00,4.290999889,4.290999889,4.3194585
4/13/2018 10:00,4.361999989,4.361999989,4.282299
4/13/2018 11:00,4.572999954,4.572999954,4.6679716
4/13/2018 12:00,5.065000057,5.065000057,4.7212396
4/13/2018 13:00,4.643000126,4.643000126,5.1409216
4/13/2018 14:00,4.854000092,4.854000092,4.7681813
4/13/2018 15:00,5.276000023,5.276000023,4.831768
4/13/2018 16:00,4.854000092,4.854000092,5.1318216
4/13/2018 17:00,5.839000225,5.839000225,5.1001
4/13/2018 18:00,4.572999954,4.572999954,5.860536
4/13/2018 19:00,3.095000029,3.095000029,4.9024234
4/13/2018 20:00,3.799000025,3.799000025,3.3285816
4/13/2018 21:00,4.854000092,4.854000092,3.925579
4/13/2018 22:00,3.095000029,3.095000029,4.9920793
4/13/2018 23:00,3.588000059,3.588000059,3.5221653
4/14/2018 0:00,4.290999889,4.290999889,3.6662662
4/14/2018 1:00,4.361999989,4.361999989,4.1640563
4/14/2018 2:00,4.150000095,4.150000095,4.503949
4/14/2018 3:00,4.643000126,4.643000126,4.0998936
4/14/2018 4:00,5.205999851,5.205999851,4.542353
4/14/2018 5:00,4.854000092,4.854000092,5.265291
4/14/2018 6:00,5.205999851,5.205999851,5.0480733
4/14/2018 7:00,4.854000092,4.854000092,5.2753935
4/14/2018 8:00,4.923999786,4.923999786,5.036369
4/14/2018 9:00,3.447000027,3.447000027,4.995558
4/14/2018 10:00,4.361999989,4.361999989,3.488016
4/14/2018 11:00,3.799000025,3.799000025,4.3981895
4/14/2018 12:00,3.799000025,3.799000025,4.075028
4/14/2018 13:00,3.938999891,3.938999891,4.0148244
4/14/2018 14:00,4.010000229,4.010000229,3.989816
4/14/2018 15:00,4.43200016,4.43200016,3.992811
4/14/2018 16:00,5.346000195,5.346000195,4.5197783
4/14/2018 17:00,5.205999851,5.205999851,5.4443235
4/14/2018 18:00,5.416999817,5.416999817,5.2091074
4/14/2018 19:00,5.065000057,5.065000057,5.5391946
4/14/2018 20:00,4.923999786,4.923999786,5.192118
4/14/2018 21:00,3.868999958,3.868999958,5.018128
4/14/2018 22:00,4.361999989,4.361999989,4.098971
4/14/2018 23:00,4.501999855,4.501999855,4.510288
4/15/2018 0:00,4.854000092,4.854000092,4.6542974
4/15/2018 1:00,5.346000195,5.346000195,4.956537
4/15/2018 2:00,4.643000126,4.643000126,5.482222
4/15/2018 3:00,4.854000092,4.854000092,4.7435546
4/15/2018 4:00,5.135000229,5.135000229,4.9776306
4/15/2018 5:00,5.276000023,5.276000023,5.2313046
4/15/2018 6:00,5.135000229,5.135000229,5.2325497
4/15/2018 7:00,5.768000126,5.768000126,5.2947617
4/15/2018 8:00,4.854000092,4.854000092,5.8094273
4/15/2018 9:00,5.979000092,5.979000092,5.0485134
4/15/2018 10:00,6.261000156,6.261000156,5.8341503
4/15/2018 11:00,6.190999985,6.190999985,6.2837915
4/15/2018 12:00,6.612999916,6.612999916,6.1854763
4/15/2018 13:00,6.823999882,6.823999882,6.545295
4/15/2018 14:00,8.300999641,8.300999641,6.8467393
4/15/2018 15:00,8.722999573,8.722999573,8.268825
4/15/2018 16:00,9.425999641,9.425999641,8.851393
4/15/2018 17:00,9.355999947,9.355999947,9.32866
4/15/2018 18:00,8.722999573,8.722999573,9.328623
4/15/2018 19:00,7.809000015,7.809000015,8.84881
4/15/2018 20:00,6.964000225,6.964000225,7.8904066
4/15/2018 21:00,6.261000156,6.261000156,6.9869766
4/15/2018 22:00,6.050000191,6.050000191,6.4321256
4/15/2018 23:00,6.050000191,6.050000191,6.3023605
4/16/2018 0:00,6.823999882,6.823999882,6.2285295
4/16/2018 1:00,6.472000122,6.472000122,6.91684
4/16/2018 2:00,6.612999916,6.612999916,6.5559597
4/16/2018 3:00,6.541999817,6.541999817,6.6917734
4/16/2018 4:00,6.40199995,6.40199995,6.679334
4/16/2018 5:00,5.90899992,5.90899992,6.5550237
4/16/2018 6:00,6.190999985,6.190999985,6.096248
4/16/2018 7:00,6.330999851,6.330999851,6.2066884
4/16/2018 8:00,6.541999817,6.541999817,6.321429
4/16/2018 9:00,6.683000088,6.683000088,6.6636205
4/16/2018 10:00,6.964000225,6.964000225,6.689224
4/16/2018 11:00,7.315999985,7.315999985,6.921546
4/16/2018 12:00,6.964000225,6.964000225,7.277959
4/16/2018 13:00,7.245999813,7.245999813,7.002934
4/16/2018 14:00,8.020000458,8.020000458,7.2632027
4/16/2018 15:00,8.652999878,8.652999878,7.894131
4/16/2018 16:00,9.00399971,9.00399971,8.546277
4/16/2018 17:00,8.512000084,8.512000084,8.974872
4/16/2018 18:00,7.737999916,7.737999916,8.691052
4/16/2018 19:00,7.668000221,7.668000221,7.846935
4/16/2018 20:00,6.894000053,6.894000053,7.728805
4/16/2018 21:00,6.823999882,6.823999882,7.015333
4/16/2018 22:00,6.894000053,6.894000053,6.960367
4/16/2018 23:00,6.190999985,6.190999985,6.958821
4/17/2018 0:00,5.90899992,5.90899992,6.2957816
4/17/2018 1:00,6.261000156,6.261000156,6.054916
4/17/2018 2:00,6.261000156,6.261000156,6.381622
4/17/2018 3:00,5.90899992,5.90899992,6.4356036
4/17/2018 4:00,6.261000156,6.261000156,6.1123137
4/17/2018 5:00,5.768000126,5.768000126,6.3709736
4/17/2018 6:00,5.768000126,5.768000126,5.99865
4/17/2018 7:00,6.683000088,6.683000088,5.9522324
4/17/2018 8:00,7.245999813,7.245999813,6.535485
4/17/2018 9:00,8.159999847,8.159999847,7.3757563
4/17/2018 10:00,8.86400032,8.86400032,7.930119
4/17/2018 11:00,7.879000187,7.879000187,8.886398
4/17/2018 12:00,8.090000153,8.090000153,7.763344
4/17/2018 13:00,8.934000015,8.934000015,7.999322
4/17/2018 14:00,9.567000389,9.567000389,8.8798485
4/17/2018 15:00,10.27099991,10.27099991,9.624337
4/17/2018 16:00,10.90400028,10.90400028,10.060271
4/17/2018 17:00,10.90400028,10.90400028,10.874899
4/17/2018 18:00,10.62199974,10.62199974,10.904659
4/17/2018 19:00,8.934000015,8.934000015,10.584331
4/17/2018 20:00,8.090000153,8.090000153,9.061552
4/17/2018 21:00,8.159999847,8.159999847,8.163826
4/17/2018 22:00,7.948999882,7.948999882,8.058673
4/17/2018 23:00,7.668000221,7.668000221,8.062406
4/18/2018 0:00,7.456999779,7.456999779,7.731066
4/18/2018 1:00,7.245999813,7.245999813,7.570438
4/18/2018 2:00,7.386000156,7.386000156,7.4708514
4/18/2018 3:00,7.245999813,7.245999813,7.2580285
4/18/2018 4:00,7.245999813,7.245999813,7.258074
4/18/2018 5:00,7.245999813,7.245999813,7.256732
4/18/2018 6:00,6.964000225,6.964000225,7.233325
4/18/2018 7:00,7.737999916,7.737999916,7.0438185
4/18/2018 8:00,9.145000458,9.145000458,7.712667
4/18/2018 9:00,8.722999573,8.722999573,9.066358
4/18/2018 10:00,9.637999535,9.637999535,8.909131
4/18/2018 11:00,9.215000153,9.215000153,9.705382
4/18/2018 12:00,9.286000252,9.286000252,9.181074
4/18/2018 13:00,9.98900032,9.98900032,9.410184
4/18/2018 14:00,11.18500042,11.18500042,10.057147
4/18/2018 15:00,11.5369997,11.5369997,11.105085
4/18/2018 16:00,12.31099987,12.31099987,11.536761
4/18/2018 17:00,12.6619997,12.6619997,12.189814
4/18/2018 18:00,11.81799984,11.81799984,12.680794
4/18/2018 19:00,10.13000011,10.13000011,11.913433
4/18/2018 20:00,9.98900032,9.98900032,10.095438
4/18/2018 21:00,9.355999947,9.355999947,10.092449
4/18/2018 22:00,9.00399971,9.00399971,9.406808
4/18/2018 23:00,8.934000015,8.934000015,8.917205
4/19/2018 0:00,8.512000084,8.512000084,8.916705
4/19/2018 1:00,8.442000389,8.442000389,8.565304
4/19/2018 2:00,8.37100029,8.37100029,8.570522
4/19/2018 3:00,8.230999947,8.230999947,8.541199
4/19/2018 4:00,8.020000458,8.020000458,8.562446
4/19/2018 5:00,8.020000458,8.020000458,8.185776
4/19/2018 6:00,7.52699995,7.52699995,8.067398
4/19/2018 7:00,8.090000153,8.090000153,7.7198853
4/19/2018 8:00,9.074999809,9.074999809,8.043491
4/19/2018 9:00,9.286000252,9.286000252,9.060884
4/19/2018 10:00,9.918999672,9.918999672,9.41528
4/19/2018 11:00,9.777999878,9.777999878,9.7946825
4/19/2018 12:00,10.27099991,10.27099991,9.802437
4/19/2018 13:00,11.04399967,11.04399967,10.168885
4/19/2018 14:00,11.88899994,11.88899994,10.954941
4/19/2018 15:00,12.59200001,12.59200001,11.961614
4/19/2018 16:00,12.52200031,12.52200031,12.695632
4/19/2018 17:00,12.17000008,12.17000008,12.350882
4/19/2018 18:00,11.60700035,11.60700035,12.167005
4/19/2018 19:00,10.41100025,10.41100025,11.5106945
4/19/2018 20:00,9.848999977,9.848999977,10.492749
4/19/2018 21:00,9.355999947,9.355999947,9.866686
4/19/2018 22:00,8.934000015,8.934000015,9.429864
4/19/2018 23:00,8.512000084,8.512000084,8.933234
4/20/2018 0:00,8.512000084,8.512000084,8.583124
4/20/2018 1:00,8.652999878,8.652999878,8.557506
4/20/2018 2:00,8.793000221,8.793000221,8.947471
4/20/2018 3:00,8.37100029,8.37100029,8.951737
4/20/2018 4:00,8.300999641,8.300999641,8.55324
4/20/2018 5:00,8.090000153,8.090000153,8.541792
4/20/2018 6:00,8.37100029,8.37100029,8.173274
4/20/2018 7:00,9.145000458,9.145000458,8.466596
4/20/2018 8:00,9.00399971,9.00399971,9.207431
4/20/2018 9:00,8.86400032,8.86400032,8.933531
4/20/2018 10:00,9.496999741,9.496999741,8.933495
4/20/2018 11:00,9.98900032,9.98900032,9.644129
4/20/2018 12:00,10.3409996,10.3409996,9.907846
4/20/2018 13:00,11.74800014,11.74800014,10.194474
4/20/2018 14:00,12.38099957,12.38099957,11.648223
4/20/2018 15:00,12.94400024,12.94400024,12.311309
4/20/2018 16:00,13.43599987,13.43599987,12.733252
4/20/2018 17:00,12.8739996,12.8739996,13.341812
4/20/2018 18:00,12.23999977,12.23999977,12.754411
4/20/2018 19:00,11.74800014,11.74800014,12.267853
4/20/2018 20:00,11.25599957,11.25599957,11.9374485
4/20/2018 21:00,11.88899994,11.88899994,11.237839
4/20/2018 22:00,11.04399967,11.04399967,12.010711
4/20/2018 23:00,10.90400028,10.90400028,10.977306
4/21/2018 0:00,10.97399998,10.97399998,10.955792
4/21/2018 1:00,10.90400028,10.90400028,10.979357
4/21/2018 2:00,11.32600021,11.32600021,10.97932
4/21/2018 3:00,10.3409996,10.3409996,11.248582
4/21/2018 4:00,9.567000389,9.567000389,10.352124
4/21/2018 5:00,10.27099991,10.27099991,9.739794
4/21/2018 6:00,10.3409996,10.3409996,10.220019
4/21/2018 7:00,10.3409996,10.3409996,10.269527
4/21/2018 8:00,10.06000042,10.06000042,10.2575035
4/21/2018 9:00,10.62199974,10.62199974,10.127105
4/21/2018 10:00,10.76299953,10.76299953,10.4637575
4/21/2018 11:00,10.48200035,10.48200035,10.777468
4/21/2018 12:00,11.25599957,11.25599957,10.486347
4/21/2018 13:00,11.25599957,11.25599957,11.17083
4/21/2018 14:00,9.777999878,9.777999878,11.194362
4/21/2018 15:00,10.27099991,10.27099991,9.89137
4/21/2018 16:00,9.848999977,9.848999977,10.181254
4/21/2018 17:00,9.567000389,9.567000389,9.961489
4/21/2018 18:00,9.425999641,9.425999641,9.700695
4/21/2018 19:00,9.355999947,9.355999947,9.481356
4/21/2018 20:00,9.496999741,9.496999741,9.475406
4/21/2018 21:00,9.00399971,9.00399971,9.691196
4/21/2018 22:00,9.215000153,9.215000153,8.93458
4/21/2018 23:00,9.145000458,9.145000458,9.211585
4/22/2018 0:00,9.567000389,9.567000389,9.228413
4/22/2018 1:00,9.708000183,9.708000183,9.695063
4/22/2018 2:00,9.637999535,9.637999535,9.664058
4/22/2018 3:00,9.708000183,9.708000183,9.652315
4/22/2018 4:00,7.034999847,7.034999847,9.660243
4/22/2018 5:00,8.652999878,8.652999878,7.2059054
4/22/2018 6:00,9.355999947,9.355999947,8.534655
4/22/2018 7:00,8.512000084,8.512000084,9.387045
4/22/2018 8:00,9.98900032,9.98900032,8.742431
4/22/2018 9:00,10.3409996,10.3409996,9.93077
4/22/2018 10:00,9.918999672,9.918999672,10.1756315
4/22/2018 11:00,9.425999641,9.425999641,9.977442
4/22/2018 12:00,9.637999535,9.637999535,9.395555
4/22/2018 13:00,9.496999741,9.496999741,9.671591
4/22/2018 14:00,9.355999947,9.355999947,9.670621
4/22/2018 15:00,9.918999672,9.918999672,9.389644
4/22/2018 16:00,10.06000042,10.06000042,9.811649
4/22/2018 17:00,10.27099991,10.27099991,10.081805
4/22/2018 18:00,10.06000042,10.06000042,10.201592
4/22/2018 19:00,9.98900032,9.98900032,10.11704
4/22/2018 20:00,8.37100029,8.37100029,10.059582
4/22/2018 21:00,8.442000389,8.442000389,8.563992
4/22/2018 22:00,7.737999916,7.737999916,8.525737
4/22/2018 23:00,7.105000019,7.105000019,7.7840886
4/23/2018 0:00,6.752999783,6.752999783,7.1982884
4/23/2018 1:00,6.40199995,6.40199995,6.736446
4/23/2018 2:00,5.839000225,5.839000225,6.616315
4/23/2018 3:00,5.90899992,5.90899992,6.055618
4/23/2018 4:00,5.416999817,5.416999817,5.9902472
4/23/2018 5:00,4.994999886,4.994999886,5.653304
4/23/2018 6:00,5.135000229,5.135000229,5.290174
4/23/2018 7:00,4.643000126,4.643000126,5.226162
4/23/2018 8:00,4.361999989,4.361999989,4.7682376
4/23/2018 9:00,4.290999889,4.290999889,4.704469
4/23/2018 10:00,3.657999992,3.657999992,4.337836
4/23/2018 11:00,3.165999889,3.165999889,3.8203123
4/23/2018 12:00,3.51699996,3.51699996,3.3524392
4/23/2018 13:00,3.236000061,3.236000061,3.5822732
4/23/2018 14:00,3.236000061,3.236000061,3.482215
4/23/2018 15:00,3.727999926,3.727999926,3.2382004
4/23/2018 16:00,5.205999851,5.205999851,3.9228568
4/23/2018 17:00,5.697999954,5.697999954,5.079678
4/23/2018 18:00,5.205999851,5.205999851,5.5363317
4/23/2018 19:00,5.55700016,5.55700016,5.1958604
4/23/2018 20:00,4.643000126,4.643000126,5.6528463
4/23/2018 21:00,5.486999989,5.486999989,4.739361
4/23/2018 22:00,6.050000191,6.050000191,5.2953916
4/23/2018 23:00,5.135000229,5.135000229,6.0519896
4/24/2018 0:00,6.261000156,6.261000156,5.3768187
4/24/2018 1:00,6.40199995,6.40199995,6.173712
4/24/2018 2:00,6.612999916,6.612999916,6.42992
4/24/2018 3:00,6.261000156,6.261000156,6.58731
4/24/2018 4:00,6.683000088,6.683000088,6.3738556
4/24/2018 5:00,6.330999851,6.330999851,6.5814786
4/24/2018 6:00,6.752999783,6.752999783,6.3425164
4/24/2018 7:00,6.541999817,6.541999817,6.6072893
4/24/2018 8:00,6.261000156,6.261000156,6.515594
4/24/2018 9:00,6.964000225,6.964000225,6.3962364
4/24/2018 10:00,6.472000122,6.472000122,6.9051867
4/24/2018 11:00,7.105000019,7.105000019,6.516264
4/24/2018 12:00,7.175000191,7.175000191,7.2856026
4/24/2018 13:00,8.020000458,8.020000458,7.2596364
4/24/2018 14:00,8.159999847,8.159999847,7.9521275
4/24/2018 15:00,8.652999878,8.652999878,8.363432
4/24/2018 16:00,8.230999947,8.230999947,8.523435
4/24/2018 17:00,7.668000221,7.668000221,8.499965
4/24/2018 18:00,8.442000389,8.442000389,7.7406983
4/24/2018 19:00,7.948999882,7.948999882,8.382097
4/24/2018 20:00,7.809000015,7.809000015,8.077869
4/24/2018 21:00,7.737999916,7.737999916,7.671308
4/24/2018 22:00,7.386000156,7.386000156,7.6714044
4/24/2018 23:00,7.668000221,7.668000221,7.3567357
4/25/2018 0:00,7.456999779,7.456999779,7.6372266
4/25/2018 1:00,7.315999985,7.315999985,7.5192876
4/25/2018 2:00,7.809000015,7.809000015,7.481042
4/25/2018 3:00,7.52699995,7.52699995,7.6644015
4/25/2018 4:00,6.541999817,6.541999817,7.688093
4/25/2018 5:00,7.034999847,7.034999847,6.698817
4/25/2018 6:00,7.879000187,7.879000187,7.0633845
4/25/2018 7:00,9.074999809,9.074999809,7.614534
4/25/2018 8:00,8.020000458,8.020000458,9.072792
4/25/2018 9:00,8.512000084,8.512000084,8.137563
4/25/2018 10:00,9.496999741,9.496999741,8.484968
4/25/2018 11:00,9.145000458,9.145000458,9.448989
4/25/2018 12:00,9.567000389,9.567000389,9.163964
4/25/2018 13:00,8.86400032,8.86400032,9.6712265
4/25/2018 14:00,9.848999977,9.848999977,8.977459
4/25/2018 15:00,10.19999981,10.19999981,9.809967
4/25/2018 16:00,9.98900032,9.98900032,10.113189
4/25/2018 17:00,10.55200005,10.55200005,10.0999365
4/25/2018 18:00,10.27099991,10.27099991,10.411138
4/25/2018 19:00,9.425999641,9.425999641,10.217897
4/25/2018 20:00,8.512000084,8.512000084,9.466849
4/25/2018 21:00,9.074999809,9.074999809,8.867735
4/25/2018 22:00,8.934000015,8.934000015,9.204683
4/25/2018 23:00,8.512000084,8.512000084,8.930268
4/26/2018 0:00,8.722999573,8.722999573,8.847928
4/26/2018 1:00,8.512000084,8.512000084,8.880126
4/26/2018 2:00,9.215000153,9.215000153,8.755588
4/26/2018 3:00,9.425999641,9.425999641,9.236167
4/26/2018 4:00,9.355999947,9.355999947,9.457768
4/26/2018 5:00,9.567000389,9.567000389,9.467724
4/26/2018 6:00,9.074999809,9.074999809,9.701788
4/26/2018 7:00,9.848999977,9.848999977,9.23652
4/26/2018 8:00,10.27099991,10.27099991,9.7658205
4/26/2018 9:00,9.848999977,9.848999977,10.179478
4/26/2018 10:00,9.98900032,9.98900032,9.965836
4/26/2018 11:00,10.69299984,10.69299984,10.037974
4/26/2018 12:00,10.83300018,10.83300018,10.624236
4/26/2018 13:00,10.62199974,10.62199974,10.969051
4/26/2018 14:00,11.11499977,11.11499977,10.489313
4/26/2018 15:00,10.48200035,10.48200035,10.986389
4/26/2018 16:00,11.60700035,11.60700035,10.508363
4/26/2018 17:00,11.32600021,11.32600021,11.511382
4/26/2018 18:00,10.06000042,10.06000042,11.210975
4/26/2018 19:00,10.3409996,10.3409996,10.146909
4/26/2018 20:00,9.777999878,9.777999878,10.21863
4/26/2018 21:00,10.13000011,10.13000011,9.861292
4/26/2018 22:00,10.48200035,10.48200035,10.1128845
4/26/2018 23:00,9.848999977,9.848999977,10.516244
4/27/2018 0:00,9.777999878,9.777999878,9.867971
4/27/2018 1:00,9.918999672,9.918999672,9.811471
4/27/2018 2:00,9.918999672,9.918999672,9.813907
4/27/2018 3:00,9.425999641,9.425999641,9.810163
4/27/2018 4:00,9.496999741,9.496999741,9.404755
4/27/2018 5:00,9.637999535,9.637999535,9.678105
4/27/2018 6:00,9.777999878,9.777999878,9.665365
4/27/2018 7:00,10.3409996,10.3409996,9.78934
4/27/2018 8:00,11.18500042,11.18500042,10.21624
4/27/2018 9:00,11.25599957,11.25599957,11.076059
4/27/2018 10:00,11.67800045,11.67800045,11.30826
4/27/2018 11:00,11.32600021,11.32600021,11.637547
4/27/2018 12:00,11.60700035,11.60700035,11.245503
4/27/2018 13:00,12.7329998,12.7329998,11.477909
4/27/2018 14:00,13.08500004,13.08500004,12.753549
4/27/2018 15:00,13.9989996,13.9989996,13.082624
4/27/2018 16:00,14.21000004,14.21000004,13.749815
4/27/2018 17:00,13.9989996,13.9989996,14.093719
4/27/2018 18:00,13.71800041,13.71800041,13.8877535
4/27/2018 19:00,12.45100021,12.45100021,13.700333
4/27/2018 20:00,11.67800045,11.67800045,12.435001
4/27/2018 21:00,11.32600021,11.32600021,11.801329
4/27/2018 22:00,11.04399967,11.04399967,11.235242
4/27/2018 23:00,10.97399998,10.97399998,10.962459
4/28/2018 0:00,10.83300018,10.83300018,10.977072
4/28/2018 1:00,10.69299984,10.69299984,10.964695
4/28/2018 2:00,10.97399998,10.97399998,10.75983
4/28/2018 3:00,9.567000389,9.567000389,11.016774
4/28/2018 4:00,9.567000389,9.567000389,9.823098
4/28/2018 5:00,9.496999741,9.496999741,9.740803
4/28/2018 6:00,9.496999741,9.496999741,9.698599
4/28/2018 7:00,9.637999535,9.637999535,9.681017
4/28/2018 8:00,10.19999981,10.19999981,9.68155
4/28/2018 9:00,10.06000042,10.06000042,10.199164
4/28/2018 10:00,10.83300018,10.83300018,10.119185
4/28/2018 11:00,10.83300018,10.83300018,10.9288645
4/28/2018 12:00,11.32600021,11.32600021,10.966677
4/28/2018 13:00,11.81799984,11.81799984,11.155784
4/28/2018 14:00,12.80300045,12.80300045,11.731522
4/28/2018 15:00,13.22500038,13.22500038,12.699688
4/28/2018 16:00,13.9289999,13.9289999,13.080651
4/28/2018 17:00,13.08500004,13.08500004,13.803895
4/28/2018 18:00,12.59200001,12.59200001,13.1197
4/28/2018 19:00,11.81799984,11.81799984,12.638616
4/28/2018 20:00,11.5369997,11.5369997,11.76774
4/28/2018 21:00,11.11499977,11.11499977,11.562105
4/28/2018 22:00,10.83300018,10.83300018,10.949461
4/28/2018 23:00,10.69299984,10.69299984,10.939438
4/29/2018 0:00,10.90400028,10.90400028,10.771571
4/29/2018 1:00,11.60700035,11.60700035,10.914409
4/29/2018 2:00,11.60700035,11.60700035,11.556485
4/29/2018 3:00,11.18500042,11.18500042,11.600354
4/29/2018 4:00,11.74800014,11.74800014,11.206934
4/29/2018 5:00,11.60700035,11.60700035,11.834671
4/29/2018 6:00,11.32600021,11.32600021,11.556668
4/29/2018 7:00,11.95899963,11.95899963,11.214371
4/29/2018 8:00,12.59200001,12.59200001,11.806701
4/29/2018 9:00,12.6619997,12.6619997,12.68196
4/29/2018 10:00,12.59200001,12.59200001,12.636181
4/29/2018 11:00,12.02900028,12.02900028,12.637868
4/29/2018 12:00,12.52200031,12.52200031,12.175217
4/29/2018 13:00,11.95899963,11.95899963,12.42367
4/29/2018 14:00,12.80300045,12.80300045,11.799971
4/29/2018 15:00,12.6619997,12.6619997,12.776717
4/29/2018 16:00,12.45100021,12.45100021,12.593635
4/29/2018 17:00,13.29599953,13.29599953,12.367701
4/29/2018 18:00,12.94400024,12.94400024,13.394765
4/29/2018 19:00,12.7329998,12.7329998,12.805623
4/29/2018 20:00,12.6619997,12.6619997,12.755749
4/29/2018 21:00,12.45100021,12.45100021,12.657641
4/29/2018 22:00,12.52200031,12.52200031,12.447738
4/29/2018 23:00,12.38099957,12.38099957,12.5588
4/30/2018 0:00,12.7329998,12.7329998,12.388561
4/30/2018 1:00,12.52200031,12.52200031,12.765272
4/30/2018 2:00,12.10000038,12.10000038,12.594656
4/30/2018 3:00,11.67800045,11.67800045,12.249617
4/30/2018 4:00,11.88899994,11.88899994,11.784678
4/30/2018 5:00,12.59200001,12.59200001,11.874703
4/30/2018 6:00,12.7329998,12.7329998,12.668289
4/30/2018 7:00,12.94400024,12.94400024,12.744646
4/30/2018 8:00,12.8739996,12.8739996,12.71361
4/30/2018 9:00,12.52200031,12.52200031,12.713681
4/30/2018 10:00,13.71800041,13.71800041,12.386391
4/30/2018 11:00,13.64700031,13.64700031,13.664097
4/30/2018 12:00,14.56200027,14.56200027,13.69405
4/30/2018 13:00,14.84300041,14.84300041,14.416977
4/30/2018 14:00,15.0539999,15.0539999,14.5609455
4/30/2018 15:00,15.89799976,15.89799976,14.980461
4/30/2018 16:00,16.81299973,16.81299973,15.898244
4/30/2018 17:00,15.82800007,15.82800007,16.596542
4/30/2018 18:00,14.77299976,14.77299976,15.544325
4/30/2018 19:00,14.49100018,14.49100018,14.614807
4/30/2018 20:00,13.57699966,13.57699966,14.429537
4/30/2018 21:00,13.22500038,13.22500038,13.45453
4/30/2018 22:00,13.50699997,13.50699997,13.169444
4/30/2018 23:00,13.36600018,13.36600018,13.514928
5/1/2018 0:00,13.43599987,13.43599987,13.55275
5/1/2018 1:00,13.43599987,13.43599987,13.552246
5/1/2018 2:00,13.57699966,13.57699966,13.605314
5/1/2018 3:00,13.43599987,13.43599987,13.598923
5/1/2018 4:00,13.08500004,13.08500004,13.538074
5/1/2018 5:00,13.64700031,13.64700031,13.19445
5/1/2018 6:00,13.78800011,13.78800011,13.760857
5/1/2018 7:00,13.9989996,13.9989996,13.7905245
5/1/2018 8:00,14.06900024,14.06900024,14.039148
5/1/2018 9:00,13.43599987,13.43599987,14.039133
5/1/2018 10:00,13.57699966,13.57699966,13.45976
5/1/2018 11:00,12.8739996,12.8739996,13.458593
5/1/2018 12:00,12.8739996,12.8739996,12.855747
5/1/2018 13:00,12.38099957,12.38099957,12.822963
5/1/2018 14:00,12.7329998,12.7329998,12.397825
5/1/2018 15:00,13.50699997,13.50699997,12.790128
5/1/2018 16:00,13.43599987,13.43599987,13.38049
5/1/2018 17:00,13.64700031,13.64700031,13.404952
5/1/2018 18:00,7.52699995,7.52699995,13.732646
5/1/2018 19:00,5.768000126,5.768000126,8.037278
5/1/2018 20:00,8.020000458,8.020000458,6.306719
5/1/2018 21:00,9.777999878,9.777999878,7.901132
5/1/2018 22:00,10.83300018,10.83300018,9.761437
5/1/2018 23:00,10.48200035,10.48200035,10.900013
5/2/2018 0:00,10.48200035,10.48200035,10.52419
5/2/2018 1:00,10.3409996,10.3409996,10.501122
5/2/2018 2:00,10.19999981,10.19999981,10.354132
5/2/2018 3:00,10.06000042,10.06000042,10.2458105
5/2/2018 4:00,9.567000389,9.567000389,10.155926
5/2/2018 5:00,9.637999535,9.637999535,9.711283
5/2/2018 6:00,10.13000011,10.13000011,9.668647
5/2/2018 7:00,9.215000153,9.215000153,10.021702
5/2/2018 8:00,9.215000153,9.215000153,9.254135
5/2/2018 9:00,9.708000183,9.708000183,9.220772
5/2/2018 10:00,9.286000252,9.286000252,9.698105
5/2/2018 11:00,9.425999641,9.425999641,9.406347
5/2/2018 12:00,9.918999672,9.918999672,9.422009
5/2/2018 13:00,9.918999672,9.918999672,9.869273
5/2/2018 14:00,9.918999672,9.918999672,9.862661
5/2/2018 15:00,10.27099991,10.27099991,9.841067
5/2/2018 16:00,10.48200035,10.48200035,10.158939
5/2/2018 17:00,10.62199974,10.62199974,10.477528
5/2/2018 18:00,10.83300018,10.83300018,10.46932
5/2/2018 19:00,10.06000042,10.06000042,10.910594
5/2/2018 20:00,10.13000011,10.13000011,10.114359
5/2/2018 21:00,9.074999809,9.074999809,10.056498
5/2/2018 22:00,8.020000458,8.020000458,9.254853
5/2/2018 23:00,7.737999916,7.737999916,8.228649
5/3/2018 0:00,8.230999947,8.230999947,7.7742586
5/3/2018 1:00,7.809000015,7.809000015,8.121137
5/3/2018 2:00,8.230999947,8.230999947,7.7744884
5/3/2018 3:00,8.722999573,8.722999573,8.103166
5/3/2018 4:00,8.581999779,8.581999779,8.747756
5/3/2018 5:00,8.37100029,8.37100029,8.842358
5/3/2018 6:00,8.652999878,8.652999878,8.601563
5/3/2018 7:00,9.637999535,9.637999535,8.786079
5/3/2018 8:00,9.918999672,9.918999672,9.668789
5/3/2018 9:00,9.708000183,9.708000183,9.868142
5/3/2018 10:00,9.496999741,9.496999741,9.670571
5/3/2018 11:00,9.215000153,9.215000153,9.660628
5/3/2018 12:00,9.777999878,9.777999878,9.231456
5/3/2018 13:00,10.62199974,10.62199974,9.859771
5/3/2018 14:00,12.02900028,12.02900028,10.4500265
5/3/2018 15:00,12.94400024,12.94400024,12.166799
5/3/2018 16:00,13.8579998,13.8579998,12.701175
5/3/2018 17:00,12.94400024,12.94400024,13.764628
5/3/2018 18:00,13.29599953,13.29599953,12.80798
5/3/2018 19:00,11.5369997,11.5369997,13.330718
5/3/2018 20:00,11.39599991,11.39599991,11.508612
5/3/2018 21:00,11.32600021,11.32600021,11.303433
5/3/2018 22:00,10.97399998,10.97399998,11.243696
5/3/2018 23:00,10.90400028,10.90400028,10.945649
5/4/2018 0:00,10.41100025,10.41100025,10.936222
5/4/2018 1:00,10.3409996,10.3409996,10.351964
5/4/2018 2:00,10.13000011,10.13000011,10.323943
5/4/2018 3:00,10.06000042,10.06000042,10.146011
5/4/2018 4:00,10.19999981,10.19999981,10.21265
5/4/2018 5:00,10.27099991,10.27099991,10.197111
5/4/2018 6:00,10.19999981,10.19999981,10.26782
5/4/2018 7:00,11.04399967,11.04399967,10.239266
5/4/2018 8:00,11.5369997,11.5369997,10.940879
5/4/2018 9:00,10.97399998,10.97399998,11.512903
5/4/2018 10:00,11.32600021,11.32600021,10.924733
5/4/2018 11:00,12.02900028,12.02900028,11.238027
5/4/2018 12:00,12.31099987,12.31099987,12.188123
5/4/2018 13:00,13.15499973,13.15499973,12.399288
5/4/2018 14:00,14.21000004,14.21000004,13.06288
5/4/2018 15:00,14.49100018,14.49100018,13.987558
5/4/2018 16:00,15.54699993,15.54699993,14.413794
5/4/2018 17:00,13.78800011,13.78800011,15.462442
5/4/2018 18:00,13.50699997,13.50699997,13.794933
5/4/2018 19:00,12.6619997,12.6619997,13.432857
5/4/2018 20:00,12.6619997,12.6619997,12.774016
5/4/2018 21:00,12.6619997,12.6619997,12.773867
5/4/2018 22:00,12.45100021,12.45100021,12.736691
5/4/2018 23:00,12.52200031,12.52200031,12.412742
5/5/2018 0:00,11.95899963,11.95899963,12.383931
5/5/2018 1:00,12.23999977,12.23999977,11.8720255
5/5/2018 2:00,12.10000038,12.10000038,12.274809
5/5/2018 3:00,11.88899994,11.88899994,12.325291
5/5/2018 4:00,11.46700001,11.46700001,11.920153
5/5/2018 5:00,8.722999573,8.722999573,11.59623
5/5/2018 6:00,10.83300018,10.83300018,9.024105
5/5/2018 7:00,7.315999985,7.315999985,10.892981
5/5/2018 8:00,9.708000183,9.708000183,7.6737323
5/5/2018 9:00,6.683000088,6.683000088,9.459711
5/5/2018 10:00,8.86400032,8.86400032,6.952988
5/5/2018 11:00,10.13000011,10.13000011,8.715416
5/5/2018 12:00,11.04399967,11.04399967,10.028225
5/5/2018 13:00,11.18500042,11.18500042,10.903219
5/5/2018 14:00,11.04399967,11.04399967,11.035569
5/5/2018 15:00,11.32600021,11.32600021,10.974148
5/5/2018 16:00,11.60700035,11.60700035,11.340021
5/5/2018 17:00,11.60700035,11.60700035,11.53983
5/5/2018 18:00,11.5369997,11.5369997,11.536575
5/5/2018 19:00,11.5369997,11.5369997,11.473313
5/5/2018 20:00,11.81799984,11.81799984,11.510492
5/5/2018 21:00,11.5369997,11.5369997,11.653835
5/5/2018 22:00,11.67800045,11.67800045,11.520078
5/5/2018 23:00,11.74800014,11.74800014,11.676022
5/6/2018 0:00,11.74800014,11.74800014,11.770863
5/6/2018 1:00,12.02900028,12.02900028,11.696086
5/6/2018 2:00,12.23999977,12.23999977,12.070899
5/6/2018 3:00,12.23999977,12.23999977,12.33032
5/6/2018 4:00,11.81799984,11.81799984,12.233532
5/6/2018 5:00,12.45100021,12.45100021,11.798237
5/6/2018 6:00,12.23999977,12.23999977,12.435283
5/6/2018 7:00,12.38099957,12.38099957,12.293762
5/6/2018 8:00,12.02900028,12.02900028,12.411155
5/6/2018 9:00,10.69299984,10.69299984,12.214636
5/6/2018 10:00,11.88899994,11.88899994,10.830696
5/6/2018 11:00,10.90400028,10.90400028,11.8023815
5/6/2018 12:00,7.105000019,7.105000019,10.981269
5/6/2018 13:00,8.934000015,8.934000015,7.4015
5/6/2018 14:00,9.286000252,9.286000252,8.738681
5/6/2018 15:00,9.074999809,9.074999809,9.271295
5/6/2018 16:00,9.567000389,9.567000389,9.263719
5/6/2018 17:00,7.668000221,7.668000221,9.663194
5/6/2018 18:00,9.567000389,9.567000389,7.94991
5/6/2018 19:00,8.934000015,8.934000015,9.540747
5/6/2018 20:00,5.697999954,5.697999954,9.012691
5/6/2018 21:00,8.020000458,8.020000458,6.0912724
5/6/2018 22:00,7.456999779,7.456999779,7.913999
5/6/2018 23:00,7.597000122,7.597000122,7.47438
5/7/2018 0:00,7.948999882,7.948999882,7.7761865
5/7/2018 1:00,7.456999779,7.456999779,8.069346
5/7/2018 2:00,7.456999779,7.456999779,7.4827266
5/7/2018 3:00,7.668000221,7.668000221,7.4899273
5/7/2018 4:00,8.090000153,8.090000153,7.796751
5/7/2018 5:00,8.442000389,8.442000389,8.095154
5/7/2018 6:00,8.652999878,8.652999878,8.507503
5/7/2018 7:00,8.512000084,8.512000084,8.583135
5/7/2018 8:00,8.300999641,8.300999641,8.584898
5/7/2018 9:00,7.948999882,7.948999882,8.632364
5/7/2018 10:00,8.159999847,8.159999847,8.10662
5/7/2018 11:00,8.230999947,8.230999947,8.114406
5/7/2018 12:00,8.722999573,8.722999573,8.094504
5/7/2018 13:00,8.230999947,8.230999947,8.91436
5/7/2018 14:00,8.159999847,8.159999847,8.213086
5/7/2018 15:00,7.737999916,7.737999916,8.162155
5/7/2018 16:00,7.386000156,7.386000156,7.8553934
5/7/2018 17:00,7.315999985,7.315999985,7.372962
5/7/2018 18:00,7.737999916,7.737999916,7.3202047
5/7/2018 19:00,8.722999573,8.722999573,7.7461567
5/7/2018 20:00,8.86400032,8.86400032,8.828796
5/7/2018 21:00,9.074999809,9.074999809,8.956899
5/7/2018 22:00,8.442000389,8.442000389,9.221663
5/7/2018 23:00,8.300999641,8.300999641,8.652676
5/8/2018 0:00,8.512000084,8.512000084,8.600251
5/8/2018 1:00,8.020000458,8.020000458,8.694988
5/8/2018 2:00,7.737999916,7.737999916,8.224892
5/8/2018 3:00,7.245999813,7.245999813,7.795976
5/8/2018 4:00,7.105000019,7.105000019,7.4880304
5/8/2018 5:00,7.597000122,7.597000122,7.104847
5/8/2018 6:00,8.300999641,8.300999641,7.7350836
5/8/2018 7:00,6.964000225,6.964000225,8.470123
5/8/2018 8:00,7.456999779,7.456999779,7.215965
5/8/2018 9:00,7.809000015,7.809000015,7.414191
5/8/2018 10:00,8.300999641,8.300999641,7.789015
5/8/2018 11:00,8.581999779,8.581999779,8.452019
5/8/2018 12:00,8.934000015,8.934000015,8.780033
5/8/2018 13:00,10.13000011,10.13000011,8.865144
5/8/2018 14:00,10.41100025,10.41100025,10.054918
5/8/2018 15:00,11.88899994,11.88899994,10.447703
5/8/2018 16:00,12.59200001,12.59200001,11.772879
5/8/2018 17:00,12.31099987,12.31099987,12.4049015
5/8/2018 18:00,11.74800014,11.74800014,12.2611065
5/8/2018 19:00,10.62199974,10.62199974,11.792167
5/8/2018 20:00,10.19999981,10.19999981,10.497886
5/8/2018 21:00,9.496999741,9.496999741,10.225139
5/8/2018 22:00,9.708000183,9.708000183,9.708354
5/8/2018 23:00,9.074999809,9.074999809,9.674973
5/9/2018 0:00,8.581999779,8.581999779,9.188316
5/9/2018 1:00,8.230999947,8.230999947,8.635438
5/9/2018 2:00,8.159999847,8.159999847,8.2276945
5/9/2018 3:00,7.809000015,7.809000015,8.136414
5/9/2018 4:00,7.175000191,7.175000191,7.8196363
5/9/2018 5:00,7.034999847,7.034999847,7.387129
5/9/2018 6:00,7.034999847,7.034999847,7.0299335
5/9/2018 7:00,7.879000187,7.879000187,7.0548034
5/9/2018 8:00,8.230999947,8.230999947,7.737522
5/9/2018 9:00,8.230999947,8.230999947,8.094354
5/9/2018 10:00,8.581999779,8.581999779,8.118172
5/9/2018 11:00,9.074999809,9.074999809,8.559667
5/9/2018 12:00,9.567000389,9.567000389,9.154893
5/9/2018 13:00,10.3409996,10.3409996,9.642014
5/9/2018 14:00,11.60700035,11.60700035,10.203553
5/9/2018 15:00,12.38099957,12.38099957,11.519176
5/9/2018 16:00,12.6619997,12.6619997,12.418362
5/9/2018 17:00,12.8739996,12.8739996,12.441115
5/9/2018 18:00,12.23999977,12.23999977,12.680933
5/9/2018 19:00,11.60700035,11.60700035,12.188636
5/9/2018 20:00,10.76299953,10.76299953,11.536425
5/9/2018 21:00,9.708000183,9.708000183,10.790449
5/9/2018 22:00,9.425999641,9.425999641,9.737314
5/9/2018 23:00,8.722999573,8.722999573,9.41832
5/10/2018 0:00,7.948999882,7.948999882,8.988303
5/10/2018 1:00,7.668000221,7.668000221,8.204086
5/10/2018 2:00,7.315999985,7.315999985,7.8447
5/10/2018 3:00,6.752999783,6.752999783,7.517781
5/10/2018 4:00,6.330999851,6.330999851,6.860316
5/10/2018 5:00,6.119999886,6.119999886,6.4861956
5/10/2018 6:00,6.050000191,6.050000191,6.3623376
5/10/2018 7:00,6.40199995,6.40199995,6.150457
5/10/2018 8:00,6.612999916,6.612999916,6.491599
5/10/2018 9:00,6.683000088,6.683000088,6.6204805
5/10/2018 10:00,7.456999779,7.456999779,6.8054748
5/10/2018 11:00,7.105000019,7.105000019,7.3871717
5/10/2018 12:00,8.159999847,8.159999847,7.1709666
5/10/2018 13:00,8.512000084,8.512000084,8.072513
5/10/2018 14:00,9.637999535,9.637999535,8.662908
5/10/2018 15:00,10.13000011,10.13000011,9.531289
5/10/2018 16:00,10.06000042,10.06000042,10.086963
5/10/2018 17:00,9.918999672,9.918999672,10.131537
5/10/2018 18:00,9.567000389,9.567000389,9.802261
5/10/2018 19:00,9.286000252,9.286000252,9.613222
5/10/2018 20:00,8.581999779,8.581999779,9.469864
5/10/2018 21:00,8.230999947,8.230999947,8.823229
5/10/2018 22:00,8.37100029,8.37100029,8.20476
5/10/2018 23:00,7.948999882,7.948999882,8.467873
5/11/2018 0:00,7.809000015,7.809000015,8.216156
5/11/2018 1:00,7.597000122,7.597000122,7.7987456
5/11/2018 2:00,7.809000015,7.809000015,7.8031077
5/11/2018 3:00,7.737999916,7.737999916,7.800027
5/11/2018 4:00,7.809000015,7.809000015,7.8026347
5/11/2018 5:00,8.300999641,8.300999641,7.801836
5/11/2018 6:00,8.652999878,8.652999878,8.448475
5/11/2018 7:00,8.793000221,8.793000221,8.811525
5/11/2018 8:00,8.722999573,8.722999573,8.85467
5/11/2018 9:00,9.496999741,9.496999741,8.870052
5/11/2018 10:00,10.48200035,10.48200035,9.651757
5/11/2018 11:00,11.04399967,11.04399967,10.455825
5/11/2018 12:00,11.60700035,11.60700035,10.916253
5/11/2018 13:00,12.10000038,12.10000038,11.4686775
5/11/2018 14:00,11.25599957,11.25599957,12.1753235
5/11/2018 15:00,10.97399998,10.97399998,11.161075
5/11/2018 16:00,11.39599991,11.39599991,10.968286
5/11/2018 17:00,11.11499977,11.11499977,11.459323
5/11/2018 18:00,10.69299984,10.69299984,10.99822
5/11/2018 19:00,10.76299953,10.76299953,10.812097
5/11/2018 20:00,11.46700001,11.46700001,10.780719
5/11/2018 21:00,11.39599991,11.39599991,11.462194
5/11/2018 22:00,11.88899994,11.88899994,11.407703
5/11/2018 23:00,11.88899994,11.88899994,11.804099
5/12/2018 0:00,11.81799984,11.81799984,11.797776
5/12/2018 1:00,11.46700001,11.46700001,11.751365
5/12/2018 2:00,11.60700035,11.60700035,11.468951
5/12/2018 3:00,9.848999977,9.848999977,11.541077
5/12/2018 4:00,8.37100029,8.37100029,9.903487
5/12/2018 5:00,10.13000011,10.13000011,8.642879
5/12/2018 6:00,10.76299953,10.76299953,10.066219
5/12/2018 7:00,8.442000389,8.442000389,10.714272
5/12/2018 8:00,8.300999641,8.300999641,8.724958
5/12/2018 9:00,9.777999878,9.777999878,8.612699
5/12/2018 10:00,10.55200005,10.55200005,9.826636
5/12/2018 11:00,10.90400028,10.90400028,10.460601
5/12/2018 12:00,11.04399967,11.04399967,10.909436
5/12/2018 13:00,10.62199974,10.62199974,10.944604
5/12/2018 14:00,10.83300018,10.83300018,10.566366
5/12/2018 15:00,10.69299984,10.69299984,10.858229
5/12/2018 16:00,10.90400028,10.90400028,10.79435
5/12/2018 17:00,10.55200005,10.55200005,10.921572
5/12/2018 18:00,11.11499977,11.11499977,10.519192
5/12/2018 19:00,11.04399967,11.04399967,10.918768
5/12/2018 20:00,10.69299984,10.69299984,10.938234
5/12/2018 21:00,10.27099991,10.27099991,10.822385
5/12/2018 22:00,10.13000011,10.13000011,10.232432
5/12/2018 23:00,10.3409996,10.3409996,10.077645
5/13/2018 0:00,10.48200035,10.48200035,10.37032
5/13/2018 1:00,10.3409996,10.3409996,10.499586
5/13/2018 2:00,9.918999672,9.918999672,10.3541355
5/13/2018 3:00,9.98900032,9.98900032,9.922456
5/13/2018 4:00,10.19999981,10.19999981,10.09543
5/13/2018 5:00,9.98900032,9.98900032,10.171273
5/13/2018 6:00,10.27099991,10.27099991,10.133073
5/13/2018 7:00,10.83300018,10.83300018,10.193251
5/13/2018 8:00,10.55200005,10.55200005,10.847086
5/13/2018 9:00,11.32600021,11.32600021,10.536679
5/13/2018 10:00,11.5369997,11.5369997,11.279806
5/13/2018 11:00,12.38099957,12.38099957,11.531024
5/13/2018 12:00,12.45100021,12.45100021,12.427269
5/13/2018 13:00,13.08500004,13.08500004,12.424702
5/13/2018 14:00,13.36600018,13.36600018,13.012002
5/13/2018 15:00,14.49100018,14.49100018,13.363253
5/13/2018 16:00,15.26500034,15.26500034,14.379071
5/13/2018 17:00,15.54699993,15.54699993,15.011868
5/13/2018 18:00,14.42099953,14.42099953,15.380944
5/13/2018 19:00,13.43599987,13.43599987,14.46186
5/13/2018 20:00,13.29599953,13.29599953,13.48364
5/13/2018 21:00,12.94400024,12.94400024,13.369891
5/13/2018 22:00,12.6619997,12.6619997,12.85994
5/13/2018 23:00,12.52200031,12.52200031,12.805249
5/14/2018 0:00,12.45100021,12.45100021,12.414566
5/14/2018 1:00,12.52200031,12.52200031,12.484483
5/14/2018 2:00,12.7329998,12.7329998,12.486734
5/14/2018 3:00,12.7329998,12.7329998,12.911928
5/14/2018 4:00,12.59200001,12.59200001,12.902509
5/14/2018 5:00,12.45100021,12.45100021,12.50708
5/14/2018 6:00,12.7329998,12.7329998,12.512712
5/14/2018 7:00,12.45100021,12.45100021,12.836858
5/14/2018 8:00,13.22500038,13.22500038,12.478588
5/14/2018 9:00,13.36600018,13.36600018,13.153848
5/14/2018 10:00,13.71800041,13.71800041,13.4193945
5/14/2018 11:00,14.70300007,14.70300007,13.609579
5/14/2018 12:00,13.9989996,13.9989996,14.427327
5/14/2018 13:00,14.70300007,14.70300007,13.853962
5/14/2018 14:00,15.0539999,15.0539999,14.447781
5/14/2018 15:00,16.81299973,16.81299973,15.051121
5/14/2018 16:00,16.32099915,16.32099915,16.641228
5/14/2018 17:00,16.60199928,16.60199928,15.953095
5/14/2018 18:00,16.18000031,16.18000031,16.601429
5/14/2018 19:00,15.75800037,15.75800037,15.956391
5/14/2018 20:00,15.33600044,15.33600044,15.569439
5/14/2018 21:00,15.33600044,15.33600044,15.1118145
5/14/2018 22:00,14.98400021,14.98400021,15.126471
5/14/2018 23:00,14.70300007,14.70300007,14.870766
5/15/2018 0:00,14.56200027,14.56200027,14.60037
5/15/2018 1:00,14.14000034,14.14000034,14.502092
5/15/2018 2:00,14.49100018,14.49100018,14.260966
5/15/2018 3:00,14.56200027,14.56200027,14.540473
5/15/2018 4:00,14.27999973,14.27999973,14.540546
5/15/2018 5:00,14.14000034,14.14000034,14.261175
5/15/2018 6:00,14.35099983,14.35099983,14.25484
5/15/2018 7:00,14.56200027,14.56200027,14.497602
5/15/2018 8:00,16.03899956,16.03899956,14.497696
5/15/2018 9:00,16.46100044,16.46100044,16.008392
5/15/2018 10:00,15.19499969,15.19499969,16.390789
5/15/2018 11:00,14.14000034,14.14000034,15.140286
5/15/2018 12:00,15.40600014,15.40600014,14.22677
5/15/2018 13:00,14.42099953,14.42099953,15.135315
5/15/2018 14:00,15.75800037,15.75800037,14.487724
5/15/2018 15:00,16.18000031,16.18000031,15.611877
5/15/2018 16:00,16.88299942,16.88299942,16.048294
5/15/2018 17:00,16.25,16.25,16.807795
5/15/2018 18:00,17.16500092,17.16500092,16.075756
5/15/2018 19:00,16.88299942,16.88299942,17.123543
5/15/2018 20:00,16.32099915,16.32099915,16.846153
5/15/2018 21:00,15.96899986,15.96899986,16.112812
5/15/2018 22:00,15.89799976,15.89799976,16.01802
5/15/2018 23:00,15.68700027,15.68700027,16.027685
5/16/2018 0:00,15.96899986,15.96899986,15.623811
5/16/2018 1:00,16.25,16.25,16.0765
5/16/2018 2:00,16.10899925,16.10899925,16.160288
5/16/2018 3:00,16.10899925,16.10899925,16.160246
5/16/2018 4:00,16.25,16.25,16.162273
5/16/2018 5:00,16.46100044,16.46100044,16.15474
5/16/2018 6:00,16.88299942,16.88299942,16.411808
5/16/2018 7:00,16.67200089,16.67200089,16.84471
5/16/2018 8:00,15.68700027,15.68700027,16.781155
5/16/2018 9:00,14.84300041,14.84300041,15.674117
5/16/2018 10:00,15.33600044,15.33600044,14.752728
5/16/2018 11:00,14.98400021,14.98400021,15.19934
5/16/2018 12:00,14.70300007,14.70300007,14.889643
5/16/2018 13:00,14.98400021,14.98400021,14.6440325
5/16/2018 14:00,15.68700027,15.68700027,14.875834
5/16/2018 15:00,16.74300003,16.74300003,15.631369
5/16/2018 16:00,16.10899925,16.10899925,16.754549
5/16/2018 17:00,16.32099915,16.32099915,16.132662
5/16/2018 18:00,15.82800007,15.82800007,16.190075
5/16/2018 19:00,15.54699993,15.54699993,15.701221
5/16/2018 20:00,16.32099915,16.32099915,15.532585
5/16/2018 21:00,16.03899956,16.03899956,16.143368
5/16/2018 22:00,16.67200089,16.67200089,16.01499
5/16/2018 23:00,15.0539999,15.0539999,16.668085
5/17/2018 0:00,16.10899925,16.10899925,15.11559
5/17/2018 1:00,16.60199928,16.60199928,16.165817
5/17/2018 2:00,14.63199997,14.63199997,16.722603
5/17/2018 3:00,12.23999977,12.23999977,14.592788
5/17/2018 4:00,9.708000183,9.708000183,12.432145
5/17/2018 5:00,8.652999878,8.652999878,9.882232
5/17/2018 6:00,9.98900032,9.98900032,9.022732
5/17/2018 7:00,10.97399998,10.97399998,10.2968235
5/17/2018 8:00,8.090000153,8.090000153,11.079239
5/17/2018 9:00,11.32600021,11.32600021,8.400793
5/17/2018 10:00,12.38099957,12.38099957,11.131408
5/17/2018 11:00,13.15499973,13.15499973,12.56242
5/17/2018 12:00,12.52200031,12.52200031,13.244534
5/17/2018 13:00,13.01399994,13.01399994,12.554271
5/17/2018 14:00,13.50699997,13.50699997,13.188274
5/17/2018 15:00,13.50699997,13.50699997,13.342759
5/17/2018 16:00,13.9989996,13.9989996,13.360403
5/17/2018 17:00,13.78800011,13.78800011,13.819046
5/17/2018 18:00,14.14000034,14.14000034,13.820709
5/17/2018 19:00,13.78800011,13.78800011,14.08073
5/17/2018 20:00,13.50699997,13.50699997,13.827924
5/17/2018 21:00,13.15499973,13.15499973,13.420838
5/17/2018 22:00,13.43599987,13.43599987,13.137303
5/17/2018 23:00,13.36600018,13.36600018,13.399302
5/18/2018 0:00,12.94400024,12.94400024,13.364038
5/18/2018 1:00,12.94400024,12.94400024,12.792682
5/18/2018 2:00,13.36600018,13.36600018,12.791867
5/18/2018 3:00,13.08500004,13.08500004,13.437236
5/18/2018 4:00,13.08500004,13.08500004,13.190829
5/18/2018 5:00,12.80300045,12.80300045,13.147064
5/18/2018 6:00,13.01399994,13.01399994,12.845466
5/18/2018 7:00,12.94400024,12.94400024,13.185745
5/18/2018 8:00,12.8739996,12.8739996,12.839308
5/18/2018 9:00,12.52200031,12.52200031,12.807306
5/18/2018 10:00,12.52200031,12.52200031,12.683221
5/18/2018 11:00,12.7329998,12.7329998,12.506994
5/18/2018 12:00,12.80300045,12.80300045,12.723589
5/18/2018 13:00,12.59200001,12.59200001,12.760229
5/18/2018 14:00,12.8739996,12.8739996,12.650653
5/18/2018 15:00,12.7329998,12.7329998,12.816209
5/18/2018 16:00,9.425999641,9.425999641,12.79871
5/18/2018 17:00,8.090000153,8.090000153,9.49105
5/18/2018 18:00,6.330999851,6.330999851,8.2519045
5/18/2018 19:00,5.346000195,5.346000195,6.516467
5/18/2018 20:00,6.40199995,6.40199995,5.711818
5/18/2018 21:00,8.300999641,8.300999641,6.438701
5/18/2018 22:00,8.652999878,8.652999878,8.377282
5/18/2018 23:00,8.512000084,8.512000084,8.757793
5/19/2018 0:00,8.512000084,8.512000084,8.818932
5/19/2018 1:00,8.512000084,8.512000084,8.815125
5/19/2018 2:00,8.230999947,8.230999947,8.795357
5/19/2018 3:00,8.512000084,8.512000084,8.527658
5/19/2018 4:00,7.809000015,7.809000015,8.75859
5/19/2018 5:00,7.737999916,7.737999916,7.8875284
5/19/2018 6:00,7.737999916,7.737999916,7.737088
5/19/2018 7:00,7.948999882,7.948999882,7.682316
5/19/2018 8:00,7.879000187,7.879000187,8.003739
5/19/2018 9:00,7.105000019,7.105000019,7.7674847
5/19/2018 10:00,7.597000122,7.597000122,7.332064
5/19/2018 11:00,7.456999779,7.456999779,7.727606
5/19/2018 12:00,7.809000015,7.809000015,7.4663053
5/19/2018 13:00,7.879000187,7.879000187,7.791027
5/19/2018 14:00,8.020000458,8.020000458,7.7216763
5/19/2018 15:00,7.668000221,7.668000221,8.047527
5/19/2018 16:00,7.456999779,7.456999779,7.753371
5/19/2018 17:00,7.034999847,7.034999847,7.4351044
5/19/2018 18:00,7.175000191,7.175000191,7.113543
5/19/2018 19:00,7.034999847,7.034999847,7.1293464
5/19/2018 20:00,6.894000053,6.894000053,7.065121
5/19/2018 21:00,7.386000156,7.386000156,7.082407
5/19/2018 22:00,7.315999985,7.315999985,7.355937
5/19/2018 23:00,7.105000019,7.105000019,7.366322
5/20/2018 0:00,7.105000019,7.105000019,7.22565
5/20/2018 1:00,7.105000019,7.105000019,7.1273394
5/20/2018 2:00,6.964000225,6.964000225,7.099348
5/20/2018 3:00,6.752999783,6.752999783,7.0500736
5/20/2018 4:00,6.823999882,6.823999882,6.765666
5/20/2018 5:00,6.823999882,6.823999882,7.003595
5/20/2018 6:00,6.752999783,6.752999783,6.992476
5/20/2018 7:00,6.823999882,6.823999882,6.776441
5/20/2018 8:00,7.105000019,7.105000019,6.9844947
5/20/2018 9:00,7.245999813,7.245999813,7.1606
5/20/2018 10:00,7.386000156,7.386000156,7.411507
5/20/2018 11:00,7.175000191,7.175000191,7.4265766
5/20/2018 12:00,6.964000225,6.964000225,7.165869
5/20/2018 13:00,6.823999882,6.823999882,6.9855957
5/20/2018 14:00,6.683000088,6.683000088,6.98558
5/20/2018 15:00,6.330999851,6.330999851,6.7742043
5/20/2018 16:00,6.541999817,6.541999817,6.4342837
5/20/2018 17:00,4.361999989,4.361999989,6.5704393
5/20/2018 18:00,5.55700016,5.55700016,4.6166286
5/20/2018 19:00,5.627999783,5.627999783,5.4750485
5/20/2018 20:00,5.979000092,5.979000092,5.6162724
5/20/2018 21:00,5.697999954,5.697999954,5.948514
5/20/2018 22:00,5.90899992,5.90899992,5.9473267
5/20/2018 23:00,5.768000126,5.768000126,5.98324
5/21/2018 0:00,5.697999954,5.697999954,5.9817905
5/21/2018 1:00,5.416999817,5.416999817,5.965935
5/21/2018 2:00,5.768000126,5.768000126,5.401232
5/21/2018 3:00,5.627999783,5.627999783,5.9253798
5/21/2018 4:00,5.697999954,5.697999954,5.6009946
5/21/2018 5:00,6.050000191,6.050000191,5.890129
5/21/2018 6:00,5.90899992,5.90899992,5.937791
5/21/2018 7:00,5.979000092,5.979000092,6.0067453
5/21/2018 8:00,6.050000191,6.050000191,6.019506
5/21/2018 9:00,6.472000122,6.472000122,6.010033
5/21/2018 10:00,6.40199995,6.40199995,6.484713
5/21/2018 11:00,6.40199995,6.40199995,6.486672
5/21/2018 12:00,6.752999783,6.752999783,6.48075
5/21/2018 13:00,7.105000019,7.105000019,6.6513214
5/21/2018 14:00,7.175000191,7.175000191,7.0332103
5/21/2018 15:00,7.315999985,7.315999985,7.323743
5/21/2018 16:00,5.627999783,5.627999783,7.29992
5/21/2018 17:00,4.43200016,4.43200016,5.6809826
5/21/2018 18:00,6.472000122,6.472000122,4.756527
5/21/2018 19:00,6.472000122,6.472000122,6.3156557
5/21/2018 20:00,6.894000053,6.894000053,6.462112
5/21/2018 21:00,6.612999916,6.612999916,7.042692
5/21/2018 22:00,6.894000053,6.894000053,6.643991
5/21/2018 23:00,6.683000088,6.683000088,7.04399
5/22/2018 0:00,6.964000225,6.964000225,6.641501
5/22/2018 1:00,7.315999985,7.315999985,7.056811
5/22/2018 2:00,7.456999779,7.456999779,7.3586063
5/22/2018 3:00,7.879000187,7.879000187,7.4753075
5/22/2018 4:00,8.300999641,8.300999641,7.8425927
5/22/2018 5:00,9.00399971,9.00399971,8.41364
5/22/2018 6:00,9.145000458,9.145000458,8.82514
5/22/2018 7:00,7.456999779,7.456999779,9.227871
5/22/2018 8:00,6.823999882,6.823999882,7.7628765
5/22/2018 9:00,6.683000088,6.683000088,7.032149
5/22/2018 10:00,6.40199995,6.40199995,6.673449
5/22/2018 11:00,3.727999926,3.727999926,6.524092
5/22/2018 12:00,4.150000095,4.150000095,4.194834
5/22/2018 13:00,6.541999817,6.541999817,4.1092367
5/22/2018 14:00,6.964000225,6.964000225,6.483328
5/22/2018 15:00,6.261000156,6.261000156,7.0036135
5/22/2018 16:00,6.119999886,6.119999886,6.4492965
5/22/2018 17:00,6.894000053,6.894000053,6.3361883
5/22/2018 18:00,6.261000156,6.261000156,6.925631
5/22/2018 19:00,7.034999847,7.034999847,6.42054
5/22/2018 20:00,7.52699995,7.52699995,6.9960856
5/22/2018 21:00,7.737999916,7.737999916,7.439026
5/22/2018 22:00,7.809000015,7.809000015,7.8410683
5/22/2018 23:00,6.752999783,6.752999783,7.802919
5/23/2018 0:00,7.105000019,7.105000019,6.843881
5/23/2018 1:00,6.612999916,6.612999916,7.083536
5/23/2018 2:00,6.823999882,6.823999882,6.6762824
5/23/2018 3:00,6.472000122,6.472000122,6.844479
5/23/2018 4:00,7.597000122,7.597000122,6.466749
5/23/2018 5:00,6.894000053,6.894000053,7.4592686
5/23/2018 6:00,7.668000221,7.668000221,7.0421658
5/23/2018 7:00,9.215000153,9.215000153,7.4951687
5/23/2018 8:00,9.848999977,9.848999977,9.088897
5/23/2018 9:00,9.00399971,9.00399971,9.8372755
5/23/2018 10:00,9.286000252,9.286000252,8.9111395
5/23/2018 11:00,9.567000389,9.567000389,9.3653345
5/23/2018 12:00,9.215000153,9.215000153,9.643957
5/23/2018 13:00,9.215000153,9.215000153,9.228285
5/23/2018 14:00,10.48200035,10.48200035,9.225371
5/23/2018 15:00,11.95899963,11.95899963,10.4463
5/23/2018 16:00,11.67800045,11.67800045,11.776901
5/23/2018 17:00,11.67800045,11.67800045,11.562659
5/23/2018 18:00,11.46700001,11.46700001,11.594663
5/23/2018 19:00,9.918999672,9.918999672,11.433987
5/23/2018 20:00,9.496999741,9.496999741,9.900778
5/23/2018 21:00,9.425999641,9.425999641,9.628052
5/23/2018 22:00,9.286000252,9.286000252,9.421122
5/23/2018 23:00,8.793000221,8.793000221,9.39198
5/24/2018 0:00,8.442000389,8.442000389,8.914096
5/24/2018 1:00,8.722999573,8.722999573,8.614661
5/24/2018 2:00,8.37100029,8.37100029,8.913462
5/24/2018 3:00,8.300999641,8.300999641,8.651271
5/24/2018 4:00,8.230999947,8.230999947,8.675133
5/24/2018 5:00,8.159999847,8.159999847,8.195813
5/24/2018 6:00,8.512000084,8.512000084,8.136722
5/24/2018 7:00,9.145000458,9.145000458,8.605593
5/24/2018 8:00,9.286000252,9.286000252,9.203386
5/24/2018 9:00,9.637999535,9.637999535,9.408344
5/24/2018 10:00,8.86400032,8.86400032,9.636572
5/24/2018 11:00,9.567000389,9.567000389,8.925316
5/24/2018 12:00,9.496999741,9.496999741,9.6053095
5/24/2018 13:00,9.074999809,9.074999809,9.652581
5/24/2018 14:00,9.777999878,9.777999878,9.281001
5/24/2018 15:00,11.18500042,11.18500042,9.828594
5/24/2018 16:00,10.76299953,10.76299953,11.066646
5/24/2018 17:00,9.918999672,9.918999672,10.786304
5/24/2018 18:00,10.3409996,10.3409996,9.913622
5/24/2018 19:00,9.918999672,9.918999672,10.312194
5/24/2018 20:00,9.918999672,9.918999672,9.91371
5/24/2018 21:00,9.425999641,9.425999641,9.861016
5/24/2018 22:00,9.355999947,9.355999947,9.407598
5/24/2018 23:00,9.215000153,9.215000153,9.407564
5/25/2018 0:00,8.722999573,8.722999573,9.270806
5/25/2018 1:00,8.512000084,8.512000084,8.923607
5/25/2018 2:00,8.652999878,8.652999878,8.729434
5/25/2018 3:00,7.737999916,7.737999916,8.88883
5/25/2018 4:00,8.512000084,8.512000084,8.036573
5/25/2018 5:00,9.00399971,9.00399971,8.552132
5/25/2018 6:00,9.145000458,9.145000458,8.897464
5/25/2018 7:00,9.425999641,9.425999641,9.219964
5/25/2018 8:00,9.145000458,9.145000458,9.4862995
5/25/2018 9:00,9.777999878,9.777999878,9.251006
5/25/2018 10:00,9.918999672,9.918999672,9.852671
5/25/2018 11:00,9.425999641,9.425999641,9.852787
5/25/2018 12:00,9.215000153,9.215000153,9.506396
5/25/2018 13:00,9.215000153,9.215000153,9.264198
5/25/2018 14:00,8.86400032,8.86400032,9.264176
5/25/2018 15:00,8.652999878,8.652999878,8.909335
5/25/2018 16:00,8.512000084,8.512000084,8.760845
5/25/2018 17:00,8.86400032,8.86400032,8.760747
5/25/2018 18:00,5.979000092,5.979000092,8.884848
5/25/2018 19:00,6.823999882,6.823999882,6.375358
5/25/2018 20:00,5.768000126,5.768000126,6.9550285
5/25/2018 21:00,6.261000156,6.261000156,5.8892817
5/25/2018 22:00,5.697999954,5.697999954,6.289949
5/25/2018 23:00,6.261000156,6.261000156,5.8691278
5/26/2018 0:00,7.52699995,7.52699995,6.36683
5/26/2018 1:00,8.090000153,8.090000153,7.360698
5/26/2018 2:00,7.456999779,7.456999779,8.057876
5/26/2018 3:00,7.52699995,7.52699995,7.5107455
5/26/2018 4:00,8.230999947,8.230999947,7.5230083
5/26/2018 5:00,8.512000084,8.512000084,8.091793
5/26/2018 6:00,8.512000084,8.512000084,8.665998
5/26/2018 7:00,8.37100029,8.37100029,8.742948
5/26/2018 8:00,7.597000122,7.597000122,8.533923
5/26/2018 9:00,8.442000389,8.442000389,7.8426046
5/26/2018 10:00,8.159999847,8.159999847,8.394299
5/26/2018 11:00,8.300999641,8.300999641,8.147823
5/26/2018 12:00,8.722999573,8.722999573,8.466769
5/26/2018 13:00,9.425999641,9.425999641,8.871349
5/26/2018 14:00,9.215000153,9.215000153,9.342799
5/26/2018 15:00,9.355999947,9.355999947,9.259685
5/26/2018 16:00,9.425999641,9.425999641,9.383348
5/26/2018 17:00,9.074999809,9.074999809,9.392466
5/26/2018 18:00,8.86400032,8.86400032,9.234833
5/26/2018 19:00,8.934000015,8.934000015,8.908634
5/26/2018 20:00,8.37100029,8.37100029,8.906023
5/26/2018 21:00,9.425999641,9.425999641,8.634811
5/26/2018 22:00,8.86400032,8.86400032,9.368219
5/26/2018 23:00,9.00399971,9.00399971,8.897072
5/27/2018 0:00,8.37100029,8.37100029,8.899813
5/27/2018 1:00,8.86400032,8.86400032,8.5763235
5/27/2018 2:00,9.425999641,9.425999641,8.852513
5/27/2018 3:00,9.215000153,9.215000153,9.382526
5/27/2018 4:00,9.425999641,9.425999641,9.246138
5/27/2018 5:00,9.355999947,9.355999947,9.381626
5/27/2018 6:00,9.918999672,9.918999672,9.386587
5/27/2018 7:00,9.777999878,9.777999878,9.835347
5/27/2018 8:00,9.286000252,9.286000252,9.856413
5/27/2018 9:00,9.567000389,9.567000389,9.39764
5/27/2018 10:00,9.567000389,9.567000389,9.638461
5/27/2018 11:00,9.215000153,9.215000153,9.65645
5/27/2018 12:00,10.13000011,10.13000011,9.279852
5/27/2018 13:00,10.76299953,10.76299953,10.073005
5/27/2018 14:00,10.62199974,10.62199974,10.77803
5/27/2018 15:00,11.5369997,11.5369997,10.532344
5/27/2018 16:00,11.60700035,11.60700035,11.497051
5/27/2018 17:00,11.32600021,11.32600021,11.49572
5/27/2018 18:00,11.46700001,11.46700001,11.202008
5/27/2018 19:00,10.48200035,10.48200035,11.419475
5/27/2018 20:00,10.13000011,10.13000011,10.5210085
5/27/2018 21:00,9.918999672,9.918999672,10.121708
5/27/2018 22:00,9.848999977,9.848999977,9.874986
5/27/2018 23:00,10.19999981,10.19999981,9.87367
5/28/2018 0:00,10.06000042,10.06000042,10.187721
5/28/2018 1:00,10.13000011,10.13000011,10.127733
5/28/2018 2:00,10.13000011,10.13000011,10.053212
5/28/2018 3:00,9.918999672,9.918999672,10.103178
5/28/2018 4:00,9.708000183,9.708000183,9.942343
5/28/2018 5:00,9.918999672,9.918999672,9.653115
5/28/2018 6:00,10.19999981,10.19999981,9.830388
5/28/2018 7:00,10.97399998,10.97399998,10.1944275
5/28/2018 8:00,10.48200035,10.48200035,10.883062
5/28/2018 9:00,10.41100025,10.41100025,10.541576
5/28/2018 10:00,10.27099991,10.27099991,10.318606
5/28/2018 11:00,10.69299984,10.69299984,10.271996
5/28/2018 12:00,10.55200005,10.55200005,10.776024
5/28/2018 13:00,10.69299984,10.69299984,10.477797
5/28/2018 14:00,11.32600021,11.32600021,10.738596
5/28/2018 15:00,11.95899963,11.95899963,11.290235
5/28/2018 16:00,11.5369997,11.5369997,11.7815075
5/28/2018 17:00,11.46700001,11.46700001,11.546649
5/28/2018 18:00,11.25599957,11.25599957,11.431746
5/28/2018 19:00,11.11499977,11.11499977,11.242204
5/28/2018 20:00,10.76299953,10.76299953,10.923013
5/28/2018 21:00,10.69299984,10.69299984,10.793621
5/28/2018 22:00,10.76299953,10.76299953,10.789371
5/28/2018 23:00,10.55200005,10.55200005,10.794081
5/29/2018 0:00,10.62199974,10.62199974,10.5176115
5/29/2018 1:00,10.48200035,10.48200035,10.534142
5/29/2018 2:00,10.48200035,10.48200035,10.535353
5/29/2018 3:00,10.69299984,10.69299984,10.532613
5/29/2018 4:00,10.83300018,10.83300018,10.806721
5/29/2018 5:00,10.69299984,10.69299984,10.919244
5/29/2018 6:00,10.76299953,10.76299953,10.803328
5/29/2018 7:00,10.69299984,10.69299984,10.807268
5/29/2018 8:00,11.67800045,11.67800045,10.7977295
5/29/2018 9:00,11.74800014,11.74800014,11.726141
5/29/2018 10:00,11.81799984,11.81799984,11.731528
5/29/2018 11:00,11.88899994,11.88899994,11.758731
5/29/2018 12:00,12.02900028,12.02900028,11.80947
5/29/2018 13:00,11.81799984,11.81799984,12.186695
5/29/2018 14:00,12.38099957,12.38099957,11.729474
5/29/2018 15:00,11.60700035,11.60700035,12.366469
5/29/2018 16:00,11.32600021,11.32600021,11.540566
5/29/2018 17:00,11.60700035,11.60700035,11.324479
5/29/2018 18:00,10.90400028,10.90400028,11.5388
5/29/2018 19:00,10.76299953,10.76299953,10.95643
5/29/2018 20:00,10.3409996,10.3409996,10.78566
5/29/2018 21:00,9.637999535,9.637999535,10.304888
5/29/2018 22:00,10.41100025,10.41100025,9.719864
5/29/2018 23:00,10.13000011,10.13000011,10.458619
5/30/2018 0:00,9.918999672,9.918999672,10.152271
5/30/2018 1:00,10.13000011,10.13000011,9.913758
5/30/2018 2:00,9.777999878,9.777999878,10.109911
5/30/2018 3:00,10.19999981,10.19999981,9.899688
5/30/2018 4:00,9.777999878,9.777999878,10.184868
5/30/2018 5:00,9.145000458,9.145000458,9.933077
5/30/2018 6:00,9.98900032,9.98900032,9.257915
5/30/2018 7:00,10.55200005,10.55200005,10.103687
5/30/2018 8:00,10.90400028,10.90400028,10.449878
5/30/2018 9:00,11.46700001,11.46700001,10.935483
5/30/2018 10:00,11.5369997,11.5369997,11.414058
5/30/2018 11:00,11.60700035,11.60700035,11.509149
5/30/2018 12:00,11.67800045,11.67800045,11.526048
5/30/2018 13:00,11.5369997,11.5369997,11.677059
5/30/2018 14:00,11.67800045,11.67800045,11.518316
5/30/2018 15:00,12.02900028,12.02900028,11.705862
5/30/2018 16:00,11.32600021,11.32600021,12.164301
5/30/2018 17:00,11.25599957,11.25599957,11.30531
5/30/2018 18:00,10.55200005,10.55200005,11.305254
5/30/2018 19:00,10.62199974,10.62199974,10.49994
5/30/2018 20:00,10.97399998,10.97399998,10.500016
5/30/2018 21:00,10.3409996,10.3409996,10.944998
5/30/2018 22:00,10.13000011,10.13000011,10.321882
5/30/2018 23:00,9.918999672,9.918999672,10.106602
5/31/2018 0:00,10.41100025,10.41100025,9.891782
5/31/2018 1:00,10.41100025,10.41100025,9.869887
5/31/2018 2:00,10.41100025,10.41100025,9.851417
5/31/2018 3:00,10.41100025,10.41100025,9.662172
5/31/2018 4:00,10.41100025,10.41100025,9.662166
5/31/2018 5:00,10.41100025,10.41100025,9.667483
5/31/2018 6:00,10.41100025,10.41100025,9.672676
5/31/2018 7:00,10.41100025,10.41100025,9.6835985
5/31/2018 8:00,10.41100025,10.41100025,9.435922
5/31/2018 9:00,10.41100025,10.41100025,9.435863
5/31/2018 10:00,10.41100025,10.41100025,9.393284
5/31/2018 11:00,10.41100025,10.41100025,9.386565
5/31/2018 12:00,10.41100025,10.41100025,9.241293
5/31/2018 13:00,10.41100025,10.41100025,9.240872
5/31/2018 14:00,10.41100025,10.41100025,9.245948
5/31/2018 15:00,10.41100025,10.41100025,8.913809
5/31/2018 16:00,10.41100025,10.41100025,8.913873
5/31/2018 17:00,10.41100025,10.41100025,8.912395
5/31/2018 18:00,10.41100025,10.41100025,8.912444
5/31/2018 19:00,10.41100025,10.41100025,8.900265
5/31/2018 20:00,10.41100025,10.41100025,8.910107
5/31/2018 21:00,10.41100025,10.41100025,8.910046
5/31/2018 22:00,10.41100025,10.41100025,8.703653
5/31/2018 23:00,10.41100025,10.41100025,8.69641
6/1/2018 0:00,8.512000084,8.512000084,8.696369
6/1/2018 1:00,8.512000084,8.512000084,8.6963215
6/1/2018 2:00,8.230999947,8.230999947,8.700285
6/1/2018 3:00,8.300999641,8.300999641,8.205936
6/1/2018 4:00,8.37100029,8.37100029,8.531262
6/1/2018 5:00,8.230999947,8.230999947,8.625339
6/1/2018 6:00,8.581999779,8.581999779,8.171833
6/1/2018 7:00,9.425999641,9.425999641,8.589067
6/1/2018 8:00,10.83300018,10.83300018,9.38636
6/1/2018 9:00,10.48200035,10.48200035,10.823982
6/1/2018 10:00,9.777999878,9.777999878,10.529663
6/1/2018 11:00,9.848999977,9.848999977,9.911684
6/1/2018 12:00,9.918999672,9.918999672,9.852392
6/1/2018 13:00,10.41100025,10.41100025,9.852978
6/1/2018 14:00,10.90400028,10.90400028,10.248009
6/1/2018 15:00,11.67800045,11.67800045,10.909261
6/1/2018 16:00,12.02900028,12.02900028,11.702985
6/1/2018 17:00,11.88899994,11.88899994,12.157627
6/1/2018 18:00,11.32600021,11.32600021,11.77633
6/1/2018 19:00,10.90400028,10.90400028,11.288228
6/1/2018 20:00,10.83300018,10.83300018,10.944021
6/1/2018 21:00,10.48200035,10.48200035,10.86352
6/1/2018 22:00,10.41100025,10.41100025,10.499601
6/1/2018 23:00,10.27099991,10.27099991,10.320794
6/2/2018 0:00,9.98900032,9.98900032,10.244182
6/2/2018 1:00,9.567000389,9.567000389,10.117037
6/2/2018 2:00,9.215000153,9.215000153,9.646812
6/2/2018 3:00,9.215000153,9.215000153,9.272708
6/2/2018 4:00,8.512000084,8.512000084,9.27421
6/2/2018 5:00,8.934000015,8.934000015,8.760022
6/2/2018 6:00,8.934000015,8.934000015,8.849974
6/2/2018 7:00,8.652999878,8.652999878,8.896333
6/2/2018 8:00,8.722999573,8.722999573,8.907396
6/2/2018 9:00,8.722999573,8.722999573,8.906553
6/2/2018 10:00,9.215000153,9.215000153,8.891516
6/2/2018 11:00,9.637999535,9.637999535,9.236039
6/2/2018 12:00,10.48200035,10.48200035,9.623935
6/2/2018 13:00,10.19999981,10.19999981,10.503889
6/2/2018 14:00,10.3409996,10.3409996,10.222252
6/2/2018 15:00,10.19999981,10.19999981,10.338097
6/2/2018 16:00,11.11499977,11.11499977,10.236314
6/2/2018 17:00,10.48200035,10.48200035,10.929904
6/2/2018 18:00,10.06000042,10.06000042,10.506161
6/2/2018 19:00,9.567000389,9.567000389,10.112164
6/2/2018 20:00,9.425999641,9.425999641,9.653576
6/2/2018 21:00,9.567000389,9.567000389,9.4812155
6/2/2018 22:00,9.848999977,9.848999977,9.653456
6/2/2018 23:00,9.637999535,9.637999535,9.87953
6/3/2018 0:00,9.286000252,9.286000252,9.664892
6/3/2018 1:00,9.496999741,9.496999741,9.492526
6/3/2018 2:00,9.496999741,9.496999741,9.484586
6/3/2018 3:00,9.637999535,9.637999535,9.48669
6/3/2018 4:00,9.567000389,9.567000389,9.67455
6/3/2018 5:00,9.848999977,9.848999977,9.674488
6/3/2018 6:00,9.567000389,9.567000389,9.875141
6/3/2018 7:00,9.355999947,9.355999947,9.65722
6/3/2018 8:00,9.425999641,9.425999641,9.472424
6/3/2018 9:00,9.637999535,9.637999535,9.47191
6/3/2018 10:00,9.918999672,9.918999672,9.66107
6/3/2018 11:00,10.62199974,10.62199974,9.866696
6/3/2018 12:00,10.69299984,10.69299984,10.490611
6/3/2018 13:00,10.97399998,10.97399998,10.775807
6/3/2018 14:00,12.23999977,12.23999977,10.89806
6/3/2018 15:00,12.6619997,12.6619997,12.189576
6/3/2018 16:00,13.43599987,13.43599987,12.653215
6/3/2018 17:00,13.08500004,13.08500004,13.4596815
6/3/2018 18:00,11.67800045,11.67800045,13.109818
6/3/2018 19:00,11.04399967,11.04399967,11.757029
6/3/2018 20:00,10.55200005,10.55200005,10.865214
6/3/2018 21:00,9.567000389,9.567000389,10.504164
6/3/2018 22:00,9.425999641,9.425999641,9.679794
6/3/2018 23:00,8.722999573,8.722999573,9.397539
6/4/2018 0:00,8.442000389,8.442000389,8.94303
6/4/2018 1:00,9.215000153,9.215000153,8.612571
6/4/2018 2:00,9.425999641,9.425999641,9.175929
6/4/2018 3:00,9.637999535,9.637999535,9.508682
6/4/2018 4:00,9.708000183,9.708000183,9.675201
6/4/2018 5:00,9.425999641,9.425999641,9.655688
6/4/2018 6:00,9.567000389,9.567000389,9.502768
6/4/2018 7:00,9.777999878,9.777999878,9.610295
6/4/2018 8:00,10.76299953,10.76299953,9.887735
6/4/2018 9:00,11.18500042,11.18500042,10.758027
6/4/2018 10:00,11.18500042,11.18500042,11.227569
6/4/2018 11:00,11.18500042,11.18500042,11.218893
6/4/2018 12:00,11.81799984,11.81799984,11.216468
6/4/2018 13:00,11.67800045,11.67800045,11.791698
6/4/2018 14:00,12.23999977,12.23999977,11.692884
6/4/2018 15:00,12.38099957,12.38099957,12.236839
6/4/2018 16:00,11.60700035,11.60700035,12.35501
6/4/2018 17:00,10.76299953,10.76299953,11.517501
6/4/2018 18:00,10.06000042,10.06000042,10.787198
6/4/2018 19:00,9.637999535,9.637999535,10.111515
6/4/2018 20:00,9.708000183,9.708000183,9.662919
6/4/2018 21:00,9.848999977,9.848999977,9.662927
6/4/2018 22:00,10.27099991,10.27099991,9.907353
6/4/2018 23:00,10.13000011,10.13000011,10.208186
6/5/2018 0:00,9.918999672,9.918999672,10.117059
6/5/2018 1:00,9.637999535,9.637999535,9.921451
6/5/2018 2:00,9.425999641,9.425999641,9.654413
6/5/2018 3:00,9.708000183,9.708000183,9.396329
6/5/2018 4:00,9.918999672,9.918999672,9.63236
6/5/2018 5:00,9.848999977,9.848999977,9.898524
6/5/2018 6:00,9.848999977,9.848999977,9.889859
6/5/2018 7:00,10.06000042,10.06000042,9.8898
6/5/2018 8:00,9.918999672,9.918999672,10.072463
6/5/2018 9:00,10.13000011,10.13000011,9.888337
6/5/2018 10:00,9.848999977,9.848999977,10.074715
6/5/2018 11:00,9.918999672,9.918999672,9.910381
6/5/2018 12:00,9.777999878,9.777999878,9.880098
6/5/2018 13:00,10.13000011,10.13000011,9.880018
6/5/2018 14:00,10.76299953,10.76299953,10.050339
6/5/2018 15:00,10.90400028,10.90400028,10.758611
6/5/2018 16:00,10.97399998,10.97399998,10.947041
6/5/2018 17:00,10.83300018,10.83300018,10.947068
6/5/2018 18:00,10.27099991,10.27099991,10.928508
6/5/2018 19:00,9.567000389,9.567000389,10.23458
6/5/2018 20:00,9.286000252,9.286000252,9.665455
6/5/2018 21:00,9.215000153,9.215000153,9.48419
6/5/2018 22:00,8.934000015,8.934000015,9.208035
6/5/2018 23:00,8.934000015,8.934000015,8.874696
6/6/2018 0:00,8.581999779,8.581999779,8.8693
6/6/2018 1:00,8.581999779,8.581999779,8.835066
6/6/2018 2:00,8.581999779,8.581999779,8.843094
6/6/2018 3:00,8.512000084,8.512000084,8.847917
6/6/2018 4:00,8.37100029,8.37100029,8.845025
6/6/2018 5:00,8.159999847,8.159999847,8.639615
6/6/2018 6:00,8.512000084,8.512000084,8.26514
6/6/2018 7:00,9.496999741,9.496999741,8.54389
6/6/2018 8:00,10.19999981,10.19999981,9.608678
6/6/2018 9:00,10.27099991,10.27099991,10.196168
6/6/2018 10:00,9.98900032,9.98900032,10.237843
6/6/2018 11:00,10.13000011,10.13000011,10.107837
6/6/2018 12:00,10.06000042,10.06000042,10.066964
6/6/2018 13:00,10.55200005,10.55200005,10.106199
6/6/2018 14:00,12.02900028,12.02900028,10.443273
6/6/2018 15:00,13.15499973,13.15499973,12.166286
6/6/2018 16:00,13.29599953,13.29599953,13.040623
6/6/2018 17:00,12.94400024,12.94400024,13.377944
6/6/2018 18:00,13.22500038,13.22500038,12.681166
6/6/2018 19:00,11.39599991,11.39599991,13.038122
6/6/2018 20:00,10.90400028,10.90400028,11.308129
6/6/2018 21:00,11.04399967,11.04399967,10.944751
6/6/2018 22:00,10.55200005,10.55200005,10.9026985
6/6/2018 23:00,10.27099991,10.27099991,10.498319
6/7/2018 0:00,9.777999878,9.777999878,10.231021
6/7/2018 1:00,10.13000011,10.13000011,9.92191
6/7/2018 2:00,10.13000011,10.13000011,10.097288
6/7/2018 3:00,9.848999977,9.848999977,10.155645
6/7/2018 4:00,9.98900032,9.98900032,9.967702
6/7/2018 5:00,9.918999672,9.918999672,10.082623
6/7/2018 6:00,10.13000011,10.13000011,9.923093
6/7/2018 7:00,10.48200035,10.48200035,10.08259
6/7/2018 8:00,10.69299984,10.69299984,10.50689
6/7/2018 9:00,10.83300018,10.83300018,10.753825
6/7/2018 10:00,11.11499977,11.11499977,10.935544
6/7/2018 11:00,11.5369997,11.5369997,10.935618
6/7/2018 12:00,11.95899963,11.95899963,11.446772
6/7/2018 13:00,12.02900028,12.02900028,11.769041
6/7/2018 14:00,12.80300045,12.80300045,12.196778
6/7/2018 15:00,12.7329998,12.7329998,12.715841
6/7/2018 16:00,12.6619997,12.6619997,12.703821
6/7/2018 17:00,12.6619997,12.6619997,12.627221
6/7/2018 18:00,12.02900028,12.02900028,12.568911
6/7/2018 19:00,11.67800045,11.67800045,12.200453
6/7/2018 20:00,11.39599991,11.39599991,11.580009
6/7/2018 21:00,10.83300018,10.83300018,11.222815
6/7/2018 22:00,10.83300018,10.83300018,10.855545
6/7/2018 23:00,10.3409996,10.3409996,10.850531
6/8/2018 0:00,10.48200035,10.48200035,10.339076
6/8/2018 1:00,10.41100025,10.41100025,10.538687
6/8/2018 2:00,10.13000011,10.13000011,10.339347
6/8/2018 3:00,10.06000042,10.06000042,10.11514
6/8/2018 4:00,9.98900032,9.98900032,10.115121
6/8/2018 5:00,9.708000183,9.708000183,10.062339
6/8/2018 6:00,9.425999641,9.425999641,9.659864
6/8/2018 7:00,9.777999878,9.777999878,9.405758
6/8/2018 8:00,10.13000011,10.13000011,9.893531
6/8/2018 9:00,10.19999981,10.19999981,10.095944
6/8/2018 10:00,10.06000042,10.06000042,10.223586
6/8/2018 11:00,10.3409996,10.3409996,10.111618
6/8/2018 12:00,10.13000011,10.13000011,10.2038145
6/8/2018 13:00,9.918999672,9.918999672,10.124027
6/8/2018 14:00,10.19999981,10.19999981,9.916779
6/8/2018 15:00,10.3409996,10.3409996,10.18013
6/8/2018 16:00,10.13000011,10.13000011,10.21959
6/8/2018 17:00,9.918999672,9.918999672,10.086949
6/8/2018 18:00,8.934000015,8.934000015,9.931573
6/8/2018 19:00,9.00399971,9.00399971,8.900095
6/8/2018 20:00,9.355999947,9.355999947,9.147945
6/8/2018 21:00,8.86400032,8.86400032,9.363772
6/8/2018 22:00,9.074999809,9.074999809,8.844595
6/8/2018 23:00,8.722999573,8.722999573,9.250497
6/9/2018 0:00,8.86400032,8.86400032,8.891272
6/9/2018 1:00,8.86400032,8.86400032,8.9106045
6/9/2018 2:00,8.300999641,8.300999641,8.91776
6/9/2018 3:00,8.020000458,8.020000458,8.593439
6/9/2018 4:00,8.020000458,8.020000458,8.168665
6/9/2018 5:00,8.159999847,8.159999847,8.098132
6/9/2018 6:00,8.159999847,8.159999847,8.09819
6/9/2018 7:00,8.159999847,8.159999847,8.102283
6/9/2018 8:00,8.512000084,8.512000084,8.094626
6/9/2018 9:00,8.442000389,8.442000389,8.699792
6/9/2018 10:00,6.823999882,6.823999882,8.523042
6/9/2018 11:00,3.025000095,3.025000095,7.0674043
6/9/2018 12:00,4.150000095,4.150000095,3.5763278
6/9/2018 13:00,3.938999891,3.938999891,4.0498533
6/9/2018 14:00,4.78399992,4.78399992,4.117158
6/9/2018 15:00,5.768000126,5.768000126,4.8869696
6/9/2018 16:00,6.683000088,6.683000088,5.945527
6/9/2018 17:00,6.894000053,6.894000053,6.629093
6/9/2018 18:00,7.034999847,7.034999847,7.057627
6/9/2018 19:00,6.40199995,6.40199995,6.9895205
6/9/2018 20:00,6.330999851,6.330999851,6.579436
6/9/2018 21:00,6.050000191,6.050000191,6.4352465
6/9/2018 22:00,6.894000053,6.894000053,6.137589
6/9/2018 23:00,7.245999813,7.245999813,6.8952923
6/10/2018 0:00,6.261000156,6.261000156,7.3213534
6/10/2018 1:00,6.823999882,6.823999882,6.4228888
6/10/2018 2:00,7.315999985,7.315999985,6.8326626
6/10/2018 3:00,7.668000221,7.668000221,7.3532467
6/10/2018 4:00,7.737999916,7.737999916,7.6524005
6/10/2018 5:00,7.456999779,7.456999779,7.7758627
6/10/2018 6:00,7.668000221,7.668000221,7.4715
6/10/2018 7:00,8.020000458,8.020000458,7.7682
6/10/2018 8:00,8.300999641,8.300999641,8.108554
6/10/2018 9:00,8.159999847,8.159999847,8.480172
6/10/2018 10:00,8.090000153,8.090000153,8.180023
6/10/2018 11:00,8.090000153,8.090000153,8.108914
6/10/2018 12:00,8.37100029,8.37100029,8.046558
6/10/2018 13:00,8.934000015,8.934000015,8.450832
6/10/2018 14:00,9.425999641,9.425999641,8.8036175
6/10/2018 15:00,9.567000389,9.567000389,9.4656
6/10/2018 16:00,9.98900032,9.98900032,9.648805
6/10/2018 17:00,9.286000252,9.286000252,10.06989
6/10/2018 18:00,9.286000252,9.286000252,9.504241
6/10/2018 19:00,9.145000458,9.145000458,9.489745
6/10/2018 20:00,8.442000389,8.442000389,9.247525
6/10/2018 21:00,8.722999573,8.722999573,8.618223
6/10/2018 22:00,8.442000389,8.442000389,8.831599
6/10/2018 23:00,8.230999947,8.230999947,8.547697
6/11/2018 0:00,8.300999641,8.300999641,8.523449
6/11/2018 1:00,7.879000187,7.879000187,8.43668
6/11/2018 2:00,7.809000015,7.809000015,7.9514456
6/11/2018 3:00,7.809000015,7.809000015,7.810566
6/11/2018 4:00,7.948999882,7.948999882,7.8042617
6/11/2018 5:00,7.948999882,7.948999882,7.852345
6/11/2018 6:00,8.159999847,8.159999847,7.8200374
6/11/2018 7:00,8.512000084,8.512000084,8.138869
6/11/2018 8:00,9.074999809,9.074999809,8.605821
6/11/2018 9:00,9.074999809,9.074999809,9.201896
6/11/2018 10:00,9.00399971,9.00399971,9.231891
6/11/2018 11:00,9.074999809,9.074999809,8.905374
6/11/2018 12:00,9.567000389,9.567000389,9.19919
6/11/2018 13:00,10.19999981,10.19999981,9.617165
6/11/2018 14:00,11.04399967,11.04399967,10.189638
6/11/2018 15:00,12.02900028,12.02900028,10.919624
6/11/2018 16:00,12.17000008,12.17000008,12.08084
6/11/2018 17:00,12.31099987,12.31099987,12.064186
6/11/2018 18:00,10.55200005,10.55200005,12.295715
6/11/2018 19:00,10.90400028,10.90400028,10.511163
6/11/2018 20:00,10.27099991,10.27099991,10.921071
6/11/2018 21:00,10.27099991,10.27099991,10.193166
6/11/2018 22:00,9.777999878,9.777999878,10.210806
6/11/2018 23:00,9.848999977,9.848999977,9.932524
6/12/2018 0:00,10.06000042,10.06000042,9.9054575
6/12/2018 1:00,9.777999878,9.777999878,10.082707
6/12/2018 2:00,9.496999741,9.496999741,9.8927355
6/12/2018 3:00,9.848999977,9.848999977,9.635053
6/12/2018 4:00,9.708000183,9.708000183,9.884667
6/12/2018 5:00,9.496999741,9.496999741,9.639075
6/12/2018 6:00,9.567000389,9.567000389,9.639008
6/12/2018 7:00,10.3409996,10.3409996,9.638968
6/12/2018 8:00,10.41100025,10.41100025,10.327839
6/12/2018 9:00,10.62199974,10.62199974,10.36365
6/12/2018 10:00,10.27099991,10.27099991,10.539427
6/12/2018 11:00,10.3409996,10.3409996,10.243429
6/12/2018 12:00,10.83300018,10.83300018,10.326193
6/12/2018 13:00,11.5369997,11.5369997,10.900565
6/12/2018 14:00,12.10000038,12.10000038,11.49331
6/12/2018 15:00,13.57699966,13.57699966,12.117742
6/12/2018 16:00,14.27999973,14.27999973,13.354208
6/12/2018 17:00,13.50699997,13.50699997,14.073652
6/12/2018 18:00,13.9289999,13.9289999,13.363266
6/12/2018 19:00,12.02900028,12.02900028,13.863659
6/12/2018 20:00,11.67800045,11.67800045,12.223295
6/12/2018 21:00,11.04399967,11.04399967,11.629974
6/12/2018 22:00,10.90400028,10.90400028,10.924467
6/12/2018 23:00,11.18500042,11.18500042,10.924502
6/13/2018 0:00,11.18500042,11.18500042,11.224689
6/13/2018 1:00,10.76299953,10.76299953,11.235029
6/13/2018 2:00,10.90400028,10.90400028,10.795819
6/13/2018 3:00,10.83300018,10.83300018,10.975378
6/13/2018 4:00,10.83300018,10.83300018,10.909147
6/13/2018 5:00,10.62199974,10.62199974,10.858446
6/13/2018 6:00,10.97399998,10.97399998,10.604834
6/13/2018 7:00,11.46700001,11.46700001,10.945433
6/13/2018 8:00,11.81799984,11.81799984,11.443051
6/13/2018 9:00,11.18500042,11.18500042,11.6596155
6/13/2018 10:00,11.18500042,11.18500042,11.2275305
6/13/2018 11:00,11.5369997,11.5369997,11.225755
6/13/2018 12:00,11.32600021,11.32600021,11.574993
6/13/2018 13:00,12.31099987,12.31099987,11.2367525
6/13/2018 14:00,13.29599953,13.29599953,12.291546
6/13/2018 15:00,14.14000034,14.14000034,13.377683
6/13/2018 16:00,14.35099983,14.35099983,14.006809
6/13/2018 17:00,13.64700031,13.64700031,14.416003
6/13/2018 18:00,12.59200001,12.59200001,13.68188
6/13/2018 19:00,11.67800045,11.67800045,12.742338
6/13/2018 20:00,10.90400028,10.90400028,11.660893
6/13/2018 21:00,10.69299984,10.69299984,10.919539
6/13/2018 22:00,10.55200005,10.55200005,10.8002615
6/13/2018 23:00,10.55200005,10.55200005,10.542643
6/14/2018 0:00,10.90400028,10.90400028,10.553909
6/14/2018 1:00,10.90400028,10.90400028,10.934191
6/14/2018 2:00,10.69299984,10.69299984,10.976896
6/14/2018 3:00,10.97399998,10.97399998,10.902537
6/14/2018 4:00,11.11499977,11.11499977,11.022524
6/14/2018 5:00,10.83300018,10.83300018,10.975838
6/14/2018 6:00,10.97399998,10.97399998,10.853265
6/14/2018 7:00,10.90400028,10.90400028,10.918785
6/14/2018 8:00,11.11499977,11.11499977,10.914038
6/14/2018 9:00,11.11499977,11.11499977,10.918443
6/14/2018 10:00,11.18500042,11.18500042,10.912713
6/14/2018 11:00,11.25599957,11.25599957,11.2113285
6/14/2018 12:00,11.18500042,11.18500042,11.281895
6/14/2018 13:00,11.81799984,11.81799984,11.216115
6/14/2018 14:00,13.29599953,13.29599953,11.666165
6/14/2018 15:00,13.57699966,13.57699966,13.343391
6/14/2018 16:00,13.22500038,13.22500038,13.369907
6/14/2018 17:00,13.08500004,13.08500004,13.12151
6/14/2018 18:00,11.46700001,11.46700001,13.094776
6/14/2018 19:00,11.32600021,11.32600021,11.451171
6/14/2018 20:00,11.32600021,11.32600021,11.285528
6/14/2018 21:00,11.18500042,11.18500042,11.265574
6/14/2018 22:00,11.32600021,11.32600021,11.233459
6/14/2018 23:00,10.62199974,10.62199974,11.256197
6/15/2018 0:00,10.19999981,10.19999981,10.520342
6/15/2018 1:00,10.19999981,10.19999981,10.201136
6/15/2018 2:00,9.848999977,9.848999977,10.224168
6/15/2018 3:00,10.13000011,10.13000011,9.96198
6/15/2018 4:00,10.97399998,10.97399998,10.13751
6/15/2018 5:00,10.19999981,10.19999981,10.95702
6/15/2018 6:00,10.83300018,10.83300018,10.250862
6/15/2018 7:00,11.11499977,11.11499977,10.877365
6/15/2018 8:00,11.5369997,11.5369997,10.914341
6/15/2018 9:00,10.55200005,10.55200005,11.518024
6/15/2018 10:00,10.48200035,10.48200035,10.549895
6/15/2018 11:00,10.3409996,10.3409996,10.550885
6/15/2018 12:00,10.90400028,10.90400028,10.240946
6/15/2018 13:00,11.11499977,11.11499977,10.920718
6/15/2018 14:00,11.25599957,11.25599957,10.908377
6/15/2018 15:00,11.81799984,11.81799984,11.26357
6/15/2018 16:00,12.38099957,12.38099957,11.661967
6/15/2018 17:00,11.95899963,11.95899963,12.425712
6/15/2018 18:00,11.74800014,11.74800014,12.039177
6/15/2018 19:00,10.48200035,10.48200035,11.663106
6/15/2018 20:00,9.848999977,9.848999977,10.510001
6/15/2018 21:00,9.425999641,9.425999641,9.909581
6/15/2018 22:00,9.496999741,9.496999741,9.47341
6/15/2018 23:00,9.425999641,9.425999641,9.622422
6/16/2018 0:00,9.215000153,9.215000153,9.475414
6/16/2018 1:00,9.286000252,9.286000252,9.226862
6/16/2018 2:00,9.00399971,9.00399971,9.449792
6/16/2018 3:00,8.86400032,8.86400032,8.983361
6/16/2018 4:00,8.512000084,8.512000084,8.983307
6/16/2018 5:00,8.512000084,8.512000084,8.642862
6/16/2018 6:00,8.581999779,8.581999779,8.649383
6/16/2018 7:00,8.793000221,8.793000221,8.629861
6/16/2018 8:00,9.425999641,9.425999641,8.885956
6/16/2018 9:00,8.722999573,8.722999573,9.417121
6/16/2018 10:00,9.145000458,9.145000458,8.971275
6/16/2018 11:00,9.00399971,9.00399971,9.189183
6/16/2018 12:00,9.215000153,9.215000153,8.990612
6/16/2018 13:00,9.425999641,9.425999641,9.188896
6/16/2018 14:00,10.13000011,10.13000011,9.459386
6/16/2018 15:00,10.76299953,10.76299953,10.059167
6/16/2018 16:00,10.55200005,10.55200005,10.794269
6/16/2018 17:00,9.918999672,9.918999672,10.525137
6/16/2018 18:00,9.355999947,9.355999947,9.90311
6/16/2018 19:00,9.215000153,9.215000153,9.413057
6/16/2018 20:00,9.215000153,9.215000153,9.284688
6/16/2018 21:00,8.442000389,8.442000389,9.2847805
6/16/2018 22:00,8.512000084,8.512000084,8.54936
6/16/2018 23:00,8.300999641,8.300999641,8.710497
6/17/2018 0:00,8.159999847,8.159999847,8.520592
6/17/2018 1:00,8.512000084,8.512000084,8.129867
6/17/2018 2:00,8.020000458,8.020000458,8.642047
6/17/2018 3:00,8.020000458,8.020000458,8.144196
6/17/2018 4:00,8.020000458,8.020000458,8.041936
6/17/2018 5:00,7.948999882,7.948999882,8.06027
6/17/2018 6:00,7.668000221,7.668000221,8.091585
6/17/2018 7:00,7.948999882,7.948999882,7.798361
6/17/2018 8:00,8.230999947,8.230999947,8.016436
6/17/2018 9:00,8.37100029,8.37100029,8.149925
6/17/2018 10:00,8.442000389,8.442000389,8.524163
6/17/2018 11:00,8.652999878,8.652999878,8.621149
6/17/2018 12:00,9.286000252,9.286000252,8.685795
6/17/2018 13:00,10.27099991,10.27099991,9.391481
6/17/2018 14:00,11.32600021,11.32600021,10.202495
6/17/2018 15:00,12.45100021,12.45100021,11.276322
6/17/2018 16:00,12.38099957,12.38099957,12.41151
6/17/2018 17:00,11.5369997,11.5369997,12.407848
6/17/2018 18:00,11.32600021,11.32600021,11.508041
6/17/2018 19:00,10.83300018,10.83300018,11.353287
6/17/2018 20:00,10.27099991,10.27099991,10.816786
6/17/2018 21:00,10.19999981,10.19999981,10.216301
6/17/2018 22:00,9.637999535,9.637999535,10.27385
6/17/2018 23:00,9.567000389,9.567000389,9.666443
6/18/2018 0:00,9.286000252,9.286000252,9.643536
6/18/2018 1:00,9.215000153,9.215000153,9.466627
6/18/2018 2:00,9.215000153,9.215000153,9.228232
6/18/2018 3:00,8.86400032,8.86400032,9.230514
6/18/2018 4:00,9.074999809,9.074999809,8.980414
6/18/2018 5:00,9.00399971,9.00399971,9.208387
6/18/2018 6:00,9.215000153,9.215000153,8.985008
6/18/2018 7:00,9.286000252,9.286000252,9.229391
6/18/2018 8:00,9.145000458,9.145000458,9.4612875
6/18/2018 9:00,9.777999878,9.777999878,9.229302
6/18/2018 10:00,9.98900032,9.98900032,9.840934
6/18/2018 11:00,10.06000042,10.06000042,10.095011
6/18/2018 12:00,10.83300018,10.83300018,10.088816
6/18/2018 13:00,11.18500042,11.18500042,10.839125
6/18/2018 14:00,11.95899963,11.95899963,11.212018
6/18/2018 15:00,13.08500004,13.08500004,11.8153105
6/18/2018 16:00,11.95899963,11.95899963,13.086154
6/18/2018 17:00,12.02900028,12.02900028,12.054363
6/18/2018 18:00,12.02900028,12.02900028,12.116045
6/18/2018 19:00,11.81799984,11.81799984,12.0638485
6/18/2018 20:00,10.62199974,10.62199974,11.654765
6/18/2018 21:00,10.19999981,10.19999981,10.507091
6/18/2018 22:00,10.13000011,10.13000011,10.225195
6/18/2018 23:00,10.27099991,10.27099991,10.114914
6/19/2018 0:00,9.777999878,9.777999878,10.234269
6/19/2018 1:00,9.215000153,9.215000153,9.90963
6/19/2018 2:00,9.215000153,9.215000153,9.233192
6/19/2018 3:00,9.074999809,9.074999809,9.272295
6/19/2018 4:00,9.00399971,9.00399971,9.242897
6/19/2018 5:00,9.145000458,9.145000458,8.987119
6/19/2018 6:00,9.637999535,9.637999535,9.224013
6/19/2018 7:00,9.496999741,9.496999741,9.638562
6/19/2018 8:00,9.074999809,9.074999809,9.635903
6/19/2018 9:00,9.355999947,9.355999947,9.217742
6/19/2018 10:00,9.777999878,9.777999878,9.444587
6/19/2018 11:00,9.848999977,9.848999977,9.868309
6/19/2018 12:00,10.13000011,10.13000011,9.8623905
6/19/2018 13:00,9.777999878,9.777999878,10.069456
6/19/2018 14:00,5.55700016,5.55700016,9.899749
6/19/2018 15:00,5.627999783,5.627999783,5.811867
6/19/2018 16:00,4.643000126,4.643000126,5.5285163
6/19/2018 17:00,5.276000023,5.276000023,4.8873205
6/19/2018 18:00,6.683000088,6.683000088,5.3612337
6/19/2018 19:00,6.752999783,6.752999783,6.5789204
6/19/2018 20:00,7.105000019,7.105000019,6.635666
6/19/2018 21:00,4.572999954,4.572999954,7.196412
6/19/2018 22:00,5.135000229,5.135000229,5.0086117
6/19/2018 23:00,5.90899992,5.90899992,5.424989
6/20/2018 0:00,6.541999817,6.541999817,5.9634485
6/20/2018 1:00,7.315999985,7.315999985,6.5481963
6/20/2018 2:00,6.964000225,6.964000225,7.139186
6/20/2018 3:00,7.105000019,7.105000019,6.8624682
6/20/2018 4:00,7.105000019,7.105000019,7.0622773
6/20/2018 5:00,7.105000019,7.105000019,7.03771
6/20/2018 6:00,7.315999985,7.315999985,7.079614
6/20/2018 7:00,7.456999779,7.456999779,7.3652797
6/20/2018 8:00,7.105000019,7.105000019,7.3528304
6/20/2018 9:00,7.456999779,7.456999779,7.1212287
6/20/2018 10:00,8.090000153,8.090000153,7.3284264
6/20/2018 11:00,8.090000153,8.090000153,8.005394
6/20/2018 12:00,8.512000084,8.512000084,8.040033
6/20/2018 13:00,8.37100029,8.37100029,8.564469
6/20/2018 14:00,8.934000015,8.934000015,8.505855
6/20/2018 15:00,8.722999573,8.722999573,8.944982
6/20/2018 16:00,8.86400032,8.86400032,8.985015
6/20/2018 17:00,9.286000252,9.286000252,8.936048
6/20/2018 18:00,9.145000458,9.145000458,9.380926
6/20/2018 19:00,9.286000252,9.286000252,9.17401
6/20/2018 20:00,9.215000153,9.215000153,9.450524
6/20/2018 21:00,8.652999878,8.652999878,9.161554
6/20/2018 22:00,8.722999573,8.722999573,8.664526
6/20/2018 23:00,9.00399971,9.00399971,8.959615
6/21/2018 0:00,9.00399971,9.00399971,8.949031
6/21/2018 1:00,8.934000015,8.934000015,8.986043
6/21/2018 2:00,8.581999779,8.581999779,8.99372
6/21/2018 3:00,8.37100029,8.37100029,8.667723
6/21/2018 4:00,8.512000084,8.512000084,8.508956
6/21/2018 5:00,8.512000084,8.512000084,8.630773
6/21/2018 6:00,8.86400032,8.86400032,8.629182
6/21/2018 7:00,8.300999641,8.300999641,8.95678
6/21/2018 8:00,8.86400032,8.86400032,8.625669
6/21/2018 9:00,8.512000084,8.512000084,8.928928
6/21/2018 10:00,8.37100029,8.37100029,8.660015
6/21/2018 11:00,8.512000084,8.512000084,8.6032715
6/21/2018 12:00,8.442000389,8.442000389,8.640089
6/21/2018 13:00,8.86400032,8.86400032,8.608478
6/21/2018 14:00,9.567000389,9.567000389,8.962839
6/21/2018 15:00,9.918999672,9.918999672,9.604242
6/21/2018 16:00,10.06000042,10.06000042,9.8566885
6/21/2018 17:00,9.848999977,9.848999977,10.069472
6/21/2018 18:00,9.637999535,9.637999535,9.8611965
6/21/2018 19:00,9.00399971,9.00399971,9.625391
6/21/2018 20:00,8.652999878,8.652999878,8.99109
6/21/2018 21:00,8.37100029,8.37100029,8.964835
6/21/2018 22:00,8.159999847,8.159999847,8.55498
6/21/2018 23:00,8.090000153,8.090000153,8.373165
6/22/2018 0:00,8.230999947,8.230999947,7.91514
6/22/2018 1:00,8.37100029,8.37100029,8.112313
6/22/2018 2:00,8.159999847,8.159999847,8.481407
6/22/2018 3:00,8.020000458,8.020000458,8.372716
6/22/2018 4:00,7.809000015,7.809000015,8.074895
6/22/2018 5:00,7.668000221,7.668000221,7.8806376
6/22/2018 6:00,5.627999783,5.627999783,7.730098
6/22/2018 7:00,7.034999847,7.034999847,5.680148
6/22/2018 8:00,4.854000092,4.854000092,6.992902
6/22/2018 9:00,6.683000088,6.683000088,5.2217083
6/22/2018 10:00,6.40199995,6.40199995,6.5292406
6/22/2018 11:00,6.752999783,6.752999783,6.532219
6/22/2018 12:00,3.657999992,3.657999992,6.6931067
6/22/2018 13:00,3.657999992,3.657999992,4.102584
6/22/2018 14:00,4.150000095,4.150000095,3.8663857
6/22/2018 15:00,4.643000126,4.643000126,4.132481
6/22/2018 16:00,5.979000092,5.979000092,4.7221546
6/22/2018 17:00,4.361999989,4.361999989,5.989387
6/22/2018 18:00,4.643000126,4.643000126,4.423483
6/22/2018 19:00,5.839000225,5.839000225,4.819075
6/22/2018 20:00,5.90899992,5.90899992,5.914954
6/22/2018 21:00,5.979000092,5.979000092,6.06596
6/22/2018 22:00,5.839000225,5.839000225,6.0137095
6/22/2018 23:00,5.839000225,5.839000225,5.960223
6/23/2018 0:00,5.346000195,5.346000195,5.9033303
6/23/2018 1:00,5.416999817,5.416999817,5.4543767
6/23/2018 2:00,5.416999817,5.416999817,5.474199
6/23/2018 3:00,5.768000126,5.768000126,5.415949
6/23/2018 4:00,5.90899992,5.90899992,5.857906
6/23/2018 5:00,6.261000156,6.261000156,5.8709955
6/23/2018 6:00,6.683000088,6.683000088,6.310049
6/23/2018 7:00,6.472000122,6.472000122,6.6903806
6/23/2018 8:00,6.40199995,6.40199995,6.4457235
6/23/2018 9:00,6.964000225,6.964000225,6.4552703
6/23/2018 10:00,7.52699995,7.52699995,6.8787303
6/23/2018 11:00,7.737999916,7.737999916,7.3460236
6/23/2018 12:00,7.809000015,7.809000015,7.709649
6/23/2018 13:00,7.668000221,7.668000221,7.7466173
6/23/2018 14:00,8.159999847,8.159999847,7.8120623
6/23/2018 15:00,7.809000015,7.809000015,8.007354
6/23/2018 16:00,8.159999847,8.159999847,7.8121877
6/23/2018 17:00,7.809000015,7.809000015,8.050881
6/23/2018 18:00,8.300999641,8.300999641,7.8266535
6/23/2018 19:00,8.020000458,8.020000458,8.414989
6/23/2018 20:00,7.668000221,7.668000221,8.125479
6/23/2018 21:00,7.386000156,7.386000156,7.8627677
6/23/2018 22:00,7.315999985,7.315999985,7.26133
6/23/2018 23:00,7.175000191,7.175000191,7.274454
6/24/2018 0:00,6.894000053,6.894000053,7.2744784
6/24/2018 1:00,6.612999916,6.612999916,7.0156717
6/24/2018 2:00,6.40199995,6.40199995,6.807923
6/24/2018 3:00,6.541999817,6.541999817,6.491873
6/24/2018 4:00,6.964000225,6.964000225,6.6415577
6/24/2018 5:00,6.894000053,6.894000053,7.0068107
6/24/2018 6:00,7.456999779,7.456999779,6.926613
6/24/2018 7:00,7.456999779,7.456999779,7.3877454
6/24/2018 8:00,8.442000389,8.442000389,7.445618
6/24/2018 9:00,7.948999882,7.948999882,8.408439
6/24/2018 10:00,8.512000084,8.512000084,8.13273
6/24/2018 11:00,9.00399971,9.00399971,8.525856
6/24/2018 12:00,9.286000252,9.286000252,8.930449
6/24/2018 13:00,9.215000153,9.215000153,9.383418
6/24/2018 14:00,9.286000252,9.286000252,9.167057
6/24/2018 15:00,9.355999947,9.355999947,9.397208
6/24/2018 16:00,9.496999741,9.496999741,9.401519
6/24/2018 17:00,9.215000153,9.215000153,9.647713
6/24/2018 18:00,9.145000458,9.145000458,9.195876
6/24/2018 19:00,9.074999809,9.074999809,9.200743
6/24/2018 20:00,8.86400032,8.86400032,9.204871
6/24/2018 21:00,8.37100029,8.37100029,8.964529
6/24/2018 22:00,8.37100029,8.37100029,8.595995
6/24/2018 23:00,8.512000084,8.512000084,8.569771
6/25/2018 0:00,8.722999573,8.722999573,8.6098995
6/25/2018 1:00,9.00399971,9.00399971,8.939114
6/25/2018 2:00,9.567000389,9.567000389,8.960979
6/25/2018 3:00,9.567000389,9.567000389,9.635007
6/25/2018 4:00,8.512000084,8.512000084,9.6663475
6/25/2018 5:00,8.652999878,8.652999878,8.696903
6/25/2018 6:00,8.934000015,8.934000015,8.61653
6/25/2018 7:00,9.567000389,9.567000389,8.957799
6/25/2018 8:00,10.97399998,10.97399998,9.616334
6/25/2018 9:00,11.46700001,11.46700001,10.904698
6/25/2018 10:00,11.18500042,11.18500042,11.38002
6/25/2018 11:00,10.69299984,10.69299984,11.231143
6/25/2018 12:00,10.27099991,10.27099991,10.78954
6/25/2018 13:00,10.62199974,10.62199974,10.225497
6/25/2018 14:00,11.25599957,11.25599957,10.520001
6/25/2018 15:00,11.60700035,11.60700035,11.227409
6/25/2018 16:00,12.38099957,12.38099957,11.516499
6/25/2018 17:00,11.46700001,11.46700001,12.42411
6/25/2018 18:00,11.18500042,11.18500042,11.414334
6/25/2018 19:00,10.55200005,10.55200005,11.233975
6/25/2018 20:00,9.98900032,9.98900032,10.518683
6/25/2018 21:00,9.98900032,9.98900032,10.120643
6/25/2018 22:00,9.567000389,9.567000389,10.101404
6/25/2018 23:00,9.425999641,9.425999641,9.649443
6/26/2018 0:00,9.708000183,9.708000183,9.4319315
6/26/2018 1:00,9.637999535,9.637999535,9.639452
6/26/2018 2:00,9.777999878,9.777999878,9.667124
6/26/2018 3:00,9.567000389,9.567000389,9.860782
6/26/2018 4:00,9.425999641,9.425999641,9.634035
6/26/2018 5:00,9.286000252,9.286000252,9.418026
6/26/2018 6:00,9.286000252,9.286000252,9.415291
6/26/2018 7:00,9.637999535,9.637999535,9.428388
6/26/2018 8:00,9.425999641,9.425999641,9.6357
6/26/2018 9:00,9.074999809,9.074999809,9.427213
6/26/2018 10:00,8.934000015,8.934000015,9.168521
6/26/2018 11:00,9.215000153,9.215000153,9.007067
6/26/2018 12:00,9.215000153,9.215000153,9.20291
6/26/2018 13:00,9.425999641,9.425999641,9.208779
6/26/2018 14:00,10.19999981,10.19999981,9.426574
6/26/2018 15:00,10.90400028,10.90400028,10.207674
6/26/2018 16:00,11.04399967,11.04399967,10.9270735
6/26/2018 17:00,10.27099991,10.27099991,10.917822
6/26/2018 18:00,9.777999878,9.777999878,10.243874
6/26/2018 19:00,9.567000389,9.567000389,9.88116
